Date,Close,High,Low,Open,Volume
2015-01-02,24.17176055908203,24.638260409797738,23.734001789774272,24.627205239450436,212818400
2015-01-05,23.49078941345215,24.02140522932401,23.305074805626646,23.941812772604173,257142000
2015-01-06,23.493017196655273,23.75169201832381,23.132639519517156,23.55492210917947,263188400
2015-01-07,23.822431564331055,23.921921323065693,23.590286544907954,23.700831470960534,160423600
2015-01-08,24.737751007080078,24.79523485856335,24.032473622702987,24.149652697167955,237458000
2015-01-09,24.764284133911133,25.038435181479937,24.366321575519045,24.910202614133336,214798000
2015-01-12,24.154071807861328,24.90135506982409,24.05458202661501,24.89472264264528,198603200
2015-01-13,24.3685245513916,24.93893679296652,24.078897375604033,24.63604307861509,268367600
2015-01-14,24.27566909790039,24.428219965569937,23.988251583933135,24.10764031957575,195826400
2015-01-15,23.616819381713867,24.333150074134675,23.581445880335732,24.3198852219656,240056000
2015-01-16,23.43331527709961,23.784849053948268,23.258654074194936,23.663248948514042,314053200
2015-01-20,24.036890029907227,24.092162495323024,23.546070267129856,23.842329872103278,199599600
2015-01-21,24.220396041870117,24.554240532584878,23.93739959010379,24.087740769849525,194303600
2015-01-22,24.850502014160156,24.86597823776874,24.25798108820281,24.377369821804127,215185600
2015-01-23,24.978727340698242,25.148965751292415,24.658146105865686,24.828386203241237,185859200
2015-01-26,25.005264282226562,25.283837994319246,24.938938332440024,25.146761665909416,222460000
2015-01-27,24.12975311279297,24.868194303713334,24.105433087276353,24.85492776184288,382274800
2015-01-28,25.493879318237305,26.115143169273217,25.493879318237305,26.00680788896372,585908400
2015-01-29,26.287588119506836,26.35170438968202,25.549147013680603,25.717175801492044,337745600
2015-01-30,25.902889251708984,26.530783655227438,25.83435024692136,26.1770402105141,334982000
2015-02-02,26.227895736694336,26.34728449196772,25.66411747137144,26.09966486928115,250956400
2015-02-03,26.232318878173828,26.329597294229444,26.00238516305495,26.199155053408013,207662800
2015-02-04,26.433509826660156,26.643546259004726,26.157147431561143,26.1991550553865,280598800
2015-02-05,26.622180938720703,26.68655026245267,26.46902628248122,26.639936650470712,168984800
2015-02-06,26.397994995117188,26.69098536969141,26.291452270981495,26.63993325962992,174826400
2015-02-09,26.573347091674805,26.599981504185806,26.28701530310681,26.31365140905706,155559200
2015-02-10,27.083864212036133,27.11272042159083,26.671015509221135,26.67323391500263,248034000
2015-02-11,27.71866798400879,27.727546684528846,27.190398003857585,27.250327115569267,294247200
2015-02-12,28.069366455078125,28.295769063940448,27.871820043614445,27.980581151474055,297898000
2015-02-13,28.206989288330078,28.251381102112592,27.889582908811555,28.251381102112592,217088800
2015-02-17,28.373455047607422,28.60651625360095,28.171468443287857,28.297986948228658,252609600
2015-02-18,28.571002960205078,28.58432016349851,28.289109738609003,28.329063041928176,179566800
2015-02-19,28.511070251464844,28.639808852819904,28.484435846659494,28.51772885266618,149449600
2015-02-20,28.744138717651367,28.744138717651367,28.422293826373803,28.54881066804694,195793600
2015-02-23,29.520992279052734,29.520992279052734,28.779638849707368,28.859545430449042,283896400
2015-02-24,29.33677101135254,29.65417901545406,29.114808603712547,29.50768301356105,276912400
2015-02-25,28.586536407470703,29.2102536052122,28.44448060494964,29.201373212436046,298846800
2015-02-26,28.94834327697754,29.04822570539494,28.1026668564968,28.58654338774827,365150000
2015-02-27,28.5132999420166,28.981640881892154,28.46446792842742,28.85512065026242,248059200
2015-03-02,28.653127670288086,28.917263489087855,28.477778850639933,28.688642469948732,192386800
2015-03-03,28.713056564331055,28.748571361632926,28.431163364423362,28.62427295795386,151265200
2015-03-04,28.531049728393555,28.75745235902055,28.48222110892298,28.65535153620305,126665200
2015-03-05,28.058271408081055,28.577662678078546,27.913995490824327,28.5399294716474,226068400
2015-03-06,28.100439071655273,28.71527416514138,28.024972669659746,28.49997036948319,291368400
2015-03-09,28.220300674438477,28.75967109196287,27.758618455172044,28.402309782917136,354114000
2015-03-10,27.636547088623047,28.238065167678325,27.478953941130857,28.058276112295825,275426400
2015-03-11,27.1326904296875,27.694255178262278,27.10383591974526,27.689816674209307,275756000
2015-03-12,27.623220443725586,27.723104541383815,26.997286533467914,27.14822103561566,193450800
2015-03-13,27.432329177856445,27.834082229088633,27.208148397855435,27.612119853567094,207309200
2015-03-16,27.734203338623047,27.734203338623047,27.272522798079336,27.496703620069137,143497200
2015-03-17,28.198108673095703,28.260257885548853,27.889581015961117,27.94507162614272,204092400
2015-03-18,28.515520095825195,28.668674749029304,28.049399226197988,28.18923497905435,261083600
2015-03-19,28.30020523071289,28.68863942015405,28.27800933000399,28.57765822317086,183238000
2015-03-20,27.945068359375,28.499972702883888,27.780816646601348,28.46667969541809,274780400
2015-03-23,28.235837936401367,28.3778937431427,28.082683331798854,28.2158621323778,150838800
2015-03-24,28.120418548583984,28.420065772981385,28.091562351191943,28.240278454406234,131369200
2015-03-25,27.385726928710938,28.149278311362963,27.385726928710938,28.08712909527531,206620800
2015-03-26,27.576614379882812,27.718670212747906,27.21259609648612,27.248110901421946,190291600
2015-03-27,27.35686683654785,27.678711651367017,27.281400430539026,27.649857147911664,158184800
2015-03-30,28.049396514892578,28.056055117703153,27.52334487814794,27.534443678458345,188398800
2015-03-31,27.618783950805664,28.076025993483867,27.603246649164333,27.987240686916746,168362400
2015-04-01,27.57883071899414,27.771938634270164,27.323573596991732,27.705349230812534,162485600
2015-04-02,27.816329956054688,27.869600461828853,27.565513035155764,27.751960652084765,128880400
2015-04-06,28.266916275024414,28.302431078124016,27.596590454190107,27.62766506018275,148776000
2015-04-07,27.969482421875,28.437821526633964,27.962823820843358,28.331280523250243,140049200
2015-04-08,27.878488540649414,28.056059210887202,27.73865278090876,27.933979163418794,149316800
2015-04-09,28.09156608581543,28.096006282976266,27.669838801244122,27.933972955386533,129936000
2015-04-10,28.211429595947266,28.23584560312036,27.803019464032342,27.956172416780813,160752000
2015-04-13,28.155933380126953,28.5377107169746,28.102662872086338,28.49331552230274,145460400
2015-04-14,28.033863067626953,28.253605457805556,27.947297832300855,28.189236132714974,102098400
2015-04-15,28.14039421081543,28.218080716019593,27.969483899366274,28.058269202501947,115881600
2015-04-16,28.004995346069336,28.21142044392355,27.991678144091228,28.029411345321673,113476000
2015-04-17,27.68981170654297,27.998339332768015,27.6254424019684,27.86738231870997,207828000
2015-04-20,28.322404861450195,28.43782457640034,27.78303610534011,27.871821413307316,188217200
2015-04-21,28.169260025024414,28.455590142895648,28.115987808892633,28.43339592633315,129740400
2015-04-22,28.548810958862305,28.604301574712608,28.038298309103048,28.18701275315645,150618000
2015-04-23,28.781864166259766,28.948335967212287,28.442261963266812,28.47777676032061,183083600
2015-04-24,28.917261123657227,28.994949318200284,28.684199926905492,28.96387471775855,178103600
2015-04-27,29.443313598632812,29.549857998569063,29.110369969306948,29.367847188836276,387816800
2015-04-28,28.979415893554688,29.86282546463072,28.75967524351649,29.84507144971857,475696000
2015-04-29,28.553247451782227,29.20803595648382,28.477781036868112,28.89063130070376,253544400
2015-04-30,27.778600692749023,28.553249161739682,27.652082165186428,28.553249161739682,332781600
2015-05-01,28.622058868408203,28.883976335393616,27.811897234853156,27.989466188829397,234050400
2015-05-04,28.56656837463379,28.981640484449706,28.468904348794748,28.74413902280673,203953200
2015-05-05,27.92287254333496,28.51107158957588,27.918432346699838,28.444482187559743,197085600
2015-05-06,27.74752426147461,28.133738421260357,27.381285907835494,28.09156501703216,288564000
2015-05-07,27.91914939880371,28.101918787246415,27.642765093929334,27.809932279718854,175763600
2015-05-08,28.445167541503906,28.445167541503906,28.108603814590378,28.235650801496316,222201600
2015-05-11,28.155414581298828,28.431797212859163,28.00162021107372,28.393906388474424,168143200
2015-05-12,28.055112838745117,28.280230096530865,27.821078092933593,27.994931698159256,192640000
2015-05-13,28.086315155029297,28.349324915305054,28.055110751311194,28.117519558747397,138776800
2015-05-14,28.741613388061523,28.741613388061523,28.342642498454563,28.398364898742013,180814000
2015-05-15,28.70149040222168,28.861971162025597,28.576672789268603,28.76835795231079,152832000
2015-05-18,29.01799964904785,29.136130873437025,28.610111243675085,28.614569988281932,203531600
2015-05-19,28.99125099182129,29.17179101797366,28.89540669830535,29.129441451142803,178532800
2015-05-20,28.989023208618164,29.19408124930763,28.828542411378464,28.9756503756858,145819600
2015-05-21,29.28546142578125,29.33895614870295,28.9377542293528,28.991248952274503,158921600
2015-05-22,29.541793823242188,29.637638144872792,29.28769974874717,29.33228040124119,182384000
2015-05-26,28.890947341918945,29.624255991868104,28.779502547789,29.555160763671573,282790400
2015-05-27,29.43033790588379,29.479373884331388,28.98678982950551,29.051426309627345,183332800
2015-05-28,29.372394561767578,29.410285389960727,29.220831248994983,29.390226139921843,122933200
2015-05-29,29.038053512573242,29.298833906784036,28.95335438588042,29.249797928280298,203538000
2015-06-01,29.09600830078125,29.285465830393612,28.98679456813284,29.038058226335675,128451200
2015-06-02,28.966733932495117,29.122755972398,28.824084724437427,28.944443612069538,134670400
2015-06-03,29.002391815185547,29.185162908028698,28.953355834228855,29.122754096088396,123934000
2015-06-04,28.83299446105957,29.10492000429588,28.732694836330577,28.882030437775946,153800400
2015-06-05,28.67474365234375,28.90655072452968,28.61010716936459,28.864201159359645,142507200
2015-06-08,28.485288619995117,28.799563739802192,28.26908545822926,28.730465114073123,210699200
2015-06-09,28.40058708190918,28.54769500648522,27.999386897679972,28.240106328012548,224301600
2015-06-10,28.726009368896484,28.828536668303414,28.49643167937827,28.512033881528776,156349200
2015-06-11,28.66136932373047,29.015762927910345,28.636851334704033,28.79287335531546,141563600
2015-06-12,28.344873428344727,28.603426211645274,28.331500594902593,28.57222179993837,147544800
2015-06-15,28.289142608642578,28.360467199977307,28.019446444517126,28.106373237065313,175955600
2015-06-16,28.440711975097656,28.496434373834333,28.16655872560029,28.313664973998538,125976400
2015-06-17,28.373842239379883,28.503116894392807,28.2490229269188,28.467455448341372,131672400
2015-06-18,28.50311851501465,28.598961101213874,28.35601227835567,28.358241650270774,141628800
2015-06-19,28.21782112121582,28.489746687000903,28.17324388442035,28.465228696609618,218867600
2015-06-22,28.442935943603516,28.543235562069555,28.32480475280634,28.416188585106813,136157200
2015-06-23,28.313669204711914,28.44294559722091,28.280235420371596,28.413970557732856,121075600
2015-06-24,28.55438995361328,28.9310739634842,28.3337297013251,28.35378895129999,221123600
2015-06-25,28.41842269897461,28.797334321422557,28.41842269897461,28.721552677138014,127752400
2015-06-26,28.25125503540039,28.527637645993725,28.19776201088517,28.45631304646923,176267200
2015-06-29,27.756444931030273,28.188851350839126,27.74530147000696,27.96373235180831,196645600
2015-06-30,27.957042694091797,28.11083706279536,27.82999568966663,27.988247102160244,177482800
2015-07-01,28.21782112121582,28.29360446438322,28.081858338323283,28.284688676921608,120955200
2015-07-02,28.18216323852539,28.23788564182807,28.032825905284497,28.1799338662497,108844000
2015-07-06,28.084089279174805,28.13535463481475,27.827765902000436,27.847826850037865,112241600
2015-07-07,28.01498794555664,28.11751693398972,27.587038719276972,28.05956517513196,187787200
2015-07-08,27.319576263427734,27.780957634634593,27.31288984798471,27.74529618543428,243046400
2015-07-09,26.762357711791992,27.651686856215143,26.572901867062058,27.6048802381416,314380000
2015-07-10,27.477828979492188,27.604875980529087,27.016447586198947,27.17915773865593,245418000
2015-07-13,28.008304595947266,28.03059321317383,27.70963168347132,27.867883076446173,165762000
2015-07-14,27.99715805053711,28.166554593992238,27.87011106807386,28.093000630326042,127072400
2015-07-15,28.266855239868164,28.340409206196515,27.990472648815775,28.021677052619474,134596800
2015-07-16,28.643535614013672,28.65691184423295,28.38498461334878,28.471911404138147,144889600
2015-07-17,28.890947341918945,28.890947341918945,28.59896252546252,28.770588460709696,184658800
2015-07-20,29.437036514282227,29.6376358307372,29.131675393467233,29.191856548814133,235600800
2015-07-21,29.14281463623047,29.626484650750797,29.046973742576704,29.610884147585793,307025600
2015-07-22,27.910226821899414,27.97263561733024,27.19029290200892,27.19029290200892,461802400
2015-07-23,27.89686393737793,28.327039244992637,27.874573616340435,28.12866763145066,203998000
2015-07-24,27.7497501373291,28.026132714762245,27.61601674182999,27.932519507964106,168649200
2015-07-27,27.364158630371094,27.551386800440692,27.21928173391012,27.435483242656442,177822000
2015-07-28,27.500118255615234,27.618251172130954,27.315121179871685,27.500118255615234,134472400
2015-07-29,27.413190841674805,27.526865011387642,27.252710061024363,27.448853993158306,148046800
2015-07-30,27.274995803833008,27.319573035194047,27.127887879419315,27.263850645736564,134513200
2015-07-31,27.036510467529297,27.335181729725164,26.94958365536705,27.326265941232524,171540000
2015-08-03,26.399049758911133,27.319583368753676,26.193989995754883,27.081091519687238,279904000
2015-08-04,25.55206298828125,26.234104603576604,25.2422465878358,26.171695789172148,496554400
2015-08-05,25.721460342407227,26.176155333337917,24.98592397756085,25.175379798653793,397250400
2015-08-06,25.777423858642578,26.08416530160827,25.551287689801164,25.965499415180542,211612000
2015-08-07,25.8647518157959,26.028198458805463,25.63637611641484,25.65428840489449,154681600
2015-08-10,26.805130004882812,26.865581851228313,26.090893208308163,26.090893208308163,219806400
2015-08-11,25.410240173339844,26.460324680282355,25.374417301768855,26.37748162069634,388331200
2015-08-12,25.802061080932617,25.84236287679192,24.545990436229246,25.195296388091382,404870000
2015-08-13,25.78191566467285,26.061788822760462,25.645337426869283,25.981185216574417,194143200
2015-08-14,25.9632625579834,26.041626669316997,25.52666128897513,25.596069257840675,171718000
2015-08-17,26.231948852539062,26.341658638289204,25.86027652582025,25.981181919757336,163538800
2015-08-18,26.08417320251465,26.29463832262132,25.97446342442515,26.068500377073292,138242800
2015-08-19,25.750566482543945,26.0886519813208,25.67667956895299,25.99461502304684,193146000
2015-08-20,25.22216796875,25.602794759643356,24.993790527645906,25.54234291241586,274006400
2015-08-21,23.679500579833984,25.054236927891914,23.654871613646495,24.725105932667855,513102000
2015-08-24,23.088411331176758,24.360154736085217,20.5986596770011,21.24124891448916,648825200
2015-08-25,23.227230072021484,24.87736264336672,23.17349490994939,24.87736264336672,414406400
2015-08-26,24.559425354003906,24.604204367697577,23.520536520779867,23.97728792672692,387098400
2015-08-27,25.282615661621094,25.354263106070857,24.6333097354271,25.128126873775873,338464400
2015-08-28,25.36545753479004,25.36993475251835,24.973635217487907,25.114690636761168,212657600
2015-08-31,25.246797561645508,25.64309718993304,25.07663420836136,25.08335089063926,224917200
2015-09-01,24.118345260620117,25.0497620770223,24.037741668751384,24.662418651629118,307383600
2015-09-02,25.152755737304688,25.152755737304688,24.43404178394238,24.680331491377068,247555200
2015-09-03,24.711673736572266,25.25126813889937,24.637786834528608,25.186337380274008,212935600
2015-09-04,24.46538734436035,24.729587631900316,24.29522572121998,24.398218822029126,199985200
2015-09-08,25.146034240722656,25.20200885292849,24.70047680586289,25.020651656008656,219374400
2015-09-09,24.66242027282715,25.528906380060143,24.577337749033934,25.47069399960268,340043200
2015-09-10,25.20425033569336,25.363218042113143,24.60644183939437,24.68928317884413,251571200
2015-09-11,25.571447372436523,25.571447372436523,25.022896733028254,25.0296134146864,199662000
2015-09-14,25.817739486694336,26.17149958145058,25.716985829374895,26.10209158232875,233453600
2015-09-15,26.034914016723633,26.09088863465027,25.618462722692676,25.9565498932683,173364800
2015-09-16,26.064027786254883,26.09313397918189,25.846845946432154,26.02820320276611,148694000
2015-09-17,25.506519317626953,26.08193845312514,25.461740296333076,25.896103977366394,256450400
2015-09-18,25.401283264160156,25.5915983491532,25.047524944621284,25.123649612050556,297141200
2015-09-21,25.79534149169922,25.83116606540664,25.448299902009456,25.4505376567089,200888000
2015-09-22,25.390090942382812,25.564731503889117,25.193059163690542,25.385612015661604,201384800
2015-09-23,25.596078872680664,25.685638622793686,25.367703132692107,25.44158834644096,143026800
2015-09-24,25.748323440551758,25.860272672901985,25.159471093345076,25.35650112732597,200878000
2015-09-25,25.683391571044922,26.126711263608605,25.528901090449907,26.070736649852112,224607600
2015-09-28,25.175151824951172,25.652055089600868,25.175151824951172,25.490847871068503,208436000
2015-09-29,24.418367385864258,25.4147166346998,24.149689896408503,25.26246560181892,293461600
2015-09-30,24.696001052856445,24.973634667561083,24.34448053568865,24.666893159529305,265892000
2015-10-01,24.53479766845703,24.543753813306612,24.02654712455552,24.420608956887314,255716400
2015-10-02,24.713916778564453,24.854973932318234,24.08028529710069,24.18327840613088,232079200
2015-10-05,24.803476333618164,24.935577341025226,24.42061009161065,24.6019673356642,208258800
2015-10-06,24.922143936157227,25.018420368941634,24.577340007306336,24.769892872875147,192787200
2015-10-07,24.803476333618164,25.025135377262504,24.49673647226439,25.018418695365714,187062400
2015-10-08,24.516881942749023,24.671372430385237,24.2280527176164,24.671372430385237,247918400
2015-10-09,25.103498458862305,25.13932132777321,24.514644356961238,24.628833061271347,211064400
2015-10-12,24.987071990966797,25.244555604853414,24.951249119619337,25.240078386513723,121868800
2015-10-13,25.029611587524414,25.17738369784618,24.78108413505567,24.812429785978768,132197200
2015-10-14,24.67584991455078,24.969156360543135,24.53031556893734,24.917660669581448,177849600
2015-10-15,25.045286178588867,25.099021339929475,24.738544620691677,24.837060506657778,150694000
2015-10-16,24.861690521240234,25.07663288383072,24.747501803916833,25.027374938781016,156930400
2015-10-19,25.016176223754883,25.020653441438615,24.653460095822826,24.807950583162174,119036800
2015-10-20,25.47292709350586,25.562486819326818,24.812427318469453,24.92885376628992,195871200
2015-10-21,25.47068977355957,25.878184910201075,25.45725470412081,25.52442492668545,167180800
2015-10-22,25.860275268554688,25.860275268554688,25.546817044869623,25.598314448531912,166616400
2015-10-23,26.661842346191406,26.69542747361142,26.046121273596448,26.128962651927207,237467600
2015-10-26,25.811017990112305,26.44912835328263,25.730414396005532,26.437934453562765,265335200
2015-10-27,25.64756202697754,26.09311935814165,25.52217776323493,25.83787532254338,279537600
2015-10-28,26.70437240600586,26.711090795666422,25.985658451219486,26.180450754337446,342205600
2015-10-29,26.986474990844727,27.022299556261547,26.48046410769258,26.57674049198866,204909200
2015-10-30,26.755870819091797,27.140976513399856,26.74467521077889,27.089479106654476,197461200
2015-11-02,27.132015228271484,27.17231701906884,26.78049471728719,27.04693442912581,128813200
2015-11-03,27.443241119384766,27.64922734474677,27.02455027826429,27.044702033033463,182076000
2015-11-04,27.31561279296875,27.72310793187973,27.23053199102812,27.56861744404648,179544400
2015-11-05,27.189693450927734,27.587691088240014,27.02329984048355,27.398810417433715,158210800
2015-11-06,27.221176147460938,27.389818824830183,27.12224027662596,27.232419678827696,132169200
2015-11-09,27.111000061035156,27.38982217470712,26.994075211921828,27.198694126750713,135485600
2015-11-10,26.256534576416016,26.548849178276132,26.09688641296129,26.28576706591504,236511600
2015-11-11,26.10813331604004,26.402695289372794,25.9057617744091,26.166596587071624,180872000
2015-11-12,26.020442962646484,26.267785230646265,26.004703046924377,26.14186590486939,130102400
2015-11-13,25.260427474975586,25.986716136195962,25.244687558009065,25.90351845193162,183249600
2015-11-16,25.674161911010742,25.687652776569372,24.95911687252824,25.044561880269672,152426800
2015-11-17,25.563987731933594,25.86979332760475,25.480790041096355,25.84056082555583,110467600
2015-11-18,26.37346649169922,26.418437186317135,25.970972427437328,26.029435702858247,186698800
2015-11-19,26.708498001098633,26.92660943341436,26.254287891164125,26.452161313671542,173183200
2015-11-20,26.825428009033203,26.9648381846964,26.724241377915583,26.802940947325766,137148400
2015-11-23,26.476898193359375,26.92211558023021,26.38470604711246,26.818679903531073,129930000
2015-11-24,26.730987548828125,26.836670565894213,26.33524064156712,26.382460384517966,171212800
2015-11-25,26.539857864379883,26.809687155716535,26.515123469785976,26.805189057323886,85553200
2015-11-27,26.490392684936523,26.625308206750216,26.44317293851058,26.598324759283052,52185600
2015-11-30,26.600568771362305,26.850160037720876,26.476896804960564,26.530861974153236,156721200
2015-12-01,26.38471221923828,26.715252191802236,26.27678184994533,26.70176132452119,139409600
2015-12-02,26.1463623046875,26.557850878778513,26.101391607031257,26.38471009020546,133546400
2015-12-03,25.90351104736328,26.26103436700735,25.683152272821975,26.207069197908513,166278000
2015-12-04,26.76471519470215,26.814183984713008,25.88327660248548,25.923750911083282,231108000
2015-12-07,26.5960693359375,26.951343589262855,26.49038633642107,26.753470168491095,128336800
2015-12-08,26.584829330444336,26.668025277025105,26.27677479127488,26.42517943806766,137238000
2015-12-09,25.997953414916992,26.463407093835222,25.876530492305037,26.452163563483015,185445600
2015-12-10,26.121623992919922,26.294764755553963,25.97321934046978,26.092393215374774,116850800
2015-12-11,25.449298858642578,25.9462323011803,25.375095684939055,25.901261616493006,187544800
2015-12-14,25.291908264160156,25.336878963992035,24.68704257294465,25.224450498890103,257274800
2015-12-15,24.844430923461914,25.363851372691848,24.812951104177856,25.170474359648928,213292400
2015-12-16,25.035560607910156,25.181717902068765,24.464425724218568,24.97485001384019,224954000
2015-12-17,24.504905700683594,25.24018700836944,24.504905700683594,25.188469166573835,179091200
2015-12-18,23.841571807861328,24.626321743127676,23.792103025803446,24.48916064131487,385813200
2015-12-21,24.133888244628906,24.1428827252825,23.738139673479584,24.122644714931468,190362400
2015-12-22,24.111400604248047,24.221579979597372,23.936010821490726,24.149625856743704,131157600
2015-12-23,24.421703338623047,24.47566850387436,24.104654347288033,24.120394258633066,130629600
2015-12-24,24.291288375854492,24.509399823075448,24.273299413800387,24.509399823075448,54281600
2015-12-28,24.019208908081055,24.214834987284,23.87530065976681,24.192347929623566,106816800
2015-12-29,24.45093536376953,24.606087151769415,24.028205069209697,24.05069041292171,123724800
2015-12-30,24.131641387939453,24.441943278831367,24.10016156055282,24.414961549941072,100855200
2015-12-31,23.668434143066406,24.066430040175042,23.569496573278652,24.06193365769457,163649200
2016-01-04,23.688671112060547,23.693169210190845,22.935400934284008,23.072563763387645,270597600
2016-01-05,23.095046997070312,23.801097373091256,23.02759097097603,23.77861203105983,223164000
2016-01-06,22.643089294433594,23.018601623728564,22.456459369988686,22.61160946546592,273829600
2016-01-07,21.68744659423828,22.514920027214217,21.68295021121818,22.188878219315704,324377600
2016-01-08,21.802120208740234,22.285562784635363,21.75714952445672,22.15964349622422,283192000
2016-01-11,22.15514373779297,22.2743175861808,21.887563554454736,22.25408129442657,198957600
2016-01-12,22.47669219970703,22.640838467302366,22.224851891300492,22.609358643191765,196616800
2016-01-13,21.898807525634766,22.75326420443945,21.878571233470993,22.557638135915223,249758400
2016-01-14,22.37775421142578,22.593618309183817,21.527795545269733,22.026978054731973,252680400
2016-01-15,21.84035301208496,21.970770443322397,21.442357000472644,21.631235998384323,319335600
2016-01-19,21.734670639038086,22.18213542801755,21.473835789246863,22.12817024774156,212350800
2016-01-20,21.763893127441406,22.0786930375486,21.00612498071098,21.383884529735315,289337600
2016-01-21,21.653715133666992,22.00898764946542,21.347909683356278,21.824605102853514,208646000
2016-01-22,22.80498695373535,22.813981435821805,22.119174420983356,22.177635981262224,263202000
2016-01-25,22.359773635864258,22.829723795434656,22.30805578720919,22.82747474579168,207178000
2016-01-26,22.48344612121582,22.683568670996635,22.051721185656476,22.469955253080343,300308000
2016-01-27,21.00613021850586,21.72792062838977,20.988141255609346,21.595255886952298,533478800
2016-01-28,21.156784057617188,21.253472589399497,20.774528029001694,21.08932801960842,222715200
2016-01-29,21.88756561279297,21.88756561279297,21.215244091450444,21.314181657388275,257666000
2016-02-01,21.682947158813477,21.745906805363436,21.45134486663825,21.69194163910943,163774000
2016-02-02,21.244483947753906,21.595260216959534,21.19951153149532,21.45584829984132,149428800
2016-02-03,21.664958953857422,21.775138339162716,21.154534616791793,21.361402524248767,183857200
2016-02-04,21.839040756225586,22.004077747075282,21.520273040791043,21.671744236953774,185886800
2016-02-05,21.25575828552246,21.91138191520352,21.18115418813304,21.820950772345686,185672400
2016-02-08,21.479576110839844,21.635568066922946,21.034204147813604,21.05455024976029,216085600
2016-02-09,21.475059509277344,21.689833751804365,21.23541837692217,21.316806256746773,177324800
2016-02-10,21.31227684020996,21.782517387893716,21.273844166316813,21.685304214332465,169374400
2016-02-11,21.18341636657715,21.414015895957743,20.93247073304399,21.20376419556052,200298800
2016-02-12,21.24897575378418,21.36427550134718,21.027421270045686,21.294192186568957,161405600
2016-02-16,21.848079681396484,21.895555641242883,21.38914367805079,21.481834344942182,196231600
2016-02-17,22.18267822265625,22.20302432690373,21.737306209266045,21.854865502856725,179452800
2016-02-18,21.762174606323242,22.356756552852104,21.72374020173718,22.34545201182724,156084000
2016-02-19,21.712430953979492,21.87520663746837,21.65817296775996,21.703387668804524,141496800
2016-02-22,21.902341842651367,21.90686434911477,21.685308102840743,21.773478005737843,137123200
2016-02-23,21.40723419189453,21.816433057926353,21.375583546170017,21.79382570024182,127770400
2016-02-24,21.726001739501953,21.789303030476482,21.097507886496512,21.246719550791465,145022800
2016-02-25,21.875211715698242,21.875211715698242,21.53383495162281,21.71469724744798,110330800
2016-02-26,21.909120559692383,22.160064416066504,21.83451474369525,21.974681364844525,115964400
2016-02-29,21.859390258789062,22.207549118665032,21.850346969915936,21.897822942876612,140865200
2016-03-01,22.72751808166504,22.781776072857877,22.024418549544972,22.07641701285967,201628400
2016-03-02,22.77726173400879,22.808912381558407,22.526316082129018,22.723003727471006,132678400
2016-03-03,22.946823120117188,22.994299098903202,22.709441501355908,22.738832625007632,147822800
2016-03-04,23.288188934326172,23.45548540753342,22.917422845147737,23.14349981293119,184220400
2016-03-07,23.03046989440918,23.247503657219692,22.824738949293295,23.148029202453237,143315600
2016-03-08,22.840559005737305,23.00559597445837,22.69813111685274,22.784039755807306,126247600
2016-03-09,22.86090850830078,22.96490372881502,22.668741664588698,22.90386196851119,108806800
2016-03-10,22.87221908569336,23.114121506219018,22.64162120975065,22.92647882989392,134054400
2016-03-11,23.11863899230957,23.123159774261975,22.946819955991838,23.114116485526203,109632800
2016-03-14,23.177419662475586,23.265591303595915,23.01012311936668,23.03951424135049,100304400
2016-03-15,23.64313507080078,23.778780937290975,23.478098087936687,23.502966698023478,160270800
2016-03-16,23.95738410949707,24.03424947487254,23.645396691646013,23.64991919833335,153214000
2016-03-17,23.9189453125,24.070416476018195,23.72903975128799,23.855642308875673,137682800
2016-03-18,23.946077346801758,24.077202431278902,23.78104208946911,24.041029280458684,176820800
2016-03-21,23.94382095336914,24.337194533472676,23.769740660709026,23.948341735398174,142010800
2016-03-22,24.126937866210938,24.255801688020146,23.785561111132616,23.7946043981686,129777600
2016-03-23,23.993549346923828,24.206062260782247,23.941552607254522,24.072677670053565,102814000
2016-03-24,23.889551162719727,24.020676209161945,23.71321141569825,23.84433646214047,104532000
2016-03-28,23.781042098999023,24.007119117223695,23.751650982738123,23.96416393181516,77645600
2016-03-29,24.34397315979004,24.368841769544584,23.710956824851877,23.713218077965223,124760400
2016-03-30,24.76899528503418,24.96342164079904,24.551961574493767,24.563266114296848,182404400
2016-03-31,24.640140533447266,24.84587150472734,24.615271916592942,24.805177561223108,103553600
2016-04-01,24.8662109375,24.86847219065177,24.461532864872428,24.592657950382524,103496000
2016-04-04,25.12167739868164,25.36357972486646,24.92951056470371,24.963422460395734,149424800
2016-04-05,24.825517654418945,25.03350982905374,24.737347752331807,24.757695581568516,106314800
2016-04-06,25.085506439208984,25.090028945605624,24.68761039301472,24.92047117717879,105616400
2016-04-07,24.538406372070312,24.963430659831737,24.443454412809448,24.857174156683573,127207600
2016-04-08,24.565528869628906,24.816472765264848,24.454749892241516,24.622048122439764,94326800
2016-04-11,24.64691734313965,25.006380722002575,24.60396387981668,24.6356145264045,117630000
2016-04-12,24.967945098876953,24.981509167293467,24.5655283041007,24.719259012369672,108929200
2016-04-13,25.329666137695312,25.397488199719643,25.049331153367543,25.049331153367543,133029200
2016-04-14,25.34323501586914,25.40879756231934,25.169156459648935,25.234719006099134,101895600
2016-04-15,24.834562301635742,25.388452080131696,24.807434160943167,25.34549689092723,187756000
2016-04-18,24.298765182495117,24.631097039392813,24.176683352992786,24.617532966614075,243286000
2016-04-19,24.169897079467773,24.416320224181874,24.016164623877835,24.389190358549207,129539600
2016-04-20,24.219635009765625,24.436668782114527,23.97773262263216,24.108857732436007,122444000
2016-04-21,23.95738410949707,24.174417860054238,23.855648407003102,24.174417860054238,126210000
2016-04-22,23.891826629638672,24.072688989220282,23.652185469299635,23.740355395267066,134732400
2016-04-25,23.75617218017578,23.885036004470937,23.627308355880622,23.73808560575489,112126400
2016-04-26,23.591135025024414,23.805909213746393,23.49166231613834,23.49166231613834,224064800
2016-04-27,22.11486053466797,22.316069003686767,21.63105570749566,21.703400306189707,458408400
2016-04-28,21.438892364501953,22.128426502535227,21.307767229132363,22.067386442873623,328970800
2016-04-29,21.19246482849121,21.414021124063154,20.91439098819789,21.248984098043813,274126000
2016-05-02,21.16985321044922,21.269327656813207,20.889518172769012,21.24445904522221,192640400
2016-05-03,21.518016815185547,21.644619429638656,21.178901190902206,21.29646051506134,227325200
2016-05-04,21.29419708251953,21.680788616353926,21.21054795625804,21.52253365246713,164102000
2016-05-05,21.207759857177734,21.396546643077752,21.080386476489608,21.380624970491734,143562000
2016-05-06,21.089481353759766,21.255521378366904,20.891596253887002,21.237326423641814,174799600
2016-05-09,21.105411529541016,21.32831499891088,21.059919786064714,21.1531765586917,131745600
2016-05-10,21.24870491027832,21.282823281311984,20.950741389604683,21.22823492885758,134747200
2016-05-11,21.041719436645508,21.28281954167646,21.030346069855238,21.262349563852535,114876400
2016-05-12,20.54814910888672,21.103136224499814,20.35026566725906,21.089489569306885,305258800
2016-05-13,20.589088439941406,20.850660291471097,20.470813392773838,20.470813392773838,177571200
2016-05-16,21.353330612182617,21.46933236491437,20.846110358379693,21.01442543613503,245039200
2016-05-17,21.264633178710938,21.53985178247409,21.15545643995071,21.50573513619463,187667600
2016-05-18,21.507999420166016,21.655844521716993,21.35560601279247,21.417019421056718,168249600
2016-05-19,21.42611312866211,21.52619319651644,21.282818087687783,21.52619319651644,121768400
2016-05-20,21.658113479614258,21.70587848637562,21.498895055077952,21.526190088369486,128104000
2016-05-23,21.93333625793457,22.106201365867136,21.760471150002004,21.805962881211684,152074400
2016-05-24,22.267688751220703,22.310903718251172,22.026586961303337,22.11302036602781,140560800
2016-05-25,22.65891456604004,22.686207870935945,22.31545935166485,22.44283273539829,152675200
2016-05-26,22.838605880737305,22.91139092849649,22.43601222959086,22.672564068641318,225324800
2016-05-27,22.824953079223633,22.85224811760691,22.57475463437257,22.617971344646403,145364800
2016-05-31,22.7135009765625,22.83632604412918,22.476949187396905,22.654362595438087,169228800
2016-06-01,22.39506721496582,22.64071736552092,22.365498890213363,22.522440595846764,116693200
2016-06-02,22.226755142211914,22.2540484501803,21.978829937727227,22.199460098911132,160766400
2016-06-03,22.272245407104492,22.35185378183391,22.165341988753955,22.242677078014257,114019600
2016-06-06,22.43373680114746,23.175235654761575,22.188088354006602,22.288166708274215,93170000
2016-06-07,22.52471160888672,22.71577338154802,22.508789939109267,22.574751638282105,89638000
2016-06-08,22.504253387451172,22.645273469034784,22.445114982249756,22.522448351462348,83392400
2016-06-09,22.665740966796875,22.74307432160156,22.39507075431559,22.404169102292457,106405600
2016-06-10,22.479228973388672,22.597504025380122,22.399620598458615,22.410992231830097,126851600
2016-06-13,22.140317916870117,22.545186514211057,22.085729574943514,22.447381461621003,152082000
2016-06-14,22.167621612548828,22.399625193171676,22.006129808755517,22.13577825604495,127727600
2016-06-15,22.094831466674805,22.38369836536012,22.069811444416,22.249499906396323,117780800
2016-06-16,22.18808937072754,22.233579376085263,21.851457430949985,21.937889135262647,125307200
2016-06-17,21.683134078979492,21.983372511973645,21.67631075430514,21.97654918729929,244032800
2016-06-20,21.63082504272461,21.96518192734931,21.61490336894878,21.835533516508335,137647600
2016-06-21,21.815061569213867,21.915139908778798,21.535293057720768,21.594431441553773,142185600
2016-06-22,21.733177185058594,22.037963965891365,21.687685455233666,21.892393901115703,116876400
2016-06-23,21.858278274536133,21.901494989448125,21.664943170735132,21.82188662145151,128960800
2016-06-24,21.24415397644043,21.530745828211515,21.073563877703485,21.132702264491982,301245600
2016-06-27,20.934818267822266,21.164546765885873,20.811993181788228,21.15317339788312,181958400
2016-06-28,21.28736686706543,21.303290273971506,20.957560069318394,21.130425171644948,161779600
2016-06-29,21.471607208251953,21.50572557469528,21.29646707033125,21.373802149958266,146124000
2016-06-30,21.744548797607422,21.783215466426835,21.44886036298996,21.480703706174424,143345600
2016-07-01,21.810510635375977,21.942434049551338,21.683137261872627,21.719528910588412,104106000
2016-07-05,21.605810165405273,21.699066944959693,21.48526007307021,21.696791923783735,110820800
2016-07-06,21.728628158569336,21.7581982181687,21.4647830545983,21.517096377173566,123796400
2016-07-07,21.821884155273438,21.949257529673048,21.74909912199765,21.76729407881754,100558400
2016-07-08,21.990198135375977,22.03796314842133,21.846903096239924,21.946981427478377,115648400
2016-07-11,22.058439254760742,22.21083266988661,22.001575884758644,22.006124190812585,95179600
2016-07-12,22.15851402282715,22.22220070927796,22.090279031057875,22.10165066202006,96670000
2016-07-13,22.033414840698242,22.215376547230882,22.026589779979425,22.15623990365707,103568800
2016-07-14,22.47013282775879,22.51562283636797,22.135775884950267,22.151697561496743,155676000
2016-07-15,22.467851638793945,22.586128405240313,22.404164950091495,22.499694983145172,120548000
2016-07-18,22.706676483154297,22.774911471405208,22.426907998862866,22.449652994946504,145975600
2016-07-19,22.71578025817871,22.74534858662166,22.595228452990415,22.645268497534165,95119600
2016-07-20,22.736249923706055,22.84997666506233,22.68620987985612,22.74534827125444,105104000
2016-07-21,22.61570167541504,22.972803602596557,22.5474649309773,22.706683422887863,130808000
2016-07-22,22.440561294555664,22.58613138373862,22.360951187847068,22.577033036248142,113254800
2016-07-25,22.140317916870117,22.48149809074257,22.044787884665535,22.34730138864548,161531600
2016-07-26,21.98792839050293,22.28361862067683,21.931065018187365,22.022046760958748,224959200
2016-07-27,23.41633415222168,23.734769358782028,23.37084415214117,23.716572664616915,369379200
2016-07-28,23.73249053955078,23.75751055619003,23.38676208241241,23.389037102651976,159479200
2016-07-29,23.702924728393555,23.78025980674225,23.582374672907697,23.698376422764657,110934800
2016-08-01,24.121442794799805,24.144187796248808,23.74841921797252,23.74841921797252,152671600
2016-08-02,23.76434326171875,24.125993506210257,23.655164814413595,24.12144519959996,135266400
2016-08-03,24.06230354309082,24.07367517574286,23.830300024735596,23.839398372056618,120810400
2016-08-04,24.210952758789062,24.240681268089364,24.076027304846914,24.14463370444234,109634800
2016-08-05,24.57913589477539,24.618012038856754,24.28184383416143,24.302424706416335,162213600
2016-08-08,24.782665252685547,24.782665252685547,24.505955817357165,24.5882810486413,112148800
2016-08-09,24.883285522460938,24.91301577419259,24.70033804559322,24.750649168770092,105260800
2016-08-10,24.698047637939453,24.903865050535522,24.643163576158123,24.860414223228336,96034000
2016-08-11,24.682039260864258,24.910724882944077,24.663743992361994,24.81696294041959,109938000
2016-08-12,24.73921012878418,24.798668877758047,24.647735532993494,24.647735532993494,74641600
2016-08-15,25.0364990234375,25.050219600447747,24.71633885024859,24.730059427258837,103472800
2016-08-16,25.01363182067871,25.20801598828304,24.974755685050955,25.070803224154627,135177600
2016-08-17,24.977052688598633,25.011355892896137,24.775808153911104,24.94960977621394,101424000
2016-08-18,24.945032119750977,25.063947894830854,24.931309793782944,24.979335317571383,87938800
2016-08-19,25.00905990600586,25.0845265804378,24.78037428268447,24.87413448098516,101472400
2016-08-22,24.814680099487305,24.949603794044457,24.66374673466097,24.894719727168077,103280800
2016-08-23,24.892433166503906,24.999915703376054,24.819253826785246,24.832974407753408,85030800
2016-08-24,24.70490837097168,24.869562304003725,24.624868749284683,24.828398820745715,94700400
2016-08-25,24.599714279174805,24.670606269416346,24.396184198705306,24.558550794094852,100344800
2016-08-26,24.455638885498047,24.686610087776163,24.311565839318675,24.563121397811965,111065200
2016-08-29,24.42820167541504,24.569987410072283,24.30699855703481,24.38246524216204,99881200
2016-08-30,24.240676879882812,24.35501969535396,24.12633406441167,24.194940451587517,99455600
2016-08-31,24.263551712036133,24.371034267052682,24.158356502478107,24.162931193395146,118649600
2016-09-01,24.40761947631836,24.423627401559532,24.15377827268476,24.272694039514473,106806000
2016-09-02,24.63630485534668,24.698049210690897,24.428200084710696,24.629442820545787,107210000
2016-09-06,24.629440307617188,24.766653073907662,24.58599122670915,24.67517847795828,107521600
2016-09-07,24.780376434326172,24.871851040543895,24.48537174525884,24.659173322599212,169457200
2016-09-08,24.130905151367188,24.53110497470245,24.06687345879079,24.52653203011818,212008000
2016-09-09,23.584348678588867,24.17664537470225,23.584348678588867,23.929664472583937,186228000
2016-09-12,24.112611770629883,24.17664346358425,23.44713579442676,23.474578696292678,181171200
2016-09-13,24.686609268188477,24.878706075139192,24.52424270519958,24.585988792864413,248704800
2016-09-14,25.560192108154297,25.848336490600545,24.835259079485677,24.864989328027217,443554800
2016-09-15,26.429201126098633,26.465791668436328,25.953534544107114,26.038148864713218,359934400
2016-09-16,26.28055191040039,26.557261310484716,26.0793091861753,26.326290082769418,319547600
2016-09-19,25.974111557006836,26.56869378386153,25.89864488826544,26.342295522370065,188092000
2016-09-20,25.971832275390625,26.09761009567407,25.729426016007892,25.852916490995298,138057200
2016-09-21,25.967260360717773,26.06788087620702,25.7134191095078,26.03586501972408,144012800
2016-09-22,26.21194839477539,26.285127728976082,26.070162671440883,26.150202295608366,124296000
2016-09-23,25.775156021118164,26.25082252945932,25.509881609176286,26.166208221954566,209924800
2016-09-26,25.814035415649414,25.930665585095237,25.50988482865758,25.53046569958347,119477600
2016-09-27,25.862056732177734,25.882639345878555,25.690542511846697,25.84147586320979,98429600
2016-09-28,26.0587215423584,26.216515153290395,25.93980580661877,25.999264546854857,118564400
2016-09-29,25.65395736694336,26.024428763645872,25.567057444388357,25.878070081062116,143548000
2016-09-30,25.852920532226562,25.926099890539714,25.56706339120121,25.71799505440116,145516400
2016-10-03,25.73170280456543,25.852907637482588,25.67681874938866,25.775153626643895,86807200
2016-10-04,25.841474533081055,26.141052130858036,25.756860227302564,25.855195111686786,118947200
2016-10-05,25.852920532226562,25.99241895662562,25.770593536032578,25.93296018276696,85812400
2016-10-06,26.045005798339844,26.147913632118165,25.87120423410283,26.001554971097374,115117200
2016-10-07,26.08388328552246,26.198226104406544,25.958107231589743,26.141054694964502,97433600
2016-10-10,26.538970947265625,26.6990502077917,26.234818607533,26.303423257158567,144944000
2016-10-11,26.59613800048828,27.1426964864746,26.573268042962923,26.916296469049705,256164000
2016-10-12,26.83397102355957,26.980331432114724,26.69904733914617,26.83625836838792,150347200
2016-10-13,26.751651763916016,26.856846967937212,26.46350731697683,26.708200926158003,140769600
2016-10-14,26.90028953552246,27.02377998282595,26.78594672261918,26.9574609419741,142608800
2016-10-17,26.882001876831055,26.948319187419795,26.7059129294888,26.831690749018982,94499600
2016-10-18,26.86370277404785,27.032929661416194,26.859128084135385,27.02606937128049,98214000
2016-10-19,26.78366470336914,26.93002338387391,26.02442839397574,26.81339321059467,80138400
2016-10-20,26.769941329956055,26.843120667344646,26.603001784381934,26.72420489836307,96503200
2016-10-21,26.664745330810547,26.73563906577721,26.591565995646846,26.71276910594301,92770800
2016-10-24,26.904865264892578,26.92544613453879,26.756219253426952,26.779087467944834,94154800
2016-10-25,27.04207992553711,27.06723548830231,26.827114841810193,26.973473528044174,192516000
2016-10-26,26.433767318725586,26.458922873973215,25.91236443674318,26.141050033734246,264536800
2016-10-27,26.179929733276367,26.495515250984237,26.093028083742734,26.388032733760703,138248000
2016-10-28,26.00613021850586,26.34687131993518,25.944384121128103,26.040433412078734,151446800
2016-10-31,25.96497344970703,26.122767134107963,25.88721940785246,25.99012901518351,105677600
2016-11-01,25.496158599853516,26.017561520279223,25.276620619923364,25.94666953829954,175303200
2016-11-02,25.519031524658203,25.69283311180538,25.436706293623324,25.47558243642123,113326800
2016-11-03,25.245498657226562,25.62016944650457,25.18113820298895,25.50983774029462,107730400
2016-11-04,25.017934799194336,25.342037894308067,24.850138160736485,24.946678836590927,123348000
2016-11-07,25.37881851196289,25.401804138645407,25.160450674251727,25.302964365588775,130240000
2016-11-08,25.528228759765625,25.679937069138873,25.215619292291446,25.355833910218443,97016800
2016-11-09,25.486852645874023,25.587991513710712,24.836350779053614,25.256992858020464,236705600
2016-11-10,24.776586532592773,25.535122773847835,24.326061562671892,25.535122773847835,228538000
2016-11-11,24.923694610595703,25.024833469275595,24.491558879883993,24.62257887695074,136575600
2016-11-14,24.298477172851562,24.781182360897954,23.92380636217132,24.758196733598787,204702000
2016-11-15,24.620281219482422,24.751301224165672,24.401915129573986,24.496156727620768,129058000
2016-11-16,25.28227424621582,25.337441850694617,24.50304980828329,24.526035433304067,235362000
2016-11-17,25.273080825805664,25.365025083873647,25.01563900764434,25.240900598535497,110528000
2016-11-18,25.29836654663086,25.408700011438132,25.206424038597554,25.220215064064362,113715600
2016-11-21,25.682228088378906,25.741990354786033,25.286869077055236,25.31215378733923,117058400
2016-11-22,25.698328018188477,25.840839981124503,25.606383741451264,25.732805587485117,103862000
2016-11-23,25.56729507446289,25.631655509549816,25.360420994761817,25.597176203984585,109705600
2016-11-25,25.69601058959961,25.714399782560815,25.502927570886914,25.544302378204637,45903600
2016-11-28,25.645458221435547,25.852332395445483,25.604083386633558,25.613277989221903,108776000
2016-11-29,25.62017250061035,25.751192513409958,25.300667526350065,25.46386777010459,114115200
2016-11-30,25.404096603393555,25.790261020175535,25.34663167085868,25.65234553282995,144649200
2016-12-01,25.167339324951172,25.50063695889141,25.06160406808785,25.369616993463985,148347600
2016-12-02,25.261587142944336,25.30525930339659,25.020233701415115,25.09378875204552,106112000
2016-12-05,25.079994201660156,25.29146472327701,24.88231470206903,25.284569212264145,137298000
2016-12-06,25.273080825805664,25.367324172590333,25.09838866453644,25.16964463153597,104782000
2016-12-07,25.521329879760742,25.55810828458429,25.09149323395342,25.114478860122706,119994800
2016-12-08,25.771873474121094,25.843129429005632,25.422485703604107,25.482249724240802,108273200
2016-12-09,26.19251251220703,26.3649072898311,25.8155427387643,25.8155427387643,137610400
2016-12-12,26.043115615844727,26.433876567981944,25.85692798837771,26.040816526848793,105497600
2016-12-13,26.477540969848633,26.64533757870418,26.146542421095145,26.167228953547017,174935200
2016-12-14,26.477540969848633,26.70969801791948,26.429270640437156,26.443061662071738,136127200
2016-12-15,26.622358322143555,26.831531553286478,26.486741900476627,26.521219462804925,186098000
2016-12-16,26.65684700012207,26.778672439643113,26.583291918504184,26.77177692475573,177404400
2016-12-19,26.810842514038086,26.980938246977622,26.60626746604154,26.617761155624148,111117600
2016-12-20,26.882099151611328,27.00852272541942,26.82003778590881,26.83382881080029,85700000
2016-12-21,26.907381057739258,26.98553428257856,26.843020610042583,26.847618786987013,95132800
2016-12-22,26.730392456054688,26.78096188527395,26.580983257095284,26.74418348086327,104343600
2016-12-23,26.78325843811035,26.78325843811035,26.569488791365973,26.569488791365973,56998000
2016-12-27,26.95335578918457,27.07748026929318,26.77636279296477,26.783258305133447,73187600
2016-12-28,26.838422775268555,27.12804477467143,26.709700132954477,27.01311490877457,83623600
2016-12-29,26.83153533935547,26.91888143239691,26.75568118414808,26.76717312198213,60158000
2016-12-30,26.622358322143555,26.93956417139991,26.532713152708265,26.813142350917477,122345200
2017-01-03,26.698211669921875,26.739586497171988,26.37870674148132,26.61776110407188,115127600
2017-01-04,26.668333053588867,26.78096561752515,26.6062716796104,26.629257308724977,84472400
2017-01-05,26.803945541381836,26.861410478782332,26.62005704022397,26.645341752975444,88774400
2017-01-06,27.10276222229004,27.160227156096582,26.77176364238335,26.84301959912247,127007600
2017-01-09,27.351011276245117,27.452150127850576,27.109659589946716,27.111956924799042,134247600
2017-01-10,27.378597259521484,27.44065862560375,27.192411407583823,27.30044402604622,97848400
2017-01-11,27.52570915222168,27.56708398351671,27.261370049708496,27.29355027919452,110354400
2017-01-12,27.410776138305664,27.422269827680637,27.17172177957063,27.330325573753196,108344800
2017-01-13,27.36250877380371,27.49582786880538,27.309640252099264,27.378598888463156,104447600
2017-01-17,27.583171844482422,27.63833769713795,27.174021742713133,27.201603792195478,137759200
2017-01-18,27.58086585998535,27.69809480204808,27.516505422363586,27.58316494809767,94852000
2017-01-19,27.532602310180664,27.60385827599191,27.43836071865845,27.44525623100266,102389200
2017-01-20,27.583171844482422,27.686608037422893,27.521110479456304,27.686608037422893,130391600
2017-01-23,27.6015625,27.769359155489322,27.530304776473134,27.583173296916232,88200800
2017-01-24,27.576276779174805,27.60615791782872,27.468242407108608,27.47973609703981,92844000
2017-01-25,28.01529884338379,28.065868256600073,27.64752368411578,27.679703900946087,129510400
2017-01-26,28.029096603393555,28.14402647071442,27.950943381696252,27.96703349297355,105350400
2017-01-27,28.031400680541992,28.123344947252377,27.95095010480454,28.075074601809906,82251600
2017-01-30,27.957843780517578,27.957843780517578,27.73488127203864,27.796942639617125,121510000
2017-01-31,27.89348030090332,27.90267490134263,27.725683665535442,27.847509052397502,196804000
2017-02-01,29.59444236755371,29.994399589197755,29.19448689960036,29.199083322907335,447940000
2017-02-02,29.543867111206055,29.741546594510268,29.371472335326125,29.41744532777498,134841600
2017-02-03,29.670291900634766,29.695576609126253,29.45882138751544,29.493298941194354,98029200
2017-02-06,29.948427200317383,29.996699294153608,29.62892226767109,29.6817925388683,107383600
2017-02-07,30.23345375061035,30.362174654170975,29.985204790579903,30.005891327070383,152735200
2017-02-08,30.350675582885742,30.39205215591123,30.162192438203466,30.19207532386738,92016400
2017-02-09,30.569988250732422,30.57691365734262,30.269874381470395,30.392227928366967,113399600
2017-02-10,30.500736236572266,30.690040112082325,30.484578125724394,30.579230063479425,80262000
2017-02-13,30.77084732055664,30.893204450612785,30.646186417273007,30.722369450286518,92141600
2017-02-14,31.17022132873535,31.186379439397946,30.761604655800852,30.812393328033973,132904800
2017-02-15,31.283334732055664,31.45878776770964,31.077872773924653,31.28564554942213,142492400
2017-02-16,31.24639892578125,31.3733670617876,31.128659968454752,31.320271103680184,90338400
2017-02-17,31.33182716369629,31.357221505579854,31.188697339946398,31.188697339946398,88792800
2017-02-21,31.558063507080078,31.569607029524473,31.391846647128517,31.44956073676202,98028800
2017-02-22,31.6527099609375,31.655017255990174,31.421853642506797,31.49572583265893,83347600
2017-02-23,31.518823623657227,31.73813649644983,31.46572763863333,31.715052970286386,83152800
2017-02-24,31.5488224029541,31.5488224029541,31.230239585770025,31.375680180151893,87106400
2017-02-27,31.611160278320312,31.728899278590717,31.46110505053433,31.659641664770813,81029600
2017-02-28,31.624998092651367,31.72888269779921,31.55804780932968,31.645774309163592,93931600
2017-03-01,32.27140808105469,32.35451650915443,31.76583562625202,31.832782418776734,145658400
2017-03-02,32.07979965209961,32.38452819956247,32.03362556445187,32.31988870396161,104844000
2017-03-03,32.26909637451172,32.28063989511755,31.99437678799724,32.038240052746666,84432400
2017-03-06,32.167510986328125,32.26678101161187,31.99667960539202,32.17443639244245,87000000
2017-03-07,32.20907974243164,32.315271693433274,32.0405520664607,32.10288426884158,69785200
2017-03-08,32.08903121948242,32.27371699576687,32.047478769177225,32.07748769797936,74828800
2017-03-09,32.01515579223633,32.040550130739646,31.63886235043582,32.02901013171941,88623600
2017-03-10,32.121334075927734,32.1721227257647,32.0059059667685,32.146728400846214,78451200
2017-03-13,32.13520050048828,32.18829647017765,32.04747749025978,32.054402898367606,69686800
2017-03-14,32.08673858642578,32.23910116308927,32.05210800609196,32.15830352082329,61236400
2017-03-15,32.42608642578125,32.49303322137834,32.09595999363327,32.18368653915024,102767200
2017-03-16,32.479183197021484,32.555366221686945,32.379913126364556,32.486108606301194,76928000
2017-03-17,32.31757736206055,32.550740976098126,32.294490321127455,32.550740976098126,175540000
2017-03-20,32.65692901611328,32.66616171683697,32.372973271993985,32.41221841459705,86168000
2017-03-21,32.28295135498047,32.96628770549994,32.25755701540671,32.806996259318026,158119600
2017-03-22,32.64769744873047,32.68925341438111,32.26447514618463,32.28525489030374,103440800
2017-03-23,32.53227996826172,32.68464602130465,32.46071505556878,32.61077029040308,81385200
2017-03-24,32.46762466430664,32.721567962460696,32.40067789802258,32.666161191248804,89582400
2017-03-27,32.523048400878906,32.601538725765934,32.00131072025473,32.17907112168971,94300400
2017-03-28,33.19713592529297,33.252539181636585,32.46301107545243,32.529961373650984,133499200
2017-03-29,33.271018981933594,33.35643823436015,33.05632424825825,33.16944161532169,116760000
2017-03-30,33.22714614868164,33.35873593282274,33.12787962878936,33.287171042186415,84829200
2017-03-31,33.16482162475586,33.30564412870682,33.01476289484099,33.17867244111365,78646800
2017-04-03,33.174049377441406,33.27100860006439,33.023994192507935,33.176360194881575,79942800
2017-04-04,33.42106628417969,33.44876791191297,33.051694808994476,33.070163735012486,79565600
2017-04-05,33.24794006347656,33.58037384658186,33.199458669028225,33.294110639443595,110871600
2017-04-06,33.16482162475586,33.36335821192298,33.11634024491553,33.31025871910069,84596000
2017-04-07,33.090938568115234,33.28485699929098,33.07478046014424,33.18097237706021,66688800
2017-04-10,33.05170440673828,33.21561397112792,32.98937220365056,33.15097447258824,75733600
2017-04-11,32.696189880371094,33.09326313157314,32.33374367676682,32.9986111713542,121517600
2017-04-12,32.73542404174805,32.81622163318866,32.55304559211443,32.68925348626947,81400000
2017-04-13,32.56228256225586,32.86932187096987,32.56228256225586,32.76081912568794,71291600
2017-04-17,32.74237060546875,32.75391413244416,32.52074686434647,32.66156943923077,66328400
2017-04-18,32.59690475463867,32.7908231768218,32.57612853567344,32.645386121478026,58790000
2017-04-19,32.476871490478516,32.78160358080456,32.423775513256935,32.75390194444348,69313600
2017-04-20,32.8831672668457,32.99397728878832,32.587671526607345,32.601522339026786,93278400
2017-04-21,32.84392547607422,32.93857387812894,32.746966256655696,32.8831706227969,69283600
2017-04-24,33.16019058227539,33.23175545394546,33.05399516062558,33.12787084917966,68537200
2017-04-25,33.365665435791016,33.451081151540144,33.21329941100493,33.222535636949104,75486000
2017-04-26,33.1694450378418,33.381836020448354,33.10019093763208,33.35182356196479,80164800
2017-04-27,33.19482421875,33.280243440970935,33.08401418644334,33.2248366635239,56985200
2017-04-28,33.162513732910156,33.31257247606476,33.07479071404166,33.264091091946895,83441600
2017-05-01,33.838924407958984,33.98205421858617,33.46493824595202,33.49725799424165,134411600
2017-05-02,34.05360794067383,34.18750500321283,33.89893465875478,34.06053334713385,181408800
2017-05-03,33.949729919433594,34.04899996896599,33.305642335360965,33.610370846588346,182788000
2017-05-04,33.82737731933594,33.96819981973374,33.66116048206023,33.82507002419722,93487600
2017-05-05,34.38835525512695,34.39296984476421,33.880468588027576,33.880468588027576,109310800
2017-05-08,35.32332992553711,35.48262137552229,34.4045226107652,34.4045226107652,195009600
2017-05-09,35.549564361572266,35.755026336086395,35.424899981815805,35.52185920907765,156521600
2017-05-10,35.38105010986328,35.538034291453236,35.11556666254569,35.46646937205053,103222800
2017-05-11,35.68703842163086,35.71485794084728,35.30687133887663,35.339324497021664,109020400
2017-05-12,36.185420989990234,36.259598101766585,35.85393196303185,35.860885956725625,130108000
2017-05-15,36.09269714355469,36.312915209144016,35.942022555816784,36.16455744038748,104038800
2017-05-16,36.039371490478516,36.17613805015119,35.86551461516089,36.14832208198107,80194000
2017-05-17,34.8293342590332,35.83075175718086,34.70415884032869,35.6058965375633,203070800
2017-05-18,35.360172271728516,35.54562033107779,35.033324002179796,35.06577714728135,134272800
2017-05-19,35.480712890625,35.69397691396822,35.38103664001859,35.55489352681086,107843200
2017-05-22,35.696292877197266,35.83305942906775,35.4459385665667,35.698609695370216,91865600
2017-05-23,35.65225601196289,35.907244012150436,35.53866822949923,35.907244012150436,79675600
2017-05-24,35.54562759399414,35.73802968538322,35.390315829478965,35.66153221262889,76712000
2017-05-25,35.668479919433594,35.77975088044138,35.47376104336142,35.63602677342156,76942400
2017-05-26,35.60820770263672,35.754248615544256,35.538664242341355,35.6986131398825,87710400
2017-05-30,35.62211227416992,35.798285957861246,35.543298010712775,35.56415998566432,80507600
2017-05-31,35.41117477416992,35.738026619591665,35.323089676811115,35.69166548354051,97804800
2017-06-01,35.5085334777832,35.54330698193968,35.28599861454439,35.50621665902392,65616400
2017-06-02,36.034751892089844,36.034751892089844,35.44132070084321,35.60126967008821,111082800
2017-06-05,35.68239974975586,35.80294156229667,35.57345264543738,35.77744240074244,101326800
2017-06-06,35.80292892456055,36.11818956652802,35.647617190689985,35.6754331617929,106499600
2017-06-07,36.01620101928711,36.15760479926238,35.8098909341227,35.93506990636486,84278400
2017-06-08,35.92810821533203,36.05560044220187,35.79133810279246,35.98837733234555,85003200
2017-06-09,34.53493118286133,35.97446776937545,33.84877798018618,35.97446776937545,259530800
2017-06-12,33.709686279296875,33.864997985851915,33.035120801670146,33.78386690536151,289229200
2017-06-13,33.98091506958008,34.18027115410295,33.647109203669395,34.11304803197316,136661600
2017-06-14,33.64942932128906,34.1918620809851,33.34343943399701,34.1918620809851,126124800
2017-06-15,33.447757720947266,33.491802047804654,32.965597556215656,33.222905985162065,128661600
2017-06-16,32.979515075683594,33.49644890225634,32.963286724413855,33.32954589811209,201444400
2017-06-19,33.92295455932617,34.01568035362184,33.30170765461845,33.30170765461845,130165600
2017-06-20,33.614654541015625,34.04581984224662,33.59842973452533,34.04581984224662,99600400
2017-06-21,33.81400680541992,33.86037147503061,33.52192848736202,33.732875707856564,85063200
2017-06-22,33.75837707519531,34.006411095665946,33.6401521119135,33.7908302237745,76425200
2017-06-23,33.9090576171875,34.11305089394243,33.63784121266299,33.64247838816975,141757600
2017-06-26,33.80241012573242,34.372658623152006,33.7004135392992,34.11535033905973,102769600
2017-06-27,33.31794738769531,33.88124578693254,33.29244822497875,33.614662988145,99047600
2017-06-28,33.80474090576172,33.86964720809466,33.185810677504435,33.49411738215002,88329600
2017-06-29,33.30634307861328,33.6424692374205,32.98181162398346,33.54510980103156,125997600
2017-06-30,33.385169982910156,33.603071249121264,33.32953448819821,33.484846264999454,92096400
2017-07-03,33.26462936401367,33.681886746388706,33.171907073320845,33.58452728002264,57111200
2017-07-05,33.4013786315918,33.563644324585276,33.08380123693835,33.30865638906033,86278400
2017-07-06,33.08613586425781,33.26462999119196,33.01195873773074,33.15336253283698,96515200
2017-07-07,33.42226028442383,33.55439327181347,33.12554468906654,33.12554468906654,76806800
2017-07-10,33.62624740600586,33.832557485774224,33.234489228921056,33.406029337936204,84362400
2017-07-11,33.73520278930664,33.80938345354862,33.46862354358563,33.54975466583044,79127200
2017-07-12,33.78388977050781,33.88588289468587,33.570625631923875,33.814022575254576,99538000
2017-07-13,34.25445556640625,34.42135851767679,33.7143395625903,33.72824755234141,100797600
2017-07-14,34.54884338378906,34.616070036028844,34.15245161224831,34.30080936637297,80528400
2017-07-17,34.66938400268555,34.980007487299616,34.4398951543656,34.49784745539633,95174000
2017-07-18,34.78993225097656,34.80152342076449,34.46308036345037,34.585938981519924,71475200
2017-07-19,35.00783157348633,35.100553852405646,34.75979399482843,34.882652606104216,83692000
2017-07-20,34.85020446777344,35.17473956492999,34.81543449245928,35.11910406729863,68974800
2017-07-21,34.8339729309082,34.87338007436318,34.51175825242053,34.76906663143788,105010400
2017-07-24,35.2558708190918,35.337005477968546,34.74820795482175,34.90584009680633,85972800
2017-07-25,35.40653991699219,35.66152792505456,35.188638694216536,35.188638694216536,75415600
2017-07-26,35.57344436645508,35.68239144541838,35.480718556415695,35.547945210835245,63124000
2017-07-27,34.90118408203125,35.696291283601695,34.14548754753036,35.640655815791874,129905200
2017-07-28,34.65548324584961,34.82470300976447,34.58362294352118,34.7458887128319,68854800
2017-07-31,34.47698974609375,34.84788597153069,34.337906314401316,34.74820615187898,79383600
2017-08-01,34.782981872558594,34.82238902423158,34.40281480903996,34.56276377220777,141474400
2017-08-02,36.42648696899414,37.03150894679301,36.19931500935607,36.92255837145986,279747200
2017-08-03,36.06254959106445,36.44271643900485,35.935053856697635,36.40562612771145,108389200
2017-08-04,36.25265121459961,36.48677730148422,36.09038543472271,36.17847408828248,82239600
2017-08-07,36.813621520996094,36.83912067658337,36.31754993358477,36.40795538755274,87481200
2017-08-08,37.108028411865234,37.51369463486603,36.68845419858787,36.76495168223776,144823600
2017-08-09,37.335201263427734,37.383882767511636,36.88317388462931,36.91794386102579,104526000
2017-08-10,36.14599609375,37.23512169895586,35.98541906326039,37.21184832748684,163217200
2017-08-11,36.64866638183594,36.90233333918181,36.32053458098837,36.44387563364396,105028400
2017-08-14,37.200218200683594,37.28399737332113,36.94422529789718,37.0768771341642,88490800
2017-08-15,37.60748291015625,37.74711251774953,37.26771078474369,37.38872595213952,117862000
2017-08-16,37.45619583129883,37.819237615448884,37.2700195558068,37.68658937170964,110686400
2017-08-17,36.73710250854492,37.400354541802336,36.73244712399428,37.356137266116114,111762400
2017-08-18,36.65333557128906,37.1187747531467,36.471814574446114,36.7371147660642,109712400
2017-08-21,36.585845947265625,36.744093553772515,36.09713341937052,36.65333306156558,105474000
2017-08-22,37.183937072753906,37.23513566837947,36.77435185876866,36.82322098576263,86418400
2017-08-23,37.230464935302734,37.344498769648,36.97447561371597,37.018692887258375,77596400
2017-08-24,37.06524658203125,37.40734463100248,36.89768820902417,37.33519858208151,79275600
2017-08-25,37.202545166015625,37.365448131007646,37.06524149202365,37.15367250100886,101920400
2017-08-28,37.57722473144531,37.70056580462589,37.21883464818906,37.267707314457965,103864000
2017-08-29,37.912330627441406,37.96119972875437,37.235116101108325,37.25838946907847,118067600
2017-08-30,38.01472473144531,38.14039167581114,37.84251105485345,38.119447776919685,109078400
2017-08-31,38.16600036621094,38.287015507998596,38.044985224423286,38.0822211989761,107140400
2017-09-01,38.17763900756836,38.38475924397722,38.07989723262444,38.35217865232924,66364400
2017-09-05,37.71918487548828,38.224185869992446,37.365450167215954,38.107826095654566,117874000
2017-09-06,37.679622650146484,37.93096018664937,37.35614262234544,37.865798997669195,86606800
2017-09-07,37.528343200683594,37.75641085470924,37.318897082760316,37.721500801043646,87714000
2017-09-08,36.91630172729492,37.50275241073847,36.8930283529123,37.43526530665827,114446000
2017-09-11,37.58420181274414,37.71219825667535,37.20952325015532,37.35148229687576,126323200
2017-09-12,37.43526840209961,38.156700455393946,36.94888537604294,37.8425276303422,286856000
2017-09-13,37.1536750793457,37.22582112336586,36.74874533126742,37.20487366489882,179629600
2017-09-14,36.8348503112793,37.095495072519725,36.790633028350605,37.00008275522042,95042800
2017-09-15,37.20721435546875,37.46087789157071,36.769700329150055,36.87907883572973,196458400
2017-09-18,36.92561340332031,37.35149063859288,36.769691718988625,37.260730149175366,113077600
2017-09-19,36.939571380615234,37.18160168941418,36.872084276845705,37.12109233670527,83242400
2017-09-20,36.320533752441406,36.830186470137654,35.799240798625455,36.74640730882827,211805600
2017-09-21,35.69684982299805,36.25770476231295,35.54790946058853,36.25770476231295,150046800
2017-09-22,35.34775924682617,35.436193779476454,35.03824193356741,35.266306014014894,186581600
2017-09-25,35.03593063354492,35.333811387669186,34.712450585659106,34.90560824749289,177549200
2017-09-26,35.63866424560547,35.820185172327,35.301221679316356,35.32216558216474,146640000
2017-09-27,35.892333984375,36.006367838372455,35.73175693216047,35.792266285759226,102016800
2017-09-28,35.6712646484375,35.903984278738385,35.53628683674062,35.813223764961826,88022000
2017-09-29,35.86673355102539,35.869063019024054,35.373369273795674,35.65496147322591,105199200
2017-10-02,35.79458999633789,35.94353035206246,35.54092656332573,35.89931307362548,74795200
2017-10-03,35.95051193237305,36.09247098744628,35.81786364705247,35.8411334693977,64921200
2017-10-04,35.717796325683594,35.80623089295552,35.480424936193586,35.7527063895629,80655200
2017-10-05,36.16228485107422,36.17392153688535,35.85044155703644,35.880692678923836,85135200
2017-10-06,36.141353607177734,36.18557089813813,35.96913982949492,36.06455571514429,69630400
2017-10-09,36.266998291015625,36.47411845979053,36.18554861400172,36.26001699158635,65051600
2017-10-10,36.28096389770508,36.769676204372644,36.094791162800576,36.3181998650929,62468000
2017-10-11,36.43224334716797,36.532311041171035,36.24606701186326,36.29726559284751,67622400
2017-10-12,36.30424499511719,36.62306960009468,36.24140973064828,36.38569824724422,64500400
2017-10-13,36.53464126586914,36.602128368918095,36.39966350875292,36.4741319138063,65576800
2017-10-16,37.20721435546875,37.235139573822835,36.688247040924466,36.746426946508564,96486000
2017-10-17,37.344505310058594,37.43759170675343,37.055931798675125,37.18392825739434,75989200
2017-10-18,37.179256439208984,37.40034274792241,37.14202402759864,37.33285212178352,65496800
2017-10-19,36.29960632324219,36.55559933263122,36.07619747052057,36.47880142981451,170336800
2017-10-20,36.3624267578125,36.7115060546875,36.294939656198025,36.44620593110323,95896400
2017-10-23,36.343814849853516,36.69754959082178,36.18789316395103,36.51137322446907,87937200
2017-10-24,36.560245513916016,36.63471392906621,36.35079577232983,36.37173968118282,71028800
2017-10-25,36.399654388427734,36.66495445117733,36.13435432567814,36.516014127370845,84828400
2017-10-26,36.632389068603516,36.730130863756074,36.485774600365225,36.59049769867019,68002000
2017-10-27,37.94491958618164,38.072916036230644,36.93258822336097,37.069891892041646,177816800
2017-10-30,38.79900360107422,39.113176413503815,38.10084495213601,38.14040684945362,178803200
2017-10-31,39.33890151977539,39.48086055249378,38.850192715266076,39.073601439893864,144187200
2017-11-01,38.83855056762695,39.54834563138354,38.54066994267618,39.53205356468261,134551200
2017-11-02,39.12247085571289,39.21323130839192,38.46387431918874,38.77106572888228,165573600
2017-11-03,40.14412307739258,40.553708214192326,39.82296895644749,40.49320240850034,237594400
2017-11-06,40.5513801574707,40.72359389676432,39.9626000008153,40.11386628257354,140105200
2017-11-07,40.68170928955078,40.78410647310993,40.40012058578211,40.47226308755724,97446000
2017-11-08,41.014503479003906,41.014503479003906,40.570008191879474,40.646806085808244,97638000
2017-11-09,40.93071746826172,40.98191605569224,40.293064593639,40.751522412254914,117930400
2017-11-10,40.79524230957031,40.9610687035548,40.70182129794561,40.89800756062739,100582000
2017-11-13,40.63175582885742,40.75554027927347,40.49862713853262,40.52198417452118,67928400
2017-11-14,40.01751708984375,40.517327198270685,39.980147243808084,40.41456190356492,99130000
2017-11-15,39.48967361450195,39.77928451865942,39.32618502497111,39.69753844200202,116632400
2017-11-16,39.96146011352539,40.14129578950477,39.77461447411509,39.98014147006068,94550000
2017-11-17,39.73957824707031,40.02918916149896,39.62046589128432,39.947443081942396,87598000
2017-11-20,39.699867248535156,39.83533022227053,39.60177410833716,39.77226907364915,65049600
2017-11-21,40.43791580200195,40.56870668916592,39.88672308910782,39.88672308910782,100525200
2017-11-22,40.86299133300781,40.872332012259704,40.41689816830858,40.48930001481048,102355600
2017-11-24,40.86532211303711,40.98910659428749,40.79058243028295,40.89568555462902,56106800
2017-11-27,40.659786224365234,40.89100807834741,40.484619125107635,40.88400167947981,82867200
2017-11-28,40.42155456542969,40.84195268013187,40.138950125958594,40.70882756081835,105715200
2017-11-29,39.583099365234375,40.386533173869445,39.041250894810226,40.31880345148558,166665600
2017-11-30,40.136619567871094,40.20434927278445,39.34019236478628,39.80496675026274,166108800
2017-12-01,39.94976806640625,40.09457169512323,39.35419935159291,39.692854953731334,159037200
2017-12-04,39.6578369140625,40.3164634359694,39.61813279428302,40.28376571592841,130169600
2017-12-05,39.62046432495117,40.05955101829121,39.33085342197184,39.485001333095546,109400800
2017-12-06,39.473323822021484,39.75125621208925,38.877758487629464,39.120655316755084,114240000
2017-12-07,39.54571533203125,39.80729698902204,39.449956488388985,39.47798207627148,102693200
2017-12-08,39.55740737915039,39.938105076725485,39.428954336656226,39.818992712967784,93420800
2017-12-11,40.328128814697266,40.379511438557756,39.4219300634665,39.517688913732236,141095200
2017-12-12,40.101593017578125,40.262747342436676,40.04554181852073,40.20669257959501,77636800
2017-12-13,40.234710693359375,40.5313243770046,40.17164954795385,40.28842759896534,95273600
2017-12-14,40.223052978515625,40.435589996586835,40.0899242208935,40.26509138800568,81906000
2017-12-15,40.63175582885742,40.67846633705121,40.27908739364348,40.552347608549645,160677200
2017-12-18,41.203975677490234,41.38614918992754,40.839628652615616,40.84430077348899,117684400
2017-12-19,40.76488494873047,40.963409082730685,40.659785404053046,40.87932873423201,109745600
2017-12-20,40.720516204833984,40.970419432330885,40.463603014151154,40.841962836989474,93902400
2017-12-21,40.87465286254883,41.110546810628996,40.66211951438505,40.67846658865148,83799600
2017-12-22,40.87465286254883,40.97041172139755,40.75554053135045,40.79757891984987,65397600
2017-12-26,39.837684631347656,40.04788379578887,39.629816182269515,39.89140156203197,132742000
2017-12-27,39.84467697143555,39.8867153639745,39.636812159497616,39.72789890711573,85992800
2017-12-28,39.956783294677734,40.136622513297105,39.81664819065001,39.93809837655512,65920800
2017-12-29,39.52470016479492,39.84233662230938,39.522365886617536,39.82598954750075,103999600
2018-01-02,40.23236846923828,40.24171270802003,39.53170023948906,39.74190284668357,102223600
2018-01-03,40.22536849975586,40.767220394628254,40.162310914925996,40.29543604668363,118071600
2018-01-04,40.41221618652344,40.514981452143,40.19033857963591,40.297772401850075,89738400
2018-01-05,40.87232208251953,40.95873670879751,40.4168883492139,40.507975095875025,94640000
2018-01-08,40.720516204833984,41.014795671065556,40.622419485639426,40.720516204833984,82271200
2018-01-09,40.715843200683594,40.88633818873765,40.50097197485756,40.76722583770547,86336000
2018-01-10,40.706504821777344,40.708842664386644,40.40521891928828,40.442588763192425,95839600
2018-01-11,40.93771743774414,40.98676579221811,40.7532096664602,40.776563140765795,74670800
2018-01-12,41.36044692993164,41.42350807179687,41.024125591694585,41.14791003371474,101672400
2018-01-16,41.15025329589844,41.897632166104536,41.13857477715793,41.54963226482539,118263600
2018-01-17,41.82990646362305,41.86493845941443,40.88867549633279,41.14091299359858,137547200
2018-01-18,41.867271423339844,42.06346128496343,41.63138101025512,41.892962740708185,124773600
2018-01-19,41.68042755126953,41.942009270329734,41.43519290775877,41.71545954443522,129700400
2018-01-22,41.33943557739258,41.52160907619025,41.246014549623844,41.40950313011101,108434400
2018-01-23,41.34877395629883,41.909310783105305,41.297394888530555,41.40950082837842,130756400
2018-01-24,40.69015121459961,41.40950455731997,40.45192295265972,41.39782603750043,204420400
2018-01-25,39.96379089355469,40.86064560766888,39.828327905935794,40.75788033680049,166116000
2018-01-26,40.05721664428711,40.171660448294,39.71856091721823,40.171660448294,156572000
2018-01-29,39.228092193603516,39.74191500654441,39.02022736439535,39.74191500654441,202561600
2018-01-30,38.99687194824219,39.09029298583721,38.466698472240886,38.66055051084549,184192800
2018-01-31,39.10429382324219,39.34018775125438,38.88708837357323,38.97350298510393,129915600
2018-02-01,39.18604278564453,39.38222905740429,38.947814562060074,39.043573419865425,188923200
2018-02-02,37.48576354980469,38.95716806545105,37.39234251164283,38.77032242534317,346375200
2018-02-05,36.5491943359375,38.275173723461506,36.43475056721955,37.15877588220961,290954000
2018-02-06,38.076663970947266,38.237818306328975,35.96765193787465,36.16150399610305,272975200
2018-02-07,37.26154708862305,38.163073981925415,37.151778975373574,38.09067214468713,206434400
2018-02-08,36.23622131347656,37.6025256911204,36.20819572666382,37.43669932031879,217562000
2018-02-09,36.679447174072266,37.02651848559396,35.232531269697944,36.834223524000194,282690400
2018-02-12,38.1568603515625,38.43357852431035,36.93741390436866,37.16957849038807,243278000
2018-02-13,38.539100646972656,38.63524992743858,37.90827262494443,37.9786258442686,130196800
2018-02-14,39.249664306640625,39.28953029970094,38.19672402713639,38.23424264640194,162579600
2018-02-15,40.567604064941406,40.59105275486671,39.63191438389785,39.81717442105685,204588800
2018-02-16,40.43627166748047,40.99675003968103,40.28149888137807,40.41985794427395,160704400
2018-02-20,40.300262451171875,40.86542487019202,40.19942199726563,40.34716340675717,135722000
2018-02-21,40.11735916137695,40.83260701599618,40.10328564967908,40.530092713313806,149886400
2018-02-22,40.452693939208984,40.79273036100625,40.267433900844,40.28853879540828,123967600
2018-02-23,41.156227111816406,41.191401942979354,40.69658904083861,40.72707628005614,135249600
2018-02-26,41.969970703125,42.06846380658239,41.32272877541309,41.35555980989889,152648800
2018-02-27,41.83393478393555,42.324056263823024,41.779998877778404,42.00043724856754,155712400
2018-02-28,41.770633697509766,42.3569046783453,41.7542199707697,42.03797312163821,151128400
2018-03-01,41.038963317871094,42.15991300108843,40.490214610015975,41.869121344243176,195208000
2018-03-02,41.322715759277344,41.3438206508745,40.44096211943254,40.52304146895027,153816000
2018-03-05,41.46576690673828,41.681514152796034,40.92639700243722,41.088208331558874,113605600
2018-03-06,41.43059158325195,41.80111522190971,41.30395864315268,41.72138323820596,95154000
2018-03-07,41.0460090637207,41.238307688510396,40.867783950120035,41.02490416440903,126814000
2018-03-08,41.493900299072266,41.53611007662612,41.05537091124757,41.151516597335615,95096400
2018-03-09,42.20680618286133,42.211497351161306,41.59943049643695,41.733101955639185,128740800
2018-03-12,42.6148567199707,42.77197688165048,42.26075040737717,42.27950792605273,128828400
2018-03-13,42.20446014404297,43.03227417848671,42.0332700824812,42.81887076109533,126774000
2018-03-14,41.845672607421875,42.333450428842454,41.69793119458534,42.28654947219528,117473600
2018-03-15,41.894920349121094,42.267791390111284,41.75890863863255,41.859745523704035,90975200
2018-03-16,41.7471923828125,42.005149512977766,41.653386862313084,41.894930262837654,157618800
2018-03-19,41.10932922363281,41.6182120963588,40.724735534745605,41.58303726256093,133787200
2018-03-20,41.09525680541992,41.46108936805779,41.02490356376313,41.09525680541992,78597600
2018-03-21,40.16425704956055,41.06007732991229,40.16190967530038,41.0483511935547,148219600
2018-03-22,39.596736907958984,40.494900752679506,39.538109819601516,39.866420083077934,165963200
2018-03-23,38.679813385009766,39.84766413405887,38.679813385009766,39.48886659321659,164115200
2018-03-26,40.5160026550293,40.5933908285116,39.03156458909685,39.413814288272604,150164800
2018-03-27,39.47713851928711,41.074139961517155,39.144137060144445,40.72941236810116,163690400
2018-03-28,39.04094314575195,39.871104581868025,38.738428994894235,39.22151554961201,166674000
2018-03-29,39.34580612182617,40.27680444981325,39.13943765265633,39.35284108524669,153594000
2018-04-02,39.08784484863281,39.617835939087065,38.569583468090705,39.078466090341244,150347200
2018-04-03,39.48887634277344,39.57329952489247,38.665753000849016,39.31299501155169,121112000
2018-04-04,40.243995666503906,40.33779761615423,38.63995871060421,38.66575478350531,138422000
2018-04-05,40.523048400878906,40.85839366355364,40.35420208259207,40.471456271496045,107732800
2018-04-06,39.486515045166016,40.447997082703736,39.44430168365907,40.09389078098584,140021200
2018-04-09,39.87814712524414,40.59105096146025,39.83124616915198,39.83828113365013,116070800
2018-04-10,40.628578186035156,40.80445947688379,40.225223472757165,40.56995108908561,113634400
2018-04-11,40.4386100769043,40.78568134397745,40.26507265421145,40.38936176157507,89726400
2018-04-12,40.8372802734375,41.0389575795323,40.579319680183765,40.666090195176274,91557200
2018-04-13,40.97564697265625,41.23595140956656,40.7692820378696,40.98737310695765,100497200
2018-04-16,41.23126220703125,41.318029156505595,40.99909763886708,41.04599859592581,86313600
2018-04-17,41.798770904541016,41.962926039032276,41.36962018116944,41.38838127915609,106421600
2018-04-18,41.70496368408203,41.93478444114706,41.47983767421081,41.697928719918146,83018000
2018-04-19,40.523048400878906,41.1304242406062,40.49021737111835,40.74817443971879,139235200
2018-04-20,38.86271667480469,40.15251235509052,38.794707262352645,40.00711835073657,261964400
2018-04-23,38.75016403198242,39.14413637278911,38.48047726168653,39.123031478455985,146062000
2018-04-24,38.210792541503906,39.00577573441421,37.80743787824953,38.85099935886724,134768000
2018-04-25,38.377296447753906,38.79237729841982,38.08650833536919,38.135753093228,113528400
2018-04-26,38.510955810546875,38.865062078325884,38.31162231129064,38.487503547700406,111852000
2018-04-27,38.06540298461914,38.53676355292393,37.66908323921262,38.45937535604153,142623200
2018-04-30,38.75484848022461,39.223865178378034,37.95283035577987,38.02083978086763,169709600
2018-05-01,39.65536880493164,39.678817496129916,38.757201272985704,39.02454068518083,214277600
2018-05-02,41.40713882446289,41.68385694481844,40.757549728374016,41.092894933040135,266157600
2018-05-03,41.482181549072266,41.62523178453475,40.907636811934324,41.24532940570239,136272800
2018-05-04,43.10966873168945,43.20816180545762,41.78235066356514,41.80111176023241,224805200
2018-05-07,43.42158126831055,44.010196132784614,43.32543195429846,43.42626886047117,169805600
2018-05-08,43.63027572631836,43.67014171321646,43.072144753118614,43.38169746782833,113611200
2018-05-09,43.93748092651367,43.94685968527181,43.43563324259434,43.74752975142134,92844800
2018-05-10,44.56596374511719,44.64335192738503,44.00548895079558,44.026597421096504,111957200
2018-05-11,44.39646530151367,44.74252214151275,44.12809505744413,44.60833881553374,104848800
2018-05-14,44.292884826660156,44.61775540501517,44.22461674459871,44.49533983182012,83115200
2018-05-15,43.89033508300781,44.03864620212648,43.574882993810874,43.97037452197802,94780800
2018-05-16,44.2999382019043,44.36585702997145,43.78674049451517,43.8032210995597,76732400
2018-05-17,44.01980972290039,44.47180154910727,43.8714986140111,44.2575751900698,69176000
2018-05-18,43.85974884033203,44.21286796503068,43.81737626958267,44.06691320963156,73190800
2018-05-21,44.170475006103516,44.55655159388453,44.00097761711557,44.2575765338486,73603200
2018-05-22,44.05983352661133,44.46474358200202,43.970375567921366,44.34703725408873,60962800
2018-05-23,44.34233093261719,44.375288562931686,43.73025655007666,43.86915275622062,80233600
2018-05-24,44.292884826660156,44.455320115837665,43.83618734256598,44.43884309966214,92936000
2018-05-25,44.39411163330078,44.64600126495954,44.17517603214325,44.31171578071335,69844000
2018-05-29,44.234039306640625,44.434141513213916,43.99156454363286,44.16341837924985,90056400
2018-05-30,44.13987350463867,44.25757983398438,43.970376103011894,44.19166457691975,74762000
2018-05-31,43.99155807495117,44.31171940312337,43.819707856715965,44.073953934274336,109931200
2018-06-01,44.7849006652832,44.78960633163015,44.19872191503412,44.255222240202905,93770000
2018-06-04,45.159217834472656,45.53352315842326,45.046220746360014,45.114488847564225,105064800
2018-06-05,45.507625579833984,45.65593672091612,45.28398424742185,45.45112883436461,86264000
2018-06-06,45.66535568237305,45.68889838980698,45.18040608298171,45.58296339057992,83734400
2018-06-07,45.542945861816406,45.71714897363713,45.2792811758474,45.70302478533956,85388800
2018-06-08,45.128604888916016,45.199229403281045,44.674260192565555,45.00383647011967,106627200
2018-06-11,45.017974853515625,45.192181564946964,44.77785645789653,45.04622682343969,73234000
2018-06-12,45.26513671875,45.34282331171318,44.999119317886205,45.055619637889805,67644400
2018-06-13,44.8931884765625,45.406389885336665,44.83198248503108,45.29809849342999,86553600
2018-06-14,44.916717529296875,45.09798620775228,44.78017781234052,45.09327695072327,86440400
2018-06-15,44.455326080322266,44.766072517330024,44.31878630576844,44.73546772189716,246876800
2018-06-18,44.43178176879883,44.54477882716092,44.06924430139088,44.22932676017291,73939600
2018-06-19,43.71377182006836,43.864435759517136,43.186446235941816,43.584294155203395,134314000
2018-06-20,43.90446472167969,44.06925287888817,43.72319595269414,43.86915425660373,82514800
2018-06-21,43.65962600708008,44.33996833397004,43.53721043910938,44.08101301559192,102847600
2018-06-22,43.53252410888672,43.822080777679254,43.48073301793347,43.815018682741396,108801600
2018-06-25,42.8851318359375,43.53251677162518,42.546136967603,43.17468845592623,126652400
2018-06-26,43.417152404785156,43.91152039626255,42.97222264930026,43.078161213268196,98276800
2018-06-27,43.35359573364258,44.0880820733022,43.32299093878607,43.60548540849269,101141200
2018-06-28,43.669044494628906,43.836189048695495,43.26884372711666,43.33946823717454,69460800
2018-06-29,43.57723617553711,44.06689492297677,43.05932905932024,43.855021380811685,90950800
2018-07-02,44.06452560424805,44.09277755687076,43.17937558447384,43.273542773031274,70925200
2018-07-03,43.297088623046875,44.2458011939208,43.20763067800487,44.20813431262822,55819200
2018-07-05,43.645503997802734,43.883273073933445,43.381842978525576,43.61254637039309,66416800
2018-07-06,44.250518798828125,44.35880661283061,43.59842471288167,43.650215786400146,69940800
2018-07-09,44.86493682861328,44.888475934967545,44.563608967231666,44.61069077205164,79026400
2018-07-10,44.8108024597168,45.0297345151261,44.7707791453936,44.89555116325542,63756400
2018-07-11,44.22932815551758,44.67661073672415,44.16576573663476,44.375282843511165,75326000
2018-07-12,44.97087478637695,45.060332735978456,44.56596477212301,44.617755838512124,72164400
2018-07-13,45.04150390625,45.1615630676569,44.940274596265624,44.98265074224645,50055600
2018-07-16,44.94263458251953,45.3522503374858,44.827281078772934,45.086236457750054,60172400
2018-07-17,45.06975173950195,45.16862462279862,44.54007326976923,44.66955094745963,62138000
2018-07-18,44.82255935668945,45.15213916484989,44.71191514299197,45.14742990687452,65573600
2018-07-19,45.17097854614258,45.32870458400602,44.65542428942272,44.65542428942272,81147200
2018-07-20,45.06740951538086,45.300465797974994,44.76843436962574,45.14744897420889,82704800
2018-07-23,45.10741424560547,45.189810103073654,44.62481763495967,44.888478631479195,63957600
2018-07-24,45.43464660644531,45.59001983518572,45.211005281986324,45.305168915828304,74791600
2018-07-25,45.863094329833984,45.87015642198545,45.30045464627953,45.44876576568423,66839600
2018-07-26,45.719486236572266,46.131458319101874,45.57823722857466,45.813649847163006,76304000
2018-07-27,44.959102630615234,45.950191373723,44.75194196088316,45.90310956660715,96096000
2018-07-30,44.70721435546875,45.246307708854594,44.50946860426177,45.17568319996303,84118000
2018-07-31,44.79667663574219,45.23219152416159,44.57303531146427,44.799033061459376,157492000
2018-08-01,47.43565368652344,47.496859688442385,46.449274010313836,46.877726800083444,271742800
2018-08-02,48.822227478027344,49.05528728580015,47.16492406575627,47.21906796740019,249616000
2018-08-03,48.96348190307617,49.14004140332828,48.372593809947276,48.737484162224085,133789600
2018-08-06,49.21771240234375,49.26008494474957,48.74688721768665,48.96581920433888,101701600
2018-08-07,48.75630187988281,49.3189378288521,48.67390603616441,49.27656528667308,102349600
2018-08-08,48.78927230834961,48.9211028192217,48.14659677179215,48.50677784332198,90102000
2018-08-09,49.172996520996094,49.384866473630254,48.77750139273708,49.32601330988609,93970400
2018-08-10,49.02653503417969,49.39743090242757,48.82336994816407,48.986374954988406,98444800
2018-08-13,49.34308624267578,49.83446227625625,49.06668789966988,49.44703165810567,103563600
2018-08-14,49.550987243652344,49.74233970464528,49.19899085182996,49.64784581924725,82992000
2018-08-15,49.66673278808594,49.78485191739147,49.21551684900846,49.42576875498392,115230400
2018-08-16,50.394351959228516,50.51010641019358,49.95730969640134,50.023456126869974,114001600
2018-08-17,51.40073013305664,51.488137151206544,50.35655727177056,50.422703707891095,141708000
2018-08-20,50.89990234375,51.778705445399396,50.81721750232455,51.523571270388054,121150800
2018-08-21,50.800682067871094,51.30859657191745,50.56208268434248,51.21646377979151,104639200
2018-08-22,50.803043365478516,51.11251493875671,50.51719345762094,50.57861771807685,76072400
2018-08-23,50.90697479248047,51.275505835068344,50.69672292307025,50.70853195017927,75532800
2018-08-24,51.06526184082031,51.240075841735475,50.81721095322185,51.16920724931565,73905600
2018-08-27,51.48577880859375,51.674770181024684,51.10543497828409,51.299148521610604,82100400
2018-08-28,51.90154266357422,52.09998192790679,51.71727711744975,51.738537694761895,91107200
2018-08-29,52.67641067504883,52.796894504886076,51.83304188973848,52.00785590995711,109019200
2018-08-30,53.160682678222656,53.92373106668275,52.539375049125184,52.74017896410838,195175200
2018-08-31,53.77492141723633,54.06785458062129,53.389851863123376,53.510332089543624,173360400
2018-09-04,53.94736862182617,54.141082118508926,53.538677445708245,53.95918125564201,109560400
2018-09-05,53.59536361694336,54.2568313514051,53.17722456450172,54.096191092667794,133332000
2018-09-06,52.70475769042969,53.70877030386008,52.27952809791721,53.44418099923575,137160000
2018-09-07,52.279541015625,53.24102910502252,52.1401612717458,52.409472812762694,150479200
2018-09-10,51.57790756225586,52.40946737291451,51.13850418781404,52.19685074383668,158066000
2018-09-11,52.88194274902344,52.9882492587636,51.1597635933339,51.50230839347898,142996000
2018-09-12,52.225196838378906,53.15361152271487,51.93462116666355,53.13943780306241,197114800
2018-09-13,53.48670959472656,53.94501243257914,52.579555468815734,52.80398111284486,166825600
2018-09-14,52.87957763671875,53.58829250227248,52.56774497032442,53.33079363291841,127997200
2018-09-17,51.47158432006836,52.66931021620188,51.32747886225964,52.48031892002024,148780400
2018-09-18,51.55663299560547,52.40945315642441,51.29204372483906,51.450322907548866,126286800
2018-09-19,51.58735275268555,51.88265060670735,50.86210309765727,51.61806488301106,108495200
2018-09-20,51.9795036315918,52.51103971221684,51.77161281099577,52.02911525185576,106435200
2018-09-21,51.41962432861328,52.29370523412945,51.332213714764634,52.15668660065999,384986800
2018-09-24,52.15904235839844,52.27007462582272,51.17629396428062,51.22117980915976,110773600
2018-09-25,52.48978805541992,52.638619336797795,51.90155339518817,51.9133660310406,98217600
2018-09-26,52.07164001464844,52.85831390102555,51.91572188840217,52.20865864637607,95938800
2018-09-27,53.14180374145508,53.49380009871501,52.80870688036114,52.8748569192973,120724800
2018-09-28,53.32843780517578,53.35205947353022,52.92210762048962,53.10400852518997,91717600
2018-10-01,53.6875114440918,54.197787005703184,53.47253734395038,53.85051643777683,94403200
2018-10-02,54.16471481323242,54.33480667031632,53.53868478695852,53.68515137317123,99152800
2018-10-03,54.82381820678711,55.15455034988667,54.28283053842638,54.346615881992015,114619200
2018-10-04,53.859962463378906,54.88996142629786,53.56229994728196,54.51906562598968,128168000
2018-10-05,52.98588562011719,53.95918984709933,52.10944356396356,53.852883335249984,134322000
2018-10-08,52.863033294677734,53.10635839957943,52.0196610265491,52.494502207825064,118655600
2018-10-09,53.59536361694336,53.689861067414554,52.50394419814244,52.83231517852289,107564000
2018-10-10,51.11251449584961,53.47253621494058,51.03928120567304,53.262284289555225,167962400
2018-10-11,50.66129684448242,51.854300842204054,50.15811177498409,50.67783525382728,212497600
2018-10-12,52.470882415771484,52.65278689341281,51.22590572066078,52.07163916179051,161351600
2018-10-15,51.348751068115234,52.4047364348411,51.32749048871511,52.24645722479021,123164000
2018-10-16,52.480323791503906,52.67876665350511,51.206999816817834,51.71963636717618,116736000
2018-10-17,52.25354766845703,52.59609246622275,51.81650539235959,52.51577231317345,91541600
2018-10-18,51.03218078613281,51.9109872441686,50.3187403595104,51.466858241479144,130325200
2018-10-19,51.80940246582031,52.27006626511478,51.365273467162524,51.51410469643808,132314800
2018-10-22,52.12596893310547,52.76617618297206,51.722003540271174,51.92280389191962,115168400
2018-10-23,52.617347717285156,52.74019262431789,50.72035473904034,50.98730513181056,155071200
2018-10-24,50.812496185302734,52.97171415000343,50.682564396539085,52.58664816384448,163702000
2018-10-25,51.92517852783203,52.29843547056509,51.20465099928753,51.431441351031665,119423200
2018-10-26,51.09833908081055,52.01730581697299,50.240792997824286,51.003841608951056,189033600
2018-10-29,50.139217376708984,51.89919196573982,48.68634968954274,51.78107281741949,183742000
2018-10-30,50.389610290527344,50.833735668630545,49.43757060438259,49.881695982485795,146640000
2018-10-31,51.7031135559082,52.07873158104837,51.17393847569283,51.235362739607034,153435600
2018-11-01,52.49686813354492,52.52994134683256,51.218818240233645,51.7479932575457,233292800
2018-11-02,49.014713287353516,50.47230292231517,48.53042413230621,49.50372821693035,365314800
2018-11-05,47.62328338623047,48.28475142154244,46.815348741958346,48.263490837282575,264654800
2018-11-06,48.138275146484375,48.36270079071048,47.64689909334055,47.701232888220325,127531600
2018-11-07,49.59821701049805,49.62420336069003,48.22331234911946,48.65798983895871,133697600
2018-11-08,49.425167083740234,49.8115765392993,49.01267698848203,49.77838793052821,101450400
2018-11-09,48.472171783447266,48.83724645780114,47.94589272105692,48.72819972871447,137463200
2018-11-12,46.03043746948242,47.37695470965315,45.940352537920646,47.175450083987386,204542000
2018-11-13,45.57053756713867,46.74399658446505,45.38562904888302,45.42830219317391,187531600
2018-11-14,44.28328323364258,46.1039218061146,44.07703636390938,45.966425098721565,243204000
2018-11-15,45.37614059448242,45.5088950350297,44.30698624887807,44.66021072748847,185915200
2018-11-16,45.87871551513672,46.22008616964554,44.91387280704754,45.1604162701442,147713200
2018-11-19,44.0604362487793,45.20781787683078,43.854193031994036,45.04187485083766,167701200
2018-11-20,41.955322265625,43.019734244310634,41.60684008439357,42.28483901186508,271300800
2018-11-21,41.90791702270508,42.735266618961745,41.85339364940584,42.607250817126655,124496800
2018-11-23,40.84351348876953,41.86525632644665,40.79847463359336,41.471731544933824,94496000
2018-11-26,41.3958625793457,41.47409365729359,40.36226968529681,41.30578126736825,179994000
2018-11-27,41.30577850341797,41.43142136093944,40.50924821986047,40.65859516114247,165549600
2018-11-28,42.894100189208984,42.97706991484424,41.46935188841063,41.89606521990837,184250000
2018-11-29,42.56459045410156,43.335043902303134,42.12602319821,43.301855283072136,167080000
2018-11-30,42.334617614746094,42.749476949868594,41.9671700516089,42.73999242509973,158126000
2018-12-03,43.813907623291016,43.842353975262405,42.95811156770217,43.72856495008896,163210000
2018-12-04,41.8865852355957,43.237841134153726,41.78701939225855,42.89647046140482,165377200
2018-12-06,41.41958236694336,41.43380554575876,40.400212350139086,40.717875401311765,172393600
2018-12-07,39.94267272949219,41.36504811416553,39.89763026354484,41.1279855500533,169126400
2018-12-10,40.205810546875,40.32196888310216,38.71942732261499,39.11532135314505,248104000
2018-12-11,39.975860595703125,40.72497553514085,39.58944746589914,40.69415986213853,189126800
2018-12-12,40.0872688293457,40.7557831755504,40.068303395918306,40.395447175002914,142510800
2018-12-13,40.525840759277344,40.909884536388844,40.19395464798327,40.41679401583242,127594400
2018-12-14,39.2291145324707,40.082541263185234,39.18170274016165,40.06357582280403,162814800
2018-12-17,38.86402893066406,39.90947548035415,38.57718169854426,39.22199202280071,177151600
2018-12-18,39.36898422241211,39.7150935619969,38.97071720878755,39.20541046417102,135366000
2018-12-19,38.1409912109375,39.69612086582762,37.714277923367106,39.35238091263852,196189200
2018-12-20,37.17851638793945,38.43020623587975,36.815811012529885,38.02482772479942,259092000
2018-12-21,35.7324333190918,37.4938097578085,35.47166671241152,37.185627752379936,382978400
2018-12-24,34.80789566040039,35.926831218245276,34.75099934452627,35.120816354489186,148676800
2018-12-26,37.259117126464844,37.27334029939218,34.78181443000984,35.15637365867392,234330000
2018-12-27,37.01730728149414,37.16428848868173,35.575970489882636,36.943818486543655,212468400
2018-12-28,37.036285400390625,37.57916072752673,36.63802200723716,37.33735588609049,169165600
2018-12-31,37.39424514770508,37.77828529250411,37.095544041939455,37.58152295661812,140014000
2019-01-02,37.43691635131836,37.657386397267345,36.56215498900312,36.718617135510485,148158800
2019-01-03,33.70793151855469,34.54476220334319,33.66288904599464,34.132271979006546,365248800
2019-01-04,35.14689254760742,35.21564271315385,34.0895955946681,34.262650244247524,234428400
2019-01-07,35.06864929199219,35.28200768439772,34.587412769454396,35.251188405905694,219111200
2019-01-08,35.73717498779297,35.99083362118485,35.20852657958671,35.455070009455085,164101200
2019-01-09,36.344058990478516,36.63327559109025,35.471670542086514,35.865191626259296,180396400
2019-01-10,36.460227966308594,36.50052817352975,35.76326335572206,36.15204586823649,143122800
2019-01-11,36.10224914550781,36.436508162841335,35.91734067151202,36.24211877976571,108092800
2019-01-14,35.559383392333984,35.860453851229586,35.37447488807685,35.760888011805555,129756800
2019-01-15,36.28716278076172,36.36302090848889,35.571232935659744,35.62338698103528,114843600
2019-01-16,36.730472564697266,36.95331194342955,36.270570632809374,36.28953607113632,122278800
2019-01-17,36.94856643676758,37.37527971845507,36.33220240574262,36.555041764917604,119284800
2019-01-18,37.176143646240234,37.427429321935136,36.97700839356735,37.33734441280423,135004000
2019-01-22,36.3416862487793,37.154808983139375,36.18048184882576,37.07895085520432,121576000
2019-01-23,36.48865509033203,36.7778715942405,35.962376115500966,36.54317844580408,92522400
2019-01-24,36.199462890625,36.62143408279441,35.9718847914244,36.53372206719508,101766000
2019-01-25,37.398990631103516,37.48670624384689,36.58349840941583,36.85848824802213,134142000
2019-01-28,37.05287170410156,37.059983290146754,36.42702681111613,36.93196750675945,104768400
2019-01-29,36.6688232421875,37.4866917047765,36.5336995074683,37.04101307789164,166348800
2019-01-30,39.17458724975586,39.38794210253695,37.98453220972156,38.70046213932008,244439200
2019-01-31,39.456695556640625,40.06357516979574,39.01101675816641,39.378464472826245,162958400
2019-02-01,39.475650787353516,40.05882254527424,39.33578115515661,39.57995887212942,130672400
2019-02-04,40.596961975097656,40.6941584894352,39.65582335554743,39.68664264479774,125982000
2019-02-05,41.29154586791992,41.504904295289336,40.85772466190439,40.9786252386463,144406400
2019-02-06,41.30577850341797,41.62107211746024,40.97626171566191,41.40297139622457,112958400
2019-02-07,40.52347946166992,41.23466722725265,40.381240461638164,40.869588815238885,126966800
2019-02-08,40.57108688354492,40.630606697540095,40.09730785633489,40.23301477598845,95280000
2019-02-11,40.337764739990234,40.7615491383027,40.29491221963111,40.723455587227264,83973600
2019-02-12,40.685367584228516,40.71155645006401,40.402052662772235,40.497286553447424,89134000
2019-02-13,40.516334533691406,41.06391766381333,40.454435221967046,40.804412092258794,89960800
2019-02-14,40.663936614990234,40.77345103559048,40.325864516022556,40.40443110443633,87342800
2019-02-15,40.57345962524414,40.87820073162931,40.4139469861832,40.77106581080337,98507200
2019-02-19,40.69489669799805,40.81631947700938,40.35206552644233,40.404443267819346,75891200
2019-02-20,40.9567756652832,41.26389995148661,40.70917482812812,40.75678995456549,104457600
2019-02-21,40.72584533691406,41.037728645253,40.544906372901146,40.90202533044378,68998800
2019-02-22,41.18056869506836,41.18771078203653,40.80202355455081,40.84963867860566,75652800
2019-02-25,41.48054885864258,41.870998703552395,41.413886955814164,41.4638851993361,87493600
2019-02-26,41.504364013671875,41.73530122089329,41.228191159064565,41.356756012982544,68280800
2019-02-27,41.632911682128906,41.663863142959855,41.12342230100702,41.237702941244116,111341600
2019-02-28,41.22341537475586,41.642437125778045,41.16865817149294,41.50197125824247,112861600
2019-03-01,41.6567268371582,41.69957935859273,41.1615215591532,41.49245157272372,103544800
2019-03-04,41.86623001098633,42.318579051240896,41.41863993925626,41.82813646598794,109744800
2019-03-05,41.79005813598633,41.9019556946587,41.554358327395256,41.8876715182838,78949600
2019-03-06,41.54960250854492,41.78053973159298,41.411516071777896,41.585312952190705,83241600
2019-03-07,41.06867599487305,41.5305503815129,40.95439895711522,41.394843447524245,99185600
2019-03-08,41.16628646850586,41.2043800226722,40.35443530524196,40.549662045743496,95997600
2019-03-11,42.592369079589844,42.64474679624628,41.74719079303466,41.78052173701599,128044000
2019-03-12,43.07091522216797,43.48993336743866,42.70427116635539,42.85426224671515,129870400
2019-03-13,43.26138687133789,43.63993204857632,43.07330220879454,43.38994808203721,124130000
2019-03-14,43.7422981262207,43.83038991608697,43.46374584894839,43.78277116143453,94318000
2019-03-15,44.311317443847656,44.59939499066683,43.74469118922754,44.0089593533073,156171600
2019-03-18,44.76366424560547,44.85175241081099,44.23274487113642,44.235127988769825,104879200
2019-03-19,44.40892791748047,44.99460454615995,44.26369941100965,44.8422339518956,126585600
2019-03-20,44.796993255615234,45.11363909902574,43.98037952623001,44.337498406840204,124140800
2019-03-21,46.446876525878906,46.74209608153798,45.189818470815716,45.23981670799699,204136800
2019-03-22,45.48504638671875,47.065892633364044,45.420763965042106,46.50640488188507,169630800
2019-03-25,44.93508529663086,45.706459850538906,44.42559577501445,45.594562296617404,175381200
2019-03-26,44.470829010009766,45.9207346479957,43.94467581313153,45.63027762337992,199202000
2019-03-27,44.87079620361328,45.17791683539124,44.413684482957166,44.937458102492236,119393600
2019-03-28,44.93031692504883,45.13030262573335,44.647002032678536,44.98507413606459,83121600
2019-03-29,45.223148345947266,45.25409980788769,44.887455764718766,45.19458000126423,94256000
2019-04-01,45.53028869628906,45.63504054146689,44.849381722222255,45.62551896746963,111448000
2019-04-02,46.19213104248047,46.29688647998632,45.48503547211655,45.494557042435,91062800
2019-04-03,46.508785247802734,46.782574945764324,45.98500796557863,46.00881734488018,93087200
2019-04-04,46.58973693847656,46.75162911226927,45.98263402115057,46.37546339734885,76457200
2019-04-05,46.901611328125,46.92542070577744,46.646864791887666,46.77066701663857,74106400
2019-04-08,47.63966369628906,47.67061153128953,46.744483310155175,46.76353008781775,103526800
2019-04-09,47.4968147277832,48.294381741495606,47.43253230720783,47.69204147441901,143072800
2019-04-10,47.763450622558594,47.792022598466595,47.18253676070273,47.301576367384655,86781200
2019-04-11,47.365875244140625,47.85393852782556,47.24445611090851,47.81822808652252,83603200
2019-04-12,47.346824645996094,47.64918634491624,46.71353653021887,47.42539124332817,111042800
2019-04-15,47.43251037597656,47.580121926558235,47.14205350803162,47.27776037396642,70146400
2019-04-16,47.437286376953125,47.94201317992309,47.2730111276995,47.48728461347408,102785600
2019-04-17,48.361045837402344,48.420565658052794,47.28492646285772,47.50633845193266,115627200
2019-04-18,48.53483963012695,48.60388101928682,48.21581428346865,48.35865966432395,96783200
2019-04-22,48.69435119628906,48.79196456564161,48.172957030939074,48.28961717719952,77758000
2019-04-23,49.39667510986328,49.46095751587674,48.5443510738943,48.670532768749986,93292000
2019-04-24,49.32049560546875,49.634758309231124,49.29430674408848,49.36811072630537,70162400
2019-04-25,48.87290573120117,49.46334122480281,48.83481218121374,49.24192927700253,74172800
2019-04-26,48.63959503173828,48.80624979227358,48.12058034001254,48.78244041242512,74596400
2019-04-29,48.71339416503906,49.0371820815589,48.5348347323877,48.66339592546426,88818800
2019-04-30,47.775360107421875,48.42531540799,47.4039570785258,48.34436933918975,186139600
2019-05-01,50.120445251464844,51.260843272461415,49.813320981383605,49.968074675183026,259309200
2019-05-02,49.79426574707031,50.62754298924419,49.55142756639598,49.95854098463266,127985200
2019-05-03,50.41328048706055,50.4347067473906,50.05139901490421,50.208532189593264,83569600
2019-05-06,49.634769439697266,49.72047812954347,48.44913559082613,48.63721663178776,129772400
2019-05-07,48.29676055908203,49.38240144232554,47.8134599345925,49.01576096722364,155054800
2019-05-08,48.306278228759766,48.88719217828683,48.03248854519136,48.06819897946514,105358000
2019-05-09,47.78728103637695,48.01583514746375,46.820679585801074,47.71109391081329,139634400
2019-05-10,47.125247955322266,47.524374640553994,46.07127795478432,47.18260833059418,164834800
2019-05-13,44.386356353759766,45.28498038440615,43.70043870801492,44.861959909569315,229722400
2019-05-14,45.0890007019043,45.33755501706482,44.31226345269041,44.551259529371606,146118800
2019-05-15,45.6291389465332,45.827506164416576,44.458059413303786,44.51780844350511,106178800
2019-05-16,45.42838668823242,45.99958731645048,45.13203016205216,45.38775778208372,132125600
2019-05-17,45.17027282714844,45.624364058228416,44.63492013264827,44.67554904096242,131516400
2019-05-20,43.757789611816406,44.058926994173994,43.08621123813103,43.86055981831974,154449200
2019-05-21,44.596675872802734,44.93126897024765,44.14258107279463,44.26686007189899,113459200
2019-05-22,43.6837043762207,44.38396480563618,43.62873629745547,44.133018185582294,118994400
2019-05-23,42.93804168701172,43.14835578247127,42.4958974279958,42.97150099629786,146118800
2019-05-24,42.77313995361328,43.53075728840777,42.68948984494602,43.06710418805219,94858800
2019-05-28,42.59627914428711,43.16031015583973,42.51980227917044,42.76118705714658,111792800
2019-05-29,42.393131256103516,42.86395388562777,42.0633154565731,42.163693385388605,113924800
2019-05-30,42.61300277709961,42.835267386171125,42.223437990733274,42.5293526884522,84873600
2019-05-31,41.8410530090332,42.53892125066101,41.82193288157596,42.118285740184604,108174400
2019-06-03,41.418025970458984,42.522186815106615,40.693868059775646,41.96771774456351,161584400
2019-06-04,42.933258056640625,42.978667897856404,41.70959922585788,41.92947519408972,123872000
2019-06-05,43.6263313293457,44.211874488303444,43.291738364332545,44.04218571168189,119093600
2019-06-06,44.26687240600586,44.32662145053974,43.5331523886695,43.75542073066752,90105200
2019-06-07,45.44511032104492,45.86813447046718,44.39830980535762,44.57516459850568,122737600
2019-06-10,46.025875091552734,46.692672688774024,45.79643720247085,45.841847050596854,104883600
2019-06-11,46.558834075927734,46.843240045404315,46.26965080968736,46.57078461142005,107731600
2019-06-12,46.41065216064453,46.83606491698479,46.21945455574318,46.353291785136825,73012800
2019-06-13,46.40108871459961,47.032038236807054,46.26964378451583,46.532537291474256,86698400
2019-06-14,46.06410598754883,46.26725046842475,45.48095496613412,45.779700067531756,75046000
2019-06-17,46.33895492553711,46.59468250985322,45.927881330772394,46.102347467348565,58676400
2019-06-18,47.42877960205078,47.86853159056381,46.65443450201509,46.85519036892868,106204000
2019-06-19,47.290164947509766,47.77054952176629,47.156327692900156,47.722747376441426,84496800
2019-06-20,47.6701545715332,47.944998575125226,47.32838831772336,47.88763820927724,86056000
2019-06-21,47.50764083862305,48.002364478306184,47.35707214014717,47.51242178135948,191202400
2019-06-24,47.45985412597656,47.837468466439844,47.36186483291884,47.45029223813148,72881600
2019-06-25,46.74047088623047,47.62236346699699,46.67354862052132,47.42399625849341,84281200
2019-06-26,47.751426696777344,48.03583267016002,47.165886917526144,47.26626485281565,104270000
2019-06-27,47.73708724975586,48.174450595474106,47.69645834618091,47.86853220087833,83598800
2019-06-28,47.302101135253906,47.67971535866674,47.09417572397105,47.48373683329946,124442400
2019-07-01,48.1696662902832,48.87231543119535,47.9545676050374,48.556838818217976,109012000
2019-07-02,48.4516716003418,48.54727221513432,48.124248155805006,48.13619868850289,67740800
2019-07-03,48.85319900512695,48.860368597165724,48.44212537654384,48.58313221569498,45448000
2019-07-05,48.81017303466797,49.013321180685026,48.49230778045325,48.59985894410412,69062000
2019-07-08,47.803993225097656,48.13380531003123,47.41920942034976,47.99279850902678,101354400
2019-07-09,48.09557342529297,48.16009974250935,47.514811042809626,47.60801937002413,82312000
2019-07-10,48.571170806884766,48.690668843168744,48.17204780331115,48.24135870655863,71588400
2019-07-11,48.21745681762695,48.84840629256591,48.20789857947526,48.590290100983076,80767200
2019-07-12,48.5879020690918,48.7551985897967,48.32500493170507,48.38475394958472,70380800
2019-07-15,49.04438400268555,49.202118633701346,48.75519716004061,48.776705930616785,67789600
2019-07-16,48.87470626831055,49.25949016524323,48.6357101496391,48.896215043761046,67467200
2019-07-17,48.59986877441406,49.015719743291534,48.580748644715165,48.76716535078959,56430000
2019-07-18,49.151939392089844,49.20451882646519,48.683505425870685,48.7552049860908,74162400
2019-07-19,48.418212890625,49.35268839848465,48.36324481568932,49.1829995843911,83717200
2019-07-22,49.5247802734375,49.5271689219853,48.662004064763416,48.6715623057463,89111600
2019-07-23,49.911949157714844,49.928680636686046,49.5415044398914,49.821133111328635,73420800
2019-07-24,49.871315002441406,49.98603210762174,49.51282085781072,49.63231890602095,59966400
2019-07-25,49.47697448730469,50.00754613010088,49.40766357491906,49.92389603495717,55638400
2019-07-26,49.649051666259766,50.12465157648066,49.50565254598537,49.58691034563834,70475600
2019-07-29,50.112693786621094,50.34213161648365,49.81634099625393,49.82112193871518,86693600
2019-07-30,49.89760971069336,50.2274255237216,49.54628512206538,49.89282876718518,135742800
2019-07-31,50.91572189331055,52.906559623159254,50.499871059371,51.72352978870497,277125600
2019-08-01,49.813961029052734,52.10832530830055,49.41006063749324,51.12127013624457,216071600
2019-08-02,48.75999069213867,49.33596858476301,48.18879009634884,49.12087352988322,163448400
2019-08-05,46.20750427246094,47.47657295728015,46.02586855255384,47.31883830566207,209572000
2019-08-06,47.08222579956055,47.33795334497197,46.37479582762902,46.91731792774056,143299200
2019-08-07,47.569786071777344,47.694065075152395,46.322229681695646,46.702232636878804,133457600
2019-08-08,48.61897659301758,48.64287766257979,47.653433919438044,47.847020183801895,108038000
2019-08-09,48.218345642089844,48.642973433081345,47.81050558062374,48.292715357100306,98478800
2019-08-12,48.095977783203125,48.47262901521788,47.7769048588154,47.88966009001431,89927600
2019-08-13,50.13276290893555,50.893258509725875,48.09597566675704,48.22552593805543,188874000
2019-08-14,48.640567779541016,49.525814703624334,48.60218223590696,48.7389293623607,146189600
2019-08-15,48.398258209228516,49.21393074829478,47.90165492656464,48.81089358611512,108909600
2019-08-16,49.54021453857422,49.69855218030373,48.902068523589755,49.00762695140943,110481600
2019-08-19,50.463844299316406,51.034813742319905,50.387073206778055,50.52861579041757,97654400
2019-08-20,50.46623992919922,51.18355469517102,50.45664537335362,50.590991119074104,107537200
2019-08-21,51.01321029663086,51.25551213223824,50.763711630505675,51.09717820020026,86141600
2019-08-22,50.97004318237305,51.445052429028564,50.55980542800198,51.14517220703567,89014800
2019-08-23,48.614173889160156,50.87167268359999,48.22073125322143,50.2431213591193,187272000
2019-08-26,49.537803649902344,49.70573580378424,49.19473885065766,49.38666288108543,104174400
2019-08-27,48.97882843017578,50.03200742242358,48.8276876557246,49.86647298576687,103493200
2019-08-28,49.30751037597656,49.35309276008955,48.77732413917764,48.964449124006386,63755200
2019-08-29,50.14236831665039,50.21674168290386,49.5785957240762,50.02001851007021,83962000
2019-08-30,50.077598571777344,50.48783265913524,49.708144094052756,50.418262059397264,84573600
2019-09-03,49.34828567504883,49.65536271132292,48.99322853822822,49.52341468933475,80092000
2019-09-04,50.1855583190918,50.255128923822014,49.7369386531672,49.9936342340931,76752400
2019-09-05,51.1667594909668,51.33229394881414,50.74212809831234,50.859682455783634,95654800
2019-09-06,51.161956787109375,51.4402464746383,50.982028677859134,51.35148311214848,77449200
2019-09-09,51.38026809692383,51.92485150775339,50.636567475633186,51.5410034279187,109237600
2019-09-10,51.98722839355469,52.00642116476611,50.790109031997794,51.30590148845998,127111600
2019-09-11,53.640174865722656,53.668965856636916,52.23433622087792,52.315906424379826,177158400
2019-09-12,53.52022171020508,54.31910305503912,53.465044774742466,53.930459461580966,128906800
2019-09-13,52.47902297973633,52.96842574335449,52.06398990298036,52.77890311104911,159053200
2019-09-16,52.75492858886719,52.81010918684441,52.193553676952725,52.23433694894849,84632400
2019-09-17,52.946834564208984,52.97562554568014,52.56778564387928,52.769307871592986,73274800
2019-09-18,53.44343948364258,53.46263225167486,52.64455835994907,53.03320184582573,101360000
2019-09-19,53.00922393798828,53.68095264649306,52.86767770380978,53.26112037335412,88242400
2019-09-20,52.23432922363281,53.393066700070236,52.17195546286078,53.10998156197395,221652400
2019-09-23,52.471832275390625,52.74052373300916,52.21513309590776,52.52700920101302,76662000
2019-09-24,52.22233581542969,53.376277900497726,52.10478511979031,53.026016216053826,124763200
2019-09-25,53.026023864746094,53.138779129113395,52.092796693735195,52.4310624868371,87613600
2019-09-26,52.752525329589844,53.00442542844722,52.498227506977486,52.77891493348246,75334000
2019-09-27,52.49583053588867,53.00922529663117,52.1263760760949,52.90846232712596,101408000
2019-09-30,53.73133087158203,53.8776725443419,52.968433797976715,52.99482339997101,103909600
2019-10-01,53.88007736206055,54.75093068188669,53.78651488097034,53.995234000823245,139223200
2019-10-02,52.5294189453125,53.63777504503247,52.282314281140316,53.513023851006665,138449200
2019-10-03,52.97564697265625,53.00923341408551,51.61059149483936,52.40227242290722,114426000
2019-10-04,54.46063995361328,54.57579658165948,53.71214017454711,54.131972438434296,138478800
2019-10-07,54.4726448059082,55.161168659930105,54.17996140120154,54.28312210645755,122306000
2019-10-08,53.83449172973633,54.71254182883536,53.817700342169445,54.17515885634394,111820000
2019-10-09,54.46543502807617,54.647760851343286,54.13196842959568,54.46543502807617,74770400
2019-10-10,55.19954299926758,55.28351091299054,54.530212055651084,54.68134917544705,113013600
2019-10-11,56.66776657104492,57.010827782874266,55.73213809572937,55.88567662071718,166795600
2019-10-14,56.58618927001953,57.128374978236515,56.298305029368485,56.35348195750364,96427600
2019-10-15,56.454246520996094,57.01321997096741,56.34868810894503,56.71094205880496,87360000
2019-10-16,56.22633361816406,56.43505271476371,55.94564620616464,55.986429471773434,73903200
2019-10-17,56.44465255737305,56.653368012877294,56.02242253800609,56.39907017958543,67585200
2019-10-18,56.71574020385742,56.996427616238385,56.20714092357815,56.27911289972252,97433600
2019-10-21,57.69935607910156,57.81451272728501,56.93406477919108,56.98204488561045,87247200
2019-10-22,57.5673942565918,58.104777142678074,57.485824073685386,57.85527846851607,82293600
2019-10-23,58.33988952636719,58.35428685033186,57.869679441632414,58.08079626535233,75828800
2019-10-24,58.435848236083984,58.728531566591116,58.0112169023734,58.65895731915361,69275200
2019-10-25,59.15557098388672,59.19155514531401,58.2679262824244,58.33509915752011,73477200
2019-10-28,59.748130798339844,59.79611089742203,59.1891536754474,59.35708585255852,96572800
2019-10-29,58.36627197265625,59.916054204609026,58.193544373374564,59.72892928312802,142839600
2019-10-30,58.359092712402344,58.848499316429226,57.86729204492435,58.718949002155505,124522000
2019-10-31,59.67855453491211,59.77691611414118,56.91965683308477,59.313902865640614,139162000
2019-11-01,61.372291564941406,61.39867751158636,59.774528783015874,59.86568988585981,151125200
2019-11-04,61.775325775146484,61.859293701624026,61.26673008968638,61.73453884355642,103272000
2019-11-05,61.686553955078125,61.940851762991464,61.492232183395174,61.66735752356005,79897600
2019-11-06,61.712947845458984,61.772923889414315,61.26432820808025,61.60019258997119,75864400
2019-11-07,62.42519760131836,62.64657532033159,62.10757157358099,62.259166147877245,94940400
2019-11-08,62.596038818359375,62.66822320552135,61.804382437202555,62.24713047943625,69986400
2019-11-11,63.091712951660156,63.156678888188175,62.148462187224695,62.15327203106168,81821200
2019-11-12,63.03398513793945,63.233707563546645,62.78374097219779,62.93532822242976,87388800
2019-11-13,63.637935638427734,63.71252861529015,62.819814143525335,62.834251020126196,102734400
2019-11-14,63.197601318359375,63.7365976703758,63.06766207518593,63.46469090031498,89182800
2019-11-15,63.94834899902344,63.95315884390402,63.28663183584902,63.447846087006816,100206400
2019-11-18,64.27079010009766,64.3501929351306,63.580199124620194,63.95797391868933,86703200
2019-11-19,64.07587432861328,64.48734000161132,63.859313834576106,64.46327609265741,76167200
2019-11-20,63.329933166503906,64.02533382823812,62.65858906891337,63.895401946077534,106234400
2019-11-21,63.04599380493164,63.5272425470032,62.84627146473904,63.45024098588622,121395200
2019-11-22,62.990657806396484,63.32753051201079,62.76447027335383,63.18556299119027,65325200
2019-11-25,64.09513854980469,64.11198402499917,63.16873287669626,63.21445211320928,84020400
2019-11-26,63.59463882446289,64.28522983057158,63.16391899690021,64.23229215710982,105207600
2019-11-27,64.44883728027344,64.48252822045184,63.84005785272113,63.90502379599888,65235600
2019-11-29,64.30689239501953,64.48736075534232,63.98204787778324,64.15048795139506,46617600
2019-12-02,63.563331604003906,64.5474843518856,63.39249036509756,64.31166983630428,94487200
2019-12-03,62.43000411987305,62.449250841018284,61.66963012734118,62.15568877645392,114430400
2019-12-04,62.98103332519531,63.358815426886686,62.72597202752109,62.819819076069386,67181600
2019-12-05,63.905033111572266,63.97963344094569,63.21925935829681,63.474320667525724,74424400
2019-12-06,65.13941955566406,65.20920267737617,64.31888959281135,64.36220755924087,106075600
2019-12-09,64.22745513916016,65.16107145471474,63.74379784275475,64.96857491080652,128042400
2019-12-10,64.60284423828125,64.98543616897592,63.972402115751365,64.63171799255643,90420400
2019-12-11,65.15387725830078,65.23328743607989,64.60766242070665,64.68225540996873,78756800
2019-12-12,65.31991577148438,65.58460415390351,64.32373429636719,64.43441949509666,137310400
2019-12-13,66.20780944824219,66.2439016435434,65.19237407521152,65.31990472745893,133587600
2019-12-16,67.34113311767578,67.56491936417281,66.64814109575056,66.65295093960472,128186000
2019-12-17,67.47350311279297,67.80074884102518,67.08609392860065,67.27137945536563,114158400
2019-12-18,67.31228637695312,67.83203610940059,67.16310038160984,67.32672325758145,116028400
2019-12-19,67.37965393066406,67.6587791659251,67.12219135736983,67.25453186379887,98369200
2019-12-20,67.24006652832031,68.01246860786885,67.02831593302761,67.91141049674324,275978000
2019-12-23,68.33734893798828,68.39750505501115,67.46388094389195,67.50238173997971,98572000
2019-12-24,68.40228271484375,68.55147598321106,68.07744571038954,68.50334817492838,48478800
2019-12-26,69.75941467285156,69.77626014178544,68.50576371301644,68.53463746360407,93121200
2019-12-27,69.73296356201172,70.73637076234962,69.32871624324237,70.0505896024486,146266000
2019-12-30,70.14684295654297,70.42837681790876,68.63091173056866,69.65115713505799,144114400
2019-12-31,70.65936279296875,70.66658123217782,69.6655827166298,69.76423961467027,100805600
2020-01-02,72.27154541015625,72.33170151465225,71.02992253216576,71.28257523373918,135480400
2020-01-03,71.56893157958984,72.32689716209705,71.34515259353762,71.50155702432866,146322800
2020-01-06,72.13921356201172,72.17771435861476,70.44281397657292,70.69306548285466,118387200
2020-01-07,71.79993438720703,72.40389677360038,71.58096525277217,72.14883543970386,108872000
2020-01-08,72.95492553710938,73.25570609117467,71.50396043802937,71.50396043802937,132079200
2020-01-09,74.50454711914062,74.69704373534724,73.67920704582386,73.92945117823741,170108400
2020-01-10,74.67295837402344,75.23602586841082,74.17246290967955,74.73793165436904,140644800
2020-01-13,76.268310546875,76.29478305034202,74.87028331939693,74.98819427311953,121532000
2020-01-14,75.23846435546875,76.415121645485,75.11575085804331,76.20577951248254,161954400
2020-01-15,74.916015625,75.91701422144251,74.48529580198468,75.03873644474652,121923600
2020-01-16,75.85444641113281,75.96513894112196,75.09648089083629,75.4574175522418,108829200
2020-01-17,76.69420623779297,76.69660748800922,75.7966747158336,76.10226501476049,137816400
2020-01-21,76.17446899414062,76.76399437532534,76.0373113220916,76.32365494902595,110843200
2020-01-22,76.44636535644531,76.99738987709428,76.35251832728817,76.65810863389025,101832400
2020-01-23,76.81452178955078,76.89392460217245,75.95308241577416,76.49930444611259,104472000
2020-01-24,76.59314727783203,77.80107904499712,76.40305195787334,77.05995917143782,146537600
2020-01-27,74.34093475341797,75.01949019444557,73.36159137429253,74.60802439684696,161940000
2020-01-28,76.44397735595703,76.61481864871986,75.120542963226,75.21919986278621,162234000
2020-01-29,78.04412078857422,78.88871482326161,77.33187458625076,78.07059329235672,216229200
2020-01-30,77.93103790283203,77.9839755745144,76.69904191816083,77.1297617312458,126743200
2020-01-31,74.47566223144531,77.64468154540367,74.18210016247106,77.22358883501371,199588400
2020-02-03,74.2711410522461,75.43335387455234,72.72151906032097,73.22201466798846,173788400
2020-02-04,76.72309112548828,76.91318645690339,75.46703146839315,75.87127869651542,136616400
2020-02-05,77.34871673583984,78.14518291668757,76.74715573258482,77.84680366564679,118826800
2020-02-06,78.25347900390625,78.25588759836752,77.06239232642683,77.61823424457238,105425600
2020-02-07,77.18977355957031,78.00260098507661,76.70014712861753,77.7541699853459,117684000
2020-02-10,77.55638885498047,77.55638885498047,75.69918842968313,75.77877968419138,109348800
2020-02-11,77.0885009765625,78.12323187691563,76.8714264684187,78.05087616110221,94323200
2020-02-12,78.91915893554688,78.92398019498478,77.53710627398911,77.53710627398911,113730400
2020-02-13,78.357177734375,78.68279311833038,77.99056323907321,78.1931665675849,94747600
2020-02-14,78.37647247314453,78.62490351773702,77.86996050397198,78.32581612373606,80113600
2020-02-18,76.94135284423828,77.12224944183446,75.88250122650535,76.06339782410153,152531200
2020-02-19,78.05567169189453,78.28481031761038,77.18254532561073,77.18254532561073,93984000
2020-02-20,77.25492095947266,78.30412292796458,76.75082321347557,77.8169106346844,100566000
2020-02-21,75.50624084472656,77.29109325633112,74.89119532498566,76.84970141309908,129554000
2020-02-24,71.91966247558594,73.36683527541466,69.76096746559567,71.6977667682717,222195200
2020-02-25,69.48359680175781,72.96887474112613,69.0132699904686,72.58778908763885,230673600
2020-02-26,70.58585357666016,71.84730854807512,69.10250289246999,69.10973846221914,198054800
2020-02-27,65.97178649902344,68.98190880585912,65.8367176160919,67.8000523998572,320605600
2020-02-28,65.93318176269531,67.15122314774298,61.835273603866604,62.049941078008516,426510000
2020-03-02,72.07164001464844,72.70598547396882,66.98482686785387,68.08467796117681,341397200
2020-03-03,69.78267669677734,73.32342450844571,68.93366391267253,73.24383324028676,319475600
2020-03-04,73.01951599121094,73.17870588852956,70.70163100181635,71.4999874378904,219178400
2020-03-05,70.65098571777344,72.25010562325896,70.28677817477744,71.27808809920204,187572800
2020-03-06,69.71273040771484,70.14447238483373,67.83140857783133,68.01712645055636,226176800
2020-03-09,64.19901275634766,67.07405914136177,63.43441974354321,63.61531637779285,286744800
2020-03-10,68.82270812988281,69.08802459436366,64.97081653756358,66.84490987612755,285290000
2020-03-11,66.4324722290039,67.82899618098686,65.57140256073914,66.9052206904251,255598800
2020-03-12,59.87196350097656,65.12279105466,59.81648956131734,61.73158259822545,418474000
2020-03-13,67.04509735107422,67.51543140756253,61.01038635778413,63.89026420635652,370732000
2020-03-16,58.419960021972656,62.4889229945198,57.88691638094368,58.35724684046864,322423600
2020-03-17,60.98869323730469,62.13436816241869,57.5010047474182,59.69829586216656,324056000
2020-03-18,59.495689392089844,60.29887079269061,57.19227179173887,57.83144203035199,300233600
2020-03-19,59.039825439453125,60.98386029227968,58.51643172371911,59.66934574830385,271857200
2020-03-20,55.291664123535156,60.74027021381805,54.99258034410552,59.61870880122068,401693200
2020-03-23,54.11703109741211,55.11316965220814,51.28057345030364,55.011867987706175,336752800
2020-03-24,59.54634094238281,59.74170869121859,56.512101379550025,57.00896347667582,287531200
2020-03-25,59.21831512451172,62.288732546346424,58.92405634525676,60.47976645109919,303602000
2020-03-26,62.334556579589844,62.392441135780366,59.420914919993635,59.459507077687796,252087200
2020-03-27,59.753780364990234,61.71469746998704,59.58735486478481,60.96216861377286,204216800
2020-03-30,61.45902633666992,61.630276765400616,60.154157765040964,60.4773625403671,167976400
2020-03-31,61.33359909057617,63.31140135824747,60.781263041812586,61.6495682716932,197002000
2020-04-01,58.106407165527344,59.99014337906341,57.67707948194542,59.454689089589124,176218400
2020-04-02,59.07601547241211,59.1290787799157,57.139215789585435,57.968928946530895,165934000
2020-04-03,58.22699737548828,59.26172428830562,57.638479859243176,58.56225892051635,129880000
2020-04-06,63.30657196044922,63.46093322552853,60.149324308250385,60.5159387534273,201820400
2020-04-07,62.57334899902344,65.53282259895241,62.46963669694467,65.31574075275601,202887200
2020-04-08,64.17488861083984,64.48843981733701,63.00750327122689,63.37170347185306,168895200
2020-04-09,64.63799285888672,65.13968372309436,63.84446480191953,64.80924699848376,161834800
2020-04-13,65.90666198730469,66.0152028927721,64.11698836636067,64.71515578008704,131022800
2020-04-14,69.23515319824219,69.52459069180338,67.06439407863688,67.53472816549852,194994800
2020-04-15,68.60321807861328,69.06148794812431,67.68667833959124,68.11359162380347,131154400
2020-04-16,69.14833068847656,69.51253820784274,68.10154321976958,69.31475615357093,157125200
2020-04-17,68.2100830078125,69.21105020012682,66.77738117936849,68.66594602627303,215250000
2020-04-20,66.79427337646484,67.93995209285313,66.77498097363504,67.04029751693926,130015200
2020-04-21,64.72962188720703,66.87143866583018,64.02050667372501,66.6374787843657,180991600
2020-04-22,66.59407806396484,67.02822701343717,65.65341709963987,65.99349627232849,116862400
2020-04-23,66.33601379394531,67.95684823255365,66.29742162151366,66.53861717868332,124814400
2020-04-24,68.2510757446289,68.26072562347866,66.81113863556433,66.85938066911224,126161200
2020-04-27,68.2993392944336,68.62977598230127,67.52268941813087,67.96889524586273,117087600
2020-04-28,67.19225311279297,68.94092085113884,67.10060498674002,68.76002418855134,112004800
2020-04-29,69.399169921875,69.86708968672151,68.47298027123995,68.67558356725064,137280800
2020-04-30,70.86322784423828,71.03930319142114,69.54871691757756,69.93703810047037,183064000
2020-05-01,69.72238159179688,72.11745102481503,68.94573182479387,69.04220854800435,240616800
2020-05-04,70.7088623046875,70.8366956047244,69.05908623299008,69.746494769706,133568000
2020-05-05,71.77012634277344,72.59983938170623,71.02241888364539,71.16713764358983,147751200
2020-05-06,72.51061248779297,73.14012928036907,72.08610600468356,72.46960600947763,142333600
2020-05-07,73.2607192993164,73.6056344607325,72.83380591134457,73.13530028833947,115215200
2020-05-08,75.00444030761719,75.05764724717811,73.5920466345589,73.91854342819974,133838400
2020-05-11,76.18467712402344,76.67804261253256,74.3055100788998,74.51350356888688,145946400
2020-05-12,75.31401824951172,77.31652289559408,75.1930940380801,76.86668099114186,162301200
2020-05-13,74.40465545654297,76.41200151515211,73.33084801811279,75.49297320787404,200622400
2020-05-14,74.86176300048828,74.92222510630167,72.92455476842612,73.64526572674791,158929200
2020-05-15,74.41915893554688,74.46511071572239,72.6052961832284,72.6391584973057,166348400
2020-05-18,76.1725845336914,76.54503320734271,75.05041158146969,75.73968112913077,135178400
2020-05-19,75.732421875,77.03356024520173,75.70098039780004,76.18951157558008,101729600
2020-05-20,77.20527648925781,77.2754072194724,76.54986193395195,76.58855856818843,111504800
2020-05-21,76.62965393066406,77.60672336639306,76.39263988211127,77.0673988694635,102688800
2020-05-22,77.12303161621094,77.20525917779025,76.26688630469137,76.3684584887372,81803200
2020-05-26,76.60066223144531,78.41693907225796,76.54503443091458,78.23797358104541,125522000
2020-05-27,76.93437957763672,77.07949007225308,75.72030344662004,76.45794538565892,112945200
2020-05-28,76.9682388305664,78.22343238104992,76.3345973225865,76.61030060883014,133560800
2020-05-29,76.89326477050781,77.66959590522207,76.53774740179506,77.21008551765564,153532400
2020-06-01,77.83889770507812,77.9598218875062,76.71671774944491,76.84731793304262,80791200
2020-06-02,78.19925689697266,78.22344321190015,77.13270462012565,77.57287045767401,87642800
2020-06-03,78.62975311279297,78.89095352620157,77.94773883188212,78.5185049118518,104491200
2020-06-04,77.95258331298828,78.75068013452528,77.58013468531132,78.45321130607884,87560400
2020-06-05,80.1727523803711,80.23321448623865,78.17266857529869,78.2016892052146,137250400
2020-06-08,80.64674377441406,80.68060608403607,79.16179883448386,79.87041268513968,95654400
2020-06-09,83.19342041015625,83.58521359796022,80.29608159235194,80.32752306209885,147712400
2020-06-10,85.33377075195312,85.80053629513817,83.70129439282721,84.13903931497238,166651600
2020-06-11,81.23687744140625,84.90330013235034,81.13530524486026,84.48006542527774,201662400
2020-06-12,81.938232421875,84.11486795424553,80.83057003176687,83.36997815286581,200146000
2020-06-15,82.95159149169922,83.60216436549862,80.43394842399245,80.59599012122506,138808800
2020-06-16,85.14998626708984,85.42086269022191,83.36998548456056,85.00004143146272,165428800
2020-06-17,85.03148651123047,85.95292841624997,84.91056229922657,85.89246631024803,114406400
2020-06-18,85.06535339355469,85.48133300037347,84.45831145495121,84.98796012237246,96820400
2020-06-19,84.57920837402344,86.23345026330821,83.4739596024441,85.76910554734732,264476000
2020-06-22,86.7921371459961,86.93482682128399,84.92506713782858,84.97101892587712,135445200
2020-06-23,88.64469146728516,90.05950604686922,87.61441494809407,88.03281532631361,212155600
2020-06-24,87.07992553710938,89.19126451334176,86.7074769720713,88.2746571031473,192623200
2020-06-25,88.2359619140625,88.27465854046778,86.47772685166568,87.23471346059793,137522400
2020-06-26,85.52486419677734,88.35207302367702,85.37733281186723,88.13199005971511,205256800
2020-06-29,87.49591827392578,87.59024269738883,84.9565099457261,85.43295161300391,130646000
2020-06-30,88.22631072998047,88.51169750741916,87.0654411337816,87.08478576211239,140223200
2020-07-01,88.0594253540039,88.84543272516727,88.01106009800148,88.30369462192029,110737200
2020-07-02,88.0594253540039,89.59758515519175,87.94576368111557,88.96394347072363,114041600
2020-07-06,90.41503143310547,90.88179710275243,89.45247208428117,89.48391355913485,118655600
2020-07-07,90.13447570800781,91.56863486785247,90.02322751685155,90.79230361416894,112424400
2020-07-08,92.23370361328125,92.2651450795296,91.02204102383105,91.10911026733615,117092000
2020-07-09,92.6303482055664,93.1769205126767,91.58556145720479,93.12371357510385,125642800
2020-07-10,92.79236602783203,92.85041464619803,91.61698667983154,92.22644181798454,90257200
2020-07-13,92.36431884765625,96.69582436714335,92.15149108508342,94.09353334761987,191649200
2020-07-14,93.8927993774414,94.08385428390145,90.81648768360292,91.74759804361886,170989200
2020-07-15,94.53853607177734,96.01139191075474,93.34380441075506,95.7622883592816,153198000
2020-07-16,93.37525939941406,94.22898406159878,92.7778934824319,93.41395603386725,110577600
2020-07-17,93.18660736083984,93.97986982567868,92.71500002379474,93.82509068603153,92186800
2020-07-20,95.15042114257812,95.28827651192833,92.93025444088441,93.27368244127173,90318000
2020-07-21,93.83718872070312,96.01382454154418,93.58808513865422,95.93885212038768,103433200
2020-07-22,94.10079193115234,94.78038533647508,93.45263999834938,93.53970187859424,89001600
2020-07-23,89.81764221191406,93.91213304289855,89.00986960132232,93.83473979885208,197004400
2020-07-24,89.59516143798828,89.93858943355201,86.23830426873995,88.02073328072413,185438800
2020-07-27,91.71859741210938,91.81050099759301,90.43196935722393,90.65446578253629,121214000
2020-07-28,90.21186828613281,91.46706199244389,90.20702659484037,91.29051001469016,103625600
2020-07-29,91.94107818603516,92.12488531095718,90.65686391835999,90.69313969811391,90329200
2020-07-30,93.05359649658203,93.15758954142316,90.71008481567014,91.11638837269675,158130000
2020-07-31,102.79524230957031,102.94518713128302,97.53745326363413,99.5302890268665,374336800
2020-08-03,105.38545989990234,107.99742015343153,104.37453517123814,104.67200403496072,308151200
2020-08-04,106.0892105102539,107.17752821259879,104.85336145922079,105.57407228357705,173071600
2020-08-05,106.4737548828125,106.79299653251695,105.34674048719083,105.81109264863613,121776800
2020-08-06,110.18855285644531,110.68192568980469,106.21740601381943,106.80509589113738,202428800
2020-08-07,107.6833267211914,110.1667423327947,106.88863402123575,109.71124638392962,198045600
2020-08-10,109.24847412109375,110.26364648269501,106.6051500806847,109.12490669471406,212403600
2020-08-11,105.99943542480469,109.01102903844416,105.74018931676449,108.51434892717005,187902400
2020-08-12,109.52228546142578,109.77910643524714,106.89349720537619,107.08732184428196,165598000
2020-08-13,111.46052551269531,112.46116134014059,110.41142984416976,110.8984238894721,210082000
2020-08-14,111.36121368408203,111.4508577562041,109.55619139980415,111.28610608884811,165565200
2020-08-17,111.0704574584961,112.50478464058327,110.4453668374708,112.48055471705385,119561600
2020-08-18,111.9959945678711,112.41999238397445,110.4889848914492,110.82333863803461,105633600
2020-08-19,112.1364974975586,113.54659462972901,112.0420104163777,112.40301184462525,145538000
2020-08-20,114.6247787475586,114.73865273876372,112.16074255230501,112.17770423893735,126907200
2020-08-21,120.53166198730469,121.01380564130231,115.56967415425338,115.58178541828921,338054800
2020-08-24,121.97325134277344,124.81040740037858,120.11250865643729,124.72559897540391,345937600
2020-08-25,120.97264099121094,121.31668821491573,119.25484487147963,120.84908093113634,211495600
2020-08-26,122.61773681640625,123.07323276693351,121.22217601375844,122.28580830184438,163022400
2020-08-27,121.15191650390625,123.5505310416234,120.01075143908814,123.21860253348014,155552400
2020-08-28,120.95567321777344,122.54020825717129,120.73276826199735,122.12347869162592,187630000
2020-08-31,125.05753326416016,126.9570498293378,122.11136090455392,123.64260037932992,225702700
2020-09-01,130.03887939453125,130.63975477764288,126.50153297923832,128.66270574189053,151948100
2020-09-02,127.3447265625,133.72165634087213,123.0805253018372,133.343693114531,200119000
2020-09-03,117.14937591552734,124.86371200273943,116.7811062092152,122.99328312594758,257599600
2020-09-04,117.22691345214844,119.88234909092412,107.46769559812107,116.36438135713807,332607200
2020-09-08,109.3381118774414,115.3176895401304,109.20243319485355,110.43323478516716,231366600
2020-09-09,113.69924926757812,115.46307981230207,111.70282771529025,113.64110336417085,176940500
2020-09-10,109.98746490478516,116.78112406818228,109.02802039560586,116.64544534542706,182274400
2020-09-11,108.54341888427734,111.67373680721721,106.6051435470581,111.03410239684672,180860300
2020-09-14,111.79974365234375,112.35215193447013,109.31875310720565,111.17949601605923,140150100
2020-09-15,111.97418975830078,115.16265421996873,110.10375338394648,114.67808528768974,184642000
2020-09-16,108.66942596435547,112.41999215763813,108.5822071057358,111.6737592561301,154679000
2020-09-17,106.93466186523438,108.73725877422822,105.35496990474392,106.33380115819288,178011000
2020-09-18,103.54268646240234,107.45800434374442,102.81583306003789,106.99282230683487,287104900
2020-09-21,106.68270874023438,106.78931450767789,99.9181225052482,101.31368353801003,195713800
2020-09-22,108.35929870605469,109.37689638794417,105.79108936459673,109.20245128230411,183055400
2020-09-23,103.81405639648438,108.65005253506956,103.47485221017152,108.17517702574132,150718700
2020-09-24,104.88008117675781,106.84742948908296,101.75945665626949,101.9242082877403,167743300
2020-09-25,108.81478118896484,108.96984677207095,104.34705574231214,105.08360247419822,149981400
2020-09-28,111.412109375,111.76099966462225,109.29938812959263,111.46056923508952,137672400
2020-09-29,110.56893157958984,111.7512809163313,110.06498316084728,111.01474148847176,99382200
2020-09-30,112.23583221435547,113.64108628495799,110.11342572568512,110.27817735653495,142675200
2020-10-01,113.18559265136719,114.0868910063814,112.25522134843862,114.00935821598722,116120400
2020-10-02,109.53195190429688,111.80943167027127,108.75664609356778,109.40596665096126,144712000
2020-10-05,112.90454864501953,113.04992078729782,110.04559522059489,110.3944854044891,106243800
2020-10-06,109.66764831542969,112.53629561221867,108.78572927732188,112.12925207481908,161498200
2020-10-07,111.52839660644531,111.98389262412043,110.6077111213325,111.08259403853273,96849000
2020-10-08,111.42178344726562,112.80765091391855,111.05350632008391,112.66227875286972,83477200
2020-10-09,113.36003875732422,113.38911170550134,111.37330350063716,111.72219366663035,100506900
2020-10-12,120.56075286865234,121.31667922649164,115.59876429754219,116.35469065538149,240226800
2020-10-13,117.36259460449219,121.52019695499536,115.95734765025159,121.40389774875266,262330500
2020-10-14,117.4498062133789,119.23301612314903,115.92826024261022,117.26566767493782,150712000
2020-10-15,116.984619140625,117.45949457685697,114.50362881948811,115.0560370517392,112559200
2020-10-16,115.3467788696289,117.79870373934006,115.14326081684207,117.53703239008934,115393800
2020-10-19,112.40059661865234,116.703563090536,112.09047284235501,116.25776062422946,120639300
2020-10-20,113.88340759277344,115.30804162507589,112.06142343437362,112.6138317944566,124423700
2020-10-21,113.26314544677734,115.04635557719843,112.8561019222811,113.06931343655647,89946000
2020-10-22,112.17769622802734,114.39702259575029,111.0534928722476,113.8252274699149,101988000
2020-10-23,111.48960876464844,112.95300885211658,110.75306199696499,112.79794326147403,82572600
2020-10-26,111.49930572509766,112.95301241046303,109.39627110087882,110.49140153597219,111850700
2020-10-27,113.00146484375,113.66047883675716,111.00504336225823,111.92572130525396,92276800
2020-10-28,107.76813507080078,111.86759177611111,107.67122275639692,111.49932202380221,143937800
2020-10-29,111.760986328125,113.32129899442697,108.73727331019896,108.90203237848063,146129200
2020-10-30,105.5003433227539,108.53374202736012,104.39552680317541,107.63244356202665,190272600
2020-11-02,105.41311645507812,107.26417322328109,104.00786958662283,105.74262715568275,122866900
2020-11-03,107.0315933227539,108.04918369356872,105.3743683811965,106.27566693473848,107624400
2020-11-04,111.40238952636719,112.02263714006965,108.88263267145909,110.61739025769825,138235500
2020-11-05,115.35645294189453,115.9282479984824,113.26311946917431,114.3097825085677,126387100
2020-11-06,115.22541046142578,115.7205180962264,112.74013248938302,114.86620819105919,114457900
2020-11-09,112.92459106445312,118.4290806298261,112.66247568801708,116.98257616030648,154515300
2020-11-10,112.5848159790039,114.15752314668202,110.79852205922379,112.17707763232374,138023400
2020-11-11,116.0020751953125,116.13798799149323,113.04110938515558,113.76921682470609,112295000
2020-11-12,115.73026275634766,117.01173169933503,115.10894492985031,116.12829842375304,103162300
2020-11-13,115.77877807617188,116.17680624012897,114.42935305539847,115.95352413531403,81581900
2020-11-16,116.7884292602539,117.4582830279043,114.7011865774211,115.44870691157024,91183000
2020-11-17,115.90498352050781,117.14761890185565,115.48753500270898,116.06031664652185,74271000
2020-11-18,114.58467864990234,116.32242906767756,114.55555554119123,115.1477501072869,76322100
2020-11-19,115.17687225341797,115.58461058534773,113.4002885699786,114.1575190169027,74113000
2020-11-20,113.91482543945312,115.30308383579212,113.8662893904585,115.17688122037637,73604300
2020-11-23,110.52668762207031,114.18664449638574,110.42960812922888,113.75948583985478,127959300
2020-11-24,111.80817413330078,112.46832515996194,109.30348281979012,110.58495899509562,113874200
2020-11-25,112.64305877685547,113.34204301090116,111.80816176471099,112.17707422528561,76499200
2020-11-27,113.18669128417969,114.06042143311736,112.82749646111454,113.16727835050982,46691300
2020-11-30,115.57491302490234,117.43886611768262,113.40029367663415,113.55562680437811,169410200
2020-12-01,119.13778686523438,119.86589425816237,116.50689304092421,117.47770289816154,127728200
2020-12-02,119.4872817993164,119.76881755329892,117.36120579212971,118.45821829004096,89004200
2020-12-03,119.35136413574219,120.16684084637635,118.64266969338425,119.91442821402666,78967600
2020-12-04,118.6814956665039,119.27369022514605,117.97280126779268,119.02127760834182,78260400
2020-12-07,120.13772583007812,120.93378965648249,118.68151097153174,118.73975719573221,86712000
2020-12-08,120.74932098388672,121.33181279274314,119.49697544555106,120.73961821864586,82225500
2020-12-09,118.22522735595703,122.27350282433629,117.46799682595132,120.89495455654684,115089200
2020-12-10,119.64258575439453,120.25420060772244,116.64278732656992,116.98256924136862,81312200
2020-12-11,118.83683013916016,119.17661208486537,117.03112333433712,118.8562430760472,86939800
2020-12-14,118.22522735595703,119.74939858875337,117.99223505596105,119.02129117041069,79184500
2020-12-15,124.14713287353516,124.16655321389007,120.50659675940638,120.71046589299483,157243700
2020-12-16,124.0792007446289,124.62285187377786,122.86568846942772,123.69088274191743,98208600
2020-12-17,124.94322204589844,125.79753943581208,124.30248400346319,125.13738104904724,94359800
2020-12-18,122.96278381347656,125.33156230733624,122.43854558581786,125.19564951572379,192541500
2020-12-21,124.48693084716797,124.56459740524315,119.84646139919089,121.37063241963554,121251600
2020-12-22,128.03042602539062,130.48657411125797,125.86550908536934,127.76830318074434,168904800
2020-12-23,127.13724517822266,128.5643218128226,126.96249172878603,128.30221385873838,88223700
2020-12-24,128.11776733398438,129.56427923315684,127.27316756907929,127.48674690488681,54930100
2020-12-28,132.7000274658203,133.33104806992824,129.6128438187215,130.0788433061159,124486200
2020-12-29,130.93310546875,134.7386778886634,130.41857748936,134.02028815847115,121047300
2020-12-30,129.81668090820312,132.02042318765425,129.50601467789232,131.62238763508645,96452100
2020-12-31,128.8167266845703,130.8068893039239,127.87504019853539,130.16615142022158,99116600
2021-01-04,125.63253021240234,129.70992939762877,123.0598821377437,129.62256004967193,143301900
2021-01-05,127.18576049804688,127.89446217243118,124.68106994978552,125.12764888414577,97664900
2021-01-06,122.90452575683594,127.2246340413711,122.6909464043688,123.99183545726343,155088000
2021-01-07,127.09841918945312,127.7877006759222,124.12774352599207,124.61314843344341,109578200
2021-01-08,128.19546508789062,128.75853667263522,126.42858375506596,128.56436281946557,105158200
2021-01-11,125.21505737304688,126.37032352989739,124.74907276649142,125.41893397094314,100384500
2021-01-12,125.0403060913086,125.90432622691371,123.15693269578279,124.74906018656239,91951100
2021-01-13,127.0693130493164,127.61296424812167,124.73937510775554,125.00148312714683,88636800
2021-01-14,125.14707946777344,127.17606814479598,125.00144912767117,126.98190917137308,90221800
2021-01-15,123.42875671386719,126.41885265934873,123.29284393513538,125.02088418474625,111598500
2021-01-19,124.09862518310547,124.9529425933155,123.23460500719132,124.05008172781939,90757300
2021-01-20,128.176025390625,128.62260444676102,124.79761120554318,124.9044008833116,104319500
2021-01-21,132.8747100830078,135.59298002533745,129.6904556633409,129.8943322047019,120150900
2021-01-22,135.01051330566406,135.76774369341513,131.07873102256855,132.3019459227709,114459400
2021-01-25,138.74810791015625,140.85476298969073,132.55433784796116,138.8937382399215,157611700
2021-01-26,138.98110961914062,140.0878320002914,137.2433520930361,139.40826822473906,98390600
2021-01-27,137.9132537841797,140.0878733207545,136.31142335408737,139.24325862387312,140843800
2021-01-28,133.08831787109375,137.8452949915903,132.7097026247184,135.44739349341899,142621100
2021-01-29,128.10806274414062,132.7485322226158,126.40914566020653,131.86509178375854,177523800
2021-02-01,130.2244415283203,131.42825115687322,127.1081351803439,129.84582625364877,106239800
2021-02-02,131.0496063232422,132.33106742025004,130.6806938981219,131.76799601841705,83305400
2021-02-03,130.03025817871094,131.80684177003687,129.70988918879502,131.7971241921303,89880900
2021-02-04,133.37957763671875,133.38928040334213,130.66130683037125,132.32139835278772,84183100
2021-02-05,132.96636962890625,133.60806525933478,132.09134092233725,133.54001472396752,75693800
2021-02-08,133.1121826171875,133.16079860710033,131.1773789685877,132.2565886683768,71297200
2021-02-09,132.23716735839844,134.055304885325,132.08161692740265,132.8302469559109,76774200
2021-02-10,131.63433837890625,133.1899609934861,130.67179521713933,132.69409868188646,73046600
2021-02-11,131.3815460205078,132.6065887223786,130.0592713492993,132.13017580944882,64280000
2021-02-12,131.6149139404297,131.7704791984505,129.98152323777,130.62321880046613,60145100
2021-02-16,129.495361328125,132.2371278628611,129.10644827799214,131.73156315096224,80576300
2021-02-17,127.2105712890625,128.55229564276027,125.87857903593999,127.6092016891494,97918500
2021-02-18,126.11193084716797,126.39387989777283,123.87572846648807,125.6160684389903,96856700
2021-02-19,126.26748657226562,127.08419679781535,125.2271753854348,126.62723310292547,87668800
2021-02-22,122.50482177734375,126.1216319880877,122.11591609767342,124.45906002205308,103916400
2021-02-23,122.36870574951172,123.1951256816812,115.10591870921408,120.32696020598745,158273000
2021-02-24,121.87285614013672,122.07702996162088,118.83940802921852,121.47423317945595,111039900
2021-02-25,117.63379669189453,122.9520628532438,117.19628243074794,121.22144033722896,148199500
2021-02-26,117.89632415771484,121.38673620225251,117.83798347678476,119.18942513713463,164560400
2021-03-01,124.24517059326172,124.38128647028813,119.38386807729292,120.31723727022785,116307900
2021-03-02,121.64923095703125,125.14936711599789,121.5422817134225,124.84796874824156,102260900
2021-03-03,118.67411041259766,122.22286260620939,118.46021192268415,121.34782670099902,112966300
2021-03-04,116.79766845703125,120.17141407750445,115.3295602258347,118.3727333702154,178155000
2021-03-05,118.05187225341797,118.55745188502343,114.30867068121566,117.62408266255089,153766600
2021-03-08,113.13223266601562,117.6435208042625,112.98639210708664,117.57546286579684,154376600
2021-03-09,117.73101806640625,118.6741119196786,115.49482341109125,115.72816384952438,129525800
2021-03-10,116.65181732177734,118.7810627593394,116.13651302909358,118.31438187621302,111943300
2021-03-11,118.57688903808594,119.79221465640565,117.89630965893046,119.14080190524842,103026500
2021-03-12,117.67269134521484,117.80880722667213,115.8545688924242,117.06016987865702,88105100
2021-03-15,120.55059051513672,120.56031519817381,117.07962044686742,118.04216378802697,92403800
2021-03-16,122.08675384521484,123.69098519524891,121.26033388239702,122.21314504308985,115227900
2021-03-17,121.29923248291016,122.368717641283,118.94635623317845,120.60892835870807,111932600
2021-03-18,117.18656921386719,119.76306129363483,116.98239537750578,119.47138014582727,121229700
2021-03-19,116.66153717041016,118.0615946863235,116.36013878430732,116.5740372845451,185549500
2021-03-22,119.96720886230469,120.43389711306004,116.9240365136813,116.99209444423333,111912300
2021-03-23,119.14079284667969,120.79363259482143,118.75188719483505,119.90887946918929,95467100
2021-03-24,116.75875091552734,119.49080775473756,116.73930897083474,119.41302514045037,88530500
2021-03-25,117.2448959350586,118.28522184257633,115.69900522410137,116.22402681020739,98844700
2021-03-26,117.84769439697266,118.11020888610055,115.62121696029041,117.0115497729694,94071200
2021-03-29,118.02272033691406,119.17971289024223,117.3810321617412,118.27551018422949,80819200
2021-03-30,116.57405853271484,117.06018887904162,115.56290652222388,116.77823238804083,85671900
2021-03-31,118.76163482666016,120.09362711310527,117.78937421803873,118.27550452234945,118323800
2021-04-01,119.58805084228516,120.73531861862071,119.0921958715762,120.22974638293907,75089100
2021-04-05,122.4076156616211,122.6604055041721,119.65611627910346,120.4339277556789,88651200
2021-04-06,122.7090072631836,123.60348521908364,122.16454371050696,122.99096372232243,80171300
2021-04-07,124.35211944580078,124.37156139198876,121.66867838856395,122.33954050731289,83466700
2021-04-08,126.74388885498047,126.77305548532095,124.9549329616751,125.37299788690146,88844600
2021-04-09,129.3106689453125,129.34955284443396,125.87858997142516,126.199437772379,106686700
2021-04-12,127.59947204589844,129.16481202818863,127.0063925535893,128.84396428623276,91420000
2021-04-13,130.70095825195312,130.9245888251844,128.2703072556539,128.7661695536294,91266500
2021-04-14,128.3675537109375,131.25516860713591,128.00782207026887,131.19683535032675,87222800
2021-04-15,130.76905822753906,131.2551885555225,129.93291346998677,130.10792810253133,89347100
2021-04-16,130.43846130371094,130.9343087763494,129.5828673880838,130.57457716887737,84922400
2021-04-19,131.09959411621094,131.71212294052938,129.64120345679902,129.80648595127033,94264200
2021-04-20,129.41757202148438,131.77044021985614,128.15363063610712,131.2745927965494,94812300
2021-04-21,129.79676818847656,130.03983329744375,127.65779819666872,128.6883918850069,68847100
2021-04-22,128.28005981445312,130.42874732999832,127.7647629078915,129.3495375220918,84566500
2021-04-23,130.5940399169922,131.37183646308597,128.49395363729542,128.49395363729542,78657500
2021-04-26,130.98294067382812,131.3135056957382,129.85511489088012,131.08988992627178,66905100
2021-04-27,130.66204833984375,131.65375790276084,130.38981666931957,131.26484491950248,66015800
2021-04-28,129.8745574951172,131.27461496858584,129.38842725213598,130.5843034959248,107760100
2021-04-29,129.77731323242188,133.26773932174638,128.77588621347985,132.68437715116124,151101000
2021-04-30,127.81336212158203,129.8551001147441,127.43418114888645,128.12447774341382,109839500
2021-05-03,128.8634033203125,130.35097557067442,128.1731066561789,128.37727305832388,75135100
2021-05-04,124.30349731445312,127.84253218435018,123.18539631101322,127.55085108162373,137564700
2021-05-05,124.54659271240234,126.83139629296987,124.42019408305968,125.61607050473611,84000900
2021-05-06,126.1410903930664,126.15080765787947,123.60348232032891,124.34240242288911,78128300
2021-05-07,126.8130874633789,127.835683170004,126.10212100699981,127.43639054602403,78973300
2021-05-10,123.54073333740234,126.16055151436144,123.50177596650869,126.03395306208488,88071200
2021-05-11,122.62525939941406,122.97586087179818,119.5671689854115,120.27812799107281,126142800
2021-05-12,119.56717681884766,121.3883949923918,119.06074583190636,120.18074615402475,112172300
2021-05-13,121.70978546142578,122.85900193405529,121.01830882379365,121.32996037075966,105861300
2021-05-14,124.12506866455078,124.55359227820217,122.56681111085221,122.95637735686638,81918000
2021-05-17,122.97586059570312,123.61864605940792,121.9045589198871,123.51151514879045,74244600
2021-05-18,121.59290313720703,123.67707407576847,121.5247295992301,123.25829164809352,63342900
2021-05-19,121.43708038330078,121.66107596519278,119.65481977612977,119.94699632595916,92612000
2021-05-20,123.98873138427734,124.38803886132331,121.83638680726905,121.96300011967811,76857100
2021-05-21,122.15776062011719,124.66071371547133,121.9434988295615,124.48540928959464,79295400
2021-05-24,123.78421783447266,124.60230780549196,122.65448374065255,122.72265728570756,63092900
2021-05-25,123.5894546508789,124.972415565833,123.02458381451456,124.48545205523331,72009500
2021-05-26,123.54073333740234,124.06664669892854,123.12195088824402,123.64786424977021,56575900
2021-05-27,122.01168823242188,124.31012103497811,121.816908814046,123.14142966400581,94625600
2021-05-28,121.35917663574219,122.51813430989525,121.30074429262824,122.29413127736017,71311100
2021-06-01,121.03778076171875,122.07986629236983,120.70665425214682,121.8169133247897,67637100
2021-06-02,121.79741668701172,121.97272112169325,120.81377104330335,121.03776661351102,59278900
2021-06-03,120.31708526611328,121.59290756486408,119.91777779316642,121.42734431379967,76229200
2021-06-04,122.60578918457031,122.86874960294172,120.61900768168596,120.83326952469692,75169300
2021-06-07,122.61553192138672,123.02457321024367,121.57344629671239,122.87848491269204,71057600
2021-06-08,123.43360900878906,125.10874632513031,122.91743682004416,123.29726191856811,74403800
2021-06-09,123.81342315673828,124.41725123885395,123.21933627459374,123.89133789579034,56877900
2021-06-10,122.82003021240234,124.84576874618693,122.654466972811,123.70628617695928,71186400
2021-06-11,124.0276870727539,124.1153430132604,122.81029711830921,123.22907955985254,53522400
2021-06-14,127.07603454589844,127.134466888619,123.75499846493855,124.48543247038134,96906500
2021-06-15,126.25794219970703,127.19290419262148,126.01446421684268,126.5501187512876,62746300
2021-06-16,126.75463104248047,127.47533121654288,125.10873237290743,126.96889285474992,91815000
2021-06-17,128.35183715820312,129.09201968074376,126.26766637763058,126.41376207268152,96721700
2021-06-18,127.05656433105469,128.07916002857564,126.84230250511071,127.30004232774398,108953300
2021-06-21,128.8485565185547,128.95568742961305,125.8391720998025,126.90073257983343,79663300
2021-06-22,130.4846954345703,130.58209255634193,128.18626305147518,128.6829675675103,74783600
2021-06-23,130.2120361328125,130.815871699919,129.75429628741554,130.2802171084206,60214200
2021-06-24,129.9295654296875,131.12747267781475,129.4620771068999,130.9424270743005,68711000
2021-06-25,129.6374053955078,130.3970554405537,129.34522887186355,129.978280483212,70783700
2021-06-28,131.26390075683594,131.72164073419705,129.87121327815356,129.9296456393958,62111300
2021-06-29,132.7734375,132.92926700154416,130.84509571572818,131.28335318569188,64556100
2021-06-30,133.38697814941406,133.82523552499876,132.32540290188453,132.61757943917965,63261400
2021-07-01,133.68887329101562,133.74730561970333,132.21825700237508,133.03635418614581,52485800
2021-07-02,136.30873107910156,136.34768102067733,134.1563790042736,134.30245986108,78852600
2021-07-06,138.3149871826172,139.41549764354806,136.4158617440288,136.4158617440288,108181800
2021-07-07,140.79849243164062,141.11013660484417,138.9383165822972,139.79534920414747,104911600
2021-07-08,139.50314331054688,140.3017433261173,137.00018264096806,137.88644602005195,105575500
2021-07-09,141.3243865966797,141.85029259632174,138.92855627210733,139.02595342720224,99890800
2021-07-12,140.7303009033203,142.50282808936566,140.2433448448313,142.3956971620693,76299700
2021-07-13,141.8405303955078,143.61305721006948,139.88297280050324,140.27253162136344,100827100
2021-07-14,145.2589111328125,145.6679670876937,143.8272598728638,144.23631582774505,127050800
2021-07-15,144.60643005371094,146.08678025462487,143.25269315111336,145.3466125845258,106820300
2021-07-16,142.57095336914062,145.85303150774294,142.07426368162248,144.5869580069263,93251400
2021-07-19,138.73374938964844,140.31149679803218,137.97409928442224,139.99983785193092,121434600
2021-07-20,142.3372344970703,143.26246279631377,139.23046766424767,139.71742366986297,96350000
2021-07-21,141.6067657470703,142.31773204055827,140.85686438211923,141.73337903289692,74993500
2021-07-22,142.97027587890625,144.33374665171397,142.00609770767423,142.13271101540525,77338200
2021-07-23,144.684326171875,144.84015561733656,143.08711150767857,143.70068066123733,71447400
2021-07-26,145.10317993164062,145.9212625899734,143.8468249071035,144.40196197857813,72434100
2021-07-27,142.94107055664062,145.31741825019225,141.7528967098648,145.22975487472473,104818600
2021-07-28,141.19775390625,143.13584408542147,138.82140631068384,141.0321906538661,118931200
2021-07-29,141.8405303955078,142.72679380278865,140.80818614558353,140.91531705042755,56699500
2021-07-30,142.0548095703125,142.51254941417247,140.35046351445212,140.61342392407167,70440600
2021-08-02,141.72369384765625,143.11638102630255,141.46073341799487,142.5417764502479,62880000
2021-08-03,143.51571655273438,144.1779697809588,141.3925800195867,142.00614952158222,64786600
2021-08-04,143.11639404296875,143.93447671996634,142.46387465578823,143.4280530784273,56368300
2021-08-05,143.22344970703125,143.9830996308228,142.35666890369407,143.14553498911508,46397700
2021-08-06,142.5407257080078,143.48683682415765,142.04329182669468,142.74556017853746,54126800
2021-08-09,142.4919891357422,143.08696622193483,141.93603523588163,142.59928057367807,48908700
2021-08-10,142.0140380859375,144.0720717018618,141.72142377939727,142.83334623786462,69023100
2021-08-11,142.2676544189453,143.1064743087136,141.9457801130242,142.4529773420197,48493500
2021-08-12,145.22300720214844,145.37907015513477,142.24812227389452,142.58950812317931,72282600
2021-08-13,145.42784118652344,145.75946379823836,144.6182813640554,145.30103817728678,59375000
2021-08-16,147.3981170654297,147.46640020534528,142.86264613601338,144.88165713815187,103296000
2021-08-17,146.49098205566406,147.9442754116722,145.41806793520456,146.52999034959836,92229700
2021-08-18,142.75531005859375,147.0079285089272,142.55047558587256,146.11058891263426,86326000
2021-08-19,143.0869903564453,144.35497623238126,140.94117611877766,141.45812180248436,86960300
2021-08-20,144.54025268554688,144.84261535990314,143.16497579607238,143.80872432514332,60549600
2021-08-23,146.02281188964844,146.49098584387335,144.24762936861552,144.65728343893502,60131800
2021-08-24,145.93505859375,147.14452444194586,145.47663286242496,145.76924724797075,48606400
2021-08-25,144.7060546875,146.6177885615759,144.15984926147306,146.12033978338724,58991300
2021-08-26,143.90625,145.44733817166107,143.87699005673284,144.6963131171606,48597200
2021-08-27,144.94017028808594,145.08647001894514,143.2137590490284,143.84774439339665,55802400
2021-08-30,149.3488311767578,149.70972863585897,144.94991248756867,145.33030665463397,90956700
2021-08-31,148.0906219482422,149.03673327230263,147.56391312712373,148.90018188960238,86453100
2021-09-01,148.75384521484375,151.1630130890743,148.58803390921838,149.06597111930256,80313700
2021-09-02,149.86578369140625,150.9094380524186,148.64656965264444,150.08036655286702,71115500
2021-09-03,150.499755859375,150.82163009154993,149.31955034140017,149.9730471583683,57808700
2021-09-07,152.83094787597656,153.38690183783817,150.58759066721507,151.15330786824094,82278300
2021-09-08,151.28982543945312,153.1722846868866,150.1876512353804,153.11376479693286,74420200
2021-09-09,150.27540588378906,152.2651560265842,150.1583512521099,151.6604308143289,57305700
2021-09-10,145.301025390625,151.65068551937273,145.03767104191758,151.18251158621138,140893200
2021-09-13,145.86676025390625,147.6906995642944,145.08646034770857,146.92016289482572,102404300
2021-09-14,144.47193908691406,147.34929527061283,143.2917485822126,146.64702700212126,109296300
2021-09-15,145.35955810546875,145.75946384011283,142.76506733146184,144.9011324843855,83281300
2021-09-16,145.12547302246094,145.30104757606733,143.59414799108714,144.78410203525485,68034100
2021-09-17,142.46270751953125,145.15474141357228,142.17009319848557,145.15474141357228,129868800
2021-09-20,139.41952514648438,141.2727239872893,137.7906574556132,140.25834475382314,123478900
2021-09-21,139.89747619628906,141.03867353306788,139.2634909051742,140.38516176883357,75834000
2021-09-22,142.2578582763672,142.82356032742504,140.1608018149043,140.8923300236282,76404300
2021-09-23,143.2137451171875,143.457587900221,142.0530510886709,143.03817057425258,64838200
2021-09-24,143.3015594482422,143.838016676669,141.9750537938531,142.07259688374378,53477900
2021-09-27,141.7896728515625,142.3651530337308,140.2778597575895,141.88721590155166,74150700
2021-09-28,138.41490173339844,141.18495179250712,138.20031892345534,139.72189529724798,108972300
2021-09-29,139.31227111816406,140.89236770909372,138.53197117688373,138.9611368887371,74602000
2021-09-30,138.01502990722656,140.82410382973063,137.80044704464729,140.12183534910463,89056700
2021-10-01,139.13670349121094,139.40005789714257,135.68389579904266,138.40517505038864,94639600
2021-10-04,135.71310424804688,138.70750000671873,134.86453634124737,138.26857120239484,98322000
2021-10-05,137.63465881347656,138.7368332577452,135.92775886392107,136.0545619084437,80861100
2021-10-06,138.50271606445312,138.6490157972431,134.9621137010957,136.03502801816884,83221100
2021-10-07,139.7609405517578,140.66804355787346,139.2049866756737,139.53660933038944,61732700
2021-10-08,139.38052368164062,140.62899749402928,139.04890108087716,140.48269778280476,58773200
2021-10-11,139.29275512695312,141.2434974770439,138.31738395190774,138.76606124094116,64452200
2021-10-12,138.02476501464844,139.72191616043952,137.56633938704366,139.7024045703548,73035900
2021-10-13,137.4395294189453,137.91745167770748,135.7716384818284,137.7614036307742,78762700
2021-10-14,140.2193145751953,140.3363692030775,138.0247300603831,138.60995855085787,69907100
2021-10-15,141.2728271484375,141.3313470665461,139.9755810593989,140.22918721518997,67940300
2021-10-18,142.94064331054688,143.22349439217342,139.63413574665708,139.91698682828363,85589200
2021-10-19,145.0962371826172,145.49614300945177,142.94067482594585,143.38933731406476,76378900
2021-10-20,145.58389282226562,146.0618300447265,144.47197030405582,145.03768735830047,58418800
2021-10-21,145.79847717285156,145.95454013073487,144.2281290062348,145.14498028007083,61421000
2021-10-22,145.02796936035156,146.48126315623614,144.97919781593575,146.00334071672438,58883400
2021-10-25,144.97915649414062,145.69117321411855,143.98427382696465,145.0181647887637,50720600
2021-10-26,145.6424102783203,147.12496353769075,145.34003275537546,145.6521586308098,60893400
2021-10-27,145.18402099609375,146.0423376021523,144.83288673993832,145.68145499107032,56094900
2021-10-28,148.81240844726562,149.39762230558532,146.03259425054543,146.13013733509126,100077900
2021-10-29,146.110595703125,146.2471470636249,142.804088225394,143.59413644564216,124953200
2021-11-01,145.2913055419922,146.01307072992742,144.1598713388164,145.3205654883688,74588300
2021-11-02,146.32516479492188,147.83699285465968,144.98889637520205,144.9986596105235,69122000
2021-11-03,147.75900268554688,148.2271767394299,146.1301344105293,146.68608830895576,54511500
2021-11-04,147.24203491210938,148.6758168059769,146.92990900121129,147.84676026074618,60394600
2021-11-05,147.76950073242188,148.66815006608644,146.57781000839395,148.36534609443586,65463900
2021-11-08,146.948974609375,148.0527572213007,146.67547332752292,147.8964665160418,55020900
2021-11-09,147.31039428710938,147.91600218212633,146.57779832196186,146.71454897260128,56787900
2021-11-10,144.48744201660156,146.64616444006643,144.41907415140022,146.53871644786318,65187100
2021-11-11,144.43862915039062,145.96242651484354,144.25303577054234,145.5033467129879,41000000
2021-11-12,146.50946044921875,146.90993499792881,144.05769591147595,144.98564800973566,63804000
2021-11-15,146.51918029785156,148.35555879375588,145.96240025846288,146.88058950641502,59222800
2021-11-16,147.49600219726562,147.97463697406297,145.87451939068316,146.4606021824879,59256200
2021-11-17,149.92819213867188,151.4031464578267,147.4862059054811,147.4959684847215,88807000
2021-11-18,154.2065887451172,154.9880275581461,149.49844560723523,150.14313374583702,137827700
2021-11-19,156.8243865966797,157.28348128204507,152.89766786630707,153.9916731226482,117305600
2021-11-22,157.28346252441406,161.85485386154411,157.26392246010866,157.92813559947206,117467900
2021-11-23,157.66441345214844,158.0453627342285,155.36894027506222,157.3811346832133,96041900
2021-11-24,158.18214416503906,158.37750013405517,155.9355132595911,157.01975602804134,69463600
2021-11-26,153.17117309570312,156.72670517440085,152.7316184657377,155.8671359816053,76959800
2021-11-29,156.52157592773438,157.44952783966656,155.10521179906075,155.67175446958956,88748200
2021-11-30,161.46417236328125,161.67906839694083,156.2090119296681,156.2773947152438,174048100
2021-12-01,160.9464569091797,166.34813007275002,160.71202083002768,163.59356203535145,152052500
2021-12-02,159.95986938476562,160.38966136948252,154.13818224096923,155.05637149837315,136739200
2021-12-03,158.08444213867188,161.13205157338396,156.01364225594332,160.21386222018816,118023100
2021-12-06,161.48367309570312,163.98426461858526,160.46779847409405,160.47756105335333,107497000
2021-12-07,167.20770263671875,167.598429443289,164.4336093812365,165.15644279486372,120405400
2021-12-08,171.01719665527344,171.87678065417452,166.73883163036436,168.1356556285786,116998900
2021-12-09,170.50926208496094,172.64844463234323,169.8841141404718,170.85114615502485,108923700
2021-12-10,175.28579711914062,175.46162790674452,170.63625994665398,171.14419733842757,115402700
2021-12-13,171.66188049316406,177.90359710458122,171.4567470785072,176.9170250648393,153237000
2021-12-14,170.2846221923828,173.6154957034132,168.21382219359762,171.18327152968024,139380400
2021-12-15,175.1392822265625,175.33463817394934,168.31148231582245,171.0465102933484,131063300
2021-12-16,168.26263427734375,176.9365751900634,166.78767978084602,175.11973661793166,150185800
2021-12-17,167.16867065429688,169.44460445182293,165.75232109747262,165.98674232333192,195432700
2021-12-20,165.8109130859375,166.6216545378973,163.5740596088574,164.37502357405398,107499100
2021-12-21,168.9757080078125,169.1808265329912,165.1955026634982,167.57888393978646,91185900
2021-12-22,171.56422424316406,171.7791202742142,168.15520530032774,169.02455200604697,92135300
2021-12-23,172.1893768310547,172.7461569911751,171.2028195021509,171.76936224404878,68356600
2021-12-27,176.14537048339844,176.23327841950962,172.96102548062714,172.9805506410723,74919600
2021-12-28,175.1295166015625,177.12218615208815,174.38715798933583,175.9793381325386,79144300
2021-12-29,175.21743774414062,176.4384311169709,174.00620695259946,175.16859502828655,62348900
2021-12-30,174.06478881835938,176.3798020768136,173.95734081982604,175.30532209148024,59773000
2021-12-31,173.449462890625,175.07093096003192,173.14664397725932,173.95738546431582,64062300
2022-01-03,177.786376953125,178.63619837680892,173.5861721636794,173.70338274431063,104487900
2022-01-04,175.5299835205078,178.69480333397306,174.96344087400894,178.39199939810527,99310400
2022-01-05,170.86090087890625,175.98907226585013,170.58739959731207,175.44206970266174,94537600
2022-01-06,168.00869750976562,171.23212317548703,167.65705080251047,168.69245085589924,96904000
2022-01-07,168.17474365234375,170.0990304259398,167.06119827767387,168.878037036841,86709100
2022-01-10,168.1942596435547,168.4970635759533,164.26754129298973,165.15642793014217,106765600
2022-01-11,171.01719665527344,171.1148671703379,166.85605711502512,168.3212489833143,76138300
2022-01-12,171.45675659179688,173.06846173538992,170.7632407657719,172.0330618342014,74805200
2022-01-13,168.1942596435547,172.52145244084235,167.80353287215138,171.70094857794888,84505800
2022-01-14,169.0538330078125,169.74734876331195,167.11976914653764,167.36396777404897,80440800
2022-01-18,165.8596954345703,168.53610260535586,165.47874620710155,167.5300055455102,90956700
2022-01-19,162.3726043701172,167.11006537282074,162.08934042059263,166.05512514217625,94815000
2022-01-20,160.69247436523438,165.74250066133902,160.3701303584997,163.10515822088573,91420500
2022-01-21,158.64122009277344,162.470253269675,158.5337720868401,160.60457194151562,122848900
2022-01-24,157.86953735351562,158.53376542721094,151.11012055841888,156.30667494751387,162294600
2022-01-25,156.072265625,158.98310983768695,153.3763174519784,155.29082683573563,115798400
2022-01-26,155.98431396484375,160.57524507136318,154.15771304423117,159.70589857439398,108275300
2022-01-27,155.52525329589844,160.0380400395087,154.6070638933257,158.68029600296296,121954600
2022-01-28,166.37742614746094,166.39696621279427,159.02216399560837,161.86463986114418,179935700
2022-01-31,170.7241668701172,170.93906288440527,165.576454917367,166.21138037947398,115541600
2022-02-01,170.55813598632812,170.7827946109015,168.3115050264779,169.9720531603827,86213900
2022-02-02,171.75955200195312,171.79863213102016,169.30780301992357,170.69484950775998,84914300
2022-02-03,168.88780212402344,172.15030783567607,168.125903430298,170.4311395793071,89418100
2022-02-04,168.60414123535156,170.27659447810953,166.9316879925936,167.9097269846018,82465400
2022-02-07,167.8902130126953,170.1299162190593,167.19579861278513,169.0638570704662,77251200
2022-02-08,170.99057006835938,171.49915455646115,167.6652283214683,167.9586430232075,74829200
2022-02-09,172.40875244140625,172.77062217708496,171.05905354274313,172.1838075995271,71285000
2022-02-10,168.340087890625,171.62629991772872,167.78261335475796,170.31573108381698,90865900
2022-02-11,164.9365234375,169.27901969811438,164.34969397169522,168.545490327705,98670700
2022-02-14,165.17124938964844,165.85587378073802,162.90219149496014,163.69440078491326,86185500
2022-02-15,168.99537658691406,169.1518664311418,166.5111637354937,167.2153531108256,62527400
2022-02-16,168.76068115234375,169.53332561896576,166.3155829464961,168.07605663944543,61177400
2022-02-17,165.17124938964844,168.13470669398032,164.77024977354867,167.274027503072,69589300
2022-02-18,163.62594604492188,166.7947832093295,162.54032203615824,166.09060878011084,82772700
2022-02-22,160.7113800048828,163.02932772220805,158.58902218443671,161.35687442039574,91162800
2022-02-23,156.55474853515625,162.50121399005073,156.24176881453315,161.90460945584556,90009200
2022-02-24,159.16607666015625,159.27366155009665,148.66193213542687,149.2291965620497,141147500
2022-02-25,161.229736328125,161.49379611504713,157.33713033388693,160.2419073795577,91974200
2022-02-28,161.4938201904297,161.78723492110947,158.86289248069977,159.479061922758,95056600
2022-03-01,159.6160125732422,162.94135518491746,158.41302839932598,161.08307153976776,83474400
2022-03-02,162.90219116210938,163.6846254319098,159.37146939131958,160.7798480922219,79724800
2022-03-03,162.57948303222656,165.20063634825544,161.91442341280975,164.7702966304226,76678400
2022-03-04,159.586669921875,161.91440821879274,158.54017563689038,160.8776889542246,83737200
2022-03-07,155.80160522460938,161.39598912291174,155.5473055505203,159.7724409102269,96418800
2022-03-08,153.98248291015625,159.30301816152476,152.37849933499598,155.33218168421902,131148300
2022-03-09,159.37144470214844,159.82134918778635,155.9091933685317,157.93372624467713,91454900
2022-03-10,155.03878784179688,156.86771648439594,152.5545597614365,156.68188663700346,105342000
2022-03-11,151.3319854736328,155.78206635482195,151.1070406596988,155.43974670100266,96970100
2022-03-14,147.31227111816406,150.7354085874783,146.80370143921206,148.12404550887342,108732100
2022-03-15,151.68408203125,152.1535515492418,147.0775261791108,147.58609577139651,92964300
2022-03-16,156.0852508544922,156.48625045296393,151.06792059745445,153.60103819497576,102300200
2022-03-17,157.09263610839844,157.4642957434988,154.16830873861088,155.12678288189394,75615400
2022-03-18,160.37887573242188,160.8678953686917,156.25154880840884,156.9850782628136,123511700
2022-03-21,161.74813842773438,162.69683770871782,159.43017522147943,159.91919485399893,95811400
2022-03-22,165.1125946044922,165.6994092047397,161.2884575262128,161.87527212646032,81532000
2022-03-23,166.47203063964844,168.84865833026834,163.9682381752626,164.30078278901993,98062700
2022-03-24,170.247314453125,170.31576944635216,166.47208201761543,167.3034064993506,90131400
2022-03-25,170.88302612304688,171.4307257382337,168.95628752581777,170.06147670026667,80546200
2022-03-28,171.74368286132812,171.87081780430975,168.22273590773543,168.38900077447545,90371900
2022-03-29,175.02989196777344,175.0787819860724,172.46741925958432,172.8097389298353,100589400
2022-03-30,173.8660125732422,175.66560091058673,172.8195035873902,174.628881866762,92633200
2022-03-31,170.7754364013672,174.12032889178556,170.57004158960083,173.9344990439243,103049300
2022-04-01,170.4819793701172,171.03946877548313,168.16403166582776,170.2081296381206,78751300
2022-04-04,174.5212860107422,174.57019094673097,170.60912991069844,170.73627975953104,76468400
2022-04-05,171.21556091308594,174.38441368133695,170.58961634544698,173.60197924086432,73401800
2022-04-06,168.05645751953125,169.81693085468368,166.39379406221198,168.57481703992445,89058800
2022-04-07,168.3596649169922,169.55287391806212,166.11996174699982,167.401190693142,77594700
2022-04-08,166.3546905517578,168.00757925318007,165.48423622614246,168.00757925318007,76575500
2022-04-11,162.10997009277344,165.31793693449984,161.8654603339608,165.00497220353915,72246700
2022-04-12,163.97801208496094,166.13946978275985,162.98040818860537,164.3301066999282,79265200
2022-04-13,166.65786743164062,167.28381189911025,163.10759541750994,163.7139749230824,70618900
2022-04-14,161.6601104736328,167.5087962740481,161.41560064690395,166.87306177033577,75329400
2022-04-18,161.44491577148438,162.94131434841603,159.97785717263437,160.3201618914843,69023900
2022-04-19,163.72373962402344,164.13452917950872,160.31039271090148,161.3960167105301,67723800
2022-04-20,163.55747985839844,165.17125338034182,162.45230578739907,165.05387853639598,67929800
2022-04-21,162.76527404785156,167.7630547165198,162.266479452362,165.20059691129774,87227800
2022-04-22,158.2369384765625,164.1834179598548,157.95331370568275,162.8043941791054,84882400
2022-04-25,159.3030242919922,159.58664908398902,154.98009296481885,157.5816658069576,96046400
2022-04-26,153.3565673828125,158.77489861463468,153.27832244686797,158.68687865808295,95623200
2022-04-27,153.131591796875,156.28086402556207,151.96772285920957,152.48608239761126,88063200
2022-04-28,160.04632568359375,160.9070049099631,155.43975472715812,155.7527344180899,130216800
2022-04-29,154.18785095214844,162.55008785176082,153.7966412998766,158.28583697775457,131747600
2022-05-02,154.49107360839844,154.7551334388098,149.9040675207667,153.2685246478865,123055300
2022-05-03,155.9776611328125,157.18065989099466,152.88706912402677,154.67686742533908,88966500
2022-05-04,162.37405395507812,162.8239435793619,155.76250015329012,156.16349976201118,108256500
2022-05-05,153.3271942138672,160.47665766238154,151.5471558846843,160.25171284753384,130525300
2022-05-06,154.05203247070312,156.16770488216497,151.0156499387557,152.80809337522012,116124600
2022-05-09,148.9391326904297,152.63176175523802,148.38083908771665,151.75022430191655,131577900
2022-05-10,151.33885192871094,153.52309446613708,149.79127784510368,152.328132388233,115366700
2022-05-11,143.49325561523438,152.25956414663153,142.81741468212965,150.3495886480442,142689800
2022-05-12,139.6341094970703,143.19940187956024,135.95128476595931,139.83980605277625,182602000
2022-05-13,144.09075927734375,145.06044619602298,140.1728540722722,141.62247481337442,113990900
2022-05-16,142.552978515625,144.49235241019304,141.2208901087805,142.56278284412517,86643800
2022-05-17,146.17703247070312,146.69615365751025,143.66956086149628,145.80482673464496,78336300
2022-05-18,137.92984008789062,144.33560760113403,137.0287088681347,143.83608013972986,109742900
2022-05-19,134.5310516357422,138.7525913397019,133.7964445425997,137.00912503429328,136095600
2022-05-20,134.76611328125,137.81228455615957,129.88832647827988,136.2353274341848,137426100
2022-05-23,140.17283630371094,140.31975175202894,134.82488980062982,134.96201586760006,117726300
2022-05-24,137.479248046875,139.0562049598391,134.51143704695141,137.92000924521287,104132700
2022-05-25,137.63601684570312,138.87994101283223,135.5007506936718,135.58889997563415,92482700
2022-05-26,140.82908630371094,141.37759058232152,134.3253649583187,134.57023400738558,90601500
2022-05-27,146.5688018798828,146.60797434750936,142.27869181225157,142.4060284868712,90978500
2022-05-31,145.7852020263672,147.5678554930359,143.8262500562877,146.01049226377089,103718400
2022-06-01,145.6579132080078,148.62572491730577,144.6490389655957,146.8234773391278,74286600
2022-06-02,148.10658264160156,148.16534881431244,143.84585577263883,144.7959487531145,72348100
2022-06-03,142.39625549316406,144.93309527765794,141.49513917786348,143.88504856420633,88570300
2022-06-06,143.14065551757812,145.5207905259265,141.9260996131152,144.01238876362018,71598400
2022-06-07,145.6579132080078,145.94195473174813,141.14252729935507,141.3873963509184,67808200
2022-06-08,144.92327880859375,146.79406665216868,144.43354079753493,145.5305491597089,53950200
2022-06-09,139.71246337890625,144.91347882072873,139.60472041542363,144.06133943857793,69473000
2022-06-10,134.3155975341797,137.8710865448469,134.24702701533337,137.4009420785548,91437900
2022-06-13,129.17333984375,132.4251934035628,128.7423678783914,130.14301182018457,122207100
2022-06-14,130.0352325439453,131.14204524198857,128.7815044194442,130.39764883857168,84784300
2022-06-15,132.65045166015625,134.52125474775525,129.4475753177957,131.5338494146611,91533000
2022-06-16,127.39066314697266,129.6728443246095,126.39159330904647,129.36920911544067,108123900
2022-06-17,128.85986328125,130.3486710219844,127.14578023984714,127.40045357119396,134520300
2022-06-21,133.08145141601562,134.24703070343926,130.58379859510612,130.68173726606173,81000500
2022-06-22,132.57212829589844,134.93265491125933,131.1616799782049,132.02360899242208,73409200
2022-06-23,135.4321746826172,135.74559928638683,132.84635818263115,134.0119372202921,72433800
2022-06-24,138.75257873535156,138.99744774415504,136.901369626622,137.02869134817942,89116800
2022-06-27,138.75257873535156,140.5450216732672,138.07673787975503,139.77122723590202,70207900
2022-06-28,134.6191864013672,140.47644880841756,134.50165406172098,139.212931320367,67083400
2022-06-29,136.3724822998047,137.78293057588337,133.86502534038587,134.63881999394516,66242400
2022-06-30,133.9140167236328,135.53014683096814,131.02456428701487,134.43313802820109,98964500
2022-07-01,136.07864379882812,136.1863867964731,132.87576685593524,133.24795771047167,71051600
2022-07-05,138.6546173095703,138.70359409768392,134.1196387404863,134.94240992218974,73353800
2022-07-06,139.9867401123047,141.16210859174285,138.1845074474581,138.44897021265854,74064300
2022-07-07,143.34634399414062,143.5422362397496,140.3393449670909,140.34913434840425,66253700
2022-07-08,144.02215576171875,144.52169812610057,142.02403114104803,142.2786895406023,64547800
2022-07-11,141.89669799804688,143.63037488194183,140.82907263468897,142.6802818681296,63141600
2022-07-12,142.8663787841797,145.40321819395862,142.07300556646354,142.768425199881,77588800
2022-07-13,142.50399780273438,143.44428658574307,139.20315284375937,140.05530730128564,71185600
2022-07-14,145.42279052734375,145.89293478252006,140.30992504725015,141.1228918514691,78140700
2022-07-15,147.08792114257812,147.7637620290884,145.15835206929646,146.70592606919652,76259900
2022-07-18,144.05157470703125,148.4592176926782,143.68915834296686,147.64625063740658,81420900
2022-07-19,147.90089416503906,148.1261694879342,143.8948404199678,144.88410592104603,82982400
2022-07-20,149.8990478515625,150.56509951384282,147.2838478982926,148.01845513052425,64823400
2022-07-21,152.16162109375,152.3771070356204,148.821603940378,151.32906041419434,65086600
2022-07-22,150.92747497558594,153.07253011561605,150.2614383736218,152.20079694797485,66675400
2022-07-25,149.81089782714844,151.85799971719163,149.15465049641978,150.84914031891685,53623900
2022-07-26,148.4886016845703,149.94801169458665,147.70501771546552,149.13504463438227,55138700
2022-07-27,153.57205200195312,154.1009774684585,149.03708779660727,149.44846596743406,78620700
2022-07-28,154.12059020996094,154.40463173955777,151.2409277129022,153.75817384315252,81378700
2022-07-29,159.1746826171875,160.27170619819887,156.226464436767,157.93075852013737,101786900
2022-08-01,158.19520568847656,160.2325181068246,157.58793518866128,157.70546755749734,67829400
2022-08-02,156.7259521484375,159.07670355733856,156.35376142488207,156.81411634866453,59907000
2022-08-03,162.7203826904297,163.17093336402678,157.45079605540153,157.53894532472003,82507500
2022-08-04,162.40695190429688,163.7586338892835,161.05526991931026,162.6028441618955,55474100
2022-08-05,162.1813507080078,162.67176904705062,159.87637852795464,160.0823608155598,56697000
2022-08-08,161.71054077148438,164.59420304327227,161.05338198319762,163.18179581085533,60276900
2022-08-09,161.7595977783203,162.64235984823435,160.12160217379457,160.87685067478762,63135500
2022-08-10,165.99681091308594,166.09488560468589,163.70164162721542,164.46669306704544,70170500
2022-08-11,165.2611846923828,167.71327649760102,164.9669306824805,166.8010905635419,57149200
2022-08-12,168.80201721191406,168.87066800455992,166.15374591104305,166.56571053244468,68039400
2022-08-15,169.87109375,170.0672580774187,168.06635799154176,168.2330984181666,54091700
2022-08-16,169.71420288085938,170.38117973679442,168.3704611545434,169.46899366269176,56377100
2022-08-17,171.2050323486328,172.77436193637106,169.2629800618565,169.45914438952641,79542000
2022-08-18,170.81271362304688,171.54834118381174,169.8024529702403,170.4203849105247,62290100
2022-08-19,168.2331085205078,170.41056710828244,168.02712623620275,169.71416649279175,70346300
2022-08-22,164.35879516601562,166.6049043800519,163.9370276482697,166.43816395511286,69026800
2022-08-23,164.0253143310547,165.47696339789675,163.4564272588674,163.87819481513557,54147100
2022-08-24,164.319580078125,164.88846719098774,163.06411023124903,164.11361274111158,53841500
2022-08-25,166.7716522216797,166.8795448504242,165.12385385508654,165.54560642521002,51218200
2022-08-26,160.4844970703125,167.77212157949262,160.42564926256463,167.30132415112922,78961000
2022-08-29,158.2873992919922,159.7782599974509,156.75729674532928,158.06179612101135,73314000
2022-08-30,155.86476135253906,159.44480926961938,154.6975633016655,159.02305667853338,77906200
2022-08-31,154.2071533203125,157.50276536238007,154.1286845852179,157.23793525223348,87991100
2022-09-01,154.93295288085938,155.38412932683354,151.70599214901193,153.6382414104045,74229900
2022-09-02,152.8241424560547,157.2869518100939,152.0002433352291,156.6886409081276,76957800
2022-09-06,151.5686798095703,154.07961913097643,150.74478065092995,153.47150522336744,73714800
2022-09-07,152.97129821777344,153.6676838931478,150.66632598771957,151.85314497915547,87449600
2022-09-08,151.50003051757812,153.36361410419434,149.75412756943635,151.6765739248584,84923800
2022-09-09,154.35427856445312,154.79566708651402,151.7844910019974,152.49069467763707,68028800
2022-09-12,160.29812622070312,161.11222243462,156.24728104104713,156.53171708379904,104956000
2022-09-13,150.89190673828125,157.46350930410847,150.43091231518306,156.8357744463717,122656600
2022-09-14,152.33372497558594,154.0894308134101,150.66630580332588,151.82368576965968,87965400
2022-09-15,149.45008850097656,152.2651001071562,148.4790697119515,151.68639505914092,90481100
2022-09-16,147.8120880126953,148.44964084888636,145.52673670084437,148.31232430924803,162278800
2022-09-19,151.51963806152344,151.59810678770754,146.2427471814607,146.44871449211215,81474200
2022-09-20,153.8932647705078,155.05065980282333,150.14647654096675,150.4603364872082,107689800
2022-09-21,150.7742156982422,155.69802002410492,150.6565200858437,154.32483969180942,101696800
2022-09-22,149.81298828125,151.50983141556574,148.0180554999838,149.45988650515864,86652500
2022-09-23,147.5472412109375,148.5673196468233,145.71308157487604,148.29268659863374,96029900
2022-09-26,147.8807373046875,150.82324708343862,146.77238716545008,146.79200808789446,93339400
2022-09-27,148.85174560546875,151.75502830388234,147.0764338903238,149.81297617549825,84442700
2022-09-28,146.96856689453125,147.75323924438212,142.06438341593866,144.81072915722658,146691400
2022-09-29,139.7495880126953,143.90834038923484,137.9840792223541,143.3002265150421,128138200
2022-09-30,135.5516815185547,140.35779219236593,135.3555170957511,138.5726615221653,124925300
2022-10-03,139.72021484375,140.32834390512355,135.05143653979655,135.56147592361143,114311700
2022-10-04,143.30023193359375,143.41792753527417,141.4954812316815,142.25072959734777,87830100
2022-10-05,143.59446716308594,144.55569777280346,140.2694318056122,141.30913113651346,79471000
2022-10-06,142.64309692382812,144.712663290669,142.43712956504083,143.0158197187154,68402200
2022-10-07,137.40541076660156,140.3577388347644,136.7776758724346,139.80845770678545,85925600
2022-10-10,137.72909545898438,139.1709266873786,135.91455644051044,137.72909545898438,74899000
2022-10-11,136.31671142578125,138.64130511141832,135.57128075188317,137.21907959935803,77033700
2022-10-12,135.68898010253906,137.67027493258615,135.5124366353625,136.46384967439388,70433700
2022-10-13,140.24984741210938,140.8383404618952,131.7950247428473,132.4031536839207,113224000
2022-10-14,135.7281951904297,141.75053227831364,135.5418338120233,141.5445499741852,88598000
2022-10-17,139.68092346191406,140.16152374746147,137.58193404215913,138.3666062011952,85250900
2022-10-18,140.99525451660156,143.8887193551449,137.91542833833753,142.70191550699425,99136600
2022-10-19,141.10317993164062,142.1722884311379,138.78840452952474,138.97476591255997,61758300
2022-10-20,140.64218139648438,143.0942732786787,139.91635681145763,140.27927658716155,64522000
2022-10-21,144.4478302001953,145.0167173026428,139.9163543059083,140.1321395849877,86548600
2022-10-24,146.58604431152344,147.3510957532076,143.2021606323234,144.3693587197694,75981900
2022-10-25,149.420654296875,149.56778877679034,146.4977652190575,147.21377179556336,74732300
2022-10-26,146.48797607421875,149.07738452163943,145.20306734701933,148.06712385627637,88194300
2022-10-27,142.025146484375,146.1937021462339,141.36798774070627,145.23248644302674,109180200
2022-10-28,152.7554931640625,154.48176014348397,144.98726930709842,145.35997702745019,164762400
2022-10-31,150.40150451660156,151.2842665764986,149.0087181195706,150.22496108445085,97943200
2022-11-01,147.76303100585938,152.4710497811702,146.27217011734126,152.10814502054632,80379300
2022-11-02,142.25074768066406,149.25392123210702,142.2213237765035,146.0956258102425,93604600
2022-11-03,136.21859741210938,140.06347524662803,136.0910838596121,139.3376507448135,97918500
2022-11-04,135.953369140625,140.1681329812126,132.02351325557115,139.59830207893455,140814800
2022-11-07,136.48390197753906,136.70986450810662,133.290893862987,134.70564447233622,83374600
2022-11-08,137.05369567871094,138.9498435557623,135.0789489012502,137.94774130575934,89908500
2022-11-09,132.50489807128906,136.12037292800636,132.22980938548775,136.07124673599705,74917800
2022-11-10,144.29446411132812,144.29446411132812,137.05371017047622,138.7632027049217,118854000
2022-11-11,147.0747833251953,147.3793446123761,141.8382510579549,143.2628351295347,93979700
2022-11-14,145.67974853515625,147.64467637079764,144.8446482085248,146.35765103704608,73374100
2022-11-15,147.4088592529297,150.89660867721872,145.95481705312972,149.5506380930854,89868300
2022-11-16,146.1807861328125,147.2418488642614,144.70709039322372,146.51483522710427,64218300
2022-11-17,148.07691955566406,148.82358651784583,143.58705356948877,143.8621421866718,80389400
2022-11-18,148.636962890625,150.02224064395415,147.34011828521793,149.63908030699184,74829600
2022-11-21,145.41445922851562,147.73307435769456,145.12955132737417,147.52676535819396,58724100
2022-11-22,147.54638671875,147.7821833963105,144.353379792247,145.5323481888436,51804100
2022-11-23,148.42076110839844,149.16742793618715,146.72108854026487,146.82916011979242,58301400
2022-11-25,145.51268005371094,146.26918120067512,144.5400357218998,145.70916976960694,35195900
2022-11-28,141.69094848632812,144.0685093862778,140.86568238708142,142.59481349853306,69246000
2022-11-29,138.6944122314453,142.27057984792378,137.8887997144492,141.7596944766532,83763800
2022-11-30,145.43409729003906,146.1119996275474,138.08527316426236,138.9203582971881,111380900
2022-12-01,145.70921325683594,146.51484082101652,144.0390276864429,145.61097586517099,71250400
2022-12-02,145.2179412841797,145.4046117654443,143.09581632538948,143.40039263183445,65447400
2022-12-05,144.0586700439453,148.27343309869434,143.21375058654476,145.17867816271277,68826400
2022-12-06,140.40391540527344,144.71693119940028,139.431270776129,144.49096870660432,64727200
2022-12-07,138.4684600830078,140.85584008868295,137.5449416476374,139.69653991914743,69721100
2022-12-08,140.14846801757812,141.00322179654424,138.62566097989853,139.8635600853956,62128300
2022-12-09,139.6670684814453,143.01727390300547,138.42915440090607,139.8439047836886,76097000
2022-12-12,141.9561767578125,141.96599599737974,138.58631867677312,140.19755844692216,70462700
2022-12-13,142.91903686523438,147.34012479055724,141.7106103631851,146.87836551906,93886200
2022-12-14,140.69863891601562,144.0881358235322,138.68458524913544,142.8011107216781,82291200
2022-12-15,134.10629272460938,139.3133532425607,133.6445335943197,138.63545090272245,98931900
2022-12-16,132.1511993408203,135.23613504981998,131.38487878191776,134.2929782040358,160156900
2022-12-19,130.04872131347656,132.82909551472687,129.01714637272462,132.74067737544078,79592600
2022-12-20,129.97998046875,130.91331820064397,127.61223880809378,129.08593469778208,77432800
2022-12-21,133.07470703125,134.41085828161889,130.42205800232537,130.64802045895354,85928000
2022-12-22,129.9111785888672,132.20032094511618,128.0150307307424,131.99401195090732,77852100
2022-12-23,129.54766845703125,130.0978457490201,127.3665977700706,128.62415014924704,63814900
2022-12-27,127.74977111816406,129.1055760060844,126.46274589439432,129.07610329036513,69007800
2022-12-28,123.82972717285156,128.73221899747332,123.66271014073895,127.39606774936588,85438400
2022-12-29,127.33715057373047,128.19188939568883,125.49012108364987,125.74555630862793,75703700
2022-12-30,127.6515121459961,127.67116561919678,125.19536018378078,126.15817798931155,77034200
2023-01-03,122.87673950195312,128.6044974020352,121.99252063798394,127.9953746812147,112117500
2023-01-04,124.14411926269531,126.40378887161263,122.88656686996354,124.66482384759799,89113600
2023-01-05,122.82762145996094,125.52939692056383,122.57218626779334,124.90062068574457,80962700
2023-01-06,127.34696960449219,128.00521863758777,122.69991942060877,123.80028171885589,87754700
2023-01-09,127.8676528930664,131.07049435820306,127.61221771125115,128.1820484933381,70790800
2023-01-10,128.4375,128.95820466182693,125.87326865028986,127.97574077291436,63896200
2023-01-11,131.1490936279297,131.1687321095965,128.17222961380043,128.94836939344688,69458900
2023-01-12,131.0705108642578,131.90559617413024,129.13505580606935,131.53227009080283,71379600
2023-01-13,132.39682006835938,132.55401787873402,129.35119119619432,129.71469801537842,57809700
2023-01-17,133.55615234375,134.88246968730516,131.77789498509242,132.46561675484807,63646600
2023-01-18,132.83889770507812,136.17926764063154,132.66204647795638,134.4206645548957,69672800
2023-01-19,132.89788818359375,133.86069855178562,131.42419241972087,131.7287538123279,58280400
2023-01-20,135.45228576660156,135.59966433835268,131.86629872212012,132.90770800117681,80223600
2023-01-23,138.6354522705078,140.806703627411,135.4817372209474,135.6978804326285,81760300
2023-01-24,140.0305633544922,140.64952034187644,137.83967329148908,137.84949253259393,66435100
2023-01-25,139.37228393554688,139.9322803802267,136.37576702094836,138.4192930644909,65799300
2023-01-26,141.43548583984375,141.72039372676826,139.41159795380088,140.65933109437518,54105100
2023-01-27,143.37091064453125,144.64811636457318,140.57089828761406,140.64949717713105,70555800
2023-01-30,140.49234008789062,142.99762607371383,140.34497649686972,142.41797596075202,64015300
2023-01-31,141.75967407226562,141.8088002532181,139.78492752410364,140.19756045993424,65874500
2023-02-01,142.87969970703125,144.03901475780756,138.84178798038548,141.44531098955775,77663600
2023-02-02,148.1751708984375,148.52884341135578,145.57163330132713,146.2888275489756,118339000
2023-02-03,151.7906494140625,154.62014981197694,145.23761799882098,145.43410775063012,154357300
2023-02-06,149.06922912597656,150.41521473457135,148.13589150827315,149.8945101165513,69858300
2023-02-07,151.93800354003906,152.50783427872634,147.99832954313612,147.99832954313612,83322600
2023-02-08,149.2559051513672,151.86926257026718,148.51905726950346,151.18154087876943,64120100
2023-02-09,148.2242889404297,151.62361983119905,147.78218328763404,151.08326181502397,56007100
2023-02-10,148.58836364746094,148.9130734935689,146.8270751036462,147.0632318137508,57450700
2023-02-13,151.3828582763672,151.78627208132363,148.49983612289876,148.52935383999073,62199000
2023-02-14,150.74325561523438,151.30412220458746,148.44078385852455,149.68057287811524,61707600
2023-02-15,152.83909606933594,153.00636811059493,150.42838780610393,150.6546952720313,65573800
2023-02-16,151.24508666992188,153.82306709582505,150.8908590911332,151.0482818929642,68167900
2023-02-17,150.10365295410156,150.54643357945778,148.43091780603734,149.90686323328694,59144100
2023-02-21,146.09896850585938,148.87375415444836,146.0300988341385,147.79138776370112,58867200
2023-02-22,146.52203369140625,147.5453493019233,144.80009726904348,146.4826667367167,51011300
2023-02-23,147.00416564941406,147.92909389742377,144.87881554222116,147.68310298099968,48394200
2023-02-24,144.35733032226562,144.82962872471046,143.38320079150859,144.75090982195374,55469600
2023-02-27,145.54791259765625,146.77786725557394,145.0854484451516,145.34128862301924,44998500
2023-02-28,145.04612731933594,146.68934528974674,144.47542643511753,144.69189970203135,50547000
2023-03-01,142.9797821044922,144.86899086128216,142.68458995191014,144.4754113339038,55479000
2023-03-02,143.57015991210938,144.3573339453376,141.59238308918532,142.0646965175798,52238100
2023-03-03,148.6080780029297,148.68679692265323,144.96741429678426,145.6660203114201,70732300
2023-03-06,151.36314392089844,153.79353555974586,150.99908214162087,151.32377696340643,87558000
2023-03-07,149.1689453125,151.55997057615258,148.70648104096165,151.2352606611938,56182000
2023-03-08,150.41851806640625,151.0089022608483,149.39520247867964,150.3594826497808,47204800
2023-03-09,148.17507934570312,152.06173267895514,147.82085183856077,151.097452526104,53833600
2023-03-10,146.1186065673828,148.51948035027368,145.24287949222287,147.8011910673905,68572400
2023-03-13,148.05706787109375,150.6842500131036,145.33148332105827,145.43971996424668,84457100
2023-03-14,150.1430206298828,150.94002884188114,147.6929605728649,148.85403055723415,73695900
2023-03-15,150.53663635253906,150.79246155107444,147.51586009545082,148.76549840164833,77167900
2023-03-16,153.3507537841797,153.95097226183628,149.20825986230471,149.71992520737962,76161100
2023-03-17,152.51438903808594,154.22649145558808,151.80593390078133,153.57707174404283,98944600
2023-03-20,154.87591552734375,155.28919358755078,151.6780327765039,152.5832927983786,73641400
2023-03-21,156.72572326660156,156.84379409579418,154.0296575586552,154.79716299068696,73938300
2023-03-22,155.2990264892578,159.5399085601911,155.27934300701256,156.7454546452784,75701800
2023-03-23,156.38136291503906,158.9593583364734,155.15140813839363,156.28297554136526,67622100
2023-03-24,157.68016052246094,157.76871363949698,155.31865398361174,156.31245177434306,59196500
2023-03-27,155.74179077148438,158.19186606543823,155.33836200567538,157.37517430078694,52390300
2023-03-28,155.12188720703125,155.94842821050446,153.47866946121147,155.43676283008696,45992200
2023-03-29,158.19186401367188,158.46737267599337,156.7946372221569,156.8143056879684,51305700
2023-03-30,159.75636291503906,159.86459953343115,158.68384597812414,158.93967116064357,49501700
2023-03-31,162.2556610107422,162.35406341845376,159.3136181978193,159.83511792767183,68749800
2023-04-03,163.5052947998047,163.62336567436975,161.58656801762768,161.6357692200628,56976200
2023-04-04,162.97393798828125,164.16452584406122,162.4622725801105,163.92838412805693,46278300
2023-04-05,161.1339111328125,162.40323287933546,159.20535043705326,162.0982064947886,51511700
2023-04-06,162.01950073242188,162.31469290771022,159.40215313314846,159.82525040692016,45390100
2023-04-10,159.43162536621094,159.43162536621094,157.51289929536236,158.83140695285897,47716900
2023-04-11,158.22137451171875,159.7563555644006,157.93601661540757,159.74652133194326,47644200
2023-04-12,157.53260803222656,159.4611686435216,157.21773241416443,158.6346426672523,50133100
2023-04-13,162.90505981445312,163.14121655398105,158.83144989570576,159.0380889195549,68445600
2023-04-14,162.5607147216797,163.65291546756285,161.19300523035756,161.95064677326437,49386500
2023-04-17,162.580322265625,162.73776006518966,161.39956879707992,162.44256794452966,41516200
2023-04-18,163.8004608154297,164.7253892225956,162.99360326395418,163.43639900098648,49923000
2023-04-19,164.94189453125,165.46339426405493,162.88539830559142,163.14123856145014,47720200
2023-04-20,163.97755432128906,165.17799130758831,162.9050374280842,163.4265370188754,52456400
2023-04-21,162.37371826171875,163.78077935638615,161.85221862385353,162.4032359760057,58337300
2023-04-24,162.67874145507812,162.9444158925364,161.26183114076272,162.35403159020615,41949600
2023-04-25,161.14373779296875,163.64299896057264,161.10437083745688,162.54096443175132,48714100
2023-04-26,161.1339111328125,162.6295403559192,160.1893142654478,160.44513945575562,45498800
2023-04-27,165.7093505859375,165.85693915334915,162.5409858833323,162.5409858833323,64902300
2023-04-28,166.95899963378906,167.12628672150765,165.18787649470852,165.78809511844986,55275900
2023-05-01,166.87042236328125,167.71663185783257,165.9356597273935,166.56539597816914,52472900
2023-05-02,165.83726501464844,167.6182522416185,164.8533011388869,167.36241202489828,48425700
2023-05-03,164.76470947265625,168.17906452442512,164.47936662159927,166.78183794919684,65136000
2023-05-04,163.13134765625,164.36130237503923,161.67508547315035,162.24578626436005,81235400
2023-05-05,170.78660583496094,171.504895212846,168.02165491497223,168.23812815446027,113453200
2023-05-08,170.7177276611328,171.06212101363838,169.35001851271124,169.71408033203093,55962800
2023-05-09,169.0154571533203,170.75706217667226,168.84818511789587,170.27492954930042,45326900
2023-05-10,170.77674865722656,171.23921282792068,169.14336520388548,170.24541483030967,53724500
2023-05-11,170.9636993408203,171.7902252766967,169.4090348343318,171.0621017201797,49514700
2023-05-12,170.0375213623047,171.50564580777203,168.49055408757272,171.07210045600348,45533100
2023-05-15,169.54481506347656,170.6680845320844,168.95361427584695,170.61881529397183,37266700
2023-05-16,169.54481506347656,170.5991045917547,169.27877320555717,169.4659872894686,42110300
2023-05-17,170.1557159423828,170.3921842356942,167.91902478069315,169.1901019966857,57951600
2023-05-18,172.4811248779297,172.66833901247392,170.04737119858373,170.46120584790356,65496700
2023-05-19,172.5894775390625,173.80142270664055,172.37270490292832,173.80142270664055,55809500
2023-05-22,171.64358520507812,172.14611049896482,170.90459157041087,171.42681253611994,43570900
2023-05-23,169.04232788085938,170.83562631420236,168.7664381272472,170.58929510312979,50747300
2023-05-24,169.3182373046875,169.8897275849513,168.01761617725649,168.57924358561866,45143500
2023-05-25,170.4513397216797,171.3479738482291,169.17041449607095,169.8798495430277,56058300
2023-05-26,172.85552978515625,173.19055165787438,170.56958397024448,170.77650880236848,54835000
2023-05-30,174.6980743408203,176.36327550868927,173.97879151124883,174.36306754730614,55964400
2023-05-31,174.6488494873047,176.7180379211288,174.16603484344822,174.72767728843633,99625300
2023-06-01,177.4470977783203,177.4766563125608,174.33346853620458,175.0921726630498,68901800
2023-06-02,178.29454040527344,179.11236188910445,176.62933889294345,178.37336820267623,61996900
2023-06-05,176.94464111328125,182.2358308287415,175.4272324012079,179.949884959394,121946500
2023-06-06,176.58006286621094,177.4766970018392,174.82617090162998,177.328904296753,64848400
2023-06-07,175.21047973632812,178.55073052308683,174.71781728969785,175.82137635899298,61944600
2023-06-08,177.9200897216797,178.1861165677113,174.85572927872582,175.2892595209165,50214900
2023-06-09,178.30438232421875,179.55573399442156,177.9792233362159,178.83645110058313,48900000
2023-06-12,181.0928497314453,181.19138823156914,178.31424143935143,178.60984190485868,54274900
2023-06-13,180.61988830566406,181.4475575367352,179.76266053311636,180.11737806569877,54929100
2023-06-14,181.25048828125,181.68403358526143,179.34881869349235,180.67899811094975,57462900
2023-06-15,183.2802734375,183.78279874291368,181.08300318978328,181.26036948430115,65433200
2023-06-16,182.20626831054688,184.245897953939,181.56581317602513,183.98970387223915,101256200
2023-06-20,182.294921875,183.3689372512462,181.70373606119196,181.70373606119196,49799100
2023-06-21,181.2603759765625,182.68909408055805,179.91047063421516,182.18656875714527,49515700
2023-06-22,184.25572204589844,184.304991288712,180.97458893469445,181.04356888160584,51245300
2023-06-23,183.94041442871094,184.807505007212,182.29492392440986,182.82700770116728,53117000
2023-06-26,182.55111694335938,185.2903184900679,182.51169553463515,184.08822111663613,48088700
2023-06-27,185.3001708984375,185.6253298715582,182.94524533692336,183.1620179856705,50730800
2023-06-28,186.47271728515625,187.11317238738192,184.84693738882143,185.17208134019785,51216800
2023-06-29,186.80772399902344,187.2806907250245,186.16726889716722,186.3052137668684,46347300
2023-06-30,191.1234588623047,191.62596911406445,188.45322195229386,188.81780236383452,85213200
2023-07-03,189.6356201171875,191.0347795474039,188.9458807202263,190.93624105216273,31458200
2023-07-05,188.52223205566406,190.14801227448265,187.82264469773918,188.75871546570897,46920300
2023-07-06,188.99517822265625,189.2021030796526,186.42347947497262,187.05408684814694,45094300
2023-07-07,187.88174438476562,189.84254634486774,187.4482140588147,188.601042385603,46815000
2023-07-10,185.84210205078125,187.2018550195119,184.2951349736181,186.48255712554894,59922200
2023-07-11,185.31988525390625,186.5219826806886,183.86160879849567,186.384037813756,46638100
2023-07-12,186.98509216308594,188.88676181703667,185.70416691161034,186.89640150427806,60750200
2023-07-13,187.7437744140625,188.38424453327508,186.99493300399138,187.7043680387378,41342300
2023-07-14,187.89158630371094,188.37438582770977,186.8471444335954,187.4383302857117,41616200
2023-07-17,191.14315795898438,191.46831693797242,188.9951421376018,189.08381775872684,50520200
2023-07-18,190.88697814941406,191.47817907078496,189.5962050071137,190.5125649317522,48288200
2023-07-19,192.2368621826172,195.3209183853995,189.82280454932882,190.26621270882248,80507300
2023-07-20,190.29580688476562,193.5867885139367,189.67504737311495,192.22703531122195,59581200
2023-07-21,189.12326049804688,192.10879369152832,188.42367321559357,191.25156585425083,71951700
2023-07-24,189.92135620117188,192.04966138875844,189.4286937985748,190.57167418096722,45377800
2023-07-25,190.77859497070312,191.58656857428397,190.08887057427083,190.49285737606127,37283200
2023-07-26,191.64569091796875,192.76896069007793,190.48301476563847,190.82786945588313,47471900
2023-07-27,190.38446044921875,194.30604897209747,189.72429463258098,193.1433729163405,47460200
2023-07-28,192.9561767578125,193.74443968391378,191.2909752730755,191.81319626670884,48291400
2023-07-31,193.56704711914062,193.6064685292723,192.394508242959,193.18277106210203,38824100
2023-08-01,192.73941040039062,193.8429695122176,192.41425136889904,193.36016991822595,35175100
2023-08-02,189.7538604736328,192.31569604997566,189.03457754647138,192.17775117305615,50389300
2023-08-03,188.36456298828125,189.54694988427917,187.89161123685508,188.75870197685728,61235200
2023-08-04,179.3192901611328,184.63019095429203,179.25031019901363,182.79748597555601,115956800
2023-08-07,176.22532653808594,180.44251500174,174.74733950545405,179.45719031331873,97576100
2023-08-08,177.16143798828125,177.6245419410217,174.97401528572274,177.05305163689803,67823000
2023-08-09,175.57504272460938,178.2748232727554,174.41235154839882,178.21570618554995,60378500
2023-08-10,175.35824584960938,178.0974474344709,174.99368050557445,176.84608080013524,54686900
2023-08-11,175.41744995117188,176.2363757071569,174.1940069392339,174.95373578240464,52036700
2023-08-14,177.065185546875,177.29211207450308,174.9438673937282,175.59506357405235,43675600
2023-08-15,175.08200073242188,177.08491002448199,174.68734458769583,176.4929258073929,43622600
2023-08-16,174.21372985839844,176.1574269074876,174.14465676238186,174.766254405872,46964900
2023-08-17,171.6780242919922,175.14117901733323,171.16495931429398,174.77612136953763,66062900
2023-08-18,172.1614990234375,172.76335939467492,169.6652621694116,170.0007213782545,61172200
2023-08-21,173.49351501464844,173.77965356611938,171.42154731254445,172.73380105146174,46311900
2023-08-22,174.8649444580078,175.30893640777694,173.89802631437342,174.69721483499137,42038900
2023-08-23,178.70301818847656,179.12728783194132,175.9502562936072,176.1377232252428,52722800
2023-08-24,174.0262908935547,178.68330576322634,173.66121814414575,178.25903609639087,54945800
2023-08-25,176.22650146484375,176.75928869570708,173.47373983758078,175.0129196769248,51449600
2023-08-28,177.7854461669922,178.1801023209798,176.1673318473753,177.68677460091166,43820700
2023-08-29,181.66299438476562,182.43258442181371,177.10465107991652,177.3019791564373,53003900
2023-08-30,185.14585876464844,185.34320186637345,182.27470331859433,182.47203136515444,60813900
2023-08-31,185.36294555664062,186.59626480914432,184.97815055206615,185.33334709899387,60794500
2023-09-01,186.9317626953125,187.3856158066575,185.7675013452281,186.96136115669725,45766500
2023-09-05,187.1685028076172,187.44476508042712,185.10639689444145,185.76745412260553,45280000
2023-09-06,180.46913146972656,186.32986658571798,179.04834537431464,185.88585963952747,81755800
2023-09-07,175.19053649902344,175.8318715643951,171.22417743783686,172.84229174782251,112488800
2023-09-08,175.80226135253906,177.83478423163749,175.41746632815568,175.97000602806156,65551300
2023-09-11,176.9665069580078,177.89396541040293,174.97345890425444,177.6670388917848,58953100
2023-09-12,173.9473114013672,177.72620255078303,172.4870659491005,177.09474383722204,90370200
2023-09-13,171.88522338867188,174.93398459835862,171.6582818339781,174.15451849429098,84267900
2023-09-14,173.3948211669922,173.75001770449512,171.26364194197464,171.67803539320033,60895800
2023-09-15,172.67457580566406,174.1446979390041,171.50046839224674,174.1249606133089,109259500
2023-09-18,175.59503173828125,176.98621921988467,173.81904932082622,174.12491003199494,67257600
2023-09-19,176.6803741455078,177.23289871202428,174.7662604292434,175.1510553991506,51826900
2023-09-20,173.14817810058594,177.3019893003594,173.05936766417838,176.86785847407558,58436200
2023-09-21,171.6089630126953,173.94734650075085,171.53990496478352,172.22069958579337,63149100
2023-09-22,172.45750427246094,174.71695374662696,171.7273888544839,172.33911043282527,56725400
2023-09-25,173.73028564453125,174.60840835340898,171.82603288281885,171.87536866413782,46172700
2023-09-26,169.665283203125,172.86203732750283,169.36928354767613,172.48711848209095,64588900
2023-09-27,168.15567016601562,170.73084132501634,166.7940959712009,170.3164478696235,66921800
2023-09-28,168.41221618652344,169.7343308371659,165.38317681816312,167.08022534636603,56294400
2023-09-29,168.92529296875,170.76047278128746,168.0668924554359,169.72448150635748,51861100
2023-10-02,171.4313507080078,171.97401410977108,168.64897565996583,168.9351141150612,52164500
2023-10-03,170.09938049316406,171.31297744317223,168.54047825044546,169.96124934298015,49594600
2023-10-04,171.3425750732422,171.88523853747708,168.68846972057472,168.80686354725646,53020300
2023-10-05,172.5758514404297,173.10863858339098,170.37559967306632,171.4707874634735,48527900
2023-10-06,175.12147521972656,175.61480292776608,170.8689777300858,171.48071432556827,57266700
2023-10-09,176.6014404296875,176.6606373398207,173.45400756283908,174.45052401213385,42390800
2023-10-10,176.00946044921875,177.32171396949087,175.57532965392068,175.72333700059065,43698000
2023-10-11,177.40065002441406,177.44998580714199,175.23001108089,175.82199530812358,47551100
2023-10-12,178.2985076904297,179.90674578858014,176.6507798893927,177.6670488234186,56743100
2023-10-13,176.46331787109375,179.50220314362676,175.7627859383901,178.9990143278533,51427100
2023-10-16,176.3350372314453,176.6902337432856,174.15452238414363,174.39132507709223,52517000
2023-10-17,174.78602600097656,176.03908277453434,172.46739447379485,174.2926982221929,57549400
2023-10-18,173.49351501464844,175.2103011579656,172.7732606507149,173.23698998157923,54764400
2023-10-19,173.11856079101562,175.46679037407037,172.85215962113486,173.69080766680926,59302900
2023-10-20,170.57298278808594,173.07908076842247,170.33618008275127,172.97054807703984,64244000
2023-10-23,170.69139099121094,171.68790756499885,167.6623515662161,168.62928473640696,55980100
2023-10-24,171.12550354003906,171.35243005141567,169.1620540054936,170.74070856198063,43816600
2023-10-25,168.81674194335938,170.75057806188605,168.3727349771656,169.58633193718455,57157000
2023-10-26,164.66290283203125,169.09299056011605,163.45918215856796,168.0964590692853,70625300
2023-10-27,165.97518920898438,166.70531969794123,164.60373866788856,164.68267291441106,58499100
2023-10-30,168.01754760742188,168.88580920893756,166.61649869462795,166.76450604315932,51131000
2023-10-31,168.49111938476562,168.619374328328,165.65940861123508,167.09007075196132,44846000
2023-11-01,171.64842224121094,171.9049471971035,167.84979334743332,168.71805482147735,56934900
2023-11-02,175.20042419433594,175.4076134182441,173.11858048911532,173.17777741023195,77334800
2023-11-03,174.29266357421875,174.46040823420765,171.03671292563865,171.91483559510309,79829200
2023-11-06,176.8382568359375,177.035584920202,173.85856813665714,174.02629776104038,63841300
2023-11-07,179.39370727539062,180.00542885763969,176.5817331247381,176.78892234542403,70530000
2023-11-08,180.4494171142578,181.00194176498167,179.16676200069597,179.91662978825056,49340300
2023-11-09,179.97581481933594,181.6629871195562,179.3838155582821,180.51847829944086,53763500
2023-11-10,184.1548614501953,184.3228271167955,181.31943456996746,181.75413731292954,66133400
2023-11-13,182.5741424560547,183.7893232540613,181.9912524470517,183.58186108306094,43627500
2023-11-14,185.18234252929688,185.8442707665973,184.05607409829287,185.43920547847273,60108400
2023-11-15,185.74546813964844,187.21752694473682,185.51824264456812,185.5874067506803,53790500
2023-11-16,187.42503356933594,188.65997787206337,186.37778813762,187.28672041043063,54412900
2023-11-17,187.4052276611328,188.08691917335904,186.29872264128753,187.95848017105547,50922700
2023-11-20,189.14402770996094,189.598493753426,187.59294582194016,187.60281994734135,46505100
2023-11-21,188.3437957763672,189.21320125507725,187.45464204586924,189.10452557023848,38134500
2023-11-22,189.0057373046875,190.60622016215154,188.53152295340232,189.18357710829596,39617700
2023-11-24,187.6818389892578,188.6006300326625,186.97051008307392,188.57099258448812,24048300
2023-11-27,187.5040283203125,188.37343380166539,186.6247487130357,187.63246733233092,40552600
2023-11-28,188.10667419433594,188.77849160556613,187.11871894105684,187.49414676130317,38415400
2023-11-29,187.08908081054688,189.77632029571453,186.69390474066958,188.6006511365786,43014200
2023-11-30,187.662109375,188.02766309314677,185.92331344476767,187.55343368717286,48794400
2023-12-01,188.9365692138672,189.25270705783993,186.95076949469112,188.0375263099119,45704800
2023-12-04,187.14834594726562,187.7608884211111,185.19219887595256,187.69172432124148,43389500
2023-12-05,191.09033203125,192.05852410413522,187.88935110201328,187.91900363307386,66628400
2023-12-06,190.00355529785156,192.4141533735728,189.79607806848605,192.10788966712872,41089700
2023-12-07,191.93006896972656,192.6512720749557,191.2582515665674,191.29777821822415,47477700
2023-12-08,193.35272216796875,193.62934842275146,191.33728508312288,191.86090014217592,53406400
2023-12-11,190.85317993164062,191.15945870925907,189.11438419177532,190.78403090604945,60943700
2023-12-12,192.36477661132812,192.3746507369947,189.4107849369075,190.75440470261375,52696900
2023-12-13,195.57565307617188,195.61516465825315,192.5031112505093,192.74021089300243,70404200
2023-12-14,195.7238311767578,197.21563829918102,193.79732129680679,195.6349188149913,66831600
2023-12-15,195.19033813476562,196.01032777733312,194.62719637119332,195.1508114803035,128538400
2023-12-18,193.5305938720703,194.26168633726434,192.04866068654474,193.72818194847295,55751900
2023-12-19,194.5679168701172,194.5777909959987,193.53056080250687,193.79731295132126,40714100
2023-12-20,192.4833221435547,195.2989855460905,192.4833221435547,194.5283816611859,52242800
2023-12-21,192.33509826660156,194.7061996333918,191.16931844438724,193.73800782299358,46482500
2023-12-22,191.2681427001953,193.0563392932213,190.64572606781581,192.82909873139974,37149600
2023-12-26,190.7247772216797,191.55465607108982,190.50742584564344,191.2780297879531,28919300
2023-12-27,190.82354736328125,191.16933772508392,188.78836199381533,190.17150836602553,48087700
2023-12-28,191.24838256835938,192.31537606668746,190.84331729052167,191.80163510638113,34049900
2023-12-29,190.2110137939453,192.05848519728596,189.42064661751613,191.56450759639273,42672100
2024-01-02,183.4040069580078,186.17028459685415,181.6750853181039,184.89581391743906,82488700
2024-01-03,182.03074645996094,183.64111826756874,181.22061595613366,182.0011090098209,58414500
2024-01-04,179.71893310546875,180.88471299934187,178.70134046081682,179.95603270422265,71983600
2024-01-05,178.99771118164062,180.5586821654936,177.99988188294327,179.79796753554595,62379700
2024-01-08,183.32498168945312,183.36450834315934,179.313885613353,179.89677561800764,59144500
2024-01-09,182.91001892089844,182.91989304556353,180.52904335165846,181.7047124117811,42841800
2024-01-10,183.94735717773438,184.154819300754,181.70469494439152,182.12952346414278,46792900
2024-01-11,183.3546142578125,184.7970355796361,181.4083411771675,184.29316874581366,49128400
2024-01-12,183.68064880371094,184.49077939116623,182.95944565085554,183.81896194364214,40477800
2024-01-16,181.41822814941406,182.04062970854807,178.7507369031224,179.96593271976667,65603000
2024-01-17,180.4796600341797,180.72664884969066,178.12833676151584,179.08665457169852,47317400
2024-01-18,186.35801696777344,186.86186875433015,183.59173905481111,183.84860201119264,78005800
2024-01-19,189.25271606445312,189.63801803091337,186.5457281731689,187.04957995238564,68903000
2024-01-22,191.5546417236328,192.97729968749402,189.94426985134535,189.98379650311966,60133900
2024-01-23,192.8291015625,193.39224330006388,191.49537099853464,192.67104017695664,42355600
2024-01-24,192.1573028564453,194.01466361551059,191.99922639290756,193.06621990928542,53631300
2024-01-25,191.83126831054688,193.90598035718745,190.78403816176663,192.86862433386716,54822100
2024-01-26,190.10232543945312,192.41413683944202,189.6281111952244,191.93004847085402,44594000
2024-01-29,189.420654296875,189.88499446653958,187.29655655692048,189.69728055859,47145600
2024-01-30,185.7751007080078,189.4898221386195,185.21197404804863,188.6401800108733,55859400
2024-01-31,182.17893981933594,184.846431021382,182.12955411744667,184.7871410441138,55467800
2024-02-01,184.60931396484375,184.6982263171025,181.6059367135455,181.77388729281213,64885400
2024-02-02,183.61146545410156,185.0736348136651,177.09095561888776,177.69360884630905,102551700
2024-02-05,185.41943359375,186.97053056814926,183.60159955655655,185.88377376602236,69668800
2024-02-06,187.0199432373047,187.02981736340615,184.5204175084795,184.6093298683978,43490800
2024-02-07,187.1286163330078,188.74886241631054,186.33824908078662,188.3437971267345,53439000
2024-02-08,186.0517578125,187.25704946443747,185.0934399218184,187.1088621926835,40962000
2024-02-09,186.81341552734375,187.941120969739,185.9725760341758,186.6155602859614,45155200
2024-02-12,185.13174438476562,186.63535673641036,184.77562606711913,186.3880527684402,41781900
2024-02-13,183.04454040527344,184.20193652458948,181.53104098061684,183.7666790257424,56529500
2024-02-14,182.16409301757812,183.52921572281525,180.4725423642709,183.32148884677065,54630500
2024-02-15,181.87725830078125,182.50046922442786,179.39433152096026,181.57060374922136,65434500
2024-02-16,180.34393310546875,182.85654973235168,179.7108355866275,181.44196326564102,49752500
2024-02-20,179.60205078125,180.46266385305907,178.0588762686663,179.82956623009554,53665600
2024-02-21,180.35386657714844,180.91771184255438,178.71176441081158,179.97795967071906,41371400
2024-02-22,182.38172912597656,182.9653779737103,180.49233824441416,181.50132758611662,52292200
2024-02-23,180.55169677734375,183.04451006700117,180.2648157032703,183.0148347964746,45119700
2024-02-26,179.20635986328125,180.78909628027105,178.7018500832812,180.27471486922383,40867400
2024-02-27,180.66049194335938,181.9365737231629,177.62359209867634,179.14699293032547,54318900
2024-02-28,179.46356201171875,181.145226165725,178.18748003378263,180.54180381169616,48953900
2024-02-29,178.80078125,180.6011615069905,177.59393659501978,179.31517776545977,136682600
2024-03-01,177.72254943847656,178.58316252471684,175.46713817545924,177.61373507516265,73563100
2024-03-04,173.21173095703125,174.99230771576262,171.91584529303745,174.25039570154502,81510100
2024-03-05,168.28541564941406,170.18470849670402,167.79080766540406,168.91851326517738,95132400
2024-03-06,167.2961883544922,169.39333632878757,166.86093094295472,169.21526961759642,68587700
2024-03-07,167.177490234375,168.88882954707424,166.67299554984157,167.32586658446218,71765100
2024-03-08,168.8888397216797,171.82681238429842,167.11814976227143,167.17750030588184,76267000
2024-03-11,170.88705444335938,172.49948126334272,170.1946063009313,171.07500788792643,60139500
2024-03-12,171.3618621826172,172.15323790323208,169.16580172767317,171.28272310113206,59825400
2024-03-13,169.2845458984375,171.32232852748163,168.9185256992457,170.90685960163916,52488700
2024-03-14,171.1343536376953,172.43022407386235,170.19460153541087,171.04532782778392,72913500
2024-03-15,170.75845336914062,170.75845336914062,168.45357838204507,169.3240932528417,121752700
2024-03-18,171.8465576171875,175.7935338090815,171.64871749027145,173.67661275318792,75604200
2024-03-19,174.18113708496094,174.70542030322298,171.16402557801365,172.45989598897214,55215200
2024-03-20,176.74319458007812,176.74319458007812,173.20180001631465,173.82501083363408,53423100
2024-03-21,169.52194213867188,175.57595436020992,168.9976588629672,175.14069690243886,106181300
2024-03-22,170.42210388183594,171.18380430580046,168.22604350725265,169.90770741812418,71160100
2024-03-25,169.00755310058594,170.085794876263,167.6226416976105,168.73057383883838,54288300
2024-03-26,167.87986755371094,169.57141859748938,167.7512646331731,168.16673357540358,57388400
2024-03-27,171.44100952148438,171.72789059246503,168.27552158079686,168.5722893771007,60273300
2024-03-28,169.6307373046875,170.37264922530974,168.67119667981044,169.89782982249778,65672700
2024-04-01,168.19638061523438,169.40322523760474,167.65230884379906,169.3438746978549,46240500
2024-04-02,167.0192108154297,167.51381877100314,166.41578850586058,167.25662806803024,49329500
2024-04-03,167.8204803466797,168.83937157047524,166.7620271262386,166.9697540235435,47691700
2024-04-04,166.9994354248047,170.06599565718972,166.9994354248047,168.4535689105981,53704400
2024-04-05,167.75125122070312,168.55251376624304,167.12804031006615,167.76113794678497,42104800
2024-04-08,166.6334228515625,167.37533481002382,166.4256959559663,167.20716991074772,37425500
2024-04-09,167.8402557373047,168.2458378687617,166.53449863101693,166.88071513080217,42373800
2024-04-10,165.9706573486328,167.26652787853376,165.30788444762385,166.97966188332379,49709300
2024-04-11,173.15234375,173.5678277091418,166.34654865134516,166.5246002673459,91070300
2024-04-12,174.64608764648438,176.43656618963917,172.33132583138607,172.38077455594663,101670900
2024-04-15,170.82766723632812,174.72517963690404,170.63971383210225,173.46887143042125,73531800
2024-04-16,167.5533905029297,171.88614579113815,166.45536027289515,169.8978273072319,73711200
2024-04-17,166.18829345703125,168.8097099054139,166.18829345703125,167.78093187309736,50901200
2024-04-18,165.2386016845703,166.8213530127437,164.75389559967167,166.21793076697907,43122900
2024-04-19,163.2206268310547,164.60552308162337,162.31054999578998,164.41758473594675,68149400
2024-04-22,164.05154418945312,165.45622881020677,162.9930911354229,163.7350029833429,48116400
2024-04-23,165.10012817382812,165.24851961582092,163.14148491226467,163.56685559955991,49537800
2024-04-24,167.197265625,167.4742448528629,164.41757152765254,164.7439994721628,48251800
2024-04-25,168.05789184570312,168.77012851479734,166.33665071301928,167.70177351115603,50558300
2024-04-26,167.47427368164062,169.49226770262163,167.35555749623813,168.04802077933093,44838400
2024-04-29,171.62896728515625,174.13168243053624,171.2332869429431,171.5003643815301,68169400
2024-04-30,168.49313354492188,173.10288291918897,168.16669051085722,171.46078102452523,65934800
2024-05-01,167.47427368164062,170.84750390177777,167.28632022447192,167.75125295718234,50383100
2024-05-02,171.16403198242188,171.54982559320527,169.04711048582428,170.64963546996492,94214900
2024-05-03,181.4024200439453,184.98337684032407,180.69018337477516,184.637145231003,163224100
2024-05-06,179.75042724609375,182.21356516877455,178.47433028646978,180.38352481626606,78569700
2024-05-07,180.43296813964844,182.9060078076493,179.36462828599997,181.47164781905605,77305800
2024-05-08,180.7693328857422,181.09577596912635,179.49323582394607,180.87814724687024,45057100
2024-05-09,182.57955932617188,182.66858512159362,180.1460819250017,180.59122599634512,48983000
2024-05-10,181.32156372070312,183.34229448527321,180.4102525825865,183.1540861312051,50759500
2024-05-13,184.52108764648438,185.33335221774516,182.8767582325011,183.68902280376187,72044800
2024-05-14,185.66021728515625,186.52201273815805,184.53098214319476,185.7394637127145,52393600
2024-05-15,187.92860412597656,188.84981551266446,185.60078753373725,186.13569714479723,70400000
2024-05-16,188.0474395751953,189.2955517477419,187.86914647323638,188.6714956614686,52845200
2024-05-17,188.07717895507812,189.00830557822601,187.39369174809892,187.72057759120682,41282900
2024-05-20,189.23611450195312,190.10781001398533,187.22528381236822,187.54226949481966,44361300
2024-05-21,190.5337677001953,190.91016932460286,189.11726241831752,189.28565540299905,42309400
2024-05-22,189.09744262695312,190.99932654838926,188.47340160760692,190.45451683728567,34648500
2024-05-23,185.1154022216797,189.1964945447871,184.86776283091424,189.17667916140735,51005900
2024-05-24,188.18612670898438,188.7804673088457,186.26444256610336,187.0370913918068,36327000
2024-05-28,188.19606018066406,191.17763337385156,187.31446444482384,189.70169698060212,52280100
2024-05-29,188.49319458007812,190.4346940804733,187.72056087959155,187.81962268312432,53068000
2024-05-30,189.4837646484375,190.36536034504638,188.83000809203267,188.9587703074631,49889100
2024-05-31,190.4346923828125,190.7516780595243,188.1167913020161,189.6323431713606,75158300
2024-06-03,192.19789123535156,193.14883318833753,190.7021546904014,191.07855630297723,50080500
2024-06-04,192.51487731933594,193.47571940906454,191.2073340206378,192.80213237542046,47471400
2024-06-05,194.0205078125,195.04078090785526,193.02995023528447,193.55494454203196,54156800
2024-06-06,192.64364624023438,194.64457691185422,192.33657578915964,193.8422276391208,41181800
2024-06-07,195.03089904785156,195.08042995429523,192.3068654552658,192.8120444256859,53103900
2024-06-10,191.29647827148438,195.4370168860641,190.3356361933404,195.04078477848907,97010200
2024-06-11,205.19398498535156,205.20390023400174,191.80165814772772,191.82145841561143,172373300
2024-06-12,211.05812072753906,218.1207863262847,204.94636687125956,205.41193016487838,198134300
2024-06-13,212.2170867919922,214.70338117421306,209.6020150722442,212.71236564129833,97862700
2024-06-14,210.48361206054688,213.13829945342002,209.30484597389386,211.8307711431916,70122700
2024-06-17,214.62411499023438,216.88258512602053,210.71141546378874,211.35527186274084,93728300
2024-06-18,212.2666015625,216.56563344094587,210.9887887879192,215.53544497511416,79943300
2024-06-20,207.70013427734375,212.21709015086526,206.8779846754286,211.91000456307782,86172500
2024-06-21,205.5308074951172,209.88925500861833,205.1543907600995,208.40341856791886,241805100
2024-06-24,206.17465209960938,210.69159220230495,204.63928484253907,205.75861973380415,80727000
2024-06-25,207.0959014892578,209.3840873125504,206.64023830581658,207.1751328027417,55549700
2024-06-26,211.2364044189453,212.8312027309874,208.65104852463386,209.5029286499739,66213200
2024-06-27,212.07839965820312,213.70291360533915,210.34492376459474,212.66282504623206,49772700
2024-06-28,208.63125610351562,214.02980761283354,208.3142855019514,213.73263728250333,82542700
2024-07-01,214.70335388183594,215.45617219578955,209.91895899194967,210.08735196554287,60402900
2024-07-02,218.19012451171875,218.29908645117231,213.0689435868198,214.1090169642201,58046200
2024-07-03,219.4580535888672,219.4580535888672,216.9618440422543,217.92268618597842,37369800
2024-07-05,224.20278930664062,224.31175124030364,219.55707203955853,219.55707203955853,60412400
2024-07-08,225.66885375976562,225.69856928044194,221.14199799041046,224.9457357840812,59085900
2024-07-09,226.52072143554688,227.23392416937492,224.23253562897796,225.77780318070188,48076100
2024-07-10,230.78012084960938,230.87918266211804,227.08534498663496,227.1348758928893,62627700
2024-07-11,225.42120361328125,230.19568345608255,223.63819688403007,229.2051258414663,64710600
2024-07-12,228.36314392089844,230.44332094014862,226.5207061684713,226.7584454352943,53046500
2024-07-15,232.1867218017578,234.99000194235262,230.88909361652622,234.2470836578572,62631300
2024-07-16,232.60276794433594,234.03907359612094,230.13627381333595,232.78106107648213,43234300
2024-07-17,226.71884155273438,229.2744821236097,224.49998695797876,227.2834515580279,57345900
2024-07-18,222.0631866455078,228.2640866473074,220.1712331922365,228.10559381010606,66034600
2024-07-19,222.19198608398438,224.65848009632384,221.1717129043359,222.6971801635164,49151500
2024-07-22,221.84530639648438,225.62922890399747,220.98351093014816,224.86649525231948,48201800
2024-07-23,222.8853759765625,224.7971601400939,220.57737479075328,222.25141967209163,39960300
2024-07-24,216.4764404296875,222.67734036905603,215.07976577070053,221.88489130573666,61777600
2024-07-25,215.43638610839844,218.76466037633443,212.59347540961954,216.86277641061952,51391200
2024-07-26,215.90194702148438,217.41749898154802,213.9703475571551,216.6349499920164,41601300
2024-07-29,216.17930603027344,217.22929471632008,213.71281205128278,214.91139345300462,36311800
2024-07-30,216.73402404785156,218.24957609355639,214.07932159795172,217.1203409396055,41643800
2024-07-31,219.98304748535156,221.70662325926872,218.54674189777583,219.34909118598728,50036300
2024-08-01,216.29818725585938,222.36039574716864,214.97084352071977,222.2514337919132,62501000
2024-08-02,217.78399658203125,223.46980270062375,215.65430376795194,217.08069402896655,105568600
2024-08-05,207.2939910888672,211.484045462397,194.14928763761037,197.21010696314244,119548600
2024-08-06,205.27325439453125,208.00720313955475,199.17143085232243,203.36148541473497,69660500
2024-08-07,207.8388214111328,211.62274392073394,204.4412006806638,204.94637966039352,63516400
2024-08-08,211.2958526611328,212.17744837655164,206.8581585633277,211.097744151489,47161100
2024-08-09,214.1981964111328,214.7330909034816,209.96851092003678,210.09728825409005,42201600
2024-08-12,215.7253875732422,217.68895741700473,213.81140595998042,214.27750808872153,38028100
2024-08-13,219.4344024658203,220.04925425523973,217.19314118814535,217.19314118814535,44155300
2024-08-14,219.88064575195312,221.1797757696837,217.87739912826086,218.7401920302427,41960600
2024-08-15,222.85577392578125,223.48055242779947,220.9120269929499,222.73677426147512,46414000
2024-08-16,224.1747283935547,224.94825642777528,221.79462933024135,222.06239369045758,44340200
2024-08-19,224.0160675048828,224.115243980586,221.18970440160442,223.84747960195193,40687800
2024-08-20,224.6309051513672,225.28543353253482,223.57970115675508,223.8970537532744,30299000
2024-08-21,224.5218048095703,226.08869912173634,223.1830133382552,224.64081959285892,34765500
2024-08-22,222.66734313964844,226.4457337259973,222.04256465043304,225.90029338876204,43695300
2024-08-23,224.9581756591797,226.32673228874265,222.46900358067504,223.78797197411373,38677300
2024-08-26,225.29534912109375,225.39452559231563,222.0326490158817,224.87883517993083,30602200
2024-08-27,226.13829040527344,226.95149505120298,223.0243400581704,224.1251322421701,35934600
2024-08-28,224.61109924316406,227.95313769677003,223.80780609600177,226.02922904592305,38052200
2024-08-29,227.8837127685547,230.98775191089825,226.9812734022471,228.1911537968638,51906300
2024-08-30,227.1002655029297,228.4886453526855,225.59287085733376,228.28039594132485,52990800
2024-09-03,220.9219512939453,227.10026429068756,219.335218503661,226.65400042223428,50190600
2024-09-04,219.0178680419922,219.94014563997789,215.67581475954933,219.82114598403248,43840200
2024-09-05,220.53518676757812,223.60946073514918,219.6823205428289,219.79140861107143,36615400
2024-09-06,218.9881134033203,223.37144384512357,217.9468210396507,222.0921370424939,48423000
2024-09-09,219.077392578125,219.4344067184307,214.91223769602945,218.98814282610013,67180000
2024-09-10,218.2840118408203,219.6426417511051,214.9320468059923,217.10388142289187,51591000
2024-09-11,220.8128662109375,221.2392917639212,216.08243282408242,219.6228241682371,44587100
2024-09-12,220.9219512939453,221.69547936785247,217.9964268983011,220.6541869199912,37455600
2024-09-13,220.6541748046875,222.18139254741286,220.06907298412548,221.72521710949164,36766600
2024-09-16,214.52545166015625,215.41797935337752,212.14535259122513,214.7436126542421,59357400
2024-09-17,214.99156188964844,215.10064996456288,212.72056577105593,213.96019610771708,45519300
2024-09-18,218.8592071533203,220.86245391858552,215.7353297749969,215.7452565018275,59894900
2024-09-19,226.97132873535156,227.91345980340301,222.7665127356472,223.12352684243388,66781300
2024-09-20,226.30686950683594,231.15630188440372,225.73167932081682,228.06218997691118,318679900
2024-09-23,224.59124755859375,227.54652178723228,223.9367191660146,225.4540253555904,54146000
2024-09-24,225.4838104248047,227.44739590867707,223.85741591623423,226.7531907665081,43556100
2024-09-25,224.4920654296875,225.40443143928672,222.16156973744518,223.06400902085235,42308700
2024-09-26,225.63255310058594,226.60441901953834,223.54005654723983,225.4143769570366,36636700
2024-09-27,225.90029907226562,227.6159582791164,225.41437368594384,226.56475422029098,34026000
2024-09-30,231.06707763671875,231.06707763671875,227.74486252768645,228.13162655878588,54541900
2024-10-01,224.33340454101562,227.74485413807125,221.88389405688537,227.615942887257,63285000
2024-10-02,224.89866638183594,225.48376819979168,221.16986421787885,224.01605029183685,32880600
2024-10-03,223.79786682128906,224.92840891217833,221.4673712198949,223.27226484855484,34044200
2024-10-04,224.91851806640625,226.10856009308668,222.27066963907552,226.00938361911108,37245100
2024-10-07,219.8509063720703,223.81772316941647,219.49389225502094,222.63759275105315,39505400
2024-10-08,223.89706420898438,224.10531361949606,221.3979653574062,222.43925780658088,31855700
2024-10-09,227.63577270507812,227.84403724277382,222.96485445261254,223.36153007501719,33591100
2024-10-10,227.13992309570312,227.59611368544336,225.28544108575701,225.89038125247495,28183500
2024-10-11,225.66229248046875,227.5068628874906,225.4540279414576,227.39777482080956,31759200
2024-10-14,229.3811798095703,229.8076053434174,226.70358155060512,226.80274288926017,39882100
2024-10-15,231.9100341796875,235.51983687729248,230.44230106244424,231.67201972311165,64751400
2024-10-16,229.857177734375,230.1943535005289,227.93326933706737,229.67867825777722,34082200
2024-10-17,230.22412109375,231.91003031839952,228.60765355789445,231.49350124327563,32993800
2024-10-18,233.05047607421875,234.2206797118992,232.0686835146529,234.2206797118992,46431500
2024-10-21,234.5181884765625,234.8851292946414,232.5050303027995,232.5050303027995,36254500
2024-10-22,233.9033660888672,234.2603802258017,230.67041566655348,231.94970749678197,38846600
2024-10-23,228.8456268310547,233.18929552056238,225.87051460694332,232.13809162252886,52287000
2024-10-24,228.6572265625,228.9051525928802,226.5151420282862,228.0721096303277,31109500
2024-10-25,229.49026489257812,231.28524701350278,227.665532857223,227.83412074973037,38802300
2024-10-28,231.4637451171875,232.78271346714027,230.62080565968694,231.38442210065006,36087100
2024-10-29,231.73150634765625,232.38603471678388,230.39271482775456,231.1662428522856,35417200
2024-10-30,228.19114685058594,231.53318522639518,227.64570650368097,230.68031899274527,47070900
2024-10-31,224.035888671875,227.92336713292326,223.5003599556127,227.43742665071557,64370100
2024-11-01,221.060791015625,223.4805517303345,218.44269248362247,219.13688241025088,65276700
2024-11-04,220.16824340820312,220.94177147156717,217.88733586004025,219.15671602208408,44944500
2024-11-05,221.59629821777344,222.09215031274817,219.3054639601429,219.9599923572388,28111300
2024-11-06,220.8723602294922,224.19457534628128,219.35505401685137,220.76327216240406,54561100
2024-11-07,225.59286499023438,225.9895557457087,222.7070172967094,222.7665171269793,42137700
2024-11-08,225.32484436035156,227.0125934634729,224.7788038758212,225.5333229051735,38328800
2024-11-11,222.61448669433594,224.07389700260043,219.90415975706793,223.3789433198207,42005600
2024-11-12,222.61448669433594,223.96468891324545,221.75075962779928,222.93218846295187,40398300
2024-11-13,223.49806213378906,225.01703765642938,221.15506473467502,222.39605879884869,48566200
2024-11-14,226.57574462890625,227.22105551450989,223.3789425502784,223.398802697962,44923900
2024-11-15,223.37892150878906,225.28508648780175,222.65418524957263,224.76882873863602,47923700
2024-11-18,226.37718200683594,228.08479108540536,223.54770942404784,223.62713486361545,44633700
2024-11-19,226.63528442382812,228.5017442258817,225.02696106605572,225.34464764897942,36211800
2024-11-20,227.35012817382812,228.27342054954684,224.26253412411586,226.41689814964724,35169600
2024-11-21,226.8735809326172,228.50176458087773,224.0838286281757,227.230987838277,42108300
2024-11-22,228.21385192871094,229.05773399756174,226.41689485035167,226.41689485035167,38168300
2024-11-25,231.19223022460938,231.5694972757357,228.08479132337303,229.79240040372403,90152800
2024-11-26,233.366455078125,233.87279036398945,231.6489234928732,231.6489234928732,45986200
2024-11-27,233.23739624023438,233.99193037541463,232.125470334311,232.78071887838198,33498400
2024-11-29,235.62010192871094,236.0966394139658,232.28430923421996,233.11825362062933,28481400
2024-12-02,237.86383056640625,239.0551819380818,235.45134517492735,235.5605532676808,48137100
2024-12-03,240.9017791748047,241.01098726633802,237.1787967118795,238.08224409194108,38861000
2024-12-04,241.2591552734375,242.3512360492442,239.51184118099928,241.12016455186688,44383900
2024-12-05,241.28895568847656,242.77814859306412,240.38552350615552,242.2321233137982,40033900
2024-12-06,241.09039306640625,242.86750503393802,240.33587413565135,241.15989600483465,36870600
2024-12-09,244.97225952148438,245.45873471029222,240.0082826314847,240.08770807958732,44649200
2024-12-10,245.98486328125,246.42169557945553,243.57236314301568,245.11119868483894,36914800
2024-12-11,244.714111328125,248.9930565140259,244.48575750906295,246.17352158557497,45205800
2024-12-12,246.17352294921875,246.9479020514793,243.9099357862414,245.11122473397327,32777500
2024-12-13,246.34230041503906,247.4939314395242,244.46591792091505,246.03453629863122,33155300
2024-12-16,249.23130798339844,249.56886987487528,245.86573275817128,246.20329464964811,51694800
2024-12-17,251.6537322998047,252.0012166921119,247.98039295462073,248.2782345553336,51356400
2024-12-18,246.26283264160156,252.4479419999301,245.955068578098,250.34322119234346,56774100
2024-12-19,247.9903106689453,250.18439476471843,245.30976661195103,245.71681628677703,60882300
2024-12-20,252.656494140625,253.1628143156686,243.91989202858784,246.25295201238012,147495300
2024-12-23,253.43087768554688,253.80812962394884,251.62398284537375,252.93448000183187,40858800
2024-12-24,256.3398132324219,256.34972058509265,253.45075950887752,253.6493307302975,23234700
2024-12-26,257.15380859375,258.2260444048055,255.77383898408218,256.32980188696064,27237100
2024-12-27,253.74853515625,256.836144148833,251.2367643772991,255.97238682838486,42355300
2024-12-30,250.38296508789062,251.67360197393796,248.9434149702759,250.4127477342041,35557500
2024-12-31,248.61578369140625,251.45517870098834,247.63291094425557,250.62123433005314,39480700
2025-01-02,242.09312438964844,247.30529937932678,240.07775127221439,247.13651085819407,55740700
2025-01-03,241.6066436767578,242.42072787413275,240.14723350152744,241.6066436767578,40244100
2025-01-06,243.23484802246094,245.54806288478193,241.4478134561986,242.5498168429892,45045600
2025-01-07,240.46493530273438,243.78086767976055,239.6111308132576,241.22937670987722,40856000
2025-01-08,240.951416015625,241.9541489627904,238.32051453305579,240.17703689438372,37628900
2025-01-10,235.1435546875,238.42970445265777,231.32128701842691,238.28077607985776,61710900
2025-01-13,232.7112274169922,232.97928640713008,228.06495238182922,231.84750029737077,49630700
2025-01-14,231.5992889404297,234.41882398797216,230.79512716232853,233.05869925952226,39435300
2025-01-15,236.15621948242188,237.2383779015073,232.74100113522098,232.94949481929564,39832000
2025-01-16,226.6154327392578,236.29518618874627,226.38709407905125,235.63995285298606,71759100
2025-01-17,228.32305908203125,230.6164138035219,226.833866130533,230.44764042021458,68488300
2025-01-21,221.0359344482422,222.8031087860845,217.79942737812888,222.38613659782595,98070400
2025-01-22,222.21737670898438,222.5052806842356,218.2064751614249,218.2064751614249,64126500
2025-01-23,222.04859924316406,225.394314538592,220.69839703644928,223.1208199792776,60234800
2025-01-24,221.1749267578125,224.00439930767484,219.81480209957203,223.160517277336,54697900
2025-01-27,228.2039031982422,230.4773975200278,222.36626262781007,222.40598291880553,94863400
2025-01-28,236.5434112548828,238.45951413038736,229.1470890329199,229.1868093297106,75707600
2025-01-29,237.63546752929688,238.1318651456976,232.3240069742682,232.43321505583046,45486100
2025-01-30,235.87823486328125,239.05517683623282,235.50098294542886,236.95045561956258,55658300
2025-01-31,234.29965209960938,245.40903209543677,231.7580989752265,245.40903209543677,100959800
2025-02-03,226.36724853515625,230.15973381299622,224.0738938399255,228.33299411580026,73063300
2025-02-04,231.12274169921875,231.45036595591674,225.01704170433482,225.61272492539547,45067300
2025-02-05,230.79510498046875,230.99366099381652,226.62536810475493,226.88348940722173,39620300
2025-02-06,231.5397186279297,232.11554171369926,228.7698112868805,229.62361584180033,29925300
2025-02-07,225.98997497558594,232.3140755170278,225.6226304523949,230.92416830424466,39707200
2025-02-10,226.25833129882812,229.1803610121675,225.81108525741098,228.16660736242451,33115600
2025-02-11,231.19793701171875,233.7919821040532,226.7353950927951,226.8049592810601,53718400
2025-02-12,235.42196655273438,235.51142789245534,229.26980470124647,229.78663009476247,45243300
2025-02-13,240.05348205566406,240.85852795215618,234.1299251101732,235.4617298072221,53614100
2025-02-14,243.104736328125,244.0489258287467,239.5168040933544,239.77520922194773,40896200
2025-02-18,242.9755096435547,243.6811607859394,240.36158248040348,242.6574585849239,48822500
2025-02-19,243.3730926513672,244.50612316801596,241.6735544591497,243.16438488450393,32204200
2025-02-20,244.32720947265625,245.2713989598738,242.7966152101895,243.44265077076676,32316900
2025-02-21,244.04891967773438,247.16972378813352,243.72093519653038,244.44646835255205,53197400
2025-02-24,245.58946228027344,247.3386977876534,242.9258374672402,243.4327143333106,51326400
2025-02-25,245.52978515625,248.4716967182176,243.41281661275679,246.48392314447185,48013300
2025-02-26,238.89064025878906,243.48239258336395,237.66816369812489,242.83637220684057,44433600
2025-02-27,235.84934997558594,240.9778097055873,235.61081167459415,237.94645181292123,41153600
2025-02-28,240.36160278320312,240.61007450668035,228.79275994472408,235.50149647860906,56833400
2025-03-03,236.57485961914062,242.53818006191796,234.66659889731284,240.31186830369816,47184000
2025-03-04,234.4877166748047,238.60242278275774,233.24535811530478,236.25684921580154,53798100
2025-03-05,234.2988739013672,235.1039197629907,227.82866128733946,233.98082285378285,47227600
2025-03-06,233.89138793945312,236.4059203890797,231.73465535282332,233.00682927336524,45170400
2025-03-07,237.6085205078125,239.8944479764648,233.3248557337566,233.67272217403436,46273600
2025-03-10,226.08935546875,234.71630041445476,222.84929009717774,234.10008031193473,72071200
2025-03-11,219.48995971679688,224.4593937721428,216.1206840338927,222.4418047589131,76137400
2025-03-12,215.65354919433594,220.39439337943787,213.59621144659917,218.79423505763873,62547500
2025-03-13,208.39817810058594,215.5144112677834,207.14588618522245,214.6298526174969,61368300
2025-03-14,212.18490600585938,212.64208545758027,208.2988048386841,209.9585940343847,60107600
2025-03-17,212.69178771972656,213.9043309003415,208.68642489319868,212.00600336087763,48073400
2025-03-18,211.38978576660156,213.83473880015984,210.19712464056028,212.85080057479257,42432400
2025-03-19,213.92420959472656,217.4226803637017,212.443312738742,212.91044076829724,54385400
2025-03-20,212.79116821289062,216.16044383082547,210.9226561911479,212.6818400591608,48862900
2025-03-21,216.93569946289062,217.5022071138821,209.9884245225551,210.26671164330716,94127800
2025-03-24,219.38064575195312,220.1260609084734,217.24379503613238,219.64899945464327,44299500
2025-03-25,222.38218688964844,222.73005335992565,218.73462390108503,219.4204082670252,34493600
2025-03-26,220.17575073242188,223.64442126802376,219.12223310716143,222.1436424317859,34466100
2025-03-27,222.4815673828125,223.61459773398053,219.21167130142226,220.03659916949772,37094800
2025-03-28,216.56793212890625,222.44180687800483,216.34927581514728,220.31488968867507,39818600
2025-03-31,220.7720947265625,224.24075018814546,214.90815310911736,215.6833836525119,65299300
2025-04-01,221.82559204101562,222.31258685550372,217.56180927777046,218.46624988397502,36412700
2025-04-02,222.5213165283203,223.8133724100327,219.66886624627372,219.9670353213626,35905900
2025-04-03,201.9478759765625,206.22159255986557,200.01973301812973,204.2835010267849,103419000
2025-04-04,187.22840881347656,198.65810753704542,186.19475800144227,192.70471987275084,125910900
2025-04-07,180.3507080078125,192.96311894309866,173.55251067175698,176.11674047268428,160466300
2025-04-08,171.365966796875,189.17641711488596,168.175598539417,185.55866963100107,120859500
2025-04-09,197.63438415527344,199.383619356675,170.8391909937331,170.89882177160354,184395900
2025-04-10,189.25595092773438,193.58929863014055,181.88131158917142,187.9142126464653,121880000
2025-04-11,196.93865966796875,198.32016168749274,184.92257212057936,184.96233608452022,87435900
2025-04-14,201.28195190429688,211.63825017625834,199.93026529720834,210.14742002868311,101352900
2025-04-15,200.90428161621094,202.26590170954893,198.57859009217825,200.6259945192588,51343900
2025-04-16,193.0823974609375,199.47308245703653,191.19400339685228,197.1473909296092,59732400
2025-04-17,195.7758331298828,197.61452992177487,193.2314851467638,195.9944894564487,52164700
2025-04-21,191.9791717529297,192.6152586778503,188.64964501381652,192.08849990403363,46742500
2025-04-22,198.5189666748047,200.3576482646354,194.77200897005906,194.92108593270402,52976400
2025-04-23,203.34925842285156,206.72846769395255,201.56025903470575,204.7406939661261,52929200
2025-04-24,207.09619140625,207.55338601533765,201.69939326414854,203.63746952607698,47311000
2025-04-25,208.00062561035156,208.46775361357263,204.9394524859384,205.10841141990002,38222300
2025-04-28,208.85537719726562,210.2070638884643,206.1917677806294,208.71623364812058,38743100
2025-04-29,209.91883850097656,210.94254069563792,207.09618845243054,207.4142395090872,36827600
2025-04-30,211.20094299316406,212.2743425468257,205.40658118436113,208.02050829648644,52286500
2025-05-01,212.0159454345703,213.2483553954001,207.62295230903422,207.80185982414434,57365700
2025-05-02,204.09466552734375,205.72463931330321,200.92416412992952,204.83013207172814,101010600
2025-05-05,197.67416381835938,202.8523212109494,196.99832800962005,201.85843431656065,69018500
2025-05-06,197.29647827148438,199.42339557924856,195.81559653234874,196.99832434112832,51216500
2025-05-07,195.05030822753906,198.22080993170667,192.0686474648251,197.95245621671936,68536700
2025-05-08,196.28271484375,198.82706269335065,193.48988012199126,196.51130456752412,50478900
2025-05-09,197.3163604736328,199.3140676367793,196.33240700583877,197.78348851905432,36453900
2025-05-12,209.77610778808594,210.25380995429242,205.75554659425106,209.9552498967622,63775800
2025-05-13,211.90585327148438,212.37359390520234,207.9947628663851,209.41787763911134,51909300
2025-05-14,211.3087158203125,212.9109724892217,209.56713314477625,211.40822571910564,49325800
2025-05-15,210.43296813964844,211.93571508448807,208.53215118256114,209.9353730316401,45029500
2025-05-16,210.24388122558594,211.54759317457453,208.76105751069144,211.33859654598928,54737900
2025-05-19,207.7758026123047,208.47243269467637,203.2775387890809,206.90999202317107,46140500
2025-05-20,205.8650360107422,207.46729276724128,204.04383620537516,206.67113760639387,42496600
2025-05-21,201.11798095703125,206.04416933851562,199.74462882701684,204.1831685508297,59211800
2025-05-22,200.39149475097656,201.77480849030061,198.7394754118135,199.7446272097534,46742400
2025-05-23,194.33079528808594,196.74910019358438,192.5295034494263,192.7384848883374,78432900
2025-05-27,199.24703979492188,199.77448939448533,196.4803970243206,197.34622283817185,56288500
2025-05-28,199.45599365234375,201.75488030334262,198.9384905597645,199.62517414339177,45339700
2025-05-29,198.98826599121094,202.8297005493605,197.55518975609246,202.60081106845576,51396800
2025-05-30,199.88394165039062,200.98860329086406,195.83351057352263,198.4110493394953,70819900
2025-06-02,200.72984313964844,201.15778278546435,199.15744093584797,199.31667499872813,35423300
2025-06-03,202.29232788085938,202.78992300957722,199.9934408158467,200.38156440883068,46381600
2025-06-04,201.84446716308594,205.24801554678163,201.1279290627925,201.9340306292736,43604000
2025-06-05,199.6649932861328,203.765171611367,199.1872911078447,202.521183994692,55126100
2025-06-06,202.93919372558594,204.71063115372752,201.07819281954235,202.02362051888113,46607700
2025-06-09,200.48104858398438,205.0091667110405,199.05793398755327,203.4069099948636,72862600
2025-06-10,201.69517517089844,203.36710243054736,199.60528507808198,199.63513956616538,54672600
2025-06-11,197.8238983154297,203.51638723180633,197.45568281643992,202.5211970741936,60989900
2025-06-12,198.24188232421875,198.71956936233477,196.4107360236097,198.12246436103902,43904600
2025-06-13,195.50509643554688,199.4062398916536,194.758703844025,198.7693188209708,51447300
2025-06-16,197.46563720703125,197.73434281232372,195.61458283187793,196.3510290449251,43020700
2025-06-17,194.69900512695312,197.4357781067605,194.27108064091922,196.25149936947125,38856200
2025-06-18,195.6344757080078,196.6197193940347,194.13174409281177,194.9975546383106,45394700
2025-06-20,200.03323364257812,200.72986375748766,195.9131467510872,197.28651411005004,96813500
2025-06-23,200.5308074951172,201.32696262150702,198.00303129313016,200.6601870689569,55814300
2025-06-24,199.33657836914062,202.4614746491071,199.23705328583006,201.61555699715424,54064000
2025-06-25,200.5905303955078,202.690382284235,199.65504919597097,200.48105886821313,39525700
2025-06-26,200.03323364257812,201.66534499125092,198.5006473897771,200.461158146952,50799100
2025-06-27,200.11285400390625,202.24256049649406,199.03804672932017,200.91895566349635,73188600
2025-06-30,204.1831512451172,206.39247448465787,198.30157410241034,201.03834688076608,91912800
2025-07-01,206.8204345703125,209.17903048404247,205.14850713857425,205.6759567295316,78788900
2025-07-02,211.41819763183594,212.3138626915596,207.13887695509675,207.90517762155153,67941800
2025-07-03,212.5228729248047,213.61757304735917,210.79123648824356,211.12959751601144,34955800
2025-07-07,208.940185546875,215.18997897032483,207.7957228576545,211.65705062020388,50229000
2025-07-08,208.9998779296875,210.41304612040562,207.4473837253886,209.08945658408672,42848900
2025-07-09,210.12445068359375,210.31353924447487,206.22330706177223,208.52219391164948,48749400
2025-07-10,211.38836669921875,212.45321238064957,209.01980902189666,209.49749609462273,44443600
2025-07-11,210.14434814453125,211.1096837700706,208.85059795908091,209.55718962168862,39765800
2025-07-14,207.6165771484375,209.89557123752414,206.54176989733165,208.92027389637033,38840100
2025-07-15,208.10421752929688,210.87084499335577,207.9151289669034,208.21368905566166,42296300
2025-07-16,209.14915466308594,211.37837076419683,207.63646146204943,209.28848066940537,47490500
2025-07-17,209.0098419189453,210.78127919114968,208.58190225319882,209.5571995447156,48068100
2025-07-18,210.1642608642578,210.77132749863404,208.6913836081342,209.85575432940058,48974600
2025-07-21,211.45799255371094,214.74212298846783,210.61209006251647,211.07983063398711,51377400
2025-07-22,213.3687744140625,213.91613206526756,211.20921348603295,212.11484021935428,46404100
2025-07-23,213.11997985839844,214.11517007989065,211.38835859165647,213.96589762082587,46989300
2025-07-24,212.7318572998047,214.65258233290422,212.50296779967493,212.87118332406595,46022600
2025-07-25,212.85128784179688,214.20474714033003,212.37358560556336,213.66733592091674,40268800
2025-07-28,213.02044677734375,213.8166019050196,212.03520309848784,213.00053872316795,37858000
2025-07-29,210.2538299560547,213.7767964509494,209.80599741985404,213.14982178903043,51411700
2025-07-30,208.04449462890625,211.36842593737322,206.72088996610802,210.88077731884883,45512500
2025-07-31,206.57162475585938,208.83069544134486,206.16359315375274,207.48719786288635,80698400
2025-08-01,201.40658569335938,212.5527122409286,200.53081350952442,209.85574027592583,104434500
2025-08-04,202.37193298339844,206.88014336875773,200.70995198839026,203.52634207300898,75109300
2025-08-05,201.94398498535156,204.35234334482283,201.18764593221573,202.42167200915333,44155100
2025-08-06,212.2242889404297,214.3440487139093,204.60112912578842,204.64094523363173,108483100
2025-08-07,218.97169494628906,219.78775818606874,215.53829184895108,217.82723230897543,90224800
2025-08-08,228.24688720703125,229.88894502591432,218.19545972697713,219.76786212559261,113854000
2025-08-11,226.34388732910156,228.71513292468896,223.9327956372812,227.08116933177635,61806100
2025-08-12,228.80479431152344,229.95057099439725,226.23430307406312,227.17083074525974,55626200
2025-08-13,232.47125244140625,234.1351043372746,229.58191650034667,230.2195756343437,69878500
2025-08-14,231.9232940673828,234.2546784716922,230.00040438081015,233.1985820425246,51916300
2025-08-15,230.73765563964844,233.417757832359,228.49593650929467,233.1387895567921,56038700
2025-08-18,230.04022216796875,232.26201052585682,229.26309412883964,230.8472385776313,37476200
2025-08-19,229.71145629882812,232.0129522601839,228.50591803460907,230.42880766374827,39402600
2025-08-20,225.17819213867188,229.6217843388592,224.93908515924198,229.13358225147155,42263900
2025-08-21,224.07228088378906,225.68632903786573,222.9564077521854,225.43724912794482,30621200
2025-08-22,226.9217529296875,228.2468598588307,224.58041092619504,225.33760837029214,42477800
2025-08-25,226.323974609375,228.45609804536198,225.3973894325087,225.6464693442017,30983100
2025-08-26,228.46603393554688,228.64537936019502,223.8630424721864,226.03501179732243,54575100
2025-08-27,229.64170837402344,230.05018785299507,227.41990473660533,227.76862267507164,31259500
2025-08-28,231.70408630371094,232.55096405412047,228.4959359400532,229.9704999102399,38074700
2025-08-29,231.28564453125,232.5210863786817,230.51847413874466,231.65427793943954,39418400
2025-09-02,228.87454223632812,230.00038826150748,226.1346633063032,228.4062708029861,44075600
2025-09-03,237.59234619140625,237.9709525201245,233.49747185558658,236.33698891571112,66427800
2025-09-04,238.89752197265625,239.01707546456905,235.86871695735925,237.57241502764154,47549400
2025-09-05,238.80784606933594,240.43185187342493,237.61226559630578,239.1167027112504,54870400
2025-09-08,237.0045166015625,239.2661511981365,235.47017586985078,238.41928864081726,48999500
2025-09-09,233.4875030517578,237.90119155812317,232.5011411802574,236.12774389612645,66313900
2025-09-10,225.95533752441406,231.56462228661692,225.11843262708078,231.33547301291114,83440800
2025-09-11,229.18341064453125,229.60186307827533,225.81584532196928,226.04500979013486,50208600
2025-09-12,233.20855712890625,233.6469250222829,228.17713965402348,228.3764005514914,55824200
2025-09-15,235.82884216308594,237.31336381412066,234.16499028444412,236.1277410783948,42699500
2025-09-16,237.2735137939453,240.33222235518573,235.45026224943368,236.30708253667353,63421100
2025-09-17,238.1104278564453,239.21634322602875,236.85505542454314,238.09049720761,46508000
2025-09-18,237.0045166015625,240.31228984200703,235.77903252032195,239.08682096339746,44249600
2025-09-19,244.59645080566406,245.3935094903633,239.32592704772566,240.342162048153,163741300
2025-09-22,255.13751220703125,255.69547916115815,247.2068166293636,247.38616206443075,105517400
2025-09-23,253.49359130859375,256.3928850249964,252.64672876089196,254.9382669065294,60275200
2025-09-24,251.38140869140625,254.79879299943292,250.11607847800005,254.2807025242173,42303700
2025-09-25,255.9246063232422,256.22352044118514,250.7836088309123,252.27808820484515,55202100
2025-09-26,254.51980590820312,256.6519291955366,252.84598111295833,253.16481067495934,46076300
2025-09-29,253.49359130859375,254.06150078407975,252.07881928540593,253.62311772285494,40127700
2025-09-30,253.69287109375,254.97811672142575,252.17846100632588,253.92202035086734,37704300
2025-10-01,254.50985717773438,257.8375764362911,253.99176669154556,254.10136246357334,48713900
2025-10-02,256.18365478515625,257.229778167004,253.21461153357077,255.63566078088252,42630200
2025-10-03,257.07037353515625,258.2858846694617,253.01536064819075,253.73271197999827,49155600
2025-10-06,255.7452850341797,258.1165305885388,254.1113214696764,257.0404883747525,44664100
2025-10-07,255.53607177734375,256.45266881763376,254.48991791397023,255.86484387966763,31955800
2025-10-08,257.1102294921875,257.56852798749276,255.16739414069707,255.5758888188916,36496900
2025-10-09,253.1050262451172,257.0504585775582,252.2083446799687,256.8611554198282,38322000
2025-10-10,244.3673095703125,255.436420799504,243.10197943699816,254.00171816056968,61999100
2025-10-13,246.74851989746094,248.7710475029622,244.6562426215344,248.46219085423505,38142900
2025-10-14,246.85812377929688,247.9341508249242,243.79941515849077,245.69243161385845,35478000
2025-10-15,248.4223175048828,250.89320098009676,246.55920477705152,248.57177456170203,33893600
2025-10-16,246.53929138183594,248.1234359576197,244.22783772705108,247.33635013275978,39777000
2025-10-17,251.36146545410156,252.44746537322095,246.35995200283696,247.10719170360767,49147000
2025-10-20,261.27484130859375,263.4069798400544,254.68918336894043,254.94822099113512,90483000
2025-10-21,261.8028869628906,264.3136317818121,260.86634411857244,260.9161783410852,46695900
2025-10-22,257.4988098144531,261.882609922878,254.4899051977633,261.6833338430701,45015300
2025-10-23,258.6246032714844,259.66078406832133,257.06040475940137,258.98329410338334,32754900
2025-10-24,261.8527526855469,263.1579290692685,258.2261343576155,260.2287466983284,38253700
2025-10-27,267.8207092285156,268.12956591820625,263.67601542509226,263.90517991319996,44888200
2025-10-28,268.010009765625,268.8967489277785,267.1631319065021,268.000036838551,41534800
2025-10-29,268.7074279785156,270.41112610592455,266.126933268734,268.28896033752676,51086700
2025-10-30,270.4011535644531,273.131090148023,267.49191714200913,270.98897852374654,69886500
2025-10-31,269.37493896484375,276.29937269597025,268.16940070155243,275.9705701844509,86167100
2025-11-03,268.05975341796875,269.8531467885877,265.2700709373508,269.424736694289,50194600
2025-11-04,269.0461730957031,270.49081837885313,266.6350661079627,267.3424445625432,49274800
2025-11-05,269.14581298828125,270.7000692568828,265.94760492323326,267.6214146886098,43683100
2025-11-06,268.7771301269531,272.3937751745226,266.90407480138714,266.90407480138714,51204000
2025-11-07,267.48193359375,271.2878818962731,265.7881780523408,268.80702532983145,48227400
2025-11-10,268.6986083984375,272.9869540449525,266.7339548671466,268.22988302493957,41312400
2025-11-11,274.5028076171875,275.16101963639426,269.0675899882029,269.07757258136417,46208300
2025-11-12,272.7276306152344,274.9815052844664,270.9624464716027,274.25347600982695,48398000
2025-11-13,272.2090759277344,275.9488963676571,271.3513946141157,273.36590026791555,49602800
2025-11-14,271.6705017089844,275.21085247368256,268.8681323529343,270.31417782757546,47431300
2025-11-17,266.73394775390625,269.7557213346742,265.00866346949266,268.09027174019775,45018300
2025-11-18,266.71405029296875,269.9751630894399,264.59980979362433,269.25711627506445,45677300
2025-11-19,267.8309631347656,271.47104873805114,264.77927226211665,264.80918960656476,40424500
2025-11-20,265.5272521972656,274.68232536305425,265.1981613886433,270.09480618650156,45823600
2025-11-21,270.75299072265625,272.5879921198442,264.9488130991126,265.2280517805383,59030800
2025-11-24,275.1710205078125,276.24807542504453,270.164627965921,270.164627965921,65585800
2025-11-25,276.2181701660156,279.6189174225992,274.50283786370125,274.52277261748515,46914200
2025-11-26,276.79656982421875,278.7712060098946,275.8790842359358,276.2081750495132,33431400
2025-11-28,278.0930480957031,278.242634823177,275.2407959413455,276.50736791500816,20135600
2025-12-01,282.3315124511719,282.65065109438723,275.3904143522869,277.2553332443013,46587700
2025-12-02,285.4131164550781,286.619823290159,281.86278279875575,282.231773534172,53669500
2025-12-03,283.378662109375,287.8365294074879,282.5309633672564,285.4231155973949,43538700
2025-12-04,279.9380187988281,283.95707766942763,277.83373081751637,283.3287830094401,43989100
2025-12-05,278.02325439453125,280.37686403379615,277.29522501275557,279.77848663840757,47265800
2025-12-08,277.1356506347656,278.9108174051644,275.4003533668138,277.374989388386,38211800
2025-12-09,276.4275817871094,279.2698514894354,276.16830825817004,277.40493251311347,32193300
2025-12-10,278.02325439453125,278.9906225605669,275.6896099437804,276.99605153243056,33038300
2025-12-11,277.2752685546875,278.8310314000742,273.0667227973629,278.34237127554803,33248000
2025-12-12,277.5246276855469,278.46207855775873,276.06859927253834,277.1456542987284,39532900
2025-12-15,273.3658752441406,279.3894873363706,272.0993337942639,279.3894873363706,50409100
2025-12-16,273.8645324707031,274.752131096348,271.0522107383373,272.07941349564567,37648600
2025-12-17,271.10205078125,275.41033087528734,270.9026119684932,274.2634587890498,50138700
2025-12-18,271.4511413574219,272.88723490520505,266.22537510199504,272.8672697170699,51630700
2025-12-19,272.9271240234375,273.8545921928022,269.1673383776201,271.4112306527045,144632000
2025-12-22,270.23443603515625,273.13654030849926,269.7756932559407,272.1192896847017,36571800
2025-12-23,271.62066650390625,271.7603010837797,268.8282792538215,270.1048034873943,29642000
2025-12-24,273.06671142578125,274.6823088952694,271.46109654935304,271.60070067851706,17910600
2025-12-26,272.6578063964844,274.6224597374741,272.11926379011726,273.4157529954652,21521800
2025-12-29,273.0168762207031,273.61522314661676,271.6107000753325,271.9497734782625,23715200
2025-12-30,272.33868408203125,273.3359694836473,271.54086793463244,272.06942798009953,22139600
2025-12-31,271.12200927734375,272.9370761103812,271.0123224859311,272.3187639976345,27293600
2026-01-02,270.2743225097656,277.0857683126949,268.2697691424855,271.52092924369913,37838100
2026-01-05,266.5345153808594,270.7729784841199,265.41756056202854,269.9053450243044,45647200
2026-01-06,261.6477966308594,266.82371056256306,261.40845786144683,266.27521573774703,52352100
2026-01-07,259.623291015625,262.964203143993,259.1047135716701,262.48552563718374,48309800
2026-01-08,258.3368225097656,258.58614386359903,255.00587765735156,256.3222864925608,50419300
2026-01-09,258.6659240722656,259.5036402038468,255.52448097015204,258.3767027680543,39997000
2026-01-12,259.54351806640625,260.5906555331263,256.1028713590674,258.45648066308013,45263800
2026-01-13,260.3413391113281,261.0992857475004,257.6885867541948,258.0176775418968,45730800
2026-01-14,259.25433349609375,261.10930037675524,256.0131555781144,258.78560808748875,40019400
2026-01-15,257.5090637207031,260.3313985459844,256.35220896361545,259.9424426175537,39388600
2026-01-16,254.8363494873047,258.1971965798445,254.23797213114116,257.1999111311508,72142800
2026-01-20,246.0303192138672,254.09835490933511,242.75922413209136,252.04394930256512,80267500
2026-01-21,246.97775268554688,250.8771427168815,244.51445623630568,248.02490552393743,54641700
2026-01-22,247.67584228515625,250.31864258405668,247.47637302553753,248.52352576906395,39708300
2026-01-23,247.36668395996094,248.7329754164565,244.01580413580567,246.6486524137701,41689000
2026-01-26,254.7166748046875,255.86354695988197,249.12190294519746,250.7973351598156,55969200
2026-01-27,257.5688781738281,261.23891141767155,257.50904348719195,258.4664593428383,49648300
2026-01-28,255.743896484375,258.15731035497566,253.8191275531099,256.95060341967536,41288000
2026-01-29,257.5788879394531,258.94516415300217,253.7193980705993,257.29964922744847,67253000
2026-01-30,258.775634765625,261.1890484668085,251.49543285360957,254.47732177254832,92443400
2026-02-02,269.2770690917969,269.7557466562268,258.50636737104884,259.3241487899344,73913400
2026-02-03,268.7485046386719,271.1419837262723,266.88355520832346,268.4692659190308,64394700
2026-02-04,275.7394104003906,278.19275421850585,271.55083028665655,271.55083028665655,90545700
2026-02-05,275.1610412597656,278.7412924914769,272.48832346973,277.37501624935936,52977400
2026-02-06,277.364990234375,280.1474248180158,276.1782182606431,276.3677049075235,50453400
2026-02-09,274.13079833984375,277.70443813431814,271.2160169672847,277.41494619870406,44623400
2026-02-10,273.19244384765625,274.87943562430115,272.4537718732244,274.40031021957236,34376900
2026-02-11,275.00921630859375,279.6808719096702,273.9610989943363,274.2106536370846,51931300
2026-02-12,261.2637634277344,275.22883180172755,259.71650632997444,275.0990585104662,81077200
2026-02-13,255.32435607910156,261.7628783299504,254.9949421084194,261.5432690161623,56290700
2026-02-17,263.4099426269531,265.8156532326085,255.08478749757862,257.5903108294174,58469100
2026-02-18,263.8791198730469,266.3447212846438,261.9825104325609,263.13045584681157,34203300
2026-02-19,260.11578369140625,264.00886051677537,259.5867290635135,262.13220471573277,30845300
2026-02-20,264.1086730957031,264.2783836675007,257.7001265171608,258.50868117461044,42070500
2026-02-23,265.705810546875,268.95002088588865,262.91081074777924,263.0206001676805,37308200
2026-02-24,271.6552429199219,274.4003442568012,267.233111068832,267.38283777638213,47014600
2026-02-25,273.74151611328125,274.45024283739696,270.567157599074,271.29586819299504,33714300
2026-02-26,272.4637756347656,275.61811956353745,270.31758130113775,274.4602128097023,32345100
2026-02-27,263.70941162109375,272.3240439665745,262.4217314181026,272.3240439665745,72366500
2026-03-02,264.2484130859375,266.05518620599753,259.73647625260065,261.94253069595567,41827900
2026-03-03,263.2801818847656,265.08695529305965,259.6666350681776,263.0106738027697,38568900
2026-03-04,262.0523376464844,265.67587606267574,260.95432154975975,264.17854815272653,39803100
2026-03-05,259.8263244628906,261.09405110124777,256.79173142961054,260.3254337562426,49658600
2026-03-06,257.0013427734375,258.3090066542827,253.916851068475,258.16927189629365,41120000
2026-03-09,259.41705322265625,260.68477987096253,253.22808575123491,255.2345148744848,38218500
2026-03-10,260.3653564453125,262.01244158439727,256.4922936817907,257.19102845716964,30590800
2026-03-11,260.34539794921875,261.6630538494394,259.08763272962494,260.624897946549,26218900
2026-03-12,255.3043975830078,258.48873275942157,253.7272102811576,258.1992408199258,40794000
2026-03-13,249.6744384765625,255.87336762960538,249.07551643845036,255.024890934378,36930000
2026-03-16,252.36964416503906,253.43773019062647,249.4348789230203,251.66090222791988,32074200
2026-03-17,253.77711486816406,254.67552076289968,251.7307636559193,252.5093881906664,32361600
2026-03-18,249.49476623535156,254.48585937367065,248.55643828829037,252.1799767808244,35757900
2026-03-19,248.5165252685547,251.38140795985734,246.85947863088072,248.95572868612365,34864100
2026-03-20,247.54823303222656,248.75606899357115,245.56177255944445,247.53824109812177,88331100
2026-03-23,251.04200744628906,254.14646797882926,249.83415620831627,253.51758537106093,40546100
2026-03-24,251.1917266845703,254.37604644028636,249.10545347620703,249.90403139868116,45152300
2026-03-25,252.16998291015625,254.5457480998694,251.15181088451408,253.6473574345128,28476700
2026-03-26,252.43951416015625,256.5421934269488,250.32329549316128,251.67088153367666,41796700
2026-03-27,248.35679626464844,255.03488128462607,247.6281009352486,253.4477020992108,47900000
2026-03-30,246.19065856933594,250.4230956915925,245.07264337813007,249.62453299565456,39446200
2026-03-31,253.33790588378906,255.02489784868362,246.65983587287727,247.4683905467953,49598100
2026-04-01,255.1746368408203,255.72364490973627,252.8787309132899,253.6273948962928,40059400
2026-04-02,255.464111328125,255.6737439434535,250.20349485503914,253.74717405681358,31289400
2026-04-06,258.39886474609375,261.6930045642991,256.0031460821725,256.0530752925303,29329900
2026-04-07,253.0484161376953,255.7436185540334,245.2623079794448,255.70368128016966,62148000
2026-04-08,258.4388122558594,259.28730423338584,256.07303883918246,257.9896321241455,41032800
2026-04-09,260.0259704589844,260.6548530924392,255.61386101634736,258.5386343954405,28121600
2026-04-10,260.0159912109375,261.7229364827484,258.5585701252562,259.5168819122501,31291500
2026-04-13,258.73828125,259.71651601158027,256.2027973984465,259.2673359057164,36234700
2026-04-14,258.3689270019531,261.4634109961452,256.7318642110386,258.7881922504944,48370700
2026-04-15,265.95538330078125,266.08515659729386,257.35074355126085,257.7001261657452,49913500
2026-04-16,262.9307861328125,266.68409800240715,260.80457553569033,266.3247234477873,43323100
2026-04-17,269.7486267089844,271.8149160854778,266.24486962975914,266.4844323486072,61436200
2026-04-20,272.5635681152344,273.7913879220191,269.80850557942483,269.84841238867654,36590200
2026-04-21,265.69586181640625,272.3140256362382,264.9272139873882,271.0163536236942,50209800
2026-04-22,272.68341064453125,273.2523721409737,266.39461467279705,267.3429346055621,43249200
2026-04-23,272.9429016113281,275.2787294551341,271.1660737405759,274.56001085217736,33399600
2026-04-24,270.5771179199219,272.5735550213531,269.16962610782736,272.2741016414235,38157100
2026-04-27,267.1332702636719,267.88193422863776,264.59781690250213,265.6159889280984,41466800
2026-04-28,270.2277526855469,272.7432830913257,268.181416710472,271.8548539018017,40018900
2026-04-29,269.688720703125,270.55716597281076,266.56429174844374,267.07336249706583,30047900
2026-04-30,270.86663818359375,275.50834883767226,267.6623648300734,270.018146234023,91848200
2026-05-01,279.6409912109375,286.70836594964845,277.8741246788477,278.3632420760759,79915400
2026-05-04,276.3368225097656,280.13007120517506,274.3703307853319,279.16179801165765,46668400
2026-05-05,283.67376708984375,284.0630869835518,276.00745521106614,276.43668191704,49311700
2026-05-06,286.99786376953125,287.5169265187869,280.5693330033821,281.4178249779708,58336100
2026-05-07,286.927978515625,291.6096265406606,285.2709318587503,288.75470528792926,45224300
2026-05-08,292.7974853515625,294.2349225642168,289.48339230776435,289.49338424193445,52692800
2026-05-11,292.42779541015625,293.6267735875138,289.979924827367,291.72841688276577,42247300
2026-05-12,294.54595947265625,295.0155556946294,292.3078994315659,292.3078994315659,45748100
2026-05-13,298.6124572753906,300.6607090744109,293.24708951115105,293.24708951115105,52684300
2026-05-14,297.9530334472656,300.1911240450107,295.12548538387824,299.5616620172475,35324900
2026-05-15,299.9713134765625,302.93875555297063,296.26448829773227,297.643304079477,54862800
2026-05-18,297.5833435058594,300.4009207908792,294.6558756451712,299.98126929450746,34483000
2026-05-19,298.7123718261719,300.2510533099592,296.09463441963413,296.7140952726279,42243600
2026-05-20,301.98956298828125,302.5390768782648,297.82314269813475,297.9230626302997,38229800
2026-05-21,304.7271728515625,305.27671719779084,300.1411318265125,300.80056674721834,42965100
2026-05-22,308.55389404296875,311.13165741506583,305.57645096183757,305.85620846339293,43670200
2026-05-26,308.0643005371094,311.5513139598484,307.4048960873393,309.29325163060713,48000500
2026-05-27,310.5821533203125,312.9900803339556,308.0343323058515,308.0643052358437,50430900
2026-05-28,312.24072265625,312.5304508120942,309.30325358892543,310.412282475935,48220400
2026-05-29,311.7911071777344,314.7285763294451,309.2632884033746,311.5113496628706,70026800
2026-06-01,306.0460510253906,310.67206624496237,304.7571540774977,309.363197507879,48849900
2026-06-02,314.92840576171875,315.1781903378333,306.42572903356995,307.1950545511415,44534700
2026-06-03,309.9926452636719,316.6668815001487,308.5838566628498,313.9092501546009,50836700
2026-06-04,310.9618225097656,313.26982953176514,309.38316692864953,312.96009909963743,44869100
2026-06-05,307.0751647949219,314.8984348439246,306.8853260765596,312.5903972939029,65310500
2026-06-08,301.2801818847656,317.1265012321255,300.9105055796523,308.4739595974908,77949100
2026-06-09,290.29962158203125,300.4908444635933,287.5320194610898,300.0212482417878,70108800
2026-06-10,291.3287353515625,294.4960172141002,287.1323727394638,290.4894628291428,52793300
2026-06-11,295.375244140625,296.7440586571729,289.3404406054596,293.4668864344149,42572500
2026-06-12,290.879150390625,296.88398158337014,289.3704417369658,295.7749221682621,38742100
2026-06-15,296.1645812988281,297.5233947188816,291.4486474146935,293.8665449684006,45732600
2026-06-16,298.9821472167969,300.2210994929347,293.71669913987887,294.99559499590845,39874400
2026-06-17,295.6949768066406,301.8096980081642,294.10632015937927,300.59074812548096,42745100
2026-06-18,297.7532043457031,300.31099586682666,295.3652492546472,297.8530937792582,85962200
2026-06-22,296.75408935546875,302.1594314563154,296.5043047694293,297.05381866220307,44879900
2026-06-23,294.04638671875,301.3800886038737,293.9264950024863,297.2836155142734,52010900
2026-06-24,292.8274230957031,299.4417438827621,292.68755959702736,295.1054570720635,53081900
2026-06-25,274.91290283203125,288.55113481081804,273.5141152813601,287.1523472601469,107013700
2026-06-26,283.53546142578125,285.70360492137456,273.9737007161028,274.7630284991681,261775500
2026-06-29,281.4972229003906,288.12151489662153,279.6088673150861,286.4829438934296,66427000
2026-06-30,289.11065673828125,289.69017405322865,280.45814550695326,280.9277417485351,65100200
2026-07-01,294.1263427734375,296.33442991747245,288.95081360688545,293.1871503157195,50164200
2026-07-02,308.3640441894531,309.15337194761725,293.4269150966668,293.866538367699,75352800
2026-07-06,312.3905944824219,313.9292760509671,306.7354678654279,307.0951430290638,53590000
2026-07-07,310.3923034667969,315.20815732134815,309.88273318392555,315.0183186077797,42490000
2026-07-08,313.1199645996094,314.5487250421545,306.7854009831778,311.6412289475945,41323500
2026-07-09,315.947509765625,316.2572401947346,307.8944576262147,310.24243869469103,48124500
2026-07-10,315.0483093261719,316.6369356310425,311.9010296470402,314.4488202226986,34132300
2026-07-13,317.03656005859375,323.171283634363,315.5078797345754,316.7468014245228,43257800
2026-07-14,314.58868408203125,315.91755515351207,311.64124426456783,313.48965629761443,36336800
2026-07-15,327.2178039550781,328.44675508114506,317.0465830462295,317.34631234952286,60957600
2026-07-16,332.97283935546875,334.3915986652446,326.50841333986017,327.72736328456057,62970600
2026-07-17,333.452392578125,334.7013154010385,328.71648699084636,331.693929977533,63407100
2026-07-20,326.3085632324219,333.4224228207836,323.4010672140761,333.2226134619852,53468000
2026-07-21,327.45758056640625,329.3159936819017,321.94234806189104,322.85156758462244,41338900
2026-07-22,325.60919189453125,328.7164973399543,323.0613709608057,327.58746619388995,38755900
2026-07-23,321.3828430175781,323.0214140443725,319.0748358849152,321.4527900194849,40840800
2026-07-24,332.7330322265625,334.0818750563203,321.3428614810286,321.5127284115298,47489400
2026-07-27,336.61968994140625,339.277401491225,333.73216560461384,334.2517370375488,49604300
2026-07-28,339.78692626953125,342.59453283396704,335.31080637618777,339.73698155301014,51859000
2026-07-29,337.8985900878906,344.2730974331505,337.0593175600121,339.43727163464206,56090800
2026-07-30,333.1426696777344,334.4615395264105,329.30598233808786,332.8129674612056,74817800
2026-07-31,308.6438293457031,310.4222943774597,299.7415030462749,304.54735603914753,132489100
2026-08-03,303.1585693359375,311.5313230344714,302.29929450581176,309.313234694189,75052000
2026-08-04,309.1134033203125,310.1525156602479,301.0603512911937,302.46913991298527,68001000
2026-08-05,310.7320251464844,311.4414048335362,305.40663118634393,309.09342362565195,49438800
2026-08-06,312.14080810546875,316.0174696892129,308.96355554648414,314.06913775686996,46139900
2026-08-07,313.05999755859375,314.53873325457766,310.47223295908327,311.1816431226555,34437200
2026-08-10,308.260009765625,308.260009765625,304.6099853515625,306.8299865722656,44812500
2026-08-11,304.9100036621094,309.9700012207031,302.7900085449219,307.75,37476700
2026-08-12,302.25,305.6600036621094,300.57000732421875,305.1000061035156,41657800
2026-08-13,305.260009765625,306.0,302.04998779296875,304.2099914550781,40349300
2026-08-14,305.92999267578125,307.489990234375,304.29998779296875,306.0,28229400
2026-08-17,305.5899963378906,307.6600036621094,302.94000244140625,306.2099914550781,38169300
2026-08-18,310.0299987792969,311.489990234375,305.739990234375,307.5799865722656,53424500
2026-08-19,316.8299865722656,319.2799987792969,309.6000061035156,310.1400146484375,50505600
2026-08-20,311.29998779296875,320.2799987792969,310.6499938964844,317.4599914550781,40959200
2026-08-21,309.3500061035156,312.3800048828125,307.010009765625,312.04998779296875,46876800
2026-08-24,310.3399963378906,313.3599853515625,309.9700012207031,311.4700012207031,34673600
2026-08-25,309.8999938964844,313.5899963378906,308.2099914550781,310.7900085449219,25869800
2026-08-26,313.45001220703125,315.42999267578125,308.79998779296875,310.29998779296875,34024500
2026-08-27,314.5799865722656,315.3999938964844,309.3999938964844,310.54998779296875,32419200
2026-08-28,319.70001220703125,322.3699951171875,315.45001220703125,316.8500061035156,38649400
2026-08-31,316.8500061035156,321.239990234375,312.79998779296875,319.6000061035156,41242700
2026-09-01,325.1300048828125,327.29998779296875,314.7300109863281,316.9800109863281,53167400
2026-09-02,324.9599914550781,328.3999938964844,323.5299987792969,326.8699951171875,33776400
2026-09-03,328.2099914550781,330.80999755859375,324.1099853515625,324.8699951171875,37225800
2026-09-04,319.9700012207031,328.92999267578125,317.8599853515625,328.30999755859375,39606900
2026-09-08,316.2200012207031,320.70001220703125,314.8999938964844,317.1000061035156,35477100
2026-09-09,315.3399963378906,319.1499938964844,309.8999938964844,315.489990234375,65640000
2026-09-10,326.57000732421875,326.739990234375,316.510009765625,316.6700134277344,70011900
2026-09-11,332.2699890136719,336.2200012207031,326.29998779296875,327.45001220703125,50716900
2026-09-14,333.0799865722656,335.5,331.3399963378906,334.7900085449219,39269100
2026-09-15,331.3399963378906,331.7799987792969,328.3500061035156,330.1400146484375,31748200
2026-09-16,332.4100036621094,335.4800109863281,330.70001220703125,332.5299987792969,35981000
2026-09-17,337.0,338.3399963378906,330.17999267578125,334.7699890136719,36700200
2026-09-18,336.1300048828125,338.489990234375,332.5299987792969,337.9100036621094,86588200
2026-09-21,338.9800109863281,339.6400146484375,333.04998779296875,335.2799987792969,34999200
2026-09-22,339.75,345.3399963378906,338.75,340.1400146484375,40711800
2026-09-23,337.0199890136719,341.79998779296875,335.5,341.0799865722656,31658800
