Date,Close,High,Low,Open,Volume
2015-01-02,27.89645767211914,28.510240523597794,27.70465034811034,28.13429688077165,23605600
2015-01-05,27.58189582824707,27.9655105047825,27.57422189573764,27.773703166514785,32785000
2015-01-06,27.067855834960938,27.796724445620807,27.052510893744614,27.681641776620793,30847600
2015-01-07,27.63559913635254,27.673960015168987,27.060177173863448,27.344051189202112,27725200
2015-01-08,28.149635314941406,28.387477395396555,27.819726559720024,27.90412223106691,31765400
2015-01-09,28.203350067138672,28.471882099961473,27.927149955210517,28.21102399973953,22850500
2015-01-12,28.080589294433594,28.387482164205004,27.79671529228079,28.31076041013581,29400800
2015-01-13,28.003864288330078,28.763422443097287,27.84274686744663,28.287738257517148,31478000
2015-01-14,27.888778686523438,28.31842806807654,27.55119891106905,27.87343667892062,34250300
2015-01-15,27.766023635864258,28.295413655866927,27.64326708119281,28.02688168038448,47181800
2015-01-16,27.96550178527832,28.126619196768143,27.244304545138878,27.71231477286848,62812200
2015-01-20,27.689313888549805,27.973187995506567,27.29035418125328,27.69698489608987,35929400
2015-01-21,27.988529205322266,28.14197567639847,27.443797013412354,27.505173845794033,27442600
2015-01-22,28.318437576293945,28.387488340679027,27.72767057583222,28.049908451878593,31809900
2015-01-23,27.96550178527832,28.410493149404516,27.91179598144838,28.356787345574578,27427100
2015-01-26,27.474477767944336,27.850418424135352,27.29034147846004,27.766022746736176,30906800
2015-01-27,26.23157501220703,26.638208629037912,25.740548610579307,26.39269542822405,58456200
2015-01-28,25.917003631591797,26.622856077203775,25.870971748816423,26.446393697487625,34929100
2015-01-29,26.246915817260742,26.30062163855435,25.671493794759712,25.963041772316274,29569400
2015-01-30,25.349254608154297,26.078122966217073,25.31856473635755,25.855625785811558,38719700
2015-02-02,25.8172664642334,25.893988221598416,25.050037183593446,25.364601071585927,38733800
2015-02-03,25.855627059936523,26.12415613452259,25.01934703612182,25.917003879807307,36038300
2015-02-04,25.963809967041016,26.1492670579478,25.731990814212885,26.0179010044429,25052800
2015-02-05,26.22653579711914,26.265174774136057,25.847898583370096,26.02562667623558,20491400
2015-02-06,25.73199462890625,26.27290803085437,25.608357532553043,26.21108800880732,29342400
2015-02-09,25.446081161499023,25.685629294867837,25.245169063127626,25.50017220004351,28705500
2015-02-10,26.04108238220215,26.06426341084754,25.538805144790796,25.65471618349808,20200000
2015-02-11,25.925172805786133,26.087445910937102,25.74744469808645,26.017899873338067,18364200
2015-02-12,26.373355865478516,26.373355865478512,26.087442774314603,26.257444834169906,20056700
2015-02-13,26.551088333129883,26.558814360880042,26.23426813604499,26.466087289175807,18037900
2015-02-17,26.844728469848633,26.852454497878146,26.473814274139624,26.58199930073675,19374100
2015-02-18,26.481538772583008,26.821539955467074,26.419718767836773,26.77517789964747,19992900
2015-02-19,26.435178756713867,26.597451878179708,26.31154167163409,26.466088764918968,11017500
2015-02-20,26.589719772338867,26.713356829158702,26.203353601309395,26.38881066040912,20955600
2015-02-23,26.087446212768555,26.65926952272553,25.948357083701556,26.58199745682827,25565500
2015-02-24,26.589719772338867,26.65153977461876,25.89425948538983,25.971534488239698,29607500
2015-02-25,26.234268188476562,26.388815273452806,26.06426610022865,26.29608525382278,24686300
2015-02-26,26.002443313598633,26.18017139050687,25.83244126275605,25.97925933992203,25928400
2015-02-27,25.693355560302734,25.994720762905395,25.662445552922836,25.986994734930693,24427300
2015-03-02,26.31926727294922,26.373358306502382,25.592896911966307,25.724262956124168,25406400
2015-03-03,26.350175857543945,26.566542952044355,26.20335775049115,26.234267756525554,27332000
2015-03-04,26.365629196166992,26.589722304159377,26.056537998556337,26.164720065107076,23005800
2015-03-05,26.06427001953125,26.65927447012972,25.9560879281026,26.473817350722815,21225800
2015-03-06,25.646991729736328,26.025631968217137,25.56199362714005,25.917449885148528,32373100
2015-03-09,25.283803939819336,25.708806151252332,25.098346875112917,25.654715121492135,33058800
2015-03-10,24.495620727539062,25.04426009257261,24.341073638697637,24.91289698308875,50278900
2015-03-11,24.982444763183594,25.469264147442143,24.688805568736637,24.704259099599337,49683600
2015-03-12,23.800161361694336,24.418348270724135,23.630160735493067,23.962435959592653,107402400
2015-03-13,23.900619506835938,23.9392555472118,23.460162161521055,23.668798842969363,47954700
2015-03-16,23.823339462280273,24.039705061506186,23.684247396625764,23.900612995851677,33074600
2015-03-17,23.637889862060547,23.746071952180134,23.498797761123683,23.630162359356227,29215600
2015-03-18,23.869699478149414,24.109247544335194,23.413787318466607,23.498788340266067,39834100
2015-03-19,23.75379753112793,24.031981710472262,23.715161494605802,23.784707539441886,27414200
2015-03-20,24.19425392150879,24.433802055311148,23.900616222934314,23.946979759789176,64777100
2015-03-23,24.109251022338867,24.56516324779163,24.109251022338867,24.178797054958444,29694000
2015-03-24,23.79244041442871,24.201987799982106,23.75380289531098,24.078350686546667,28471400
2015-03-25,23.096975326538086,23.86970787247909,23.07379429343689,23.807889327758627,37691000
2015-03-26,23.243791580200195,23.491065723520915,22.648787251665862,22.795606826963848,45450100
2015-03-27,24.72743797302246,25.500170409679413,23.066063528984046,23.189700600939545,73857200
2015-03-30,24.310157775878906,24.80470598285895,24.186520724133896,24.464704827495126,51391500
2015-03-31,24.16334342956543,24.673346715239195,24.109252395307628,24.286980500403303,32098500
2015-04-01,23.80788230895996,24.20197596807162,23.684245255968452,24.055156414942978,31532100
2015-04-02,23.80788230895996,24.13242994153015,23.699700256059874,23.80015480891425,20909600
2015-04-06,23.985614776611328,24.147887875678233,23.529702535608916,23.807885201705055,21490900
2015-04-07,24.155614852905273,24.41061648438852,23.95470425327149,24.008795285120954,23258300
2015-04-08,24.19425392150879,24.387437044586022,24.00107079843156,24.13243538107889,18250300
2015-04-09,24.140161514282227,24.43380067007961,23.622430714832277,23.707431755805757,34167600
2015-04-10,24.673341751098633,24.68106925070504,24.209702091803283,24.209702091803283,28084900
2015-04-13,24.518802642822266,24.76607681478418,24.503347638607067,24.580621185812745,23489000
2015-04-14,24.333343505859375,24.681073681219605,24.163342905611103,24.48016307699704,39754000
2015-04-15,25.36881446838379,25.49245157522452,24.781536000084458,24.92835414328872,61083500
2015-04-16,25.399707794189453,25.49243778496311,25.268344728869433,25.38425279572718,28903200
2015-04-17,25.090621948242188,25.2683500463502,24.89743884841954,25.12152900393128,30593600
2015-04-20,25.291536331176758,25.3379013459563,25.1369892296524,25.198809249358455,20649300
2015-04-21,25.059711456298828,25.476987651239,24.943800419568742,25.446077648412295,19023800
2015-04-22,25.268348693847656,25.28380369473505,24.75061648120998,25.044255602590454,21144200
2015-04-23,24.997894287109375,25.04425929661038,24.73516512875123,24.758349107371956,23775300
2015-04-24,24.789255142211914,25.098346312811028,24.742890140139057,25.044255284262686,22759900
2015-04-27,25.11380386352539,25.260621963387194,24.78925765928132,24.78925765928132,25869600
2015-04-28,25.515626907348633,25.531081910716267,24.90516753915925,24.95925857707573,29572800
2015-04-29,25.415170669555664,25.500171713572712,25.152441509748627,25.160170485244976,21819000
2015-04-30,25.15244483947754,25.384264023468777,24.959261694861368,25.276081934122256,22013300
2015-05-01,25.82472038269043,25.878814373062912,25.20653493279858,25.214263909026393,27091200
2015-05-04,25.832447052001953,25.8865380898032,25.670173938598218,25.708809973064753,21397300
2015-05-05,25.404373168945312,25.762399781011446,25.34989098750291,25.68456894153836,29779200
2015-05-06,25.07747459411621,25.52111681398129,24.851761052344695,25.29540327220978,31985400
2015-05-07,25.093042373657227,25.39658675022855,25.046342096855607,25.116391027530195,21475300
2015-05-08,25.528898239135742,25.59116527119201,25.170871711978712,25.303184701515026,26926500
2015-05-11,25.44328498840332,25.45885174790645,25.24092305297421,25.43550309317965,18358600
2015-05-12,25.1008243560791,25.295404389847157,24.906244322311046,25.248704112882773,24530200
2015-05-13,25.404373168945312,25.606738102065272,25.116395500027437,25.116395500027437,20470800
2015-05-14,25.661212921142578,25.785744010004482,25.505548317801356,25.575597240852137,21098900
2015-05-15,25.676782608032227,25.777962088051265,25.48998446889854,25.75461343405544,17149700
2015-05-18,26.003673553466797,26.003673553466797,25.567813243168693,25.66899568412379,23689500
2015-05-19,25.801315307617188,25.980328593791985,25.676784196840984,25.96476183381297,21867100
2015-05-20,25.972545623779297,26.073728086495436,25.69234986183067,25.731268249144943,21359800
2015-05-21,26.11264419555664,26.120429060847883,25.73905082609386,25.848015187721813,21269800
2015-05-22,26.034812927246094,26.081510241998036,25.933630463523336,26.05037968851545,20845000
2015-05-26,25.762393951416016,25.910276669630207,25.560032033143354,25.894709911446846,28594500
2015-05-27,26.237173080444336,26.346137432776654,25.78574891091674,25.840231087082902,30172700
2015-05-28,26.470670700073242,26.57963803033164,26.213826558533132,26.26052684292959,27065700
2015-05-29,26.8209171295166,27.046630731649213,26.626337052310493,26.649688680533547,43545500
2015-06-01,26.392845153808594,26.922103273531544,26.21383181464594,26.750871832133896,46734500
2015-06-02,25.894710540771484,26.26830383908513,25.793528094648323,26.18268815152366,36351100
2015-06-03,25.474422454833984,25.871367461033486,25.365458090483138,25.816882309801816,38138700
2015-06-04,25.14752769470215,25.466638870170648,25.061911994371762,25.303189365423524,33761800
2015-06-05,24.781715393066406,25.13974197402878,24.773932012889663,25.124175213675294,27778500
2015-06-08,24.361417770385742,24.867327007104667,24.291368844825513,24.758361187051126,38171600
2015-06-09,24.322507858276367,24.641619042614707,24.244675536224268,24.384773419012433,33976700
2015-06-10,24.76614761352539,25.030776590532657,24.415904427153126,24.485951876805245,33336800
2015-06-11,24.78950309753418,24.984081697783246,24.7817197159997,24.867335428350746,24293600
2015-06-12,24.376989364624023,24.984078193889935,24.283591768365277,24.688317159699878,31629800
2015-06-15,24.43147087097168,24.524869949188602,24.081227667846186,24.22132554290758,23175000
2015-06-16,24.626049041748047,24.71944811282955,24.229105587575418,24.33028803829104,20254500
2015-06-17,24.867328643798828,24.976292986496347,24.664965232697842,24.71166402463566,28194200
2015-06-18,25.20200538635254,25.295402965968258,24.906242920337977,24.968509952785475,27722400
2015-06-19,24.96072769165039,25.349887777855177,24.875111997636406,25.21757477369235,39008400
2015-06-22,25.108612060546875,25.20979453285294,24.96851713535067,25.108612060546875,23608400
2015-06-23,24.976287841796875,25.170867833406678,24.8517567659288,25.14751918451112,17995900
2015-06-24,24.836200714111328,25.022998892946433,24.8128505706249,25.022998892946433,23313900
2015-06-25,24.898466110229492,25.1553117487278,24.898466110229492,24.921816253557758,22743300
2015-06-26,24.143495559692383,24.540439082572604,23.941132107761597,24.524872320609898,62157200
2015-06-29,23.65315055847168,24.11235959825324,23.5908850014434,23.894430890918247,35194500
2015-06-30,23.676494598388672,23.886641355909088,23.466347840868252,23.839941086775042,34412200
2015-07-01,23.48970603942871,23.77768370864647,23.35739153384733,23.730984908008367,27178900
2015-07-02,23.78546142578125,24.06565713194668,23.42743489859454,23.489700446128218,27105200
2015-07-06,23.3807373046875,23.699848437681826,23.22507268562927,23.5364004392179,32468100
2015-07-07,23.27176856994629,23.295118705245994,22.641329762130752,23.248419919174232,43833700
2015-07-08,22.9604434967041,23.09275797623571,22.688031158312217,22.882611187945304,45223800
2015-07-09,22.516803741455078,23.263990424795004,22.43118804395772,23.131675930720895,47167800
2015-07-10,22.70359992980957,22.843697801090542,22.52458664296297,22.726950069865712,31423800
2015-07-13,23.139453887939453,23.209502808651894,22.71916184819244,22.781427390544874,26452400
2015-07-14,23.07719612121582,23.435224223771996,22.91374957416688,23.08497950219836,39778300
2015-07-15,23.108327865600586,23.341823338983044,22.937096466227306,23.077194344067983,47852500
2015-07-16,23.27176856994629,23.72319412738037,22.649113140563987,23.715410748947136,81166700
2015-07-17,22.937091827392578,23.19393738997962,22.64911423409714,23.08497305570867,43697600
2015-07-20,22.649118423461914,23.053845289226615,22.6257682827158,23.053845289226615,33812900
2015-07-21,22.35335350036621,22.773647081281837,22.314438087849354,22.54015015259721,45191000
2015-07-22,22.26774024963379,22.454536909865148,22.127642383328293,22.236606730664615,36387200
2015-07-23,22.259958267211914,22.547935913114472,22.12764377234296,22.306657064069196,33775200
2015-07-24,21.839658737182617,22.29108427682693,21.839658737182617,22.20547008649052,31621000
2015-07-27,22.065380096435547,22.119862278169148,21.49720665188784,21.847449884973035,42161100
2015-07-28,22.54014778137207,22.711379141299478,22.135422486379277,22.18990465198248,33182400
2015-07-29,22.579071044921875,22.67246864529981,22.407841121210268,22.53237224473291,26470200
2015-07-30,22.501237869262695,22.92153150862735,22.454539070842635,22.649119129542264,26582400
2015-07-31,22.532371520996094,22.664686021054987,22.39227364040103,22.664686021054987,27158800
2015-08-03,22.610200881958008,22.843697829223167,22.493453150589403,22.571285466344456,26213600
2015-08-04,22.672466278076172,22.688033038023207,22.462320956902968,22.555718547529295,25741700
2015-08-05,22.85296630859375,23.06485736622349,22.774487418390724,22.907901082677768,23622700
2015-08-06,22.766643524169922,22.9392959165583,22.64107787573099,22.884361132473842,27958200
2015-08-07,22.66461753845215,22.727400354469893,22.515509285947754,22.6018347224344,25606100
2015-08-10,23.261056900024414,23.292449058974984,22.805881073264846,22.813729113002488,22807400
2015-08-11,22.735248565673828,23.135489582139236,22.727400526504656,23.12764154297006,23758900
2015-08-12,23.119789123535156,23.2061160411802,22.4919610775534,22.4919610775534,33589100
2015-08-13,22.65677833557129,23.111954273363374,22.65677833557129,23.072714065103174,18821900
2015-08-14,22.774484634399414,22.79018070989337,22.617526873180147,22.69600575378978,14302700
2015-08-17,22.821577072143555,22.915752051802148,22.531205590318372,22.625380569976965,15548300
2015-08-18,22.688161849975586,22.798031404731944,22.601834915889636,22.719554006683357,19182600
2015-08-19,22.256528854370117,22.60183357653071,22.193746041535434,22.48411598957322,30530100
2015-08-20,21.605154037475586,22.162351247933323,21.605154037475586,21.99754694518728,31936600
2015-08-21,20.843915939331055,21.683636727828237,20.843915939331055,21.448201524330894,52288400
2015-08-24,20.600629806518555,21.68363368629985,19.517625926737256,19.776605213001936,83234200
2015-08-25,20.30240821838379,21.306933030648473,20.30240821838379,21.220607615132003,59371900
2015-08-26,21.42465591430664,21.456048070914,20.467217590688403,20.804675789915443,47386700
2015-08-27,21.754261016845703,21.90337073234408,21.19706383834871,21.754261016845703,38649400
2015-08-28,22.303619384765625,22.452729151941806,21.54237746251142,21.715029852968705,43452400
2015-08-31,22.39778709411621,22.86080933163764,22.099567656619584,22.232981300371215,42401800
2015-09-01,21.83274269104004,22.107418045253507,21.707177071432785,21.903373539176652,44144000
2015-09-02,22.44487953186035,22.44487953186035,22.08387719940393,22.248683035072865,34618800
2015-09-03,22.821577072143555,23.088404434838964,22.515511007759038,22.601836450847184,38665900
2015-09-04,22.382095336914062,22.680313335080687,22.295768404638817,22.42133403511533,29116500
2015-09-08,23.151185989379883,23.151185989379883,22.719554306966128,22.743096927947697,27805000
2015-09-09,22.9471378326416,23.63775021160811,22.89220306321794,23.32383467742686,30774100
2015-09-10,22.97068214416504,23.276748146075757,22.680310721610095,22.900051298053302,25195800
2015-09-11,23.127635955810547,23.1668761421768,22.790179334221094,22.82156998645404,21786900
2015-09-14,23.064865112304688,23.17473619423205,22.829429859487604,23.127647946179966,24065100
2015-09-15,23.331682205200195,23.496488006727045,23.13548574905786,23.198268555149,29819000
2015-09-16,23.36307716369629,23.378773241319962,23.072705715099687,23.24535957523942,25957800
2015-09-17,23.315988540649414,23.700534951692617,23.190422915481957,23.2453591862455,29805200
2015-09-18,22.774484634399414,23.088398659977805,22.60967883543317,22.931440898758538,60693400
2015-09-21,22.88435935974121,23.025621077507346,22.711706980727314,22.829424579912263,24417100
2015-09-22,22.499813079833984,22.680313487751448,22.35070333131676,22.499813079833984,28576200
2015-09-23,22.554746627807617,22.82942199268423,22.437029041963445,22.774487219080974,25984000
2015-09-24,22.350706100463867,22.49981586745509,21.87198763306139,22.272227196949512,32754700
2015-09-25,22.609682083129883,22.852966797651632,22.468420377113475,22.711705091635224,29192300
2015-09-28,22.57044219970703,23.041314029400723,22.476267235024178,22.50765938887189,42291000
2015-09-29,22.9471378326416,23.033464754227463,22.57044098785634,22.62537575728,34169600
2015-09-30,23.653444290161133,23.7947059781806,23.182573992576483,23.198268571465178,41051700
2015-10-01,23.543582916259766,23.763323562348038,23.11979770527396,23.708387278180453,29832800
2015-10-02,23.943817138671875,23.959513215361174,23.1747273432193,23.28459688632388,27901500
2015-10-05,24.493165969848633,24.62657962591074,23.983055460267714,24.116469116329824,34842500
2015-10-06,24.90909767150879,24.995424576579087,24.414683344424155,24.45392203025979,34899800
2015-10-07,25.36427879333496,25.442756181963208,24.893406977264288,25.11314755726,36930100
2015-10-08,25.521242141723633,25.584023467602364,25.097456965587956,25.29365347375583,27794600
2015-10-09,25.223024368286133,25.5447865443489,25.066068048933452,25.403524809129017,24209900
2015-10-12,25.2779541015625,25.36428103290821,25.113149774659277,25.238715403783743,18795000
2015-10-13,25.144542694091797,25.48984743624192,25.09745445909462,25.136693158065185,35588600
2015-10-14,25.74098014831543,25.843003166347483,24.2106483495791,24.63443201034006,75954800
2015-10-15,25.701738357543945,25.94502306553799,25.474149726877318,25.77236920865701,37634800
2015-10-16,25.92932891845703,26.05489455270318,25.489847701735076,25.701740270848116,29371300
2015-10-19,26.360960006713867,26.384502627068223,25.795913168442926,25.803762704374908,37624000
2015-10-20,26.243242263793945,26.447288296402043,26.141222241210848,26.21185309961812,24416100
2015-10-21,26.188308715820312,26.721963450276416,26.149070013464648,26.423743923675396,31928800
2015-10-22,26.996646881103516,27.075124304788087,26.36096897185994,26.44729593414606,39572600
2015-10-23,27.3890323638916,27.491052387542364,26.99663936723826,27.10650892730584,42796600
2015-10-26,27.14574432373047,27.436114267664852,27.114352169326587,27.28700602482733,22646900
2015-10-27,27.051578521728516,27.114359854610385,26.926012862243315,27.004490276776018,22630100
2015-10-28,27.23992919921875,27.23992919921875,26.77690520590462,27.05158218137137,21908400
2015-10-29,26.70626449584961,26.910310516088707,26.502221469331285,26.839679661962986,21325200
2015-10-30,26.572851181030273,26.910309359153885,26.572851181030273,26.76119812145423,24693900
2015-11-02,26.769058227539062,26.902470446877782,26.4002077491196,26.470838628099457,21743100
2015-11-03,26.92601203918457,27.00448945131842,26.667031190444394,26.68272727161544,18167000
2015-11-04,26.98923683166504,27.08407371153254,26.791658239968545,27.08407371153254,20762100
2015-11-05,26.870683670043945,27.028747118123754,26.65729846735763,26.949713886679092,16486100
2015-11-06,26.744232177734375,26.846973866072148,26.40439683653275,26.815360575074468,23701700
2015-11-09,26.356979370117188,26.73633286802223,26.143597172908866,26.554557935154975,24168700
2015-11-10,26.2463321685791,26.293752102857365,25.930208317818344,26.214718879060257,22451700
2015-11-11,25.9697265625,26.380690331509893,25.92230662248785,26.20682023294159,19864700
2015-11-12,25.606185913085938,26.017146718316265,25.598281081364224,25.85118142987979,23265400
2015-11-13,25.376995086669922,25.59038032989095,25.258446724388207,25.503445266192372,23673200
2015-11-16,25.36908531188965,25.495535466775465,25.234733341302622,25.36118349618844,29899700
2015-11-17,25.79585838317871,25.98553514252994,25.297959527840312,25.40860606276759,22636400
2015-11-18,26.206817626953125,26.270044207348786,25.780047253710276,25.866982294349665,18619800
2015-11-19,27.107772827148438,27.44760812882725,26.18310678407516,26.25423517314303,45381600
2015-11-20,27.392292022705078,27.890190848683208,27.250035215282754,27.250035215282754,41137700
2015-11-23,27.25003433227539,27.542449753697152,27.194712577271535,27.39229113508804,20152900
2015-11-24,27.155197143554688,27.218420713598064,26.791653325079128,27.131488681639606,21413500
2015-11-25,27.22632598876953,27.45551784039013,26.98132749067756,27.076164354696253,17939400
2015-11-27,27.23422622680664,27.408096313109176,27.186809304949133,27.297452809029156,6620900
2015-11-30,27.479223251342773,27.58196493459328,27.210516320786287,27.305353174274103,21785800
2015-12-01,27.73212242126465,27.81905745630079,27.431802213360466,27.660994030308636,23560200
2015-12-02,27.52663803100586,27.985018582704175,27.51083138924955,27.732118344220556,18688200
2015-12-03,26.90229034423828,27.653089276801975,26.87067705943778,27.637282634401725,30131100
2015-12-04,27.61358070373535,27.684709111706564,26.870686343110304,26.95762139894288,24901000
2015-12-07,27.653099060058594,27.7953528623706,27.46342229895952,27.49503559494434,17731900
2015-12-08,27.463422775268555,27.621486243124167,27.202617601085315,27.400196182202354,13380200
2015-12-09,27.51083755493164,27.834866246535075,27.273740890257976,27.566159306073008,22548300
2015-12-10,27.479223251342773,27.716316892466914,27.392288212808438,27.542446815398243,17400700
2015-12-11,27.084068298339844,27.38438854184143,27.028746544906586,27.115681590247263,21251400
2015-12-14,27.24213409423828,27.250035910492386,26.775848550193484,27.171005688712473,19357100
2015-12-15,27.803260803222656,27.937612803968985,27.376490304128122,27.384395136413307,24365900
2015-12-16,27.898088455200195,28.032443426297217,27.47922292699789,27.945508388788998,23257900
2015-12-17,27.589872360229492,27.953416218204154,27.471324008154795,27.913901105782532,24963600
2015-12-18,26.76793670654297,27.463413932283995,26.760034892358956,27.44760728910705,41336600
2015-12-21,27.060359954833984,27.107776878092466,26.728426417977296,26.9576182630915,18006800
2015-12-22,27.44761085510254,27.48712596077425,27.084067059227905,27.15519545536071,18422000
2015-12-23,27.660999298095703,27.700514408416765,27.48712919491144,27.621484187774644,12526500
2015-12-24,27.645193099975586,27.866480133215056,27.62938645262852,27.716321505632518,5893800
2015-12-28,27.605674743652344,27.660996495458512,27.321161154472417,27.62148138914116,9449400
2015-12-29,28.008743286132812,28.127291660672086,27.668907828251317,27.668907828251317,14188600
2015-12-30,27.653099060058594,28.016642919454487,27.621485764073775,27.961321158885976,11566800
2015-12-31,27.22632598876953,27.62938492195614,27.21842115812907,27.518741411466074,14736700
2016-01-04,26.862781524658203,26.878585155943686,26.44391294016542,26.775846478540654,27882200
2016-01-05,26.73633575439453,26.87068774601582,26.499239038905237,26.839074448642588,16709500
2016-01-06,26.143598556518555,26.491335764057048,25.922308501894236,26.277950540745994,25491300
2016-01-07,25.163606643676758,26.088272898578424,25.163606643676758,25.511343839443164,37680500
2016-01-08,24.902803421020508,25.463927349920034,24.83957833821259,25.36118564822912,29953800
2016-01-11,25.337472915649414,25.46392305996194,25.037152692353704,25.139892869330893,27732400
2016-01-12,25.827470779418945,25.993436053815323,25.50344204686947,25.890694353794355,28587700
2016-01-13,25.218923568725586,26.02504433674224,25.15569849912063,25.890689368001567,34445700
2016-01-14,25.87488555908203,25.977624223796187,25.13198835841874,25.266341818822934,48728200
2016-01-15,23.51974868774414,24.10458096300724,23.274751729537673,23.49603872118045,76373900
2016-01-19,23.551359176635742,23.756841020030837,23.298458910120086,23.693615953401924,28878100
2016-01-20,23.385398864746094,23.606687398231802,23.08507860448658,23.195723624931837,39598200
2016-01-21,23.44072151184082,23.733138459792162,23.108789452703697,23.432818188122692,30157400
2016-01-22,23.654102325439453,23.899099285461688,23.322170328110627,23.804262433313216,25326500
2016-01-25,23.393299102783203,23.88329303082606,23.369589135656764,23.70152113840386,26441000
2016-01-26,23.66200828552246,23.7489418251158,23.40120465193294,23.40120465193294,24754900
2016-01-27,23.559267044067383,23.88329576148633,23.42491356313235,23.61458879961626,26384100
2016-01-28,23.685718536376953,23.851685319780337,23.511849936654006,23.725235154999126,22028100
2016-01-29,24.515548706054688,24.52345202954297,23.788459526585854,23.8753930701473,38311400
2016-02-01,24.35748863220215,24.5945838475477,24.215231804475824,24.27845689375363,19015100
2016-02-02,23.551359176635742,24.096676318437936,23.417005721623738,24.065064538825727,24994300
2016-02-03,23.39191246032715,23.69487452772394,22.73815100909787,23.69487452772394,44660100
2016-02-04,23.73473358154297,23.822432267130626,23.20853538532829,23.232452517455748,29257800
2016-02-05,23.15273094177246,23.726765027682017,23.049084948062944,23.583256126036513,27957500
2016-02-08,22.977325439453125,23.104888541575956,22.56274459721785,22.913543888391708,28725900
2016-02-09,22.9693546295166,23.240426626172244,22.65044684541357,22.714228402234177,22902600
2016-02-10,22.506940841674805,23.120839355028327,22.475050819520995,23.025166247221982,27267800
2016-02-11,22.498964309692383,22.650446072222472,22.06843919601768,22.188029420889972,28450200
2016-02-12,22.833820343017578,22.881657654723547,22.43518520283544,22.77801166669966,19699000
2016-02-16,22.9454345703125,23.08097055135787,22.610581059534066,22.921515919302585,30705200
2016-02-17,23.495553970336914,23.615145725648684,22.905574161533018,23.009220146713574,27691700
2016-02-18,23.455690383911133,23.72676238557337,23.423798844575675,23.543390596411353,20623300
2016-02-19,22.889629364013672,23.383937614378794,22.889629364013672,23.28029314546658,42056700
2016-02-22,23.399883270263672,23.55136505085823,23.120838365170243,23.208538583515363,23893100
2016-02-23,22.96138572692871,23.399885336705797,22.801932567560023,23.360020906359228,26638200
2016-02-24,23.272315979003906,23.360014660974738,22.62652606609652,22.738144920552678,21593600
2016-02-25,23.615148544311523,23.615148544311523,23.0809773465368,23.375966525811975,17571400
2016-02-26,23.75865364074707,23.981889865696658,23.678927829603705,23.822435202065183,19902200
2016-02-29,23.591224670410156,24.02972265970181,23.583251786155667,23.694869124374158,22903100
2016-03-01,24.21310043334961,24.340663563664222,23.71879216287614,23.862301064648197,25502600
2016-03-02,24.348634719848633,24.611733847517993,24.013781146390144,24.15728851729605,23779800
2016-03-03,24.380521774291992,24.994420171072854,24.348631758193754,24.819019760179938,25625200
2016-03-04,24.420381546020508,24.60375481761357,23.957964966796215,24.31673710613919,20356800
2016-03-07,24.667545318603516,24.811054226445922,24.316745935063473,24.388500388984678,18858200
2016-03-08,24.364582061767578,24.619708336654273,24.221073151975677,24.57984542645543,19104900
2016-03-09,24.611732482910156,24.74726848181118,24.45227782984815,24.579840944028845,14707800
2016-03-10,24.914695739746094,25.03428597516241,24.22106994125573,24.82699552412704,29584800
2016-03-11,25.321300506591797,25.345219158873928,25.137928734445257,25.24954607041756,22811200
2016-03-14,25.058202743530273,25.265493178955833,24.954556765481378,25.241574525404804,17438600
2016-03-15,25.233604431152344,25.233604431152344,24.76321483733997,24.986451066484413,16927700
2016-03-16,25.26549530029297,25.353193995998954,24.85091439463288,25.106040637909132,26298400
2016-03-17,25.496700286865234,25.64818052793644,25.273465607108847,25.3213013926749,22865300
2016-03-18,26.05478858947754,26.062759952738386,25.56048195101031,25.640207748995774,49934200
2016-03-21,25.783720016479492,25.84750005500458,25.47278510547614,25.696019802330927,21760900
2016-03-22,25.76777458190918,25.8793919317894,25.472785437033643,25.640211461853973,22200400
2016-03-23,25.512645721435547,25.88736367869933,25.496699952898325,25.88736367869933,18765300
2016-03-24,25.416973114013672,25.472783304954795,25.273465756467424,25.409001750265727,14211900
2016-03-28,25.432924270629883,25.512651611048916,25.209689542263625,25.409007132974946,11433000
2016-03-29,25.815608978271484,25.86344324205205,25.29738215079021,25.456836793195553,15313200
2016-03-30,26.078704833984375,26.110596368632017,25.743852844216573,25.871415941462995,16598000
2016-03-31,25.79169273376465,26.03884761920809,25.76777559823118,25.935201629655058,17880000
2016-04-01,25.87141990661621,25.88736567638394,25.592373497697842,25.727911020051245,18049700
2016-04-04,25.512645721435547,25.815609240954018,25.30535529246822,25.672100365463393,21581600
2016-04-05,25.432924270629883,25.60832320301373,25.289415362010125,25.424951384520725,20080000
2016-04-06,25.57642936706543,25.69601807175013,25.32927451123261,25.4887276381511,15740600
2016-04-07,25.15387725830078,25.432922166343328,24.994424111328193,25.424949280893838,23738200
2016-04-08,25.21765899658203,25.52859544858472,25.098068755352884,25.321304987473734,17031900
2016-04-11,25.249547958374023,25.783719067238696,25.24157507368383,25.43291974423162,19707700
2016-04-12,25.40102767944336,25.464809231153396,25.018336848511012,25.41697192686676,16774200
2016-04-13,25.616294860839844,25.656157766435296,25.47278596762043,25.48873021745518,19968100
2016-04-14,25.353195190429688,25.424949639815647,25.153877613395892,25.33725093997803,21620900
2016-04-15,25.082120895385742,25.42494734018354,25.01833933733073,25.345221533118995,28782800
2016-04-18,25.233604431152344,25.289413108270356,25.018341087406533,25.05820551439968,21566600
2016-04-19,25.193740844726562,25.36116687156093,25.034286182403235,25.273468175888222,33619300
2016-04-20,25.512645721435547,25.719934629730687,24.9146930873394,24.970501756547492,57629800
2016-04-21,25.48873519897461,25.560491180280685,25.361172051331376,25.46481805921192,28431400
2016-04-22,25.225629806518555,25.40103023185026,24.890776246225286,25.305357134335484,29625600
2016-04-25,25.02631187438965,25.114012085748662,24.87483162653425,25.002394740871573,19315700
2016-04-26,25.034284591674805,25.27346656996169,24.850912806125443,25.026311706998015,20976400
2016-04-27,25.313337326049805,25.35320024112882,24.866866290339342,24.914702092568707,20006200
2016-04-28,24.803077697753906,25.281438626078913,24.739296139265754,25.07414970149664,25146400
2016-04-29,24.141340255737305,24.611729757440422,23.997831388007935,24.603756873603,36443700
2016-05-02,24.404447555541992,24.468229127041585,24.20512995452168,24.276884412542802,21086600
2016-05-03,24.20512580871582,24.36457894981768,23.989862471522336,24.244988713823197,27111100
2016-05-04,24.00408363342285,24.293579072765308,23.883460405879532,24.261413594530616,23278800
2016-05-05,24.04429054260254,24.14079004362915,23.92366731667493,24.02016681770154,23393300
2016-05-06,24.156877517700195,24.213168263459494,23.738715500905712,23.81108975511275,19632200
2016-05-09,23.963876724243164,24.26141547344651,23.931711243517427,24.18904122455401,16888300
2016-05-10,24.237293243408203,24.269460261964085,23.979963230192627,24.124711746078354,17013800
2016-05-11,24.17296028137207,24.325750548997256,24.10058602480266,24.253376292427845,15754200
2016-05-12,23.93171501159668,24.31771004392697,23.778924736121304,24.213170297848816,20826700
2016-05-13,24.05233383178711,24.285540079442473,23.996043091679297,24.012126598512282,19999600
2016-05-16,24.438329696655273,24.575036442175747,24.028209460093855,24.044292967521603,21826100
2016-05-17,24.108623504638672,24.583076198554885,24.012125535527872,24.583076198554885,25709900
2016-05-18,24.116668701171875,24.32574970917544,23.947796464211947,24.148835718006787,22469900
2016-05-19,23.82716941833496,24.068417420224776,23.722629691181385,23.93975243273993,21740900
2016-05-20,24.245328903198242,24.430284611976344,23.88345923825945,23.907582962304215,22777300
2016-05-23,24.30966567993164,24.51070492941928,24.229249673375033,24.30966567993164,20881900
2016-05-24,24.97711181640625,25.0253623326843,24.48657717137274,24.526784401130286,23699200
2016-05-25,25.24248504638672,25.387233536354614,25.04948757103206,25.08969633702736,18359600
2016-05-26,25.322904586791992,25.435486079711787,25.25053033168418,25.322904586791992,12692300
2016-05-27,25.387235641479492,25.45156813859887,25.290737662704288,25.411360903077153,13341300
2016-05-31,25.403316497802734,25.45156548215447,25.17815201448205,25.338984007397904,23040200
2016-06-01,25.459609985351562,25.507858974915194,25.30681972895771,25.42744450357838,17753500
2016-06-02,25.540023803710938,25.540023803710938,25.290735589534346,25.379191807192598,14140100
2016-06-03,25.42744255065918,25.523940522375057,25.250527046167395,25.523940522375057,15777500
2016-06-06,25.475696563720703,25.58827806420784,25.395280548883644,25.443529544262717,15139600
2016-06-07,25.63652229309082,25.74910530645376,25.491775333865828,25.531982566904833,19339100
2016-06-08,25.644561767578125,25.733019512972362,25.564147308646074,25.57218752749329,12732100
2016-06-09,25.684770584106445,25.73301956632721,25.475689616073137,25.475689616073137,11276800
2016-06-10,25.765188217163086,25.926020213213807,25.451565978244936,25.49177474416141,35749100
2016-06-13,25.869726181030273,26.13509943233697,25.765187991983833,25.773228211289272,23004800
2016-06-14,25.845603942871094,25.926021478629117,25.564150236756323,25.741062680193327,18754300
2016-06-15,25.419404983520508,25.942105228375194,25.40332147431665,25.934065007581125,23783300
2016-06-16,25.483734130859375,25.548066625395723,25.10577938337663,25.28269489370733,18547900
2016-06-17,25.540023803710938,25.580231035936727,25.306817562140107,25.51589854409091,27047900
2016-06-20,25.869726181030273,26.08684891365889,25.741061198837222,25.789311717515297,21961600
2016-06-21,25.990352630615234,26.038603152424628,25.805396898435585,25.942102108805845,15476500
2016-06-22,25.966230392456055,26.239643896489806,25.93406337607196,25.974270612744316,18304800
2016-06-23,26.529138565063477,26.537178784641444,26.135100318207485,26.19943434529224,22048800
2016-06-24,25.371152877807617,25.990354139370755,25.250529633897234,25.57219212892751,38094300
2016-06-27,24.703702926635742,25.258571695957926,24.478539944273184,25.258571695957926,34965100
2016-06-28,25.08165740966797,25.08969916377306,24.776076888905656,24.904741886971546,23693900
2016-06-29,25.676734924316406,25.71694216340665,25.178156877034986,25.210323895353465,22771100
2016-06-30,26.376344680786133,26.44067870273965,25.708894541093414,25.733019799325984,34528900
2016-07-01,26.33614158630371,26.448723074785462,26.110978609340208,26.247683826035054,17084600
2016-07-05,26.27984619140625,26.320053420517894,26.102930702177076,26.13509771251237,20107200
2016-07-06,26.51305389404297,26.537177619332798,26.038601201780597,26.376345626298665,21070200
2016-07-07,26.698009490966797,26.979463176785373,26.505010486680412,26.505010486680412,26119400
2016-07-08,27.341341018676758,27.341341018676758,26.939262474284455,27.059887264648484,23341900
2016-07-11,27.646923065185547,27.74342106212131,27.37350951752087,27.37350951752087,23820700
2016-07-12,28.097246170043945,28.12137296747744,27.727334663964402,27.751458393782205,28064100
2016-07-13,28.153533935546875,28.346532956490766,28.04899573900033,28.177660730424467,29120900
2016-07-14,28.306318283081055,28.38673273123284,28.113319312856387,28.250027555851894,25296400
2016-07-15,28.2017822265625,28.37869772613016,28.06507702607122,28.354570933161305,23661900
2016-07-18,28.18570327758789,28.306328059089676,28.10528880166378,28.290244550381733,19347200
2016-07-19,28.26612091064453,28.274161131216157,28.024871346876935,28.0570383643947,20395400
2016-07-20,28.700359344482422,28.89335835485843,28.193742694023896,28.386738636784706,42994200
2016-07-21,27.558456420898438,27.735371914692017,27.228752225492688,27.606706937646237,63708600
2016-07-22,27.872079849243164,27.904246863568876,27.550415841216676,27.646916884193818,33033700
2016-07-25,27.896196365356445,27.95248709206832,27.799698414938163,27.83990563864457,20277700
2016-07-26,28.217866897583008,28.330448377368246,27.904246184576927,27.944453417698043,29644400
2016-07-27,28.0087833404541,28.37065145313227,27.847951363922245,28.145488526556555,23601800
2016-07-28,27.960535049438477,28.008785566517297,27.7594958296993,28.008785566517297,21667400
2016-07-29,28.032907485961914,28.081154932318604,27.82382499303342,27.960533248812027,18171200
2016-08-01,28.024869918823242,28.0731204426412,27.791666722741788,28.000746190721998,18824400
2016-08-02,27.79167366027832,28.04096042652766,27.606717874229496,27.99271295828133,20057300
2016-08-03,27.751148223876953,27.775454809885797,27.540483933108277,27.629609112096713,18388800
2016-08-04,28.018543243408203,28.050951006273387,27.726851741537597,27.78356919013809,16362600
2016-08-05,28.342632293701172,28.464171405968642,28.115762581061112,28.196786595327413,20046200
2016-08-08,28.39125633239746,28.49658696161733,28.245410594080408,28.27782144501061,19497300
2016-08-09,28.29401969909668,28.4884816857641,28.229201097453153,28.3912522378646,12578900
2016-08-10,27.97801971435547,28.358839404001312,27.953713126801293,28.358839404001312,19579000
2016-08-11,28.09956169128418,28.148177962204482,27.94561480300599,28.083356267644078,16364100
2016-08-12,28.01043128967285,28.16437816631575,27.905097589407557,27.969919279068748,15708300
2016-08-15,28.285917282104492,28.48848042594393,28.05904755008217,28.11576498308775,18931100
2016-08-16,28.528993606567383,28.528993606567383,28.172483571501388,28.172483571501388,16320900
2016-08-17,28.375041961669922,28.52898881875318,28.17247884351768,28.49657797804053,18221600
2016-08-18,28.334535598754883,28.43176504938723,28.15627903020516,28.32643134152889,16085200
2016-08-19,28.55330467224121,28.577611262600495,28.148178348287477,28.2292023767308,16417600
2016-08-22,28.650535583496094,28.723458449155903,28.456073578113696,28.520895276864067,14941400
2016-08-23,28.682947158813477,28.917918095558704,28.60192003332478,28.763971193433377,18316000
2016-08-24,28.48038101196289,28.691045334531545,28.375047305244326,28.618122474629224,16343500
2016-08-25,28.431760787963867,28.537094480034526,28.27781392329755,28.399349945654734,12428000
2016-08-26,28.569496154785156,28.828779747240933,28.39934390515541,28.4479601582785,14469900
2016-08-29,28.804473876953125,28.901703305164578,28.480374752625682,28.74775645292413,15264300
2016-08-30,28.9260196685791,28.95843051576615,28.780173947105897,28.836891384248975,15183200
2016-08-31,29.07996940612793,29.08807366415313,28.82879304298537,28.86120080247973,20562700
2016-09-01,29.185298919677734,29.201504342524622,28.828788889651303,29.160992330841587,18925800
2016-09-02,29.23391342163086,29.436476558673643,29.128579724925526,29.339244027468016,16726700
2016-09-06,29.63093376159668,29.655240347587718,29.306831524332157,29.476986898873434,22337800
2016-09-07,29.541805267333984,29.695755219755455,29.476986674894402,29.695755219755455,18495600
2016-09-08,29.52560043334961,29.647139546532976,29.26631987670193,29.452677583613198,20356500
2016-09-09,28.715347290039062,29.48508777792524,28.715347290039062,29.25011381273098,29457900
2016-09-12,29.23391342163086,29.26632117449789,28.407455451592135,28.51278605742929,22796600
2016-09-13,28.853097915649414,29.071866506258782,28.61812390082432,28.966532794290874,23591300
2016-09-14,28.861202239990234,29.023253409008685,28.682948735852005,28.772073942486635,14074500
2016-09-15,29.622831344604492,29.69575419036367,28.796373456289793,28.95842456807328,23736000
2016-09-16,30.52220916748047,30.83010597259475,30.181904612513016,30.56272426381574,74577900
2016-09-19,30.10898208618164,30.805799714747476,30.052264659751206,30.53841491226006,30531700
2016-09-20,30.092769622802734,30.327743529232,29.93071854626989,30.319639275428397,24796900
2016-09-21,30.343957901000977,30.352059066328174,29.86590878412545,30.14949593359902,21233700
2016-09-22,30.42498207092285,30.651854882512037,30.3358537975344,30.465494079499024,17013400
2016-09-23,30.133298873901367,30.506017490610144,30.076581428267872,30.34396632128489,18062500
2016-09-26,29.69576072692871,29.93073164532478,29.65524562191384,29.91452622149254,25518800
2016-09-27,30.125192642211914,30.157603488802422,29.67955431963202,29.898322897815266,22391600
2016-09-28,30.335851669311523,30.384467930713114,30.100880799706957,30.230521072576614,19020800
2016-09-29,30.238632202148438,30.40878453682376,29.979351570966355,30.376376776077695,17675000
2016-09-30,30.5870361328125,30.72477759336991,30.33585671013505,30.360166390309274,24279300
2016-10-03,30.514110565185547,30.749084543843555,30.408776869430554,30.538417152333565,14113600
2016-10-04,30.416881561279297,30.740980727743686,30.24672926707038,30.603239277441666,14393100
2016-10-05,30.781496047973633,31.0407766193448,30.49790579806452,30.58703407401115,22420800
2016-10-06,30.846315383911133,30.91923823953447,30.449293351748295,30.659957661955556,15171400
2016-10-07,30.870616912841797,30.967849431649874,30.611336377755826,30.854414583908238,16942500
2016-10-10,30.805797576904297,31.081283525106077,30.708568151323586,30.992155263795546,14954300
2016-10-11,30.198108673095703,30.78959258071585,29.83349445857157,30.716669737811024,27650500
2016-10-12,30.084674835205078,30.1819042653821,29.825394294154446,30.141392260380663,14053900
2016-10-13,29.955041885375977,30.084682187584015,29.541811297115682,29.85780934056849,16936000
2016-10-14,30.343957901000977,30.546521033730134,30.108983925226813,30.133290512076513,19123900
2016-10-17,30.214324951171875,30.56273387127663,30.173812932969458,30.42498930034577,15788100
2016-10-18,30.5870361328125,30.83011129847574,30.408779568920863,30.76529269670414,42907800
2016-10-19,28.772069931030273,29.242017946575842,28.54520018055643,29.225812522846493,75229000
2016-10-20,28.70724868774414,28.901707572881456,28.439863857095016,28.691043265504653,25669500
2016-10-21,28.48038101196289,28.68294416826172,28.20489499576174,28.528994191318784,20813200
2016-10-24,28.569496154785156,28.755856912989987,28.4479601582785,28.70724065986689,21524700
2016-10-25,28.43986701965332,28.561406154530676,28.366944156900626,28.472277867736427,17860300
2016-10-26,28.29401969909668,28.528993698149858,28.148177072681637,28.3912522378646,19977600
2016-10-27,28.204891204833984,28.54519577805992,28.15627494114397,28.439862085498913,14634700
2016-10-28,28.148176193237305,28.49658196156417,28.12386651387063,28.253506803975704,22296400
2016-10-31,28.253509521484375,28.42366492994386,28.229202930648142,28.29402153650097,19188600
2016-11-01,27.96991729736328,28.488478414438926,27.76735416782635,28.27781411970247,25368200
2016-11-02,28.034740447998047,28.277818715643875,27.92940982894466,28.034740447998047,21416400
2016-11-03,27.700023651123047,28.181692322913708,27.651039287895454,28.124545456283517,19400000
2016-11-04,27.438779830932617,27.700023538543356,27.283664238477673,27.37346734689461,21914700
2016-11-07,28.32046890258789,28.36945325236219,27.879622211698393,27.953097179224944,19296600
2016-11-08,28.361291885375977,28.532732445037272,28.157195091225883,28.24699506466518,14833100
2016-11-09,28.369464874267578,28.451102376398765,27.487764902749575,27.863305509657845,25999400
2016-11-10,28.165359497070312,28.532734374233954,27.781656501558274,28.532734374233954,28249900
2016-11-11,28.255170822143555,28.467430193967836,28.034745831631195,28.222514575933342,22665000
2016-11-14,28.149038314819336,28.35313517305985,27.92045083015665,28.21435080430634,22558900
2016-11-15,28.50008201599121,28.81031007828813,28.255166435975983,28.279657059696337,20676100
2016-11-16,28.44293785095215,28.50824722516249,28.198022247689376,28.491922217313046,18565500
2016-11-17,28.58987808227539,28.58987808227539,28.271487595226187,28.418437529905788,15748500
2016-11-18,28.532743453979492,28.573562205704846,28.2796622104485,28.491924702254142,16806900
2016-11-21,28.55722427368164,28.736830456709658,28.44293056239838,28.655189867028714,14259500
2016-11-22,28.965415954589844,28.981744071441067,28.663353578516865,28.720500430361216,22327400
2016-11-23,28.73682975769043,28.998073409774616,28.65518916999538,28.965417174696597,15843100
2016-11-25,28.93276596069336,28.940931578014943,28.66335976022114,28.66335976022114,6372800
2016-11-28,28.989912033081055,29.112371375395934,28.744996462721737,28.924602667644777,13549000
2016-11-29,28.826631546020508,29.096037687580406,28.793975312416325,29.096037687580406,19581000
2016-11-30,28.328645706176758,28.81847694029525,28.328645706176758,28.736839439365845,27016100
2016-12-01,27.561235427856445,28.51641024199926,27.397960450089638,28.45926337692676,29618700
2016-12-02,27.887786865234375,27.96942434022251,27.430608908198714,27.528577615308528,21492500
2016-12-05,28.075563430786133,28.100054057303826,27.73268220245475,28.01025405531531,14462000
2016-12-06,28.344966888427734,28.36945750985537,28.002082617089517,28.07555759564269,15297700
2016-12-07,28.981748580932617,29.038895441668885,28.124542555618255,28.30414564038781,21710300
2016-12-08,29.145029067993164,29.414435274535926,28.7531635130315,28.965422854117595,19966500
2016-12-09,29.19400405883789,29.308300879524754,29.055219733694454,29.185841557352365,16326900
2016-12-12,29.36545181274414,29.46341741553135,29.12053313437057,29.210336234538165,21985800
2016-12-13,30.043054580688477,30.116529568528836,29.332798441078772,29.398107811230943,35773600
2016-12-14,29.838958740234375,30.116530579810682,29.7654837499268,29.961418095503923,30819400
2016-12-15,30.03488540649414,30.33694779418476,29.822622993534267,29.99406666993108,23721500
2016-12-16,29.643030166625977,30.10020515684347,29.463423926599933,29.977748904865663,38212800
2016-12-19,30.116525650024414,30.16551000696812,29.61036641868719,29.667513277986377,18744300
2016-12-20,30.377763748168945,30.402257479279154,30.116520120971096,30.165504468921824,18551800
2016-12-21,30.189992904663086,30.492055242862307,30.13284605998403,30.410417783112074,14323600
2016-12-22,30.149185180664062,30.402266381107516,30.051219570347815,30.39410076358998,10793900
2016-12-23,30.18184471130371,30.19000721544017,30.018566600136097,30.149188466216003,6287300
2016-12-27,30.263473510742188,30.47573592852812,30.132851682208553,30.132851682208553,9033700
2016-12-28,29.90427017211914,30.36961072289751,29.863451426559237,30.287970117507037,12868600
2016-12-29,29.928756713867188,29.977741070419267,29.74098801848958,29.806297379622112,8447300
2016-12-30,29.610366821289062,30.043051080228924,29.553219961212864,30.034888577762455,17468000
2017-01-03,29.879772186279297,30.14918147436823,29.61036601246058,29.88793780279302,20196500
2017-01-04,29.724658966064453,30.01855886760581,29.667512109016982,29.969574512592203,15915700
2017-01-05,29.675678253173828,29.97774380809197,29.64302512676068,29.757318854882996,13986000
2017-01-06,29.78180503845215,29.945083103258813,29.54505200019598,29.871608129809317,15114000
2017-01-09,29.887939453125,30.116526899807745,29.781808232477847,29.781808232477847,19461400
2017-01-10,29.830793380737305,30.14918393683257,29.822627763556646,29.83895588364749,15918800
2017-01-11,30.16550636291504,30.20632509830201,29.806294017261962,29.806294017261962,22398400
2017-01-12,29.969572067260742,30.067540769294315,29.651181571326344,30.067540769294315,20391900
2017-01-13,30.03488540649414,30.09203226053642,29.896097965055766,29.969572936577265,15072200
2017-01-17,30.043054580688477,30.067548319482373,29.871613980484526,29.936923350636697,20195200
2017-01-18,30.01038932800293,30.214486109139226,29.887933127882988,30.11652052618933,15382500
2017-01-19,29.855283737182617,30.132855547707777,29.806299377347433,29.806299377347433,13654500
2017-01-20,30.15733528137207,30.23081023745951,29.863438571291617,30.01038536919718,23950900
2017-01-23,30.0185546875,30.377763898102547,29.838948525063877,30.263470199923088,27752600
2017-01-24,30.712491989135742,30.810460715816145,30.051220212531685,30.075710837066453,35140900
2017-01-25,30.859447479248047,31.022725605288016,30.63085997135482,30.916594356221353,32276400
2017-01-26,30.66350746154785,30.95740426735384,30.549210625974574,30.87576678478612,34144800
2017-01-27,31.006378173828125,31.39008106395259,30.867593877390338,31.022706287691854,44368600
2017-01-30,30.549217224121094,30.892101576357835,30.475745342503586,30.81046407615771,23954700
2017-01-31,30.059385299682617,30.508397768948292,29.912435311301714,30.385941521478166,27059100
2017-02-01,29.814464569091797,30.165511357226123,29.406270919100294,30.05938013623262,28380600
2017-02-02,29.94508934020996,29.961417461518447,29.553223771618388,29.602205021273143,31916900
2017-02-03,30.02730941772461,30.27397343205606,29.969754585597375,30.16708454246129,21038100
2017-02-06,29.821758270263672,30.019088245129517,29.723093282830753,30.019088245129517,21427000
2017-02-07,29.887529373168945,30.027307626068513,29.7970883112962,29.969752797375435,18581900
2017-02-08,29.912200927734375,30.134199490298617,29.714867826620637,29.879311554798214,20807400
2017-02-09,29.155757904052734,30.010862689613372,29.10642698644536,30.010862689613372,47802700
2017-02-10,29.057092666625977,29.131092178863256,28.645984962308408,28.99131392841379,44106500
2017-02-13,29.43531608581543,29.476426236047033,29.057097685279228,29.24620688554733,28180600
2017-02-14,29.542198181152344,29.566863638309417,29.213310782045482,29.468198673178435,25734800
2017-02-15,29.640865325927734,29.64908923658663,29.328422587450973,29.583310497327133,18452200
2017-02-16,29.936866760253906,30.060200342041625,29.681978821594154,29.74775756828181,21317500
2017-02-17,29.994413375854492,29.994413375854492,29.681970687714703,29.862859055032857,18909900
2017-02-21,30.02730941772461,30.13419830731938,29.87108960716542,30.03553019238431,20556000
2017-02-22,29.657316207885742,29.928648859273995,29.427096845377097,29.87931479452061,29904400
2017-02-23,29.74775505065918,29.84642002583714,29.51753572974294,29.797089106499666,22775000
2017-02-24,30.035537719726562,30.035537719726562,29.55865425737225,29.714874107082405,18617600
2017-02-27,30.019088745117188,30.15886702143671,29.821758766964685,29.945089219184137,14065200
2017-02-28,29.764204025268555,29.977978691711773,29.599760285271906,29.94508931641175,24977000
2017-03-01,29.542198181152344,29.681973287046013,29.139311274071574,29.476419446729896,34085900
2017-03-02,29.525760650634766,29.616204864125844,29.311985984976854,29.542205338224367,23602100
2017-03-03,29.517539978027344,29.673759805918156,29.32842763833917,29.550426216817776,17538100
2017-03-06,29.246204376220703,29.43531356026322,29.122870799604513,29.42709278552361,24416700
2017-03-07,29.43531608581543,29.435316085815433,29.09820783551083,29.221541422709052,23434900
2017-03-08,29.287311553955078,29.517533997866536,29.213312042787617,29.32842169649193,20920100
2017-03-09,29.451753616333008,29.550418580213616,29.18864495498295,29.27086523546635,23616800
2017-03-10,29.525760650634766,29.846424217373354,29.418871749554086,29.6984251655704,25402300
2017-03-13,28.909095764160156,29.632646255090517,28.728207357301788,29.476423308620802,53582900
2017-03-14,28.92554473876953,28.9666548910138,28.497992255121293,28.826879746082575,28586900
2017-03-15,28.859760284423828,28.917315113495953,28.5144313099911,28.728205941329986,27996100
2017-03-16,28.892650604248047,29.07353900813789,28.835095773283655,28.91731606423192,19616100
2017-03-17,28.999536514282227,29.048870565687857,28.859758270217643,29.03242588188598,30778900
2017-03-20,29.13108253479004,29.29552618937728,28.991304330615243,29.081748497463316,17322300
2017-03-21,28.810428619384766,29.270867240028338,28.777539250337977,29.262646466018076,22814500
2017-03-22,29.081762313842773,29.155761836738183,28.77754344705201,28.958431866685974,19144500
2017-03-23,28.999536514282227,29.18042489960014,28.793982671512865,29.18042489960014,20640400
2017-03-24,28.909095764160156,29.3777583305631,28.876206392639887,29.31198272402567,22188000
2017-03-27,29.098203659057617,29.18864785848777,28.728206087071968,28.835094971535145,16992200
2017-03-28,29.27086639404297,29.361310588056188,28.95020289636175,29.05709177442308,18398100
2017-03-29,29.246204376220703,29.353093266854525,29.13931548558688,29.205094229516355,17202600
2017-03-30,29.394201278686523,29.509310935699652,29.205092108378818,29.25442616274284,16433000
2017-03-31,29.657316207885742,29.80531526564232,29.385986693001062,29.39420746887484,21438400
2017-04-03,29.73130989074707,30.208196346749688,29.698420520711792,29.755975350022045,32013600
2017-04-04,29.829973220825195,29.91219664138317,29.591533142464037,29.698418884435224,18918000
2017-04-05,29.7806396484375,30.224633533833323,29.73952637357459,29.95330411145268,22455500
2017-04-06,29.62442398071289,29.829977859316788,29.62442398071289,29.706647414056413,20198200
2017-04-07,29.62442398071289,29.8628672326542,29.591537743878753,29.6573133540503,15689500
2017-04-10,29.43531608581543,29.673759348263506,29.279096260333976,29.61620451063858,19973700
2017-04-11,29.385988235473633,29.42709839000754,28.950211815203737,29.410653700893228,22711800
2017-04-12,29.295541763305664,29.60798142296679,29.188652860525014,29.492871744512325,19289800
2017-04-13,28.983089447021484,29.402417871725817,28.983089447021484,29.22975341075947,15764000
2017-04-17,29.172195434570312,29.262639610007174,29.04886503429452,29.13930607322925,12560700
2017-04-18,29.410642623901367,29.443531989742798,29.02420041652094,29.131089287254316,12321100
2017-04-19,29.525760650634766,29.7806486035184,29.509315963045164,29.575094713403566,16594600
2017-04-20,29.74775505065918,29.8217545661684,29.484646359182612,29.74775505065918,22968300
2017-04-21,29.86286163330078,29.945081914724547,29.476419410303187,29.76419666829173,20390500
2017-04-24,30.21641731262207,30.298637601728693,29.97797408310869,30.15063857213439,26305800
2017-04-25,30.315088272094727,30.421977178239278,30.1424237489791,30.23286796675498,22066800
2017-04-26,30.364408493041992,30.611072433102414,30.24107495476069,30.24107495476069,27241000
2017-04-27,30.775522232055664,30.833077058310955,30.24108097511049,30.31508048551055,39890000
2017-04-28,29.72308921813965,30.002642591389616,29.501090674396764,29.68197593720347,56769300
2017-05-01,29.854642868041992,29.928642380902303,29.55042090600355,29.690199157629866,24825600
2017-05-02,30.397310256958008,30.446641183195926,29.887534351474237,29.90397903905469,35813000
2017-05-03,30.631723403930664,30.789105379390914,30.333523315827897,30.41635842909893,22040300
2017-05-04,30.524030685424805,30.73939875905304,30.350081736611248,30.63999981113609,16437100
2017-05-05,30.499195098876953,30.590312157647038,30.234129015093227,30.53232914930916,18119200
2017-05-08,30.26725196838379,30.524032865495197,30.2175509109578,30.424633910479034,17660200
2017-05-09,30.126441955566406,30.441209083909392,30.05189192937561,30.217559005337005,17819100
2017-05-10,29.828243255615234,30.13472846652109,29.76197831801181,30.043611412459175,25133800
2017-05-11,29.563167572021484,29.819951626344775,29.364369664020554,29.74540162088548,21508900
2017-05-12,29.430641174316406,29.604593332587726,29.32296026662045,29.588026309903007,19730800
2017-05-15,29.51348304748535,29.588033086723232,29.339530849372153,29.430647915089253,22120100
2017-05-16,29.670860290527344,29.728843293966875,29.339526133870002,29.612877287087816,22291800
2017-05-17,29.024751663208008,29.811667630780285,29.00818464538342,29.546598505422466,26670200
2017-05-18,29.17385482788086,29.3809378333943,29.05788885036708,29.149002718530834,17171900
2017-05-19,29.32295799255371,29.447205913298657,29.099307943409315,29.115874964809223,18340100
2017-05-22,29.629440307617188,29.911073354772967,29.306391286434202,29.38922323448861,14638100
2017-05-23,29.70399284362793,29.81167691309903,29.455493818556302,29.71227477520115,16903700
2017-05-24,29.91935920715332,29.969060278402015,29.728843173788352,29.803393200743052,20640600
2017-05-25,30.035320281982422,30.143004338755315,29.869656391360955,29.919354294612926,13148500
2017-05-26,30.035320281982422,30.09330643550334,29.9276393850457,30.035320281982425,11145500
2017-05-30,29.96906280517578,30.184427812404763,29.894512771935563,30.043612838415996,13026900
2017-05-31,29.911081314086914,30.13473142515046,29.71228016208472,30.076748414115887,17741900
2017-06-01,29.91935920715332,29.927644298946447,29.654293146833655,29.91935920715332,17510900
2017-06-02,30.08502769470215,30.093312786883544,29.81996162196056,30.043611713305683,19127400
2017-06-05,30.10159683227539,30.234129877949634,29.98563081229006,30.068462780897566,11685700
2017-06-06,29.927637100219727,30.19270309678101,29.803386031903404,29.952486049948618,18420900
2017-06-07,30.035320281982422,30.292104368183573,29.902787273583545,29.9276393850457,17192000
2017-06-08,30.21755027770996,30.25896624477912,29.95248429666445,30.10158430598202,17154200
2017-06-09,29.579740524291992,30.283824752600864,29.248409557884653,30.234123685713378,33322100
2017-06-12,29.5963077545166,29.82823974861482,29.331241715593944,29.480341757467492,28488300
2017-06-13,29.720558166503906,29.778541163709264,29.430640020640766,29.554891105987306,20588200
2017-06-14,29.430641174316406,29.86137428460968,29.17386022229445,29.811676376392004,19149000
2017-06-15,29.248409271240234,29.38922421962013,29.10759116302396,29.165574160572906,20410000
2017-06-16,29.165569305419922,29.264971421673383,28.99990227150001,29.223552293316516,30762800
2017-06-19,29.414072036743164,29.496907144210876,29.2566900723089,29.496907144210876,21583800
2017-06-20,28.87565803527832,29.364374109535387,28.859091013797507,29.364374109535387,21536500
2017-06-21,28.64372444152832,28.660288302240303,28.237840337691036,28.436641424431684,27138500
2017-06-22,28.461498260498047,28.685148360104254,28.403515252433877,28.627165352040084,24602900
2017-06-23,28.3206844329834,28.61888461113384,28.24613438844579,28.33725146064036,29260900
2017-06-26,28.221269607543945,28.58573453218525,28.18813557080319,28.378651542309033,18854800
2017-06-27,27.873374938964844,28.287540966825624,27.873374938964844,28.16328989453298,27078900
2017-06-28,28.328964233398438,28.36209828252119,27.947932147997342,27.972781104920983,25940100
2017-06-29,27.78225326538086,28.246117116787136,27.61658624994912,28.097017118882118,25215700
2017-06-30,27.94792938232422,28.1053113603278,27.773977221562173,28.055610291561997,24432000
2017-07-03,27.71599578857422,28.188144909121203,27.69114683270439,27.757411768302838,12676900
2017-07-05,28.44492530822754,28.519475325895456,27.740844265681016,27.765693218291556,30010800
2017-07-06,27.856807708740234,28.40350673500308,27.79882471806357,28.262688643476892,20733200
2017-07-07,28.06389045715332,28.262688377650363,27.91479043686255,27.91479043686255,18304500
2017-07-10,27.873374938964844,27.947924950373228,27.525473832447055,27.54204085274181,29918400
2017-07-11,28.09702491760254,28.105310008583295,27.69114393496413,27.86509292752345,25737500
2017-07-12,28.370370864868164,28.48633683874207,28.113586808550366,28.395219813602342,23768300
2017-07-13,28.362098693847656,28.494631732423898,28.26269654503781,28.436648725536596,15046200
2017-07-14,28.726560592651367,28.7514095471956,28.3869445212552,28.5608935227379,16316400
2017-07-17,28.5526123046875,28.776262380684134,28.461495255966284,28.776262380684134,21044400
2017-07-18,28.602306365966797,28.643725498783787,28.37037438940537,28.5194744200052,14362800
2017-07-19,28.627161026000977,28.726560001970583,28.544325912829244,28.726560001970583,17036200
2017-07-20,28.784536361694336,28.8590863664346,28.560886347473545,28.6105874039123,17506200
2017-07-21,28.767974853515625,28.842524872536277,28.494626890330796,28.61059288439929,22245000
2017-07-24,28.57745361328125,28.825952577951323,28.478054659380376,28.76796959152283,16146300
2017-07-25,28.718278884887695,28.77626505205051,28.494631947966024,28.618879895162852,18096700
2017-07-26,28.784536361694336,28.966770408800702,28.652003371026726,28.74312039457991,15499300
2017-07-27,28.966777801513672,29.19870980441523,28.718275615734512,28.809392662541995,43062800
2017-07-28,29.248409271240234,29.703991320483226,28.991625167926077,29.09930923187542,36291500
2017-07-31,29.380937576293945,29.6045875994717,29.256686510138792,29.380937576293945,27057000
2017-08-01,30.10987663269043,30.176144730752686,29.46377847576758,29.538328506169204,38710200
2017-08-02,30.3500919342041,30.374940889573658,29.869660891318304,30.09331096915427,35004300
2017-08-03,30.452739715576172,30.53619346631035,30.16899250610084,30.50281069259407,26611300
2017-08-04,30.29417610168457,30.511160968553064,30.127265400298846,30.419359923613072,20520300
2017-08-07,30.402667999267578,30.502813144911208,30.227413198502035,30.369285222867443,18169300
2017-08-08,30.385974884033203,30.627995223843417,30.294173845928874,30.352592109530427,22819900
2017-08-09,30.536197662353516,30.594615932606125,30.06050421397832,30.277485905837004,22796800
2017-08-10,30.160642623901367,30.511155350628247,30.13560713754811,30.377627450817116,22693300
2017-08-11,29.935317993164062,30.377631811420503,29.868555625453116,30.260792096702108,19275100
2017-08-14,30.32756233215332,30.43605477794189,30.110580624133377,30.143960221366076,18469400
2017-08-15,30.043813705444336,30.310869572585943,29.89359438223255,30.29417818294496,21706600
2017-08-16,29.88524055480957,30.102222182424413,29.676603027521598,30.027112545258504,22014000
2017-08-17,29.351139068603516,29.776761599315016,29.351139068603516,29.70999603231813,19525000
2017-08-18,29.21759796142578,29.467965541365633,29.200909760748747,29.451274157132573,16231400
2017-08-21,29.142488479614258,29.442927030299938,28.958889619183264,29.28436365457407,26493300
2017-08-22,28.917173385620117,29.36782819383919,28.89213470814996,29.22595615025622,26097800
2017-08-23,28.925514221191406,29.050698043727824,28.691841148250735,28.825369073296383,19648100
2017-08-24,28.967235565185547,29.117454850099463,28.833707665657204,28.958891464270884,14301900
2017-08-25,28.933856964111328,29.150841821837513,28.858750494386918,29.05904078076541,14726800
2017-08-28,28.917173385620117,29.042354038742054,28.867099214237015,29.02566264828102,20712900
2017-08-29,28.983928680419922,29.000620066801687,28.758599739600733,28.80032661377693,15843700
2017-08-30,29.117460250854492,29.175878518761397,28.900478567708404,29.00062371504069,18565000
2017-08-31,29.267675399780273,29.359476431589876,29.100764722267943,29.159182981863804,16366800
2017-09-01,29.284372329711914,29.53473680159872,29.267680940445196,29.40955615743381,12822000
2017-09-05,29.2259464263916,29.48465811712496,29.15083678608554,29.2259464263916,18772000
2017-09-06,29.8435115814209,29.993730861183504,29.30105590099472,29.392856925689216,28076400
2017-09-07,29.659915924072266,30.002081390866408,29.484661139909615,29.943663129478857,16297100
2017-09-08,29.367816925048828,29.659911370700897,29.27601908807291,29.55976306636282,14125000
2017-09-11,29.851863861083984,30.043810043222216,29.326096293931727,29.618190801708167,20037600
2017-09-12,30.118928909301758,30.327566542870333,29.82683749572881,29.94367406115799,19489900
2017-09-13,30.319204330444336,30.377622578269197,30.01876580817034,30.043801290507925,15509800
2017-09-14,30.44439125061035,30.627993315378557,30.177335438341906,30.202370925880697,18093900
2017-09-15,30.878358840942383,30.945124388165063,30.227410673303844,30.502810596706105,33596100
2017-09-18,30.878358840942383,31.15376194790116,30.711448156442202,30.878358840942383,19393800
2017-09-19,31.07029914855957,31.12871739957322,30.895044395518628,31.045263664855412,23850500
2017-09-20,30.936767578125,31.12036959290318,30.594602212846453,31.070295447903078,23957500
2017-09-21,31.045269012451172,31.10368727352746,30.75317452351329,30.87001422922232,22954200
2017-09-22,31.028581619262695,31.06196439661874,30.836635424800736,30.836635424800736,21631800
2017-09-25,31.011884689331055,31.07030294748743,30.753172986384026,30.92008365978352,23180800
2017-09-26,31.270597457885742,31.41246946579828,30.87835783956404,31.05361262000532,29790400
2017-09-27,31.329017639160156,31.45419826848453,30.96181348593947,31.395780004755167,25981400
2017-09-28,31.571035385131836,31.612762258144365,31.120377516061307,31.145413003157554,21171400
2017-09-29,31.779674530029297,31.83809279189243,31.462544548803372,31.579381072529632,23217300
2017-10-02,32.580841064453125,32.62256793837248,31.77967362439848,31.813053213400114,37394500
2017-10-03,32.86458969116211,33.13164551611002,32.505732829471505,32.505732829471505,34002200
2017-10-04,32.83120346069336,32.881277616433,32.43061976544485,32.87293033203162,28368800
2017-10-05,32.98977279663086,33.08992112617713,32.72271695162104,32.964737306022684,17710300
2017-10-06,33.073219299316406,33.29020091106913,32.89796136970391,33.048180633054166,18887500
2017-10-09,33.26517105102539,33.28186243683622,32.9814238593539,33.11495176228423,18494100
2017-10-10,33.08992385864258,33.34028833606902,32.86459487389166,33.323596946432986,29890000
2017-10-11,32.797828674316406,33.106611417655316,32.59753836971273,32.94804799454766,30754700
2017-10-12,32.706024169921875,32.87293486183097,32.530769376017815,32.83955208673782,18286900
2017-10-13,33.10660171508789,33.22344140601426,32.78112767782601,32.91465556961437,16829400
2017-10-16,33.18172073364258,33.20675940912611,32.914664874569326,33.139993852579316,12489100
2017-10-17,33.206756591796875,33.273518959122455,32.85624381677836,33.0148104083454,15532800
2017-10-18,33.59064865112305,33.624031426258504,33.04818969762013,33.21510038974077,21424600
2017-10-19,33.457115173339844,33.657408607305825,33.24013353813648,33.2818604083422,19222700
2017-10-20,33.740867614746094,33.757559002145165,33.46546449799631,33.65741386130735,18335700
2017-10-23,34.07468795776367,34.24994274478108,33.715831098505255,33.8410117248506,28647000
2017-10-24,34.174842834472656,34.258296609151664,33.982896605864994,34.21656972181216,19652400
2017-10-25,34.032962799072266,34.26663906563175,33.79094561320125,34.12476384841096,24031700
2017-10-26,34.50865936279297,34.700608765201956,33.97454759145649,34.14145831588846,38247400
2017-10-27,37.05402755737305,37.554756368868844,35.96910982653859,36.136020491555904,90028300
2017-10-30,37.028995513916016,37.71332649773397,36.62006765418799,37.12079655527933,48161500
2017-10-31,37.96369552612305,38.22240408831388,37.26267312871481,37.72167516883235,47000900
2017-11-01,38.981842041015625,38.981842041015625,38.04714663736379,38.364276628865106,47813700
2017-11-02,39.307315826416016,39.415808251208446,38.56456660714693,38.89838798332828,44602300
2017-11-03,38.67306137084961,39.4742289018708,38.055492742631124,39.39077514455655,39298100
2017-11-06,39.204471588134766,39.23805220335257,38.692378414546404,39.12052005009027,34035000
2017-11-07,39.27162551879883,39.53187045594889,38.94422256064374,39.2044674977938,24461400
2017-11-08,39.204471588134766,39.204471588134766,38.851881533195346,39.13731035769917,21565800
2017-11-09,38.86865234375,38.94420708887887,38.32298203108335,38.65877840755003,25570400
2017-11-10,38.26422119140625,38.692362652539245,38.096321386137895,38.65038850182776,24095400
2017-11-13,38.40694046020508,38.56644354093803,37.98719247703344,37.995586027630765,18999000
2017-11-14,38.49928283691406,38.54965054182211,38.045954278205166,38.36496361978803,22201200
2017-11-15,38.16349792480469,38.45732352735642,37.92004324902799,38.104733444779136,17157200
2017-11-16,38.322994232177734,38.675581020085986,38.163487940332736,38.30620392764546,26439400
2017-11-17,37.46670150756836,38.29780062402083,37.45830475552676,38.19706201647987,63798000
2017-11-20,37.45830154418945,37.87804944245108,37.35756294528491,37.55064659419458,22420000
2017-11-21,37.726951599121094,37.962012672419995,37.53386789055567,37.54226464447169,21871000
2017-11-22,37.483489990234375,37.73533809807642,37.39114493679372,37.7269413464423,19538300
2017-11-24,37.567440032958984,37.5926238841835,37.298801611822135,37.39954021914281,6465800
2017-11-27,37.34917068481445,37.44990928719416,37.16448057843297,37.290403030802,18202100
2017-11-28,37.550655364990234,37.64300043656462,37.20646213611856,37.48349735084172,20194100
2017-11-29,36.895851135253906,37.85287609645065,36.74474159375724,37.65139564031403,27036900
2017-11-30,37.64299392700195,37.94521294446551,37.21485245387692,37.240036304524715,34145300
2017-12-01,37.50867462158203,37.64299382872377,36.543253118585355,37.550648773359605,26656300
2017-12-04,37.34917068481445,38.02916025390551,37.214851480834035,37.794102447545384,28000800
2017-12-05,36.46770095825195,37.69336741332346,36.29140758679344,37.44151607989961,30626900
2017-12-06,36.476097106933594,36.70276138180985,35.82128813426131,36.2158522278336,27710800
2017-12-07,36.16550064086914,36.602035880626524,35.91364919937759,36.48450691588999,32708400
2017-12-08,36.39215850830078,36.58524544988315,36.1906812163196,36.39215850830078,23154700
2017-12-11,36.65239715576172,36.75313578437095,36.308203905792176,36.33338776233867,20425900
2017-12-12,36.375370025634766,36.61882147736065,36.1654959863521,36.49289897524526,16557400
2017-12-13,36.383750915527344,36.65238933612121,36.29980261000023,36.64399578653753,21399500
2017-12-14,36.316593170166016,36.57683806597773,36.11511593673097,36.45930914607015,19644900
2017-12-15,37.40793991088867,37.642997747249915,36.15708956220313,36.43412475713417,47477000
2017-12-18,38.8350830078125,38.910637774852766,37.810900079783735,37.903245150879954,50369300
2017-12-19,39.48988723754883,39.674574154781794,38.524465687886895,38.86865887297614,41421100
2017-12-20,39.926429748535156,39.993587761316675,39.170882089599246,39.850874982641564,40935000
2017-12-21,39.25482940673828,39.95161258584135,39.086932777847686,39.909638428618706,42963500
2017-12-22,39.204471588134766,39.47311010502969,38.63361393912712,38.89385890342946,33913500
2017-12-26,38.6839599609375,39.011362742501255,38.57482463294236,38.851856524103354,15533300
2017-12-27,38.70915603637695,38.91903000907262,38.61681097600323,38.70915603637695,13359700
2017-12-28,38.8015022277832,38.91903114353102,38.57483794637408,38.91903114353102,9504400
2017-12-29,38.75113296508789,39.02816816604532,38.69236850471927,38.79310712214792,17394500
2018-01-02,39.330387115478516,39.37236447826704,38.79311017698625,38.935826165136284,23370800
2018-01-03,37.9955940246582,38.79311600102535,36.64400792440912,38.171890648537335,116479000
2018-01-04,37.29880142211914,37.48349153661985,35.83807721249705,36.53486031544242,89209100
2018-01-05,37.55905532836914,37.90324858665831,36.85387850621288,37.298810395546276,41824000
2018-01-08,37.55905532836914,37.64300365383544,36.90424622052332,37.16449115334619,33733800
2018-01-09,36.61881637573242,37.64300256952073,36.50968419625448,37.525473636284026,44282300
2018-01-10,35.6785774230957,36.602021675430215,35.62820651386146,36.37536058993326,45735000
2018-01-11,36.44252014160156,36.58523612259174,35.636604774294796,35.93042708453486,35371500
2018-01-12,36.2998046875,36.60202052614749,36.1067178093763,36.47609806065006,29973600
2018-01-16,36.21585464477539,36.76152829134853,36.005980658004624,36.56004785498253,38367200
2018-01-17,37.265220642089844,37.3155915464661,36.52646339001752,36.56004399293502,32368600
2018-01-18,37.340782165527344,37.55905292163054,37.080537249380654,37.27362414994238,26826500
2018-01-19,37.6262092590332,37.68497372095774,37.14769681054879,37.45830942392465,25780200
2018-01-22,38.40694046020508,38.44052106744032,37.60102510109704,37.60941865169437,27706800
2018-01-23,38.66718673706055,38.69237059217065,38.306203202508016,38.4573127380148,22135100
2018-01-24,38.2054557800293,38.72594552715435,37.74373369025668,38.53286186061026,32464200
2018-01-25,38.02916717529297,38.927427615851485,37.920031801439,38.51607637985449,36758700
2018-01-26,42.04195785522461,42.100722314331584,40.39654339296071,40.61481412886335,86916100
2018-01-29,41.9580078125,42.68836840304062,41.445914763096674,41.638998450139695,46304000
2018-01-30,40.959014892578125,42.02517530838104,40.91704072867257,41.538266040291006,32814600
2018-01-31,40.413333892822266,41.3451748952345,39.926427914645885,41.32838459220457,41619900
2018-02-01,40.001983642578125,40.690370071306,39.83408381064922,40.04395779995462,28840400
2018-02-02,38.74273681640625,40.11950957115008,38.70075945973848,39.724945475916414,28663000
2018-02-05,37.374359130859375,39.674576182192574,37.35756882799426,38.91063501515522,47869000
2018-02-06,37.957542419433594,37.974446632895,36.36858181970033,37.2053226532205,58145400
2018-02-07,38.20264434814453,39.1323534140967,37.475779372438915,37.67862668683414,37508400
2018-02-08,36.13191604614258,38.3885745182756,36.12346555458141,38.270248291532006,43151300
2018-02-09,37.14616012573242,37.42507159203491,35.53184479147827,36.765823377002576,49301100
2018-02-12,37.88992691040039,38.1688383583071,37.264483939946224,37.31519657781512,28379500
2018-02-13,37.57719802856445,37.847658940600084,37.408159152505085,37.6870737816253,19517600
2018-02-14,38.35478591918945,38.46465847775209,37.22222933535321,37.247584045152394,19922000
2018-02-15,38.811187744140625,38.870354108668586,37.9913542742586,38.77738253831666,23536800
2018-02-16,38.50690841674805,39.37745423475143,38.464646281617284,38.72665668834614,21475200
2018-02-20,39.14926528930664,39.47888941859437,38.36323703139776,38.422400171313534,25512000
2018-02-21,38.82808303833008,39.774699515200446,38.81117882722718,39.44507223491694,27527500
2018-02-22,38.70975875854492,39.35210591661331,38.55762407501024,38.99712391364946,16946400
2018-02-23,40.340980529785156,40.39169316868957,39.14081042638797,39.166165133765695,26040900
2018-02-26,41.5073356628418,41.52423987183161,40.65369084167133,40.73821188662039,26992300
2018-02-27,42.18349838256836,43.02023920264491,41.67638488346979,41.72709429889024,43624100
2018-02-28,41.65947341918945,42.54692350022025,41.651019701991466,42.4116930423884,35541200
2018-03-01,40.43395233154297,42.0229128944394,40.121232450129234,41.83696977482362,36326600
2018-03-02,41.39746856689453,41.456631698647506,39.690181791947246,39.89302911806377,33310600
2018-03-05,42.04826736450195,42.09052628486261,40.602991008784166,41.050941368075314,30826500
2018-03-06,42.859649658203125,43.38367058080981,42.386344597976326,42.394795092273704,39132300
2018-03-07,43.37522506713867,43.51890929056435,42.344090463770414,42.411707327535325,31801900
2018-03-08,42.885013580322266,44.01757019917143,42.65681151262698,43.77246391637102,29481200
2018-03-09,44.110538482666016,44.203510053536036,43.10476186647536,43.332963933842855,32727900
2018-03-12,43.54425048828125,43.90768295785123,42.682155087730266,43.83161562179825,32044400
2018-03-13,43.76400375366211,45.45438632551957,43.434379668013726,44.38944672387488,45573900
2018-03-14,43.83161544799805,44.10207636974767,43.36676094025016,44.00065433012869,24993500
2018-03-15,43.00333023071289,44.20350021703842,43.00333023071289,44.14433708949554,25631200
2018-03-16,43.248443603515625,43.696397250502145,43.09631211346576,43.248443603515625,42559800
2018-03-19,42.9610710144043,43.299145565980936,42.20039763109677,42.885003676073545,31115200
2018-03-20,43.569610595703125,43.78936213784221,42.97797604460035,43.003333975861885,22215000
2018-03-21,43.57807159423828,44.09363566183446,43.24844422596277,43.56961787435586,23239500
2018-03-22,42.9610710144043,43.916134766153206,42.76667419766567,42.885003676073545,30916000
2018-03-23,41.71864318847656,43.096305913692866,41.71864318847656,42.75822810318553,37683900
2018-03-26,44.35564041137695,44.36409413016228,42.53002727577977,42.88500930933566,39306200
2018-03-27,43.265342712402344,45.00643800043684,42.91881439854804,44.80359066406282,38777000
2018-03-28,41.92148971557617,42.85120213606886,41.42282668957212,42.68216322105663,37970900
2018-03-29,44.01757049560547,44.01757049560547,42.149695015775926,42.2426665874056,45265800
2018-04-02,41.34675598144531,43.98375510353967,39.96909651271946,43.68793622025307,67187800
2018-04-03,42.04826736450195,42.22575676450611,40.91571088843182,41.41437388664514,39432400
2018-04-04,42.25111389160156,42.394794862922,40.57763230467075,40.65369964953124,30370000
2018-04-05,42.58074951171875,42.86811475634662,42.234221118857185,42.268026329169466,25115400
2018-04-06,41.23688888549805,42.59764754565053,40.991782607451476,42.08208027946612,28215200
2018-04-09,41.87922286987305,43.19772228854707,41.54959882124167,41.54959882124167,31437000
2018-04-10,43.33296203613281,43.51890516972972,42.54693380211762,43.206182040653246,25906400
2018-04-11,43.18927764892578,43.72174911394409,42.9526250974284,43.096309306658384,17568400
2018-04-12,44.55848693847656,45.02334151460109,43.48509358682961,43.51890201305841,29781400
2018-04-13,43.83161544799805,44.972622260120005,43.611863933983656,44.8458455166334,20884900
2018-04-16,44.28802490234375,44.39789744869793,43.772457699385704,44.1950533445449,18855500
2018-04-17,45.25154113769531,45.38677161123634,44.70216552535116,44.71906973756239,21228700
2018-04-18,45.31069564819336,45.94458897684934,45.082493662979424,45.23462831978871,22164700
2018-04-19,44.13589096069336,44.76133072061296,43.62032374899136,44.75288022619198,25422400
2018-04-20,43.552703857421875,44.18659729167109,43.00333148222846,44.09362573878408,26910100
2018-04-23,43.18927764892578,43.85697960396391,42.97797980676049,43.687940685401834,21706700
2018-04-24,43.48509979248047,45.336067866642935,43.223089288039894,43.84007864609405,42494700
2018-04-25,43.42592239379883,44.03445783223715,42.76667110128044,43.83161376080717,25752800
2018-04-26,44.83740234375,45.02334548023719,44.009115173083195,44.16970037559078,39575000
2018-04-27,44.56692886352539,47.15321493804954,44.14433328937004,46.85739610165178,69888100
2018-04-30,43.62876892089844,45.10785352359904,43.28224065723167,44.42325071380413,36417400
2018-05-01,45.07404327392578,45.15010737835667,43.476629373764816,43.64566823995705,27600800
2018-05-02,44.21196746826172,44.96418736940667,44.07673696046206,44.87121579076635,25778300
2018-05-03,44.18659591674805,44.42325165059171,43.28224156995788,43.85697185705893,28561000
2018-05-04,44.866661071777344,44.917666402234936,43.35353860519978,43.88058071556544,25642500
2018-05-07,45.33418655395508,45.546703828460195,44.909152004944836,44.93465304020345,20285700
2018-05-08,45.58921432495117,45.58921432495117,44.88365529805511,45.300190653160485,21026800
2018-05-09,46.19276809692383,46.21826913945898,45.21518705815192,45.69972632286295,19827500
2018-05-10,46.73679733276367,46.753799103386555,45.98873563913776,46.37126737126216,18715900
2018-05-11,46.47329330444336,46.9153297888313,46.269278461038134,46.43079048229706,15405000
2018-05-14,46.66878890991211,46.957812496605136,46.53277800104221,46.55827903309411,21878200
2018-05-15,45.835731506347656,46.54129052656125,45.52970930625309,46.39678031341299,21712600
2018-05-16,46.447784423828125,46.498789747453415,45.869737060435845,46.048250828988984,16260500
2018-05-17,46.592288970947266,47.12783017413463,46.260759294954134,46.37126918695184,16872600
2018-05-18,45.47869873046875,46.362771409285195,45.45319769409633,46.35426890199012,23679900
2018-05-21,46.17576599121094,46.94082968937361,45.78473487559765,46.209769542853095,25367400
2018-05-22,46.286277770996094,46.79631809507714,45.9462487264372,46.52429615653294,19009600
2018-05-23,46.93233108520508,46.94933286244083,45.767736907994234,45.90374788312282,20555400
2018-05-24,46.54130172729492,47.00883926961121,46.01425958374333,46.906831845030354,19667100
2018-05-25,47.127830505371094,47.17883581959536,46.36277024854496,46.58378679133749,18550000
2018-05-29,47.025821685791016,47.442356965697634,46.592287877750934,46.85580721965043,24253500
2018-05-30,47.33185577392578,47.77389217001678,47.28085045188407,47.51036953693652,24711500
2018-05-31,46.92383575439453,47.48488147921061,46.80482654651805,47.3233662033002,30962100
2018-06-01,48.52195358276367,48.53895211387008,47.433862754816104,47.46786630254252,31183200
2018-06-04,48.3094367980957,48.96398726377306,48.26693074159781,48.462446279012156,22538100
2018-06-05,48.05442428588867,48.555965383950415,47.79090483550954,48.36895231269112,21687000
2018-06-06,48.47945022583008,48.504954509423236,47.67188700028576,48.054415583856446,22955400
2018-06-07,47.501869201660156,48.453945825702064,47.28084938721317,48.38593873117784,27596100
2018-06-08,46.796321868896484,47.348868300174644,46.46479530723261,47.2298590978089,30822900
2018-06-11,46.34577941894531,46.83031866882398,46.12475958121573,46.58379778933986,25752400
2018-06-12,46.60079574584961,46.77930950901641,46.090755496013955,46.64329855954311,23294900
2018-06-13,46.77931213378906,47.34886024606097,46.677304726649695,46.736809317710744,22631400
2018-06-14,47.21284484863281,47.48486673725907,46.9068194132391,47.136338489784386,23419800
2018-06-15,46.84731674194336,47.07683582786674,46.39678107851424,46.898318821421775,39194700
2018-06-18,45.24068832397461,46.158761464294834,44.49262644621804,46.158761464294834,40764400
2018-06-19,44.994171142578125,45.011172918779906,44.10159896990692,44.32261557501553,31780900
2018-06-20,45.444698333740234,45.69121917826596,44.79014466521847,45.21517926222559,21403000
2018-06-21,44.36511993408203,46.35428242013359,44.15260258831908,46.22677395833023,44435600
2018-06-22,44.62863540649414,45.130176391248824,44.458620908775174,44.730642808022786,34682100
2018-06-25,43.10700988769531,43.99108266541651,42.426955152046986,43.4980409553485,45356500
2018-06-26,42.222938537597656,42.85199121606459,41.95941914267461,42.46096013519003,37543000
2018-06-27,41.449378967285156,42.554471686846234,41.44087970082633,41.942420733582516,33338800
2018-06-28,41.86591720581055,42.06993528499728,41.22836516714338,41.29637227445808,29055700
2018-06-29,42.25693130493164,42.59696021887729,42.07841758435039,42.1039186179317,28906500
2018-07-02,42.673484802246094,42.73298940120714,41.50889062474882,41.687404421631975,23755500
2018-07-03,42.05292892456055,43.234524721926434,42.01892537460945,42.996506357782806,16327900
2018-07-05,43.14101028442383,43.319524031477115,42.29094111625784,42.48645663580523,26163500
2018-07-06,43.668052673339844,43.778562574217474,42.843487777501856,43.15801246472343,19968000
2018-07-09,44.08458709716797,44.110088134251605,43.353527101709865,43.89757084453734,21361600
2018-07-10,44.33961486816406,44.424620501655326,44.06759294968356,44.288609542415074,17362900
2018-07-11,43.52354431152344,44.093089127152396,43.51504180345801,43.940076409541724,18665600
2018-07-12,44.50112533569336,44.61163524963022,43.97408329214031,44.24610520124878,20292700
2018-07-13,44.39061737060547,44.56062862677503,43.999583050247665,44.543630095363554,13749300
2018-07-16,44.21210861206055,44.47563129670089,44.09309941343505,44.331121053443496,15951500
2018-07-17,43.99108123779297,44.10159114211098,43.36202860100966,43.39603214737777,15754500
2018-07-18,43.965579986572266,44.17809728620921,43.75306268693533,44.09308842070044,14649000
2018-07-19,44.18659591674805,44.21209695465609,43.39603131403265,43.86356871796754,15954600
2018-07-20,44.127098083496094,44.26310904440637,43.63405956623028,44.05909422441951,17380500
2018-07-23,44.467132568359375,44.62864459091475,43.63406492512653,44.00809430287674,15945500
2018-07-24,44.35662078857422,45.3086975922283,44.271615147139116,44.84965934586107,17788700
2018-07-25,44.56914138793945,44.58614316601888,43.43004819867898,44.38212507182341,19854800
2018-07-26,44.33961486816406,45.20668594935457,44.09309399117952,44.5861357451486,28282500
2018-07-27,40.53130340576172,41.82340909653766,40.36128890173071,41.44937653911805,67816700
2018-07-30,40.53980255126953,40.794825927936785,39.46871669174343,40.48880047014163,35696600
2018-07-31,40.888328552246094,41.38137026079891,40.53980029862512,41.00734096803098,36581200
2018-08-01,41.49187469482422,41.57688030927143,40.80331754387898,40.85432285820111,28060700
2018-08-02,42.06142807006836,42.09543161992195,40.97334041680931,41.22836055519728,26452500
2018-08-03,42.18893051147461,42.316438931336165,41.797896259399515,42.07842062005624,22008200
2018-08-06,42.16327667236328,42.17183088826037,41.32514295070923,41.71000110414156,26669000
2018-08-07,42.50537109375,42.616553056687565,42.25735104661131,42.27445621494611,28322700
2018-08-08,42.72774124145508,42.87313357333508,42.28301655346625,42.419854668041424,21990600
2018-08-09,42.88168716430664,43.2750963600853,42.52248831489435,42.64222126469845,23795600
2018-08-10,41.77842330932617,42.052099524818864,41.30804251785297,41.487641922555454,28712400
2018-08-13,41.436336517333984,42.11197621329519,41.37647003920865,41.838296690107185,17070600
2018-08-14,41.15409851074219,41.70145093204398,40.75213841149244,41.62447929389356,23061600
2018-08-15,40.58964157104492,41.051471407372546,40.11070982594472,40.86331778609585,26739900
2018-08-16,40.34162902832031,41.00871778196702,40.23900124409714,40.837669299942775,24358000
2018-08-17,40.2817497253418,40.52976978219617,39.62321866228037,40.196227142794896,26382000
2018-08-20,39.768619537353516,40.29886688435762,39.50349423261228,40.2390004062674,24334000
2018-08-21,40.72648239135742,40.923186980122885,39.88834851912622,39.90545369151601,19254300
2018-08-22,40.23899841308594,40.495569486832046,40.12781641822061,40.41004688307608,23182500
2018-08-23,40.17912673950195,40.34162097060573,39.94821182426325,40.07649897577735,31343200
2018-08-24,40.76068115234375,40.957385685207676,40.26464434392105,40.44424370925631,18214700
2018-08-27,41.350799560546875,41.38500989958329,40.73502977027899,41.05146725017204,17170300
2018-08-28,41.5389518737793,41.72710547016348,41.31659120189768,41.521846704791884,13472400
2018-08-29,41.69289779663086,41.78697460083506,41.39356547641532,41.650136502668296,13479100
2018-08-30,41.25672912597656,41.76132024605666,41.12844197617674,41.49619499229331,16418800
2018-08-31,41.41923141479492,41.53041341542481,40.98305763058142,41.01726797884883,16484000
2018-09-04,41.01725387573242,41.41921717346997,40.67516029811679,41.376455884077664,15682900
2018-09-05,40.8120002746582,41.15409386814129,40.598190555302246,40.837656396988145,20857200
2018-09-06,40.41859817504883,41.017266193760676,40.37583687281475,40.84621772234611,19318100
2018-09-07,39.72584533691406,40.6067403106813,39.6488737097175,40.11925442592882,25958300
2018-09-10,39.597564697265625,39.99097385079125,39.537698228793374,39.819928662286436,21522400
2018-09-11,38.42588806152344,39.36664964503837,38.39167771894672,39.34099351934475,32455300
2018-09-12,38.42588806152344,38.46864935850542,37.68183105410789,38.10945054888337,29778700
2018-09-13,38.97324752807617,39.21271344438461,38.57983830486133,39.06732435590546,18657100
2018-09-14,38.94758224487305,39.31533525133915,38.78508475772712,39.15283776419322,22998700
2018-09-17,38.84495544433594,39.255473052545916,38.64825085757758,38.73377671865383,17603200
2018-09-18,39.426509857177734,39.794262825328474,38.836396222517806,38.98178852415934,20528100
2018-09-19,39.46928405761719,39.71730090637351,39.24692007427662,39.417968539351335,15918900
2018-09-20,40.36728286743164,40.50412098172891,39.785720066048725,40.00808077835255,21999300
2018-09-21,39.905452728271484,40.55543295100376,39.65743262832342,40.29886189630623,52650600
2018-09-24,40.119258880615234,40.19623051635843,39.46927871626642,39.60611681731236,17847000
2018-09-25,39.26401901245117,39.674533305959656,39.16994220847426,39.52914425434268,23389900
2018-09-26,39.084415435791016,39.59755743211253,38.98178768902216,39.37519677036714,23957700
2018-09-27,39.23836898803711,39.48638583596477,39.11008182404017,39.26402511584526,15415500
2018-09-28,40.444252014160156,40.83766116067143,38.87916311991891,39.01600122576969,46223500
2018-10-01,39.72584533691406,40.38437964460084,39.51203562386552,40.01662667715917,23796200
2018-10-02,41.136993408203125,41.80408202744252,40.469908051441514,40.63240228226151,42121100
2018-10-03,41.701454162597656,42.522486120632315,41.53040896454854,41.58172121897206,39211900
2018-10-04,41.162654876708984,41.78697896875926,40.72648115025656,41.769873796890735,30108300
2018-10-05,40.22187805175781,41.34224200778117,39.90544062237601,41.24816522168677,28901400
2018-10-08,40.22187805175781,40.4955541954086,39.78570771733842,40.16201159923901,19376800
2018-10-09,39.811378479003906,40.72648403262873,39.802827523703435,40.3501800123226,23285700
2018-10-10,38.31470489501953,39.44362006533202,38.31470489501953,39.39230781553092,43109500
2018-10-11,37.827213287353516,39.00744379335933,37.39959386977664,38.61403471218314,43648800
2018-10-12,38.38312911987305,38.77653829621286,37.82722243756128,38.71667182426889,32087400
2018-10-15,38.08378601074219,38.60548224581713,38.00681438159216,38.16931185561855,21633000
2018-10-16,39.289669036865234,39.349535491469915,38.34035671564363,38.40022317024832,21472000
2018-10-17,39.24691390991211,39.62322112646696,38.947581589904935,39.340990714050825,23124400
2018-10-18,38.46010208129883,39.12718751293621,38.34036913331039,39.04166491079537,26638800
2018-10-19,37.63050842285156,38.63969050064439,37.510775508957025,38.50285241869675,28368500
2018-10-22,38.494300842285156,38.776531240793005,37.716033586141826,38.058130445700904,34508800
2018-10-23,38.058135986328125,38.56272713327519,37.55354483938106,37.78445976382917,38590300
2018-10-24,36.27923583984375,37.93840154327781,36.22792358920742,37.76735309537522,33631800
2018-10-25,37.89564895629883,38.43444728667646,37.01475038901494,37.237114401136516,48255300
2018-10-26,39.075870513916016,39.71729979310853,38.22918569236958,38.99034791501489,67280400
2018-10-29,38.82785415649414,39.98242556845289,38.00682218940194,39.76861580605475,35732200
2018-10-30,40.84621810913086,40.94884915043838,38.87916882543244,38.93903530162269,43975200
2018-10-31,40.09361267089844,41.530414718424865,40.05085136546175,41.299499754092565,33369100
2018-11-01,41.2396240234375,41.45343376513931,40.07649850658323,40.15347014409499,28335300
2018-11-02,40.290306091308594,41.26527793927643,39.98241955774452,41.162650182247596,30759800
2018-11-05,41.025814056396484,41.26527992179434,40.127810536199085,40.487012596773596,23751200
2018-11-06,40.664344787597656,41.240959317736305,40.475007105219575,41.13768571053407,23839600
2018-11-07,41.929473876953125,41.95529146729289,40.95697081703257,40.99139645949223,29913200
2018-11-08,42.161834716796875,42.42002042438528,41.70570324094766,41.73152410981307,26581700
2018-11-09,41.40448760986328,42.196257560059394,41.1979370715894,41.98971030479495,21761400
2018-11-12,40.147979736328125,41.13769213279464,40.104946050517555,41.06023609454863,24412800
2018-11-13,40.78483200073242,41.524966646553445,40.44058554237977,40.44058554237977,29315900
2018-11-14,40.52665328979492,41.284000880930904,40.35452838958092,41.18072397099686,25632700
2018-11-15,41.40448760986328,41.51636928822036,40.20822463384425,40.45780229370468,29581000
2018-11-16,42.024131774902344,42.21346619295365,41.043020919142215,41.11187218607658,31670600
2018-11-19,41.309818267822266,42.29953397702593,41.12048055019841,41.834797733590676,26859000
2018-11-20,40.78483200073242,41.41308498815963,40.52664633621573,40.79344004992132,29200800
2018-11-21,40.475006103515625,41.20653595086638,40.46640133771539,41.18071508744827,19011400
2018-11-23,40.053306579589844,40.50943470972281,40.03609376371572,40.182397774132355,8906900
2018-11-26,40.83647537231445,40.84508013953237,40.191009491665675,40.68156329831801,20723000
2018-11-27,41.37006759643555,41.49916211078078,40.09634840580274,40.397564561928455,27621000
2018-11-28,42.049957275390625,42.06717009536493,41.008606289517786,41.25818397162097,28003200
2018-11-29,41.051639556884766,41.79177445227628,40.991396324284054,41.73153121967557,23592500
2018-11-30,42.43723678588867,42.44584155422267,40.93114953569583,41.26679131188583,43313700
2018-12-03,43.1429443359375,43.46137328033291,42.62656961428623,43.03106265379496,30870400
2018-12-04,41.094661712646484,42.68680959668666,41.03441849214827,42.61796160883554,35397700
2018-12-06,41.628238677978516,41.64545149269508,40.03609107129656,40.277063911311025,31661700
2018-12-07,39.79513168334961,41.36146223893248,39.78652363157716,41.25818531572209,34016400
2018-12-10,40.62992858886719,40.84508390223718,39.59718242808931,39.82955056049005,23289000
2018-12-11,40.7762336730957,41.81758454478008,40.56107837152408,41.22375709432579,23851000
2018-12-12,41.163509368896484,41.86061036859389,40.80204679463831,41.80897520299201,31305000
2018-12-13,41.55939865112305,41.80897958773711,41.18933127145649,41.53357778260512,19526000
2018-12-14,41.1893424987793,41.96389982224829,41.18073444592383,41.21516009132519,26372100
2018-12-17,40.5180549621582,41.66267965694285,40.156592285956265,41.18933856837762,26598700
2018-12-18,41.08606719970703,41.697107607557115,40.75903014751553,40.85369902707176,29014300
2018-12-19,39.2185173034668,41.077459413594546,39.05500041781565,40.87091211414153,39717600
2018-12-20,39.192691802978516,39.85537054743577,38.73656031629449,39.080810123262495,37750900
2018-12-21,38.590248107910156,40.1479733941115,38.555822477903675,39.373413134009446,52768300
2018-12-24,37.51448440551758,38.87426441785764,37.4714539950466,38.40953138855729,19241600
2018-12-26,39.7520866394043,39.760694688718736,37.44562187446762,37.8673276496352,28677600
2018-12-27,39.898406982421875,39.915619803672605,38.44395477532986,39.26154572818473,29970700
2018-12-28,40.23404312133789,41.08605959666688,39.84676290527926,40.027492578436785,24758700
2018-12-31,40.388954162597656,40.862295177527336,40.061917179387756,40.52665342663192,20490400
2019-01-02,40.5180549621582,40.85369676526791,39.39063980542181,39.55415668095964,18774600
2019-01-03,38.289031982421875,39.829541167776604,38.20296790756402,39.717662794974544,32267300
2019-01-04,40.638526916503906,40.939742969947574,39.19268329395679,39.45086895162404,35447300
2019-01-07,40.8278694152832,41.30981847942657,40.234041956524834,40.53525806973356,22736800
2019-01-08,41.08606719970703,41.33564491134333,40.25986815822271,41.137702382730346,22749200
2019-01-09,41.31842803955078,41.80037715959473,41.120485530338925,41.27539763024556,22554500
2019-01-10,41.791751861572266,41.86920787347686,40.802036518681135,41.094647754430916,27202600
2019-01-11,42.110198974609375,42.42002315687658,41.35285133829061,41.395881745158924,21751300
2019-01-14,41.61103057861328,42.02413161260589,41.568000178450035,41.705699428777876,19193900
2019-01-15,41.82618713378906,42.28231858180951,41.68848787927571,41.920855986831214,22480800
2019-01-16,41.42169952392578,42.07577019532851,41.37866912026931,41.82618925790786,19057700
2019-01-17,41.714317321777344,42.03274629773469,41.232368190401736,41.30982424217621,17448700
2019-01-18,42.333953857421875,42.4974739796388,41.903643275603365,42.2651058714957,29874600
2019-01-22,41.54218292236328,42.153223145320844,41.19793315232597,42.13601032851807,25940700
2019-01-23,41.25818634033203,41.9983212266713,40.896726949148615,41.66267942542673,18960700
2019-01-24,42.82450866699219,43.06548483093417,41.82618822497335,41.91225231317023,50578300
2019-01-25,40.48361587524414,40.81925756688568,39.373413908269185,40.32009577100218,86455700
2019-01-28,40.19961166381836,40.21682448015227,39.63160185683539,39.700453122171034,35928700
2019-01-29,40.053306579589844,40.42337391336113,39.87257693742496,40.259853804061436,20988300
2019-01-30,40.913936614990234,41.0344230694266,39.97585928443754,40.173801785727235,26931700
2019-01-31,40.55246353149414,40.604101977109146,39.67462965409184,40.191004261215504,43051300
2019-02-01,41.938072204589844,42.213470735947375,40.45780263628605,40.50083632425585,37442900
2019-02-04,42.359771728515625,42.37698454453194,41.5163634417698,41.84339709705296,20905000
2019-02-05,43.03966522216797,43.65070877571043,42.325351325786464,42.325351325786464,31641600
2019-02-06,43.21720504760742,43.85809960543091,43.14791736361644,43.260508198192476,21647800
2019-02-07,42.63693618774414,43.17390257289637,42.160594879763025,42.870777187040815,27825900
2019-02-08,42.29917907714844,42.455073121349585,41.58033395068537,42.23855398260575,18851200
2019-02-11,42.23854064941406,42.71488194352268,42.07398734528748,42.4550597198106,18004100
2019-02-12,43.31248474121094,43.42507561239794,42.67158997498884,42.749536992915274,18050100
2019-02-13,43.710872650146484,44.00533872922998,43.3038157251084,43.41640657106299,17712800
2019-02-14,44.005340576171875,44.20453774040958,43.606942943877385,43.65890871430339,17545400
2019-02-15,44.74150085449219,44.75016016368194,44.247837635205215,44.386409708973154,22520400
2019-02-19,44.51632308959961,44.78480462784234,44.46435732228543,44.473016631595016,15611800
2019-02-20,44.507667541503906,44.802133662055965,44.221864035455404,44.715527339936884,21607700
2019-02-21,44.524986267089844,44.897399372314936,44.351770331479706,44.44703926125624,16162100
2019-02-22,45.460350036621094,45.884725607050875,45.087936933857485,45.642225281090994,31934100
2019-02-25,45.9886474609375,46.430348197687216,45.78079101149421,45.95400692190941,20711800
2019-02-26,46.10124206542969,46.222492221482646,45.824097907646085,45.910704218021344,16082200
2019-02-27,46.10990524291992,46.231155400456394,45.477666614932886,45.69418569733916,17590300
2019-02-28,45.86741638183594,46.05795429288097,45.73750687288529,45.83277252458774,18388800
2019-03-01,46.16187286376953,46.490982830852516,45.80678166111821,46.28312303484764,18359300
2019-03-04,46.716163635253906,46.8547357383985,46.083928208167954,46.5516102952133,21706100
2019-03-05,46.49098205566406,46.75946693273129,45.997318765180594,46.638213459855585,21057700
2019-03-06,45.8587532043457,46.46500743981235,45.850090588853725,46.447685512648185,14740500
2019-03-07,45.55563735961914,45.89341007942261,45.34778078231625,45.702872130377685,17803000
2019-03-08,45.451690673828125,45.52097837409785,44.77615211529531,45.00999314797653,16793900
2019-03-11,46.20516586303711,46.46499137685809,45.52962745626731,45.79811227876696,18963000
2019-03-12,46.39570999145508,46.733479240700035,46.05794074221012,46.19651282661367,20782100
2019-03-13,47.08857727050781,47.261793227190715,46.465004451796766,46.768129898127164,25522300
2019-03-14,46.283111572265625,47.15785039637963,46.187845964168936,47.02793764307365,26647100
2019-03-15,47.05392837524414,47.36571307738182,46.490977441842496,46.490977441842496,46512500
2019-03-18,46.85472869873047,47.20981986617671,46.65553153687712,47.13187286338026,16274000
2019-03-19,46.91535186767578,47.33107140153974,46.768120481622276,47.17517740229548,18274800
2019-03-20,46.61223602294922,47.11456196862298,46.43036075454442,46.82009583242585,24325300
2019-03-21,47.32241439819336,47.62554312324448,46.629553932649685,46.6988383272944,19127200
2019-03-22,46.12722396850586,47.305088308122784,46.08392081268856,47.11455376176288,21438400
2019-03-25,45.71152114868164,46.378400516313704,45.365092496597704,45.876077814455,16971400
2019-03-26,46.283111572265625,46.568918308011355,45.936683069813945,46.17918335191197,17724300
2019-03-27,46.040618896484375,46.646873005706546,45.85008104117535,46.413031993414315,19656000
2019-03-28,45.99730682373047,46.28311024747693,45.702840787975006,46.118556961308876,13607900
2019-03-29,46.50830841064453,46.80277455089712,46.317770524651785,46.59491473855779,18736100
2019-04-01,47.20983123779297,47.261797020114145,46.854739984814515,47.06259981027939,17830400
2019-04-02,47.07991409301758,47.46098652336924,46.96732323484713,47.22714549662414,13704500
2019-04-03,48.049922943115234,48.49162380016089,47.53893768532531,47.66018786449248,24552800
2019-04-04,48.43099594116211,48.62153382699561,47.86804820255713,47.86804820255713,16520500
2019-04-05,48.15385437011719,48.4569831418349,47.521618891487414,48.28376717282761,19268400
2019-04-08,48.22312927246094,48.27509504050833,47.80741303953856,47.87669742644949,11758800
2019-04-09,47.911338806152344,48.00660772409361,47.54758835999706,47.9373200369295,13339700
2019-04-10,48.28376007080078,48.37902900493273,47.91134694855005,47.91134694855005,13084000
2019-04-11,48.327064514160156,48.56090554856167,48.17983310573296,48.292420663770436,10845800
2019-04-12,48.8640251159668,48.924653498782774,48.36170256087499,48.68214987897592,12910200
2019-04-15,48.74277877807617,48.9852824168887,48.430990745188126,48.898672794520195,11676900
2019-04-16,49.11519241333008,49.773412335003854,48.56090403959594,49.07188925359822,30301900
2019-04-17,50.717437744140625,51.609495424135076,50.33636199438032,50.613506192122664,38788400
2019-04-18,50.656803131103516,50.99457235209406,50.336352528373,50.84733766633323,20464200
2019-04-22,50.94261932373047,50.951281938845334,50.128508605374265,50.36234965618097,12327500
2019-04-23,50.90797424316406,51.08119019926784,50.66547388691051,51.00324318421212,17739900
2019-04-24,50.85599899291992,51.34966219631449,50.35367317679563,50.68278308033159,17723700
2019-04-25,49.89466857910156,50.561547892395154,49.56555857819128,50.49226018533206,27949900
2019-04-26,45.40839385986328,45.98000425170568,44.62026433014391,45.67687878020587,72364500
2019-04-29,44.265159606933594,45.40838004275303,44.1698906866455,45.183198357741375,42142300
2019-04-30,44.20454406738281,44.54231336394883,44.057309348678395,44.16990021547359,27130900
2019-05-01,43.962039947509766,44.689544310887925,43.94472132555606,44.256506078015676,20467600
2019-05-02,43.78017044067383,44.45571241940041,43.40775724711762,43.99668958558697,22655400
2019-05-03,44.81944274902344,44.880067817905044,43.93604464041056,44.23917328863706,25656600
2019-05-06,44.632110595703125,44.68439129868651,43.73458641387187,43.78687044090809,26245200
2019-05-07,43.987281799316406,44.33583528581694,43.508023248417466,44.09184651564561,29713400
2019-05-08,42.90678024291992,44.25741944629619,42.758643819191846,43.743304782862936,36812400
2019-05-09,40.623756408691406,42.07896351593843,40.12706980881826,41.73912566592551,59642200
2019-05-10,40.25777816772461,40.780605117362164,39.299257661318855,40.466907617958555,42522800
2019-05-13,39.002986907958984,39.76980262345861,38.95070620911866,39.499676815310075,39091900
2019-05-14,39.36024856567383,39.63909333404296,39.09883512713325,39.368964230588105,24706500
2019-05-15,39.752376556396484,39.86565694950142,39.0029888119454,39.142409555746575,23407900
2019-05-16,39.673946380615234,40.03992785712616,39.57809401000399,39.62166568686528,19954700
2019-05-17,39.11626052856445,39.84822010217582,39.00298016058655,39.368961609418236,22500400
2019-05-20,37.957332611083984,38.793857023546636,37.861480232229454,38.340738802449565,28675000
2019-05-21,38.741573333740234,39.02041480695422,38.49758787569113,38.637008612298125,25543400
2019-05-22,38.34074020385742,38.74157441730693,38.21003180535957,38.47144860235527,16932500
2019-05-23,38.80256652832031,38.985558930960345,37.347362916619325,37.791765439482724,35783900
2019-05-24,38.837425231933594,39.255687436569204,38.76771652652058,38.85485323929997,27168100
2019-05-28,37.96604919433594,38.941994451241506,37.73077605378628,38.915854099198064,34779900
2019-05-29,38.54115295410156,38.80256639749586,37.75691262391866,37.774337305966306,28450300
2019-05-30,38.976844787597656,39.23825824207949,38.54115458877713,38.602150950687815,21618900
2019-05-31,38.37559127807617,39.18597526667706,38.27973890806175,38.4975839948028,25532500
2019-06-03,37.87019348144531,38.85485431865764,37.6436360274938,38.558584833304046,31155700
2019-06-04,39.02912521362305,39.09012156991611,38.140316891000076,38.480154682933424,28094900
2019-06-05,38.81999588012695,39.36896645897185,38.506298406501294,39.30797009732824,20802000
2019-06-06,39.29924774169922,39.360244092958936,38.7851332639017,38.994265985400624,19076200
2019-06-07,40.10964584350586,40.188070226340855,39.299261662228616,39.42997007497128,24370300
2019-06-10,40.78060531616211,41.120443167488446,40.257778363975845,40.28391871436935,20806100
2019-06-11,40.82417297363281,41.23372285104426,40.536619152085244,41.181438827102596,18415500
2019-06-12,40.36233901977539,40.667320823789915,40.30134265897249,40.667320823789915,15900600
2019-06-13,40.69346237182617,40.920019796691264,40.545325986141464,40.60632234376099,12267600
2019-06-14,40.24906539916992,40.44948252176096,39.69138239299435,39.935371201235846,15381100
2019-06-17,40.196773529052734,40.54532364906609,39.909216439091026,40.20548586933097,12643300
2019-06-18,41.277286529541016,41.82625708450984,40.606323256590734,40.73703163960073,25732300
2019-06-19,41.01587677001953,41.46028265291092,40.95488040555249,41.373142615063315,17436400
2019-06-20,41.12044143676758,41.86982914099884,40.84159996413072,41.71298039713404,20126800
2019-06-21,41.355716705322266,41.59098983336653,40.78060572256498,40.91131412394048,31096300
2019-06-24,41.50385665893555,41.69555812018781,41.10301907838332,41.303439530685935,14479900
2019-06-25,40.82417297363281,41.54742034658898,40.780604615707745,41.44285562275829,16665600
2019-06-26,41.9918212890625,42.24452240891145,41.44285401717996,41.521278388027824,21886300
2019-06-27,41.355716705322266,42.192241166777826,41.16401526043832,41.95697136278629,23062900
2019-06-28,41.712974548339844,42.00053164645628,41.547413485942315,41.625837846878426,26646200
2019-07-01,41.86982727050781,43.089761151834196,41.6084138170957,42.950340421744244,27423300
2019-07-02,41.93083190917969,42.017971960219825,41.55613799983975,41.74784278807499,15381600
2019-07-03,42.279380798339844,42.31423681490841,41.82626255510653,41.9831113056124,10739100
2019-07-05,41.89596939086914,41.98310609742819,41.33828316711349,41.852397713537336,14339200
2019-07-08,41.669410705566406,41.78269108896303,41.01587540174754,41.49513395973755,16564300
2019-07-09,41.60841751098633,41.6519858697475,41.06816254943184,41.2685796589754,17853200
2019-07-10,42.009246826171875,42.35780030367867,41.739121038953805,41.756545721182064,16032300
2019-07-11,42.34907913208008,42.50592784415868,42.096381383999564,42.314226448102964,16615100
2019-07-12,43.499305725097656,43.50802139011673,42.53207632327284,42.69763739406038,20148700
2019-07-15,43.67359161376953,43.786872014392344,43.36860975523077,43.56902687999238,14345100
2019-07-16,42.84577560424805,43.569022981282615,42.6627865054993,43.4905986069542,17131400
2019-07-17,43.037479400634766,43.30760853369924,42.90677432906363,43.13333178088514,11928600
2019-07-18,43.5167350769043,43.560306755242664,42.60178634068871,42.94162415779287,15671600
2019-07-19,43.804290771484375,44.14412857751772,43.490593312360595,43.53416166522729,29141100
2019-07-22,44.74538803100586,44.893524446783196,43.47317327928457,43.57773801015202,21688000
2019-07-23,45.093936920166016,45.311782026060534,44.70181506474537,45.311782026060534,18413500
2019-07-24,46.11345672607422,46.15702841245343,45.13751144894408,45.29436021256091,20896400
2019-07-25,45.451202392578125,45.83460857918682,45.207216939650095,45.75618420873817,27765400
2019-07-26,44.95451354980469,46.618849928301586,44.90222953079635,45.913030629924535,36401500
2019-07-29,45.75619125366211,45.79976294043855,44.2487032998708,44.90223871288135,21897500
2019-07-30,45.05036544799805,45.58190800146623,44.92837272898285,45.05907778904815,16487700
2019-07-31,44.04828643798828,45.06780341694639,43.612596160017965,44.88481097391856,24169800
2019-08-01,43.13332748413086,45.215925996465785,43.107187137231136,44.02213584329619,34020800
2019-08-02,42.41880798339844,43.01134705885192,42.26195920906939,42.776073897358344,27881600
2019-08-05,40.92874526977539,41.79141014801229,40.58019172209094,41.617133374170066,38936600
2019-08-06,41.196311950683594,41.72267229870707,41.0296330143824,41.36299423348098,26119600
2019-08-07,40.99453353881836,41.12612443639495,40.32781457911927,40.61730986869403,29440400
2019-08-08,41.380523681640625,41.5559770763497,40.275172984015235,40.49448889077778,30643700
2019-08-09,40.33658218383789,41.23139150749487,40.161128784719715,41.17875448381084,24975500
2019-08-12,40.00322723388672,40.41554228347299,39.862865162229056,40.143589305544374,18494300
2019-08-13,41.09103012084961,41.275254686974854,39.79268030080768,39.90672551404986,28959500
2019-08-14,40.24008560180664,40.906807898113726,40.04708986045079,40.40676784913116,25650200
2019-08-15,40.09095764160156,40.51204387780554,39.86286717209779,40.44186116519024,21896000
2019-08-16,40.79275894165039,40.950666663337685,40.406764147801,40.652396894205594,22701800
2019-08-19,41.43316650390625,41.757753154332526,41.266487596172894,41.63493676479262,21403600
2019-08-20,40.880489349365234,41.33666690025245,40.757672959990906,41.25771302901244,23113300
2019-08-21,41.36299133300781,41.48580773498558,41.134900860909696,41.327899976301026,15915000
2019-08-22,41.03840255737305,41.60862540854872,40.95944867561789,41.47703449012477,19783000
2019-08-23,39.4417724609375,40.90680448027517,39.3014104123628,40.66116838539804,32814000
2019-08-26,39.9681282043457,40.196215252956854,39.69617530141006,40.196215252956854,22080500
2019-08-27,40.16991424560547,40.45940958854621,39.91550691485719,40.240093616486554,16925500
2019-08-28,40.16991424560547,40.27518497517518,39.801461672367246,40.09096036180414,14888800
2019-08-29,41.11735153198242,41.4243958561621,40.70503984002042,40.75767352391158,17803800
2019-08-30,41.59107208251953,41.924433227136326,41.37175615646817,41.44193885912243,16922600
2019-09-03,41.21384811401367,41.42439287390764,40.792761940721164,41.33666449624539,15003800
2019-09-04,42.91573715209961,42.94205733782994,41.70511569635515,41.72266137134359,23450700
2019-09-05,43.950904846191406,44.88957662672978,43.74913462057517,43.80177164110355,30014200
2019-09-06,44.67026901245117,44.7316805543716,43.924596155724345,44.082503900101074,17067900
2019-09-09,45.25802993774414,45.64402472280449,44.75798994595194,44.79308129363791,20749700
2019-09-10,45.459800720214844,45.47734639427127,44.5913116066401,45.02994341856537,18532000
2019-09-11,46.310752868652344,46.310752868652344,45.073811149654695,45.26680689363251,18968900
2019-09-12,46.50374984741211,46.784477325779825,45.67912312834978,46.49497868238294,23308700
2019-09-13,46.09143829345703,46.49497881586978,45.81948532583333,46.28443404311343,18010800
2019-09-16,45.79316711425781,45.87212098336756,45.35453525175821,45.52998866605716,13354600
2019-09-17,45.5738525390625,45.740531447033504,45.047492280503754,45.661577575574476,19641100
2019-09-18,45.38962173461914,45.73175401522636,44.88080722238624,45.73175401522636,14906800
2019-09-19,45.24049377441406,45.60894630958308,45.17908557630186,45.35453900512064,11428400
2019-09-20,44.49482727050781,45.51245328790131,44.354465176608585,45.266817113705436,37067900
2019-09-23,44.65272521972656,44.9422205106053,44.205318843147296,44.59131702631302,18916600
2019-09-24,43.705284118652344,44.89836347314962,43.547376360175,44.82818075982816,28197400
2019-09-25,44.75799560546875,44.9246745083105,43.35437163900179,43.64387027427463,19486700
2019-09-26,44.67026901245117,44.87204262198473,44.16145777228944,44.72290604274197,11351800
2019-09-27,44.547447204589844,44.933445353459966,44.161452402214984,44.41585966460752,14845700
2019-09-30,45.20539855957031,45.26680675243929,44.68781282932072,44.90712875999435,13652100
2019-10-01,44.5299072265625,45.82826054331776,44.24041192437073,45.591398925254126,18413100
2019-10-02,43.32805252075195,44.187770523607966,42.96837454663366,44.13513684468527,20078700
2019-10-03,43.88949966430664,43.924591013725895,42.573604179541945,43.42455099723493,16320100
2019-10-04,44.67026901245117,44.714134877608004,43.889504802197145,44.17022893742341,12644900
2019-10-07,44.4070930480957,44.94222450670612,44.35445936134442,44.47727575909189,12081400
2019-10-08,43.6263313293457,44.28427922394039,43.521060603229444,44.003555056633004,17409100
2019-10-09,44.28428268432617,44.55623570674771,43.99478732826121,44.275511517504455,11834900
2019-10-10,44.836952209472656,45.424717334158466,44.21409573052317,44.22286689584122,13907900
2019-10-11,45.69667053222656,46.310755848844906,45.45980890953824,45.61771665799712,24072500
2019-10-14,45.301902770996094,45.573855757783306,45.12644933908486,45.52999323642947,15016800
2019-10-15,46.18793487548828,46.55638402103171,45.46857891338361,45.55630394427621,18878100
2019-10-16,46.01247787475586,46.10897740910071,45.72297927172129,45.92474950421728,14769300
2019-10-17,45.49489974975586,46.35461784470608,45.07381354079019,46.17916442101312,16533900
2019-10-18,45.05626678466797,45.459807306949926,44.766768140533756,45.39839911210248,16974100
2019-10-21,45.73175811767578,45.76684612272262,45.038718983944854,45.19662671938976,12189000
2019-10-22,45.62648010253906,45.89843303364243,45.52120940354541,45.52998391391708,13114300
2019-10-23,45.3720817565918,45.5826231803998,44.91590420968033,45.065037439336365,15887500
2019-10-24,45.81948471069336,45.99493812788553,45.117674388420234,45.69666832260751,23413000
2019-10-25,49.53031539916992,49.66190631322614,47.30206445159156,47.538926088995176,59767700
2019-10-28,49.79348373413086,49.83734959420815,49.17940185099212,49.46012595371134,32307500
2019-10-29,49.425045013427734,50.21458381016619,49.337319967788346,49.45136185782036,18155800
2019-10-30,49.65312576293945,49.6794459504477,48.79340770940395,49.40749298949947,15248000
2019-10-31,49.59171676635742,49.65312495872281,48.79340691911191,49.41626670045375,19249700
2019-11-01,49.57417297363281,49.696992709524615,48.79340877261802,49.074132904522315,17953500
2019-11-04,50.53916549682617,50.70584440565593,49.872443168515844,49.94262587528352,19068000
2019-11-05,50.48652267456055,51.188332929242165,50.18825289800895,50.41634332234002,20865400
2019-11-06,50.808494567871094,50.90552521998163,50.26159850541883,50.71146728067428,17721000
2019-11-07,51.20542907714844,51.64647498369565,51.03783284402926,51.16132515947636,16962800
2019-11-08,51.39948654174805,51.42594821740663,50.55267927154374,51.02900625796305,11888900
2019-11-11,51.47005081176758,51.60236591649297,51.07311222741718,51.134858378978926,11228900
2019-11-12,51.33774185180664,51.86699556954063,51.187784500670396,51.51416087935566,11952500
2019-11-13,51.06429672241211,51.134865685659385,50.587966315233125,51.04665448160029,15332700
2019-11-14,50.99372863769531,51.196609349768984,50.78202512318923,50.81730960309244,12119000
2019-11-15,51.126041412353516,51.7787908439635,50.82613005700514,51.31127988817988,16112100
2019-11-18,51.38185119628906,51.58473192168652,50.78202845819511,50.896701342954856,16097500
2019-11-19,51.47005081176758,51.73468102121837,50.940797122691784,51.58472367820206,17061900
2019-11-20,51.073123931884766,51.47888541082575,50.60561292231796,51.390674199155754,18542300
2019-11-21,51.35538864135742,51.4259542396816,50.640893030687444,50.71146199392499,16139000
2019-11-22,50.817317962646484,51.73469440156116,50.71146787043749,51.46124468469801,15690200
2019-11-25,51.87582778930664,51.90228947052335,51.1613321122324,51.1613321122324,15011700
2019-11-26,51.95520782470703,52.15808853280388,51.55826584585965,51.99931174126493,22338700
2019-11-27,51.61119079589844,51.681759756504015,51.08193705100959,51.62883303604983,18184200
2019-11-29,51.20542907714844,51.425952030422046,50.97608668630571,51.29364027740582,9481100
2019-12-02,50.86140823364258,51.76996162477345,50.693812018893176,51.64646932286201,19154500
2019-12-03,49.45889663696289,50.15575010293107,49.17662747490988,50.15575010293107,25737400
2019-12-04,49.4147834777832,49.979321696400945,49.27364892312877,49.979321696400945,18881400
2019-12-05,49.46771240234375,49.7588009621425,49.18543991554109,49.7588009621425,17673700
2019-12-06,50.11164093017578,50.27041773781957,49.76762227033856,49.97932580216812,16476800
2019-12-09,49.864646911621094,50.24394664366588,49.83818523517106,49.873469713713156,14298600
2019-12-10,49.917579650878906,50.12928318275569,49.78526452284172,50.023429734360555,16157900
2019-12-11,50.34098434448242,50.429192188307916,49.90876119885853,50.1998497754135,20051100
2019-12-12,50.76438903808594,51.205434995610425,49.9352238493088,50.058716179029474,27883300
2019-12-13,50.97608947753906,51.46123932832308,50.614431948964054,50.7643859502426,22795200
2019-12-16,50.89670181274414,51.66412080109857,50.8525978920182,51.34656718801027,19131200
2019-12-17,50.543861389160156,51.249534183013694,50.39390739261585,51.161326345624495,21653100
2019-12-18,50.4291877746582,50.684995210242406,50.2263070596852,50.62324905198598,28261000
2019-12-19,51.126041412353516,51.15250645526677,50.252772389221626,50.42918806243915,18865100
2019-12-20,51.99931716918945,52.08752501151279,51.06429856196005,51.44359834079467,49953000
2019-12-23,52.24630355834961,52.73145343710041,52.07870730639238,52.09634954842687,23593000
2019-12-24,52.40509033203125,52.46683650843084,52.18456731205722,52.26395573384444,6313200
2019-12-26,52.76673126220703,52.79319293946259,52.35214703899954,52.405073758423846,11480300
2019-12-27,52.996089935302734,53.34892472274677,52.837313103233015,52.84613254283067,14085800
2019-12-30,52.59032440185547,52.96962423324136,52.37862420498341,52.91670086648033,12750500
2019-12-31,52.79319381713867,52.86376277754429,52.36097071185064,52.5903131033424,14432900
2020-01-02,53.66645812988281,53.78113099085172,53.11956222858241,53.13720446603246,18056000
2020-01-03,53.013710021972656,53.54296706289642,52.757905985351286,52.757905985351286,15293900
2020-01-06,52.863765716552734,53.10193092379282,52.334511943739265,52.563854347981525,17755200
2020-01-07,51.9816780090332,52.749097050459284,51.94639352404693,52.73145480796615,21876100
2020-01-08,52.0169563293457,52.3256871241028,51.620014332577085,51.946387367736484,23133500
2020-01-09,52.30804443359375,52.49328290885404,51.893463564903556,52.08752147783247,18813300
2020-01-10,51.99049758911133,52.996085224470654,51.928751422674395,52.54621645195738,15200600
2020-01-13,52.56385803222656,52.731454286884656,52.11399263029501,52.19337767335911,16453300
2020-01-14,52.42271423339844,52.69616389384848,52.21101072774147,52.47564095104095,17051200
2020-01-15,51.99049758911133,52.6167854221217,51.82290133234162,52.308051225023355,18498800
2020-01-16,52.6255989074707,52.784375707464505,52.10516458858286,52.27276082639262,21365500
2020-01-17,52.57267379760742,52.925511889502815,52.255123552797684,52.9078696484167,21803400
2020-01-21,53.41065979003906,54.02812474583122,52.740271477836316,52.757913718277614,28358500
2020-01-22,55.333621978759766,55.4394720597931,53.78114178558841,53.84288794660064,29475100
2020-01-23,55.85405731201172,56.19807260522174,55.404191935870955,55.44829585668264,42778700
2020-01-24,60.39683532714844,61.120150438199374,58.6238286692718,58.72085931964194,84711000
2020-01-27,57.94462203979492,59.47063733644719,57.86523026520833,58.85317566667358,30764000
2020-01-28,59.37360382080078,59.61177240324745,58.165142221117705,58.65911153311504,30915400
2020-01-29,58.50916290283203,60.03517826616037,58.368024955101355,59.65587844391888,18055800
2020-01-30,58.63264846801758,58.65911014770287,57.27422616228101,57.90051059086522,18522400
2020-01-31,56.39213943481445,58.20043064996657,56.16279364020054,58.04165382751503,25268400
2020-02-03,56.8243522644043,57.371251604331,56.71850555526301,56.85963674406019,16646600
2020-02-04,57.741737365722656,58.27099118174895,57.26540691235078,58.0151837125403,20970800
2020-02-05,59.400062561035156,59.629408328750955,58.33273221911132,58.82670823648587,23401400
2020-02-06,59.47097396850586,59.74577366251837,59.187314785921096,59.6571314360172,17408000
2020-02-07,58.52249526977539,59.65713890514116,58.51363578009392,59.26710494414139,18134600
2020-02-10,58.8504753112793,58.85934156337604,58.00836396224629,58.114731935532006,22299300
2020-02-11,59.75463104248047,60.0205576825027,59.01002157189001,59.24049673694984,17975600
2020-02-12,59.798973083496094,60.35742534129473,59.66600632793353,59.923073585229126,15586600
2020-02-13,59.78123474121094,59.967385454583265,59.16072560033449,59.382334558582784,11602700
2020-02-14,59.630531311035156,60.15353193241929,59.23163791946262,59.85214025367951,13405500
2020-02-18,58.62886428833008,59.11640669197762,58.39838908269955,59.08981469959113,12758400
2020-02-19,59.488712310791016,59.568488293582085,58.66432667377143,58.85047739658629,13551200
2020-02-20,58.01721954345703,59.64826490798523,57.22829223420736,59.42665596127536,26452600
2020-02-21,57.03327560424805,57.83993542109659,56.76734892446081,57.77788518618273,20775900
2020-02-24,54.746273040771484,55.6415750845631,54.35624250952103,54.613309700826285,26903100
2020-02-25,52.946807861328125,55.20721838679124,52.7074697988931,54.950154584754294,34495700
2020-02-26,52.87590789794922,53.91303637807309,52.53906127657795,53.28366763980211,26190100
2020-02-27,49.48971939086914,51.865364562503736,49.46312401366924,51.351233483596566,42226900
2020-02-28,49.21492385864258,49.97725930907249,47.51296509325502,48.1334709283597,60721700
2020-03-02,51.572845458984375,51.608303709652795,48.3284899154919,49.454264013077434,43140300
2020-03-03,49.61382293701172,52.31745200267572,49.10855469837715,51.43987889366125,49740300
2020-03-04,52.016056060791016,52.0426480542734,49.78223730819138,50.53570642972391,29223100
2020-03-05,50.49137878417969,51.99832021386045,50.181127628723644,50.58002438679855,29099200
2020-03-06,49.436527252197266,49.64926996037955,48.346211573681046,48.91352997081297,36259200
2020-03-09,45.075260162353516,46.72403133107639,44.32179106681144,46.023746220664535,56197000
2020-03-10,47.84980392456055,47.86753304628172,44.70295752096294,46.76835116995849,36569000
2020-03-11,45.793270111083984,47.459770246113315,45.21708552852285,46.44036779434638,38563500
2020-03-12,40.3682861328125,44.40156824553008,40.217590292213835,42.54005446473247,50661700
2020-03-13,48.24869918823242,48.75396730615934,42.31844510959932,42.77938873387881,48805100
2020-03-16,39.54389190673828,46.31625922120318,38.67518544099899,42.11455306907292,53878900
2020-03-17,44.3927116394043,45.76668661257327,40.06690348652823,40.563305427991565,52085200
2020-03-18,42.20321273803711,44.36611506535042,40.066902405017366,41.405419094384705,49309900
2020-03-19,40.722862243652344,43.63923703837462,40.031443354034515,42.40709173242102,44538000
2020-03-20,40.6253547668457,43.807656076283095,40.306237334432616,41.22812800625633,52344000
2020-03-23,43.949493408203125,44.756149939430884,40.69627190696542,40.793780396699205,46698500
2020-03-24,46.44923782348633,48.43485214540475,45.51847751726004,47.10519842963492,50019800
2020-03-25,45.43869400024414,47.681378694988496,44.24200711817266,46.52014667216447,41106100
2020-03-26,49.2326545715332,49.596093183871766,45.79328206208312,45.86419856277595,41459800
2020-03-27,46.422637939453125,48.434847439594954,46.15670789843312,47.353394773765125,31633500
2020-03-30,49.188323974609375,49.72904697155534,46.83040488451694,46.97223447709828,31628600
2020-03-31,47.97390365600586,49.463116042798426,47.17611347974965,48.80715545664227,48074700
2020-04-01,45.98829650878906,48.479179281592316,45.58939966821132,46.53788583276023,29586600
2020-04-02,48.17778015136719,48.36393422296621,45.40323877541193,45.465289005450295,27810000
2020-04-03,47.982765197753906,48.8692008942427,46.74175387007606,47.73456090332804,23906100
2020-04-06,51.79444885253906,52.09583718765959,49.74678074791271,50.19886494133577,32323400
2020-04-07,51.76785659790039,54.506943594598084,51.599431617027555,53.132965279303875,41410000
2020-04-08,52.28199005126953,52.75180000585492,51.33350388928506,52.29085630408322,26719500
2020-04-09,50.650936126708984,52.937941890577044,49.693587314531676,52.618824492689974,40499700
2020-04-13,52.03378677368164,52.095837014692975,50.145677404592895,50.145677404592895,23251900
2020-04-14,53.77119827270508,53.98394436355708,52.7517956974084,53.22160899510696,25674000
2020-04-15,52.18447494506836,53.035455888636754,51.75898616402628,52.9556765308486,22841600
2020-04-16,53.88642883300781,54.03712128398084,52.13128649355683,52.840434401190976,24433500
2020-04-17,53.50527572631836,55.07426780005458,53.03546574397671,54.976759302251246,27385600
2020-04-20,52.45927047729492,53.22160579997869,52.20220328588125,52.547912703962446,26420300
2020-04-21,49.959529876708984,51.945144479030404,49.57836215384211,51.510792764172166,25248000
2020-04-22,53.27478790283203,53.629363559954285,51.24485257933356,51.6526122179853,23350400
2020-04-23,52.33517837524414,53.274798301498876,52.131298516123124,52.893630579212044,35092000
2020-04-24,52.530181884765625,52.65428573216748,49.72904500589277,49.81769061117981,50187000
2020-04-27,52.71634292602539,53.035460384228244,51.75899055141683,52.93795189627909,25902200
2020-04-28,52.078102111816406,53.38116379141253,51.64374709145632,53.177283967646495,28784700
2020-04-29,54.78173828125,54.98561813372808,52.58337764148258,52.68974900332231,30451500
2020-04-30,53.16842269897461,54.55126386368171,52.964542856101644,54.40056800848072,26279900
2020-05-01,50.9434700012207,52.583374991073754,50.801640398754955,52.149023312921834,21194800
2020-05-04,51.404415130615234,51.475328238451716,49.915202669721594,50.63321352593095,18957200
2020-05-05,52.078102111816406,52.56564111486424,51.72352644697209,52.11356035459767,17252100
2020-05-06,52.75559997558594,53.44201153221524,52.54165214730997,52.63079849266885,17848700
2020-05-07,52.74668502807617,53.57572735849942,52.52382425969542,53.42418366828152,14733500
2020-05-08,53.192405700683594,53.29046498127175,52.63971195624221,53.192405700683594,20384500
2020-05-11,53.602474212646484,54.235397993461596,53.228066344734444,53.25481194996172,18684400
2020-05-12,52.05136489868164,54.057111982878325,51.93547633720849,53.6827074927761,16754900
2020-05-13,51.471923828125,52.80017208442209,50.72311152101103,52.10484758516819,21065000
2020-05-14,52.66645812988281,52.728858872643556,50.00995479270186,51.09751642467854,21569400
2020-05-15,51.95329666137695,52.03352666695185,50.77659218000193,51.16882927418371,21373300
2020-05-18,53.415260314941406,53.73618032333741,52.916054435734296,53.254803711328414,20428700
2020-05-19,53.74510955810547,55.064445042191544,53.35287238676513,53.60247878686875,21865000
2020-05-20,56.25005340576172,56.59771904131417,54.39585368574163,54.520655164900596,30584000
2020-05-21,55.25164794921875,56.874074266559845,55.109017176285,56.25006335975499,20987700
2020-05-22,55.50124740600586,55.55473521765864,54.75243504579513,55.251644419464164,14103000
2020-05-26,55.572566986083984,57.17716400134875,55.3764484017943,56.76710096200285,20933600
2020-05-27,56.66012191772461,56.68686412124284,54.44042720990553,55.554731030970544,19886300
2020-05-28,55.00204086303711,56.5620663139303,54.81483862507048,56.16091623215493,17253500
2020-05-29,56.09851837158203,56.74927147078427,54.93072660692317,55.18033300430275,33393900
2020-06-01,55.144676208496094,55.857830079486604,54.96638689060199,55.70628636965745,14317700
2020-06-02,55.37643814086914,55.421009610698206,54.22647925670452,55.00203371360279,20702400
2020-06-03,55.20706558227539,55.750846359523216,54.85048701997298,55.67061635303443,16737300
2020-06-04,56.1341667175293,56.579888216888854,54.68111367745331,55.03769223717502,22010100
2020-06-05,57.355445861816406,58.04186085833844,56.303546131027694,56.481835431369795,26813100
2020-06-08,56.758174896240234,57.18607053417207,56.107421906072354,57.025610520093934,21546200
2020-06-09,56.19657897949219,56.793844278832886,56.07177747817239,56.1520075005331,23594100
2020-06-10,56.93647003173828,57.310877903271816,55.93805470862479,55.973713248882376,21367800
2020-06-11,53.21916198730469,56.42835628378507,53.05870193242206,56.22332474712085,26998200
2020-06-12,52.889320373535156,54.342370167625695,51.81067164587563,53.584644898329046,30419800
2020-06-15,53.57572555541992,53.80750265106335,52.22073512178204,52.889317404423316,29651700
2020-06-16,53.84316635131836,54.957470262557685,53.03195323995956,54.81483949794248,23226600
2020-06-17,53.92339324951172,54.627630696230106,53.54007245417344,54.14625401886721,20454800
2020-06-18,53.55790710449219,53.94122453775502,52.88040839325867,53.79859376706151,24899700
2020-06-19,53.14783477783203,54.279967882599614,52.684283974263664,54.06602345054371,60336100
2020-06-22,53.56681823730469,53.97688126417609,52.44360138096439,53.24589816389726,22846000
2020-06-23,53.415260314941406,53.90555666142697,53.36177591393208,53.65595032123841,22809600
2020-06-24,52.67536926269531,53.31720933837972,52.30096141835097,53.16566225358298,27764500
2020-06-25,52.158329010009766,52.67536758800311,51.24014379805252,52.577308312826084,21906900
2020-06-26,51.25797653198242,52.35445110016153,50.87465573978337,52.14050666766023,38477500
2020-06-29,51.94438171386719,52.01569538239949,50.59830093925034,51.23122802561904,22150300
2020-06-30,53.33504104614258,53.4687554676345,52.18507865815046,52.33662234929174,31542100
2020-07-01,52.4257698059082,53.513328072827676,52.3811949305497,53.40635585325547,14748100
2020-07-02,52.711029052734375,53.317210605153065,52.568398299258526,52.764513459921936,15578600
2020-07-06,53.0765266418457,53.14784032644765,52.238567893818754,52.34554352160036,20536700
2020-07-07,51.980037689208984,53.10325426782556,51.828490625088534,52.65753280954226,15996500
2020-07-08,52.24747848510742,52.32770849682937,51.64129693000498,52.104847731000106,13277900
2020-07-09,52.07810592651367,52.37228379115361,51.43626918649268,51.881990750672706,20683700
2020-07-10,53.06760025024414,53.210230993007045,51.55214988360772,51.65912209053361,17742300
2020-07-13,52.22073745727539,54.0392787629463,52.05136109505655,53.34395424608935,19082900
2020-07-14,52.57731628417969,52.81800634140066,51.12426300566154,51.58781384913315,24190900
2020-07-15,52.62187957763672,52.89822813382106,52.07809879965942,52.62187957763672,19986300
2020-07-16,52.719940185546875,52.91605874009401,52.06027424848245,52.185075728435976,12425900
2020-07-17,53.48658752441406,53.89665054596068,52.84474738593369,52.969548879396946,16322800
2020-07-20,54.511749267578125,54.716780781317965,52.898235963035425,53.557905381638754,16868700
2020-07-21,54.110595703125,55.207070284812566,53.87881859771011,54.84157875758338,19803700
2020-07-22,54.422603607177734,55.06444376312688,54.039282780773185,54.654380730419696,18959900
2020-07-23,53.84316635131836,55.03770028019034,53.4687584688374,54.60980458575906,43518600
2020-07-24,45.09811019897461,46.51550497820999,44.126437005654935,46.48876277124251,182269900
2020-07-27,44.18883514404297,45.588400569056056,44.099692192362575,45.490341281856246,107526500
2020-07-28,43.89467239379883,44.777199412877465,43.80552601774922,44.10861689514481,62362600
2020-07-29,42.85166931152344,44.12643320962615,42.70012561763002,44.117520274932346,60500800
2020-07-30,42.780357360839844,43.23499186147602,42.42377874813979,42.637726595876956,39735200
2020-07-31,42.54857635498047,43.074527890337635,41.87108113345218,42.905154935101905,46536000
2020-08-03,43.05670166015625,43.35087951960691,42.55749569345541,43.0299594549646,31767100
2020-08-04,43.796600341796875,43.80551327651616,43.23499023808664,43.324133187621676,29045800
2020-08-05,43.60940170288086,44.322559015911665,43.37762795655611,44.322559015911665,29438600
2020-08-06,43.59143829345703,43.81581259120951,43.16961351810475,43.78888877105683,23795500
2020-08-07,43.10679626464844,43.66324708204788,42.81062392193771,43.55554493589793,36765200
2020-08-10,44.1748161315918,44.32738902207576,43.13371944932373,43.25936851764706,37442600
2020-08-11,43.250396728515625,44.632543490435616,43.13372453627305,44.54279512352891,35348100
2020-08-12,44.147891998291016,44.210716536881975,43.2952722820764,43.6811929804149,30659800
2020-08-13,43.582481384277344,44.27355489472473,43.429905023530615,44.21072691770099,24774500
2020-08-14,43.87864303588867,44.16584190183421,43.66324559826979,43.7350436029159,22321200
2020-08-17,43.91453552246094,44.2555853957542,43.735035408955014,44.07608528224828,20018300
2020-08-18,43.66325378417969,44.48894982265302,43.636326531668644,44.210724371246826,19251400
2020-08-19,43.37604522705078,43.95941640539777,43.30424380121584,43.78889315456042,27775000
2020-08-20,44.129940032958984,45.05436456823304,43.9773671372779,44.70434117350072,55081300
2020-08-21,44.228668212890625,44.2555954614329,43.663247348713135,43.99532040883525,34621500
2020-08-24,44.10301971435547,44.336370945172995,43.815820833103686,44.210718438904706,36295300
2020-08-25,44.3632926940918,44.76716717185014,44.16584218859204,44.29149126529895,38384300
2020-08-26,44.470985412597656,44.57868411757328,44.183786583542584,44.32738599807012,28616600
2020-08-27,44.33637237548828,44.812044895966864,44.129944963228425,44.68639580932579,24420600
2020-08-28,45.26079559326172,45.59286868317687,44.39022199203664,44.48894725696085,35384700
2020-08-31,45.72749710083008,46.22112002804383,45.16207273214756,45.77237128990748,46114100
2020-09-01,45.583885192871094,45.7723587897338,45.0723120449979,45.69158390198118,30472800
2020-09-02,46.89423751831055,47.280161660776756,45.85314070748285,45.960839433104816,53000700
2020-09-03,45.22488784790039,47.22630639166058,45.00051352563561,47.11860767560401,47394300
2020-09-04,44.9466667175293,45.97878656498406,44.41714317016363,45.350537766192176,43318400
2020-09-08,43.8965950012207,44.78511887907316,43.842743928002754,44.21071770245706,39752700
2020-09-09,44.533817291259766,44.84794341615462,44.013270611579024,44.453042393278885,33437300
2020-09-10,43.94146728515625,44.955640199684034,43.71709295863031,44.87486530518747,32649100
2020-09-11,44.228668212890625,44.91974158167712,43.932495868371085,44.210717855089335,29333600
2020-09-14,44.34534454345703,44.623569958352576,43.842744787940134,43.842744787940134,27212500
2020-09-15,44.8748664855957,45.41336351395061,44.63254179573182,44.68639286803955,27598300
2020-09-16,45.206932067871094,45.79928007063982,45.02743194685753,45.33258112547657,26531400
2020-09-17,45.16205978393555,45.31463609147164,44.24661220975953,44.30943674119199,26959900
2020-09-18,44.77614212036133,45.32361605014205,44.01327074443517,45.17104314442909,50123500
2020-09-21,44.62356948852539,44.65049331353865,43.8247973921123,44.32739371865679,27377100
2020-09-22,44.829986572265625,45.063334341737395,44.39918831992377,44.77613550684283,22290900
2020-09-23,43.81582260131836,45.00949578143308,43.672223154897424,44.72229688859122,30078800
2020-09-24,44.120967864990234,44.55176616531476,43.45681834552291,43.555543597954056,29343400
2020-09-25,44.821014404296875,45.12616362647677,43.75299383850753,43.94146745182085,26633400
2020-09-28,46.158294677734375,46.185218505977446,45.01847249180268,45.3325952335755,29652200
2020-09-29,45.94287872314453,46.436504903690754,45.72748132043345,46.05058084818007,19558200
2020-09-30,46.47240447998047,47.01090486067243,45.906983702222114,45.9877585881419,27711300
2020-10-01,46.8852653503418,47.31606368844884,46.660891001930985,47.028864796377476,22127600
2020-10-02,45.781333923339844,46.651907364866716,45.76338699090126,46.22110908905311,25811800
2020-10-05,46.39162826538086,46.499330392642705,46.01468109100458,46.04160491098002,20883200
2020-10-06,46.10443878173828,47.298111923152355,45.9787896981538,46.40958802344949,25642800
2020-10-07,47.271183013916016,47.47761041390468,46.48138782378459,46.53523547275499,21978700
2020-10-08,47.89943313598633,48.0879101835499,47.27118429936276,47.48658517214368,22369500
2020-10-09,47.40581130981445,48.33023251509272,47.27118533342134,48.06098398598729,24343900
2020-10-12,48.35715866088867,48.644357541870285,47.75583365005293,48.06098288905598,27303500
2020-10-13,48.31229019165039,48.72513820392959,48.12381312197412,48.70718784378513,20005800
2020-10-14,48.06097412109375,48.82384879126736,48.02507341160039,48.47382200922718,21874200
2020-10-15,48.330223083496094,48.44689867868894,47.22630193301643,47.34297752820928,18272900
2020-10-16,48.608455657958984,49.09310504185152,48.37510785664812,48.37510785664812,23414400
2020-10-19,48.98540496826172,50.46627347993974,48.32125545047507,48.88667971608041,43537200
2020-10-20,47.95328140258789,49.09310339369234,47.809681970368146,49.00335160875467,27224900
2020-10-21,48.01611328125,48.52768655072584,47.40581474508916,47.69301365343767,21866000
2020-10-22,48.3751106262207,48.66230951674478,47.63018615014331,47.67506033484754,41522700
2020-10-23,43.25938034057617,43.68120183899251,42.774730867146744,43.39400291185239,97322500
2020-10-26,41.93107986450195,42.954226358591725,41.50925498850039,42.94524946727885,54161300
2020-10-27,40.961788177490234,41.65286171099777,40.71048995573531,41.26693748548471,50130500
2020-10-28,39.714256286621094,40.64765431820468,39.66938210549662,40.28865402184774,45066000
2020-10-29,39.5886116027832,39.911711220619715,39.41808490243563,39.70528722559771,36796800
2020-10-30,39.74117660522461,40.20787557985164,39.13985509909842,39.5796268284814,46781300
2020-11-02,39.902732849121094,40.4412333334349,39.70528575285209,40.351481540875525,33856700
2020-11-03,40.25276184082031,40.8002358681696,40.118139268907704,40.14506309855397,34349500
2020-11-04,41.015628814697266,41.41950329940019,40.18992948778456,40.486105251126915,34748200
2020-11-05,41.29587173461914,41.92869006928119,41.16026657412639,41.720764685486124,31103200
2020-11-06,41.03371047973633,41.40436073886106,40.59073998517859,41.16931566297494,36233700
2020-11-09,41.22355651855469,42.80560095542922,41.16931720209794,42.16374375441438,48481700
2020-11-10,41.07891845703125,42.019105827087074,40.90715484942985,41.04276005709348,39224500
2020-11-11,41.901573181152344,42.001016520448054,41.45860269521348,41.49476453651791,31496900
2020-11-12,40.63593292236328,41.756922225161176,40.27432146744514,41.702682920931146,42881300
2020-11-13,41.096988677978516,41.205474195288886,40.65401821900092,40.672099138552646,30884700
2020-11-16,41.75693130493164,42.26318676218248,41.395323219966606,41.62132956628844,36306300
2020-11-17,41.1602668762207,41.69364189024708,41.05178481617979,41.359153526781135,31118000
2020-11-18,40.735382080078125,41.30491554757137,40.71730115988396,41.17835255479509,32817900
2020-11-19,41.24163055419922,41.286831126560514,40.409928987287,40.60881219539323,29469100
2020-11-20,41.03371047973633,41.476684422877135,40.97947116530734,41.27779774041599,24199300
2020-11-23,41.639408111572266,41.77500984247703,41.08795210624384,41.1150717627082,35489600
2020-11-24,42.49822998046875,42.76039815836001,41.59420463484345,41.84733407665498,33901200
2020-11-25,42.53439712524414,42.65192140043188,42.1004653190703,42.516316202247296,28126900
2020-11-27,42.895999908447266,43.48361426695147,42.81463749590573,42.81463749590573,15921400
2020-11-30,43.70962142944336,43.84522660249244,42.73327590867154,42.86887763313781,46332700
2020-12-01,44.803489685058594,45.40918490740633,44.03506620394317,44.07122803922488,57768000
2020-12-02,45.110862731933594,45.25550663840712,44.45996342851136,44.496125267275424,33753500
2020-12-03,46.09625244140625,46.20473451386704,45.0023791866712,45.12894217930594,50261200
2020-12-04,47.000274658203125,47.596931190253,46.10528813583697,46.159530892780666,39767700
2020-12-07,45.3820686340332,46.36745630303837,44.803493020779285,46.1052881506006,51040300
2020-12-08,45.82503890991211,45.8521620125838,45.029499168917795,45.04758008783803,28956500
2020-12-09,45.26454544067383,45.96064531928809,44.95717670789068,45.454389921591506,34068400
2020-12-10,45.436309814453125,45.85216407112302,44.8306145220545,44.89389601682502,33706000
2020-12-11,44.95718002319336,45.3278302769488,44.40572401059997,45.3278302769488,29398800
2020-12-14,45.62615966796875,46.41266074221191,44.966221588594266,45.038541821983664,33436400
2020-12-15,45.80695343017578,46.11432212405096,45.391102682162995,46.087202472662135,25465600
2020-12-16,46.213775634765625,46.521144396420326,45.816005716158465,45.843125373527585,28351000
2020-12-17,45.788883209228516,46.39457850999882,45.40015205107512,46.24089586302709,26399000
2020-12-18,42.90503692626953,45.815999293356896,42.588629472708995,45.71655596549998,119298400
2020-12-21,41.910614013671875,41.99197642969049,40.89810662989358,41.874452173534074,53775700
2020-12-22,41.73884582519531,41.892531917173706,41.37723777972064,41.81116950343992,32171200
2020-12-23,42.1004638671875,42.5163147360234,41.648451153604995,41.73885231688817,22564200
2020-12-24,42.55247116088867,42.57055208095902,41.89253309694411,42.127578160692806,11865600
2020-12-28,42.55247116088867,43.06776531285337,42.362626673024394,42.66095323272785,21269200
2020-12-29,44.64980697631836,45.80695820393119,42.02813579518521,42.688073820219564,84531400
2020-12-30,44.071231842041016,44.4690017187153,43.8994682825054,44.39668149049393,37385400
2020-12-31,45.03854751586914,45.37303596582078,44.04412090311199,44.07124056298868,28576800
2021-01-04,44.90293884277344,46.457863595539294,44.65885502561427,45.101825529359715,46102500
2021-01-05,45.752708435058594,45.9515950500516,44.595557472005204,44.704039512645984,24866600
2021-01-06,46.1956901550293,47.144919452274856,45.38206947699663,45.59903361170558,36809600
2021-01-07,47.18107986450195,47.633092521198556,46.37649788735526,46.548264903993015,32092300
2021-01-08,46.69290542602539,47.48844516107108,46.34937486627501,47.41612493451358,34625400
2021-01-11,46.59346389770508,47.226282285307384,46.33129573806397,46.367457577031594,32925000
2021-01-12,48.130313873291016,48.68176647116758,46.61155092351375,46.9189196978397,39883900
2021-01-13,51.48424530029297,54.46752831935426,51.43904472169477,53.789509294632005,124070700
2021-01-14,53.563499450683594,54.36808142230457,52.28882390549671,52.84027989465254,74680900
2021-01-15,52.053775787353516,53.925107787488265,51.98145211170451,53.201884825328854,50265400
2021-01-19,52.4244270324707,52.74083449818821,51.61984164370684,52.37922301001158,35647100
2021-01-20,53.03916549682617,53.53638219695184,52.514832588397766,52.65043776999259,28701300
2021-01-21,56.465423583984375,57.81242289792434,52.63235795986955,53.373658484776186,86519500
2021-01-22,51.22208023071289,53.89799464998587,51.21304149387693,53.2018946617848,85729300
2021-01-25,50.11915969848633,51.077427725625,48.87160730958337,50.968945658890554,61968500
2021-01-26,49.911231994628906,50.806218487445655,49.58578236087736,49.97451348468253,31485900
2021-01-27,48.446720123291016,49.58579058168488,48.184551936128344,49.3688264222685,49722900
2021-01-28,50.68870162963867,51.89105701305465,49.450187852766994,49.531550273062685,49202600
2021-01-29,50.18244171142578,51.67408480095659,50.046839988748374,50.6073346960304,37256200
2021-02-01,51.24919128417969,51.88200966251801,50.36324693393912,50.580214515985844,26926600
2021-02-02,52.4334716796875,52.68659768080146,51.420964226648536,51.70120988542953,23580900
2021-02-03,52.14417266845703,52.731790415004596,51.87296580412061,52.33401712863429,21893200
2021-02-04,53.470245361328125,53.55210163223287,52.015023152967714,52.39702024036156,29853800
2021-02-05,52.91544723510742,53.73401002308191,52.860875226070625,53.66124734436619,23432600
2021-02-08,53.806766510009766,53.86133851628557,52.706257071479165,53.09734777600084,34358300
2021-02-09,53.461151123046875,53.94319517479169,52.697160377325716,53.452057523360516,28754100
2021-02-10,53.533912658691406,54.04323749865014,52.86087180222632,53.93409695716117,16325100
2021-02-11,55.17103576660156,55.47117659861541,53.53391373334195,53.752194820701725,27539100
2021-02-12,56.21697998046875,56.8536360806371,54.96185151103657,55.116467001215874,26214200
2021-02-16,56.81725311279297,57.18105607031898,56.1169279959235,56.38978108144681,26326300
2021-02-17,56.253353118896484,56.5625875427584,55.67126560798352,55.92593149614437,21055400
2021-02-18,56.035072326660156,56.371591020111794,55.152843986770876,55.16194105577823,17846100
2021-02-19,57.30839538574219,57.53577356742894,56.25336076149628,56.30793277412676,28290100
2021-02-22,55.21651077270508,57.02644242768457,55.1710358352415,56.28064235083271,32288200
2021-02-23,55.589420318603516,55.93503614756513,53.815869698070216,55.00733269267823,27374600
2021-02-24,57.47209930419922,57.55395557606719,54.91637114718362,55.052795953953435,24669900
2021-02-25,54.934566497802734,57.79043571826617,54.68899766126718,56.76268543265786,36394000
2021-02-26,55.280181884765625,56.1078383192897,54.27971928286292,55.38022883885903,38216800
2021-03-01,57.190155029296875,57.372058248829184,56.071454913018904,56.13512051942791,28495400
2021-03-02,55.69855880737305,57.42663084116816,55.58032118590048,57.11739638698148,23320000
2021-03-03,54.47980880737305,55.95321832037783,54.29790558452317,55.15284622154759,28740400
2021-03-04,53.05187225341797,54.7890412012682,52.669875152733404,54.4161411696202,40210400
2021-03-05,55.24380111694336,55.64398544282323,53.2155848091353,53.89771931181504,39511700
2021-03-08,54.4343376159668,56.11693831349888,54.31610345452798,54.9982380285101,33112400
2021-03-09,56.99916076660156,57.45391712875226,55.33475428527815,55.643988750321256,36387500
2021-03-10,56.61716079711914,58.317951900641866,56.5080202537938,57.49938915191353,27160300
2021-03-11,57.58125686645508,58.290672273767,56.74450328268213,57.24473463094583,30701800
2021-03-12,57.20834732055664,57.572150300422905,56.608069107737656,56.98096915707195,20173000
2021-03-15,58.0178108215332,58.09966709605604,56.82634804114866,57.85409827248753,21247400
2021-03-16,58.9182243347168,59.78226545665174,58.2815682987903,58.34523390238295,30186600
2021-03-17,59.82773971557617,60.29159309999411,57.945048848268904,58.40890223268684,32394700
2021-03-18,57.96323776245117,59.754975230769425,57.890478558372145,59.69130962613206,30094200
2021-03-19,57.99052810668945,59.10922830905727,57.226537301472945,57.46301254591755,54951700
2021-03-22,59.691314697265625,60.37344920734467,58.7181364071141,58.9546116468702,34380100
2021-03-23,57.735862731933594,60.07331343950007,57.45391256079138,60.02783503128827,35160000
2021-03-24,56.42616271972656,61.33753216346483,56.380687783482095,60.555350769805045,74584700
2021-03-25,56.40797424316406,56.789967885879,55.462080266657495,56.080549138256764,35401400
2021-03-26,59.00008773803711,59.09103761466749,56.18059645879501,56.20788072788104,34705800
2021-03-29,58.66356658935547,59.2365570672934,57.85410087681087,58.217907328737084,26161600
2021-03-30,57.99962615966797,58.208813667443465,57.435729248729,57.99962615966797,20709500
2021-03-31,58.208805084228516,58.654464305226156,57.82681146623054,58.21790215295141,33013200
2021-04-01,58.70904541015625,59.018276386094435,57.82681701322644,58.86366089812534,31416300
2021-04-05,60.51897430419922,60.7008740638183,58.84546737177341,59.072845540812764,27947500
2021-04-06,59.627655029296875,60.555361941310586,59.38208963437075,60.082411414667426,28771400
2021-04-07,60.255210876464844,60.546254636344656,59.445745202454404,59.72769189323562,17793300
2021-04-08,60.98283004760742,61.201111155316674,60.35526405653312,60.910067365360575,22224200
2021-04-09,62.08333969116211,62.21067091577521,60.60082952897462,60.75545196374595,27177100
2021-04-12,59.49121856689453,62.292511916185,58.854555625532605,62.02875244692463,51266900
2021-04-13,59.31841278076172,59.691309337827924,58.399803113404765,59.67312213903244,26822000
2021-04-14,58.381622314453125,59.46393770670512,58.06329078839282,59.400272095396176,25768400
2021-04-15,59.13650894165039,59.31841563350572,57.917765331858185,58.18152483077533,24927700
2021-04-16,58.89094161987305,59.59126327785486,58.72722907217164,59.41846060013654,24625500
2021-04-19,57.87229537963867,58.88185158504863,57.362967007108736,58.845470243543126,23997700
2021-04-20,57.02644348144531,57.99052466374325,56.76268398196118,57.881384117910834,19872100
2021-04-21,57.93596267700195,58.00872189261274,56.662643443413245,57.10830621602403,24364200
2021-04-22,56.908203125,58.12695014822095,56.64444363822105,57.61762184301144,38257600
2021-04-23,53.8795280456543,54.570756096287234,52.66078102072327,53.8067653721586,77479500
2021-04-26,53.44295883178711,54.134190350487664,53.17010574578015,53.75219325446573,39645900
2021-04-27,52.72444534301758,53.32472350669738,52.54254213321745,53.26105790369461,38167700
2021-04-28,52.406124114990234,52.89726183671752,51.97865547824167,52.31517422704778,30387400
2021-04-29,53.006404876708984,53.02459554905192,52.269701729158164,52.642601838398306,23290600
2021-04-30,52.32426452636719,53.14282734426123,51.90588951700606,52.39702720774248,30731800
2021-05-03,52.07868957519531,52.642589881194304,51.69669595130749,52.624399212983185,22281700
2021-05-04,51.751277923583984,51.82403714092716,50.759908866982656,51.73308725186922,35323600
2021-05-05,51.70579528808594,52.115076694463134,51.351085892397556,51.80584223959098,21001900
2021-05-06,52.33539962768555,52.39030775716273,51.47519321118609,51.813784615749654,25529300
2021-05-07,52.7746467590332,53.08578580048553,52.38115077129017,52.802102565347894,19959000
2021-05-10,51.218955993652344,52.37199864462898,51.13659555494798,52.29879130516095,35046500
2021-05-11,50.367897033691406,50.90781466525208,49.69071084681292,50.37704664163322,35968100
2021-05-12,49.06843566894531,50.011005923123264,48.88541208137491,49.773074212016375,30232300
2021-05-13,49.425331115722656,49.773075592663986,48.92201885410619,49.45278692369479,29192500
2021-05-14,50.65157699584961,51.10913416289752,49.65410223204981,49.965241245277745,28158300
2021-05-17,50.63328552246094,51.14574739373896,50.11166706066274,50.596680105688314,20010200
2021-05-18,50.18487548828125,51.37452354928085,50.14827007326353,51.20065306427348,18703400
2021-05-19,50.660736083984375,50.724793815674246,49.26976171279006,49.48023761561172,23769700
2021-05-20,51.200653076171875,51.46603709878521,50.66073542263092,50.85290861519181,23145200
2021-05-21,51.31962203979492,51.896141652417604,51.228108496683184,51.630757613720654,17723100
2021-05-24,52.124916076660156,52.5184155531434,51.61245424003785,51.84123284306836,19164400
2021-05-25,52.04255676269531,52.67398795484802,51.63075457017931,52.67398795484802,22309900
2021-05-26,52.088314056396484,52.37200079935752,51.786328095978945,52.20727991517172,15173600
2021-05-27,52.829559326171875,52.96682789664256,52.16152616437638,52.26218931727025,32387600
2021-05-28,52.271339416503906,52.75635247673404,52.10661852674799,52.664838931933645,20303900
2021-06-01,52.06085968017578,52.91191638451259,51.786326047686224,52.71974319085835,20326400
2021-06-02,52.600772857666016,52.792946034956096,51.94188940308946,52.07915795308765,18483600
2021-06-03,51.466041564941406,52.25303711099252,51.32877299212335,52.14322434726896,21831300
2021-06-04,52.500118255615234,52.847862745500905,51.74057503055038,51.74972463962523,21493800
2021-06-07,52.24388885498047,52.564177545338204,51.960202092888686,52.536725226417516,17364400
2021-06-08,52.16152572631836,52.74719843908985,51.79547853539381,52.57332794338729,33254500
2021-06-09,52.16152572631836,52.600780260896975,52.13407340880867,52.4909674999735,13904800
2021-06-10,52.5092658996582,53.104088172493114,52.097463716382066,52.298790003958054,26738100
2021-06-11,52.93937301635742,53.02173346190715,52.11577205174501,52.59163201593399,18119700
2021-06-14,53.25050735473633,53.25966045391958,52.371998340907496,53.094939577466114,21784500
2021-06-15,53.06748962402344,53.46098563430737,52.89361564064659,53.26881243351843,20806500
2021-06-16,52.362850189208984,53.415229717064534,51.951047986620026,53.21390691093129,21879700
2021-06-17,52.32624053955078,52.98512401038336,51.88698605595717,52.207274692676165,21498800
2021-06-18,50.94441223144531,51.93273736709545,50.422797351257984,51.868679644327464,55118300
2021-06-21,51.127445220947266,51.28301649841829,50.66988797915028,51.01763246036371,19254600
2021-06-22,51.127445220947266,51.5026420195854,50.78885383946522,51.191502955528065,18682800
2021-06-23,50.56922149658203,51.21895539021026,50.54176918096552,51.12744185334773,20287900
2021-06-24,51.31047058105469,51.33792289942382,50.6424374039552,50.77970597757057,21209700
2021-06-25,51.16405487060547,51.62161215025348,51.017636680753505,51.264718030669634,21101200
2021-06-28,52.600772857666016,52.82955144707351,51.557543048509295,51.57584575456801,22480900
2021-06-29,51.932743072509766,52.921068316738896,51.136594508581496,52.66483390663257,26360000
2021-06-30,51.37453079223633,51.59415982242215,50.688194872872536,51.557554402243674,29891600
2021-07-01,51.255558013916016,51.83208108592609,51.12744255144368,51.36537425965049,24871600
2021-07-02,51.94189453125,52.1523739262634,51.53924543085807,51.74972133498689,17219400
2021-07-06,51.32876968383789,52.1706733029301,50.97187560657555,52.08831286272459,26186600
2021-07-07,51.209800720214844,51.65820830987504,50.98102212140307,51.584997482630776,14857400
2021-07-08,50.68818664550781,50.9901760766358,50.139119395491676,50.614979307918404,19162000
2021-07-09,51.23725891113281,51.347071666226974,50.614980814125,50.798000908987085,18708000
2021-07-12,51.91443634033203,51.94188865358184,51.34706642423602,51.484331481369274,15392800
2021-07-13,52.04255676269531,52.43605624766788,51.557547230890094,51.81377815472915,15716000
2021-07-14,51.722267150878906,52.58247344419685,51.54839666876018,52.31708942605422,16263600
2021-07-15,51.07253646850586,51.612454109932216,50.85290747416106,51.612454109932216,18917000
2021-07-16,50.30384826660156,52.09747195877017,50.23979052694447,51.29217017194315,25263800
2021-07-19,50.00185775756836,50.157429044163415,49.38873269322618,49.79138183290381,27007700
2021-07-20,50.55092239379883,50.84375873064862,49.663260284100375,50.258082566064544,19867000
2021-07-21,51.45688247680664,51.50263749879311,50.34044178773768,50.49601305155299,18497200
2021-07-22,51.209800720214844,51.74056874508266,50.953569806628664,51.30131425427018,36691000
2021-07-23,48.501068115234375,50.0659130600079,47.87878998090021,49.946950689388686,67742300
2021-07-26,49.69986343383789,49.91033932317588,48.28143334644187,48.327191858332846,32881200
2021-07-27,48.6657829284668,48.68408563494312,47.869634396610145,48.6108748090378,39878000
2021-07-28,48.56512451171875,49.34297041275213,48.44615865349417,48.52851909520586,28478800
2021-07-29,49.14164733886719,49.507691029369475,48.79390286563807,48.94032104001591,16886600
2021-07-30,49.15994644165039,49.32466731210547,48.729841558697196,49.095888713238345,16465700
2021-08-02,49.12334442138672,49.84628568155878,48.995228955712605,49.40703116029699,18098100
2021-08-03,49.47108459472656,49.56259463628998,48.738990298681955,49.31551333500757,16375900
2021-08-04,49.32467269897461,49.818831873423804,49.14164910171558,49.644961376014344,17612700
2021-08-05,49.635990142822266,49.75572908898309,49.35046340433776,49.72809837585745,15310000
2021-08-06,49.663612365722656,49.85703786524464,49.48861202322767,49.60835094891857,19256000
2021-08-09,49.78335189819336,50.11493445733626,49.58072084482658,49.81098612050145,14670100
2021-08-10,49.682037353515625,50.096515575292926,49.28598077643614,49.95835851041347,16215700
2021-08-11,49.86625289916992,50.06888748789151,49.58993524136663,49.97677925957731,18590800
2021-08-12,49.31361770629883,49.903096314698224,49.05571817994685,49.893883735059056,15070100
2021-08-13,49.26756286621094,49.33203686615766,48.871506287355636,49.276771931816405,15281100
2021-08-16,49.249149322509766,49.26757097032039,48.816249382885154,49.02809306235229,17690300
2021-08-17,48.53071212768555,48.982033650167054,48.09781576393299,48.97282107080258,22014900
2021-08-18,48.0701789855957,48.843870473339166,47.996495922442186,48.447813907377075,15061700
2021-08-19,48.30044174194336,48.51228536859062,47.508332165006756,47.94122848312543,22999400
2021-08-20,47.904388427734375,48.245183579889876,47.360962213657935,48.04254900439951,25728300
2021-08-23,49.02808380126953,49.3136140180444,48.337287949923045,48.4386052369583,23976300
2021-08-24,49.56230163574219,49.70967127887042,49.10177106177027,49.33203634875623,20348800
2021-08-25,49.56230163574219,49.94914563136526,49.488615057393346,49.81098856731535,15048400
2021-08-26,48.935977935791016,49.507034842265185,48.788608298198675,49.507034842265185,19570000
2021-08-27,49.635990142822266,49.68204250255494,48.74255960701502,49.147828805230176,16525000
2021-08-30,49.682037353515625,50.53862450733223,49.516246064804704,49.976776641541825,14581300
2021-08-31,49.79256057739258,50.19782616595767,49.42413475973777,50.14256123923875,22350100
2021-09-01,49.43335723876953,49.88467881219305,49.304409221668514,49.83862645088125,18615000
2021-09-02,49.488616943359375,49.635986592103734,49.13861271000294,49.553090945086936,15869500
2021-09-03,49.28598403930664,49.81099216402788,49.11098367344603,49.221510035380646,13456200
2021-09-07,49.41493606567383,49.69125373011876,49.22151053834962,49.341249481251324,13915000
2021-09-08,49.341243743896484,49.66361372933573,48.80703012323012,49.48861338203576,18235100
2021-09-09,49.18467330932617,49.635991364815226,49.12940836814449,49.424147693973644,13495800
2021-09-10,49.589935302734375,50.63994451182806,49.56230459099075,49.599144368792366,20324700
2021-09-13,50.64915466308594,51.10968524243778,50.11493750452445,50.29915043897908,22639200
2021-09-14,50.21625900268555,51.0636336531965,49.985993693711514,50.99915964776935,22072700
2021-09-15,50.76888656616211,50.79652078823569,50.12414309703003,50.354408370750825,18796200
2021-09-16,50.50178909301758,50.61231545718048,49.9583628249928,50.52941980566586,19863100
2021-09-17,49.976768493652344,50.280720311257845,49.43334236115645,50.280720311257845,35359200
2021-09-20,48.79781723022461,49.276769429485306,48.189917037618585,49.009660864087536,35051900
2021-09-21,48.69649887084961,49.230715989851895,48.65965909754229,49.0004507172273,17968900
2021-09-22,49.276771545410156,49.61756318725187,48.81624097021941,49.18466683579979,18594100
2021-09-23,49.76493453979492,50.013621480566655,49.36887795044397,49.50703853317368,16474300
2021-09-24,49.93993377685547,50.124143185301115,49.48861229359744,49.53466464570885,12976200
2021-09-27,50.3452033996582,50.538625402055416,49.57151187649982,49.68203823307401,13899900
2021-09-28,49.737308502197266,50.28073479119,49.700465208198125,49.90309981162352,24691300
2021-09-29,49.26756286621094,49.78335486578473,48.98203264246867,49.73730251061843,20514300
2021-09-30,49.07414627075195,49.71888990095408,49.05572462262388,49.516255285115385,20534100
2021-10-01,49.60835647583008,49.83862177435245,48.862295643732544,49.414934468328,19895100
2021-10-04,49.249149322509766,50.04126261051647,48.88993597412767,49.672836681444025,27353300
2021-10-05,49.691246032714844,50.05045929220643,49.25834620021514,49.32282019481265,18129400
2021-10-06,49.718875885009766,49.801771521432435,48.880710456100125,49.25834535234361,20059600
2021-10-07,49.90309143066406,50.649152197785234,49.847826498946795,50.032039424435034,20704400
2021-10-08,49.56230163574219,50.271519141287264,49.460984347297256,50.24388491762173,16068000
2021-10-11,49.22151184082031,50.114942375951095,49.20309019422722,49.56230703243772,14398800
2021-10-12,48.0517578125,49.47940538516251,47.90438817117882,49.341244809237295,32784300
2021-10-13,48.1346549987793,48.42939780444197,47.77544170613886,48.245184868491364,18534000
2021-10-14,49.645198822021484,49.73730353424968,48.56755541838991,48.724137645461305,26586700
2021-10-15,50.16099166870117,50.18862589368611,49.562304002095004,49.92151730477263,25231100
2021-10-18,50.17020797729492,50.253103631272005,49.47941203200918,49.91230843516073,22407600
2021-10-19,50.851783752441406,50.860996331269305,50.07809226865671,50.31757012821138,18392900
2021-10-20,50.999149322509766,51.10967917820973,50.732044288490854,50.88862298037887,16850300
2021-10-21,51.57942581176758,51.64389981294672,50.5017859232851,50.593890635378294,38390900
2021-10-22,45.55568313598633,46.55963991901545,45.260943852305246,46.41227027717491,109971900
2021-10-25,45.50962829589844,46.11752847448239,45.41752359236754,45.89647578058053,43178800
2021-10-26,44.46883773803711,45.537268688636814,44.14646769355141,45.50042890753129,68405400
2021-10-27,44.109619140625,44.966206315082886,44.09119749548327,44.68988866509604,41081500
2021-10-28,44.284629821777344,44.54252586627589,44.100416855605495,44.33989125212984,31317200
2021-10-29,45.13199996948242,45.38989598782286,44.137252161192606,44.30304346257424,42301000
2021-11-01,45.63858413696289,45.684636496650214,45.132001153262685,45.50042705790092,28013700
2021-11-02,45.92410659790039,45.96094988482787,45.34383712628493,45.6938413249575,27193300
2021-11-03,46.41227340698242,46.46753834398794,45.78595150853181,45.988586097315725,23962100
2021-11-04,46.66083526611328,46.69793123276029,46.12290306269151,46.595912901976654,24806000
2021-11-05,47.22658157348633,47.838712718581654,46.87414693225358,46.88342003838998,36816200
2021-11-08,47.81088638305664,48.218973813622846,47.356429883748234,47.72741427571384,31647800
2021-11-09,47.48627853393555,48.01493407825877,47.087467714463166,47.80161723914619,22508400
2021-11-10,47.07819366455078,47.66249849659056,47.031821051405565,47.282237407994046,25040700
2021-11-11,46.86487579345703,47.36570849573113,46.753580816730626,47.310059238366165,25420000
2021-11-12,46.66083526611328,47.208040576695936,46.540263645000906,46.92979782982067,23884800
2021-11-15,46.67010498046875,46.95762081360317,46.48461100870471,46.75357709086241,24695800
2021-11-16,46.9390754699707,47.43990817935832,46.68865911527689,46.71648197535279,30927800
2021-11-17,46.58663558959961,47.24513586669924,46.35476899586001,46.92979715769325,23546900
2021-11-18,46.07653045654297,46.59591290770332,45.418030169931384,46.59591290770332,30658200
2021-11-19,45.928138732910156,46.122905837035496,45.66844926074303,46.002334208670604,27607600
2021-11-22,46.21564865112305,47.161661188732545,45.82611095504568,45.95595567440371,33389600
2021-11-23,45.538597106933594,46.7906788225031,45.111963428148464,46.52171272752853,44713300
2021-11-24,46.15072250366211,46.16927225461333,45.10268810994258,45.31600493887673,26035800
2021-11-26,45.24181365966797,45.61280166602842,44.629685925775924,45.3531121843784,25269000
2021-11-29,46.373313903808594,46.493885510599355,45.186158200032075,45.724086801554655,31478900
2021-11-30,45.631351470947266,46.744311953263804,45.149068477343306,45.90959070702544,49460800
2021-12-01,45.07486343383789,46.66083358963109,45.00066796520616,46.224923270658316,35093500
2021-12-02,45.90958023071289,46.178546297346884,44.8244463962284,45.08413581890783,37240800
2021-12-03,45.67771530151367,46.42896427863087,45.22325525752849,46.07652609378542,32224900
2021-12-06,47.29151153564453,47.49555173022118,45.61279614033454,45.89103534239608,40336000
2021-12-07,48.75690460205078,51.01064806315403,48.4230161577387,50.695309369970765,91731500
2021-12-08,47.99637985229492,49.04441773632889,47.65321832032034,48.75690191667268,37143400
2021-12-09,46.81850814819336,47.84799652163842,46.77213553113808,47.57903038951236,31694200
2021-12-10,46.920528411865234,47.36571188866405,46.41969567371515,47.15239502715652,23783600
2021-12-13,46.373313903808594,47.31932993200666,46.3269412975054,47.16165882497211,35726900
2021-12-14,46.09507751464844,46.6237330420713,45.7426393170321,46.20637248410502,34120400
2021-12-15,46.99472427368164,47.09674615132553,45.751922602030746,46.252751806276706,32590300
2021-12-16,47.14311981201172,47.67177538820513,46.911253207084656,47.05964769271783,33132300
2021-12-17,46.94834899902344,47.31933698071769,46.382593919041334,46.92052613869763,50102300
2021-12-20,46.00232696533203,46.49388650911132,45.40874910069598,46.28984279139149,30140300
2021-12-21,47.08747100830078,47.15239337526762,46.317672174260245,46.317672174260245,31956300
2021-12-22,47.27296447753906,47.31933709085788,46.56808801828005,46.96689886122837,23307900
2021-12-23,47.58830261230469,47.97783680496576,47.34715936522573,47.3749857632755,25198200
2021-12-27,48.17259979248047,48.28389829917935,47.57902190876616,47.625394517555726,20985400
2021-12-28,48.005653381347656,48.33954181021225,47.885085311593414,48.16332448964621,19290400
2021-12-29,48.070587158203125,48.3580994895317,47.91291602405199,48.05203740489101,14174800
2021-12-30,47.98710632324219,48.35809070810577,47.90363421749735,48.15404699672882,18359400
2021-12-31,47.76451873779297,48.376646409223184,47.72741923334181,48.12623006118308,16319000
2022-01-03,49.35049057006836,49.36904032423573,47.85726897063133,47.90364512505169,33857600
2022-01-04,49.28556442260742,50.02753684242391,48.83110786334639,49.68437526163446,45681400
2022-01-05,49.962615966796875,52.095788064135945,49.92551999820246,50.259404943574296,59109300
2022-01-06,50.09246063232422,50.70458833832805,49.54525529377506,50.64894261651186,35757900
2022-01-07,49.56380081176758,50.44489455793817,49.29483825729722,50.25940057905962,30717200
2022-01-10,51.20541763305664,51.298166393210956,49.44323364616595,50.055361311170664,49260800
2022-01-11,51.854644775390625,52.01231589856995,50.76023417215799,51.47438370396257,39795200
2022-01-12,51.69697570800781,52.19780484620986,50.83443172276632,52.06796012378698,29136800
2022-01-13,50.95500564575195,52.13288846542853,50.797338047009696,51.938121359451486,29605400
2022-01-14,51.659881591796875,51.724803959778015,50.57474401353388,50.871532992305845,30151500
2022-01-18,50.788055419921875,51.613503437666665,50.713859952193985,51.29816473931565,35313800
2022-01-19,49.73074722290039,50.87153046679681,49.67510150339549,50.667490265272946,30595100
2022-01-20,48.265350341796875,50.16665567685542,48.17260158276756,49.95333883809308,28582600
2022-01-21,48.265350341796875,49.27628881819435,48.181878227672186,48.3024498454086,46372400
2022-01-24,48.17259979248047,48.3488206590854,46.262021421525446,47.74596613081122,64198400
2022-01-25,47.30078887939453,47.87581708689515,46.60518904293285,47.310061987159045,44095400
2022-01-26,47.940731048583984,48.89602372898467,47.06891401344465,47.42135219275762,54895400
2022-01-27,44.564762115478516,46.42897165710169,44.31434574997673,46.354772643025434,89642800
2022-01-28,44.26797103881836,44.70388138086401,42.94169379804433,44.24942128617774,61945400
2022-01-31,45.278900146484375,45.325272749442526,43.87842772433257,44.221589231826236,51828400
2022-02-01,45.39947509765625,45.47367056026859,44.852269851128305,45.24180399035002,35386100
2022-02-02,45.918861389160156,45.98378729421868,44.601860756899946,44.750255244168756,37962700
2022-02-03,44.778076171875,46.085803640104054,44.75025331233933,45.67771970223237,42145800
2022-02-04,44.86685562133789,45.08180100289884,44.044470470398004,44.72667803570154,32431500
2022-02-07,45.02573013305664,45.474304846959285,44.82013205232649,44.9790042687875,27558500
2022-02-08,45.61448287963867,45.73596940542432,44.76405937436569,44.838820039083416,28051200
2022-02-09,46.64247131347656,46.69854449201897,45.63317905439885,46.10044484738698,35217300
2022-02-10,45.66121292114258,46.661161412354325,45.567757625495915,45.96026273730189,32762700
2022-02-11,44.51173400878906,45.8948401284581,44.39024392197322,45.74531523889806,37208200
2022-02-14,44.46501159667969,45.025729084764606,44.0257806398751,44.78274889229425,28456900
2022-02-15,45.26870346069336,45.28739451802717,44.100539114489884,44.57715216411552,35837900
2022-02-16,45.072452545166016,45.31543272468327,44.483696718594615,44.913583905827906,26022900
2022-02-17,44.45566177368164,45.1004872050473,44.278102077641584,44.726676755759605,32030600
2022-02-18,42.091304779052734,43.18470505700506,41.59600059912309,43.166013996917606,76520100
2022-02-22,41.76420593261719,42.43706966448604,40.979199433754964,41.76420593261719,57093300
2022-02-23,41.726837158203125,42.71743836769913,41.633381859695405,42.2127904506228,38176700
2022-02-24,43.661312103271484,43.726729022000065,40.77360967312874,41.025933601776714,72740100
2022-02-25,44.58649826049805,44.6612624937742,43.222083087802005,43.857564810829864,39266300
2022-02-28,44.577152252197266,44.68929503146708,43.782798356236505,43.92297950403978,41946100
2022-03-01,43.75476837158203,44.764064191033015,43.19405084852375,44.42763225121602,53853000
2022-03-02,45.670555114746094,45.78270146570743,44.371556851560456,44.40893896854757,46936500
2022-03-03,44.79209518432617,45.37150371748581,44.50238913526897,45.0257280598693,36389900
2022-03-04,44.92292785644531,45.10983486501204,44.268755108939104,44.268755108939104,38310700
2022-03-07,44.55845642089844,45.36215397696024,44.483692199425576,44.866849922088264,43813700
2022-03-08,44.3902473449707,45.53037694387971,43.8201825455162,44.56780705096684,44813900
2022-03-09,44.51173400878906,45.287393259333484,43.82017916647726,45.24066739977495,36076500
2022-03-10,43.6052360534668,44.21268290438305,43.13797034197875,44.193991848128995,36456000
2022-03-11,42.8295783996582,44.184646160792845,42.773505228836,44.06315963810996,27082100
2022-03-14,41.493202209472656,42.96976020339688,41.399746915581915,42.894999533239236,35993900
2022-03-15,41.87636184692383,41.960469832653445,41.1848069014853,41.58665577053179,34448900
2022-03-16,43.57719802856445,43.57719802856445,42.306234816925524,42.334269616755904,38885500
2022-03-17,44.05381393432617,44.193995084018454,42.736124674046685,43.28749839657241,28555000
2022-03-18,44.343528747558594,44.48370636001179,43.315541764791355,43.75477279337998,46237100
2022-03-21,44.287445068359375,44.75471079571486,43.98839528804824,44.35286198499278,32910900
2022-03-22,45.22197341918945,45.29673764161297,44.29678933890163,44.39024105197669,27923300
2022-03-23,45.10983657836914,46.334074144273124,44.913585816149705,45.287396282526515,37126400
2022-03-24,48.240509033203125,48.26854739888585,45.40888008109597,45.47429699276513,51677900
2022-03-25,48.436771392822266,48.576948984743524,47.14711687040822,47.37140244346419,33239800
2022-03-28,48.13771438598633,48.19378755749413,47.2499123426513,47.99753680464878,22932400
2022-03-29,48.82926559448242,48.86664770602897,47.92276899672768,48.59563274474806,27303700
2022-03-30,48.062950134277344,49.0722421913898,47.866699396082474,48.82926559623725,24623300
2022-03-31,46.31538009643555,47.90408071465325,46.26865067181949,47.8480111090413,43698300
2022-04-01,44.96031188964844,46.633124162021375,44.23137844658407,46.56770724097482,46598600
2022-04-04,45.97895431518555,46.00698912171834,44.782751472097225,45.01638436641732,23784900
2022-04-05,44.979000091552734,45.773350405221024,44.87620106073469,45.63317282543199,25779200
2022-04-06,44.42763137817383,45.016383696328994,44.147272622153984,44.334176082863884,31518700
2022-04-07,44.446319580078125,44.77340418024935,43.70803883688619,44.324829486462484,24117000
2022-04-08,43.94166564941406,44.46500450242982,43.78279346199949,44.18464223816343,22167300
2022-04-11,43.5211296081543,44.20333714304272,43.483747494335994,43.82952669972343,30352500
2022-04-12,43.455711364746094,44.77340053449828,43.37160339370002,44.22202684985279,29861400
2022-04-13,43.93232345581055,44.17530363781252,43.5024398291359,43.689346838763264,22171300
2022-04-14,42.6800537109375,43.689349485086844,42.63332784693908,43.689349485086844,36181800
2022-04-18,43.5865478515625,43.82018072260643,42.53987358747302,42.54921733373471,25593100
2022-04-19,44.79209518432617,44.85751210428187,43.306189953273645,43.549166575258404,31483100
2022-04-20,44.96031188964844,45.5584114906197,44.838821794152764,45.193944769087516,22787100
2022-04-21,44.3902473449707,45.69859290322546,44.296795618647444,45.436921652601605,27316900
2022-04-22,43.49309539794922,44.53042589833809,43.455713283621506,44.34351889165416,28219900
2022-04-25,43.97904968261719,44.05381034205675,43.15666103905541,43.184695840725944,35999300
2022-04-26,42.53987121582031,43.77345242096214,42.53052390512505,43.63327128016918,35356600
2022-04-27,42.25951385498047,43.04452042570612,42.0632595385831,42.50249046653513,28320900
2022-04-28,43.773460388183594,44.17530926231258,42.55857001835522,42.79220291889741,41097000
2022-04-29,40.736228942871094,42.39035015470979,40.65212096379609,42.04457449182577,70765900
2022-05-02,42.01652908325195,42.04456744821631,40.66145789847909,40.85771219341273,45446500
2022-05-03,42.1099853515625,42.5118341309736,41.33432259341176,41.85766145065639,40158400
2022-05-04,43.49309539794922,43.58654711881386,41.50254237193151,42.1099892524156,44625600
2022-05-05,42.00957489013672,43.243489748438414,41.56687552015289,42.951493641871934,52996700
2022-05-06,41.72699737548828,42.52763042030808,41.29371563912066,41.905964226739655,40916600
2022-05-09,40.56843948364258,41.632808656456696,40.38005501869059,41.265460926024474,44925800
2022-05-10,41.45384216308594,42.14144600518928,40.97346518670391,41.774094678385566,42770000
2022-05-11,40.34238052368164,41.717580993258,40.29528171314887,41.463262507547064,40351700
2022-05-12,40.35179901123047,40.41773303565469,39.570004731436356,40.248187374811025,42329600
2022-05-13,41.067649841308594,41.29371188804125,40.474243705762234,40.898104204542676,32034100
2022-05-16,40.577857971191406,41.0770737157857,40.304700694923575,40.89810686913147,25071900
2022-05-17,41.82119369506836,41.84002890800059,41.114754636659335,41.274879098527315,28596600
2022-05-18,39.8902587890625,41.425587402434175,39.76781193504717,41.425587402434175,35218400
2022-05-19,39.56999969482422,40.21992584304495,39.296846025463935,39.86199576091863,29181000
2022-05-20,39.23091506958008,39.83374245925689,37.968743875018745,39.79606484911842,44802300
2022-05-23,39.56058883666992,39.79606853212629,38.92950497755165,39.26859272077542,27199500
2022-05-24,39.249752044677734,39.456975316613445,38.712858652057776,39.278012050118406,29837500
2022-05-25,39.74897003173828,40.0503837296002,38.986014587887034,39.033109804465205,26283100
2022-05-26,40.954627990722656,41.143012464740174,39.635943858870014,39.72071309938616,28826700
2022-05-27,41.96247863769531,41.96247863769531,41.02055990915834,41.05823752065216,30553300
2022-05-31,41.840030670166016,42.150865593662076,41.11475636827857,41.67990620155412,41111500
2022-06-01,41.548038482666016,42.32041160451847,41.001723858697915,42.169704741550554,29885500
2022-06-02,42.235633850097656,42.27331145973486,41.38790559893357,41.623385269464194,28727600
2022-06-03,40.869850158691406,41.67990078270309,40.82275494423052,41.54803274495878,33174700
2022-06-06,40.82276153564453,41.482105423961066,40.577864225025024,41.26546452795358,25437100
2022-06-07,41.001712799072266,41.05822920486638,40.18224467729496,40.559013529654266,25168700
2022-06-08,38.83530807495117,39.80548319876705,38.64692361387394,39.79606559262382,59649900
2022-06-09,37.686161041259766,38.948332090103854,37.686161041259766,38.62807962716926,39047200
2022-06-10,36.90437316894531,37.75210139520741,36.90437316894531,37.5354569427247,43066200
2022-06-13,35.576271057128906,36.55586740401901,35.48207702773477,36.310966520729075,50335900
2022-06-14,35.72697448730469,35.98129295259526,35.35962679070757,35.80232611046422,31351700
2022-06-15,36.40515899658203,36.89495355599094,35.71755518731926,36.32038617031228,37652300
2022-06-16,35.17124557495117,35.59510972271717,34.78505903879433,35.51033689316397,45576500
2022-06-17,34.82273483276367,35.90593916147594,34.474222333272465,35.303111779734394,71393200
2022-06-21,35.53858947753906,35.82116434790276,35.16182418143228,35.19008059052832,34004900
2022-06-22,35.20892333984375,35.576271071795276,35.05821648588582,35.161828121694676,32571000
2022-06-23,35.23717498779297,35.43497703315575,34.76621568370959,35.425559428053184,30163000
2022-06-24,36.36748123168945,36.39573764261425,35.54801297665849,35.651621014427626,38159900
2022-06-27,36.386322021484375,36.79134736812814,36.23561516644029,36.61238050748308,29585300
2022-06-28,35.585693359375,36.75367432604487,35.548019335780715,36.339231321425395,37824200
2022-06-29,35.12415313720703,35.416145667453215,34.86983462841723,35.359632838701096,25437200
2022-06-30,35.23717498779297,35.79290711033673,34.59667004678883,35.04879054753275,35141000
2022-07-01,34.22932434082031,35.0393749655155,33.79604261839925,34.93576333773339,40596300
2022-07-05,34.558998107910156,34.60609692055034,33.47579368674956,33.843141429279456,33215000
2022-07-06,34.841575622558594,35.24659737331897,34.342356249190765,34.68144756902255,26258300
2022-07-07,35.924781799316406,36.10374866764597,35.538595242112876,35.68930210362803,33165400
2022-07-08,35.78349304199219,35.92477869130094,35.21833966535307,35.47265814587047,22566300
2022-07-11,35.03937530517578,35.48207463753453,34.87924726255996,35.472657031796935,25904300
2022-07-12,35.04879379272461,35.510335534439896,34.84157412307266,35.46324031829785,30546300
2022-07-13,35.04879379272461,35.25601705551123,34.49306161872523,34.54957803397649,27059200
2022-07-14,35.519752502441406,35.94361662637613,34.18222970373029,34.84157349728046,36690700
2022-07-15,36.37689971923828,36.42399493629921,35.538592638895636,36.04722960667704,32892300
2022-07-18,36.461669921875,37.055079674893065,36.292124278155555,36.82901761888897,30814400
2022-07-19,37.88397216796875,38.3643491354545,36.96089225111403,37.03624388048239,53095300
2022-07-20,38.204227447509766,38.30783549626199,37.262308656731136,37.874553714856226,36387900
2022-07-21,38.251319885253906,38.28899749649604,37.507203232328344,38.157125857148586,29661200
2022-07-22,36.92321014404297,38.157121220643496,36.67830929386202,38.02525319045422,41350000
2022-07-25,36.88553237915039,37.12101203008805,36.310961455961,36.99856160552286,32263400
2022-07-26,36.69715118408203,37.27172215806789,36.62179955755017,36.82901922536377,35925500
2022-07-27,37.84629440307617,38.07235288339831,36.95147090172537,36.98914851282399,42571600
2022-07-28,37.40359115600586,37.78977768383743,36.77250734426379,37.76152127230711,56662300
2022-07-29,34.201072692871094,34.493065219312484,33.19321987106009,33.53230761855959,125292400
2022-08-01,34.81330871582031,35.50090882555509,33.95616297978007,33.95616297978007,52513400
2022-08-02,33.918487548828125,34.53073608228777,33.90906994371176,34.46480206707019,53929400
2022-08-03,34.39887237548828,34.46480639899319,33.21205276613035,33.99384703502396,59513900
2022-08-04,33.927913665771484,34.346540572218984,33.64248606458415,34.2609119289219,54046300
2022-08-05,33.6710319519043,33.956459588830654,33.47123296899678,33.632973965804965,40205100
2022-08-08,33.66151428222656,34.21334048126174,33.490256999565254,33.64248529199656,41534600
2022-08-09,32.84328842163086,33.58540095167881,32.72911810071788,33.50928861420651,48202300
2022-08-10,33.652000427246094,33.68054572937782,32.909887901184135,33.290460474728704,42243300
2022-08-11,33.8613166809082,34.52731688908878,33.76617534948633,33.90888734661914,35569700
2022-08-12,34.35606002807617,34.38460170198567,33.93742945388782,34.061116089844305,37675200
2022-08-15,34.57488250732422,34.660511144866916,33.97548204452533,34.34653826407415,25400600
2022-08-16,34.43217086791992,34.80323075962041,33.96597327713647,34.40362919525413,25000200
2022-08-17,34.04207992553711,34.327511122134965,33.556853424255934,34.070625222841954,29176100
2022-08-18,34.441688537597656,34.56537517304557,33.84228798209842,33.94694562521518,24598200
2022-08-19,33.66151428222656,34.279940132362384,33.48074068974586,34.061112188830435,31425500
2022-08-22,32.196311950683594,33.3570548497633,32.09165432805726,33.29996788394663,51006100
2022-08-23,32.30097198486328,32.71959887721433,32.2629140048108,32.32951365519827,30687100
2022-08-24,32.21534729003906,32.33903392565383,31.967974018809528,32.320004933297,25105700
2022-08-25,33.195316314697266,33.233374298848496,32.17728882981122,32.224859495295696,29799100
2022-08-26,31.7396297454834,33.3285123170716,31.730113435686913,33.252399985743594,44851500
2022-08-29,31.340030670166016,31.787202901069143,31.2163476683746,31.61594560537897,32976800
2022-08-30,30.693056106567383,31.46371385270319,30.588402107924534,31.435172183019567,40182500
2022-08-31,30.36957550048828,30.816745913958847,30.226861693185292,30.816745913958847,44074500
2022-09-01,30.217348098754883,30.28394775650257,29.617947549616545,30.036576302936464,36440700
2022-09-02,29.70357322692871,30.807231068816066,29.551344934538257,30.645486466608773,34893300
2022-09-06,28.885347366333008,29.865316797451694,28.85680388024729,29.865316797451694,46989600
2022-09-07,29.16126251220703,29.29446364188381,28.59040545350466,28.942434547694234,37329500
2022-09-08,29.256404876708984,29.351548019736743,28.45720537880301,28.894863110848906,37359500
2022-09-09,29.931915283203125,29.96997326316683,29.570373547069764,29.675031177265584,34069500
2022-09-12,30.02705955505371,30.312488971473055,29.589403657130262,30.19831684196443,38305500
2022-09-13,27.867319107055664,29.427660004910727,27.82926112676438,29.332516868886895,71417900
2022-09-14,27.76266098022461,28.32400347656698,27.600918196283516,28.114688218111237,40767200
2022-09-15,27.439176559448242,27.981490088656386,27.315489935243747,27.734118654951818,39919100
2022-09-16,27.819747924804688,27.895862074220805,27.039577439613396,27.30597786992203,72748000
2022-09-19,28.01003074645996,28.06711589779592,27.496258940323628,27.61043105769978,33151900
2022-09-20,27.5533447265625,27.753145482898656,27.31548780669354,27.658002352010215,31129000
2022-09-21,27.087148666381836,28.15274859509546,27.07763417066869,27.734119857239627,39977300
2022-09-22,26.70657730102539,27.11569153381817,26.678035629242753,27.020548393565633,36092700
2022-09-23,26.183292388916016,26.54483413922103,25.869321300725936,26.54483413922103,43491100
2022-09-26,25.660005569458008,26.354549200862078,25.555349751751304,26.221348082874012,44786400
2022-09-27,25.583892822265625,26.259407500241064,25.327008696837023,26.06912121539332,44121400
2022-09-28,25.812236785888672,25.954952415228984,25.307981186528885,25.555352645426254,40433400
2022-09-29,25.098665237426758,25.47923781937838,24.917895257174756,25.47923781937838,41831300
2022-09-30,24.518295288085938,25.279436816066962,24.489751800272444,25.022550869859163,43821000
2022-10-03,25.660005569458008,25.926405990729734,24.803720963897725,25.05109239478481,44096200
2022-10-04,26.354551315307617,26.44969264545526,25.774179764943327,26.097665368618056,42427500
2022-10-05,26.297462463378906,26.487748739507303,25.58389164995404,26.040578349721315,30120000
2022-10-06,25.859804153442383,26.411632125026106,25.688546883863943,26.10717556342188,33985100
2022-10-07,24.470722198486328,25.003523069498016,24.404122543285993,24.898865431494915,57215500
2022-10-10,23.97597885131836,24.727605793350477,23.871321223240034,24.680035134062692,43409300
2022-10-11,23.823753356933594,24.242380288916017,23.49075325876679,23.795209869192025,48134900
2022-10-12,24.099666595458984,24.2804383892821,23.462209883802835,23.833266152704105,39634100
2022-10-13,25.136722564697266,25.536322313541532,23.395609762169638,23.528809073549557,62447000
2022-10-14,24.651493072509766,25.33652040519587,24.50877927170488,25.174777613695817,48185400
2022-10-17,25.136722564697266,25.450693666310293,24.89886561454483,25.03206492592475,39416500
2022-10-18,24.613433837890625,25.65048829565184,24.299462789372924,25.44117486820811,51126900
2022-10-19,24.73712158203125,24.974978520320015,24.442179486670426,24.489750148446408,33882300
2022-10-20,24.813236236572266,25.64097919719597,24.68955142460546,24.879835890300885,33247700
2022-10-21,25.660005569458008,25.73611971629216,24.537322357330403,24.594407513779913,53058700
2022-10-24,25.859804153442383,26.145231726270282,25.231862041457607,25.450689968272613,43831600
2022-10-25,26.07863426208496,26.221348060438835,25.688549033055654,25.859806316962064,32205300
2022-10-26,25.888347625732422,26.449690130817128,25.679034178721185,25.869320450334584,37111100
2022-10-27,24.994007110595703,26.24989143429279,24.860805993288405,26.116692131689884,56305100
2022-10-28,27.658008575439453,27.80072239653253,26.50678169528998,26.811238330876463,91695700
2022-10-31,27.049091339111328,27.7626621546783,26.68754777632292,27.667519016328484,59507700
2022-11-01,26.925405502319336,27.4486918711954,26.535320256910445,27.40111939327695,44418700
2022-11-02,26.088150024414062,27.448692051860544,26.078635528767748,26.8968640073058,51956100
2022-11-03,26.059606552124023,26.525805950828502,25.850293091900937,26.116693526033995,39678200
2022-11-04,27.19263458251953,27.231204737967765,26.4308542408671,26.585138541087908,43051900
2022-11-07,27.395130157470703,27.452986306280927,26.893705296545274,27.346917006664487,34389800
2022-11-08,27.462629318237305,27.915841028586772,26.93227730224422,27.732627744845203,36258000
2022-11-09,26.536928176879883,27.289063759727078,26.536928176879883,27.21192160150649,30544800
2022-11-10,28.69690704345703,28.764406193994382,27.62655811575354,27.848341564437387,62943900
2022-11-11,29.342971801757812,29.535826245436116,27.83869904852623,27.89655519770834,49826500
2022-11-14,29.265830993652344,29.88296818436314,29.10190369746805,29.256187995145748,39395300
2022-11-15,29.61297035217285,30.220466396071025,29.092261296616932,29.98903994480018,40933200
2022-11-16,28.475122451782227,29.150115769275452,28.388337307656638,29.034403469917226,35582800
2022-11-17,28.822261810302734,28.88011980044275,27.96405518791181,28.03155433719462,31983300
2022-11-18,28.802976608276367,29.17904433447916,28.552264177736568,29.17904433447916,27122200
2022-11-21,27.906198501586914,28.65833396683814,27.87726950707193,28.600477817022007,36086800
2022-11-22,28.754762649536133,28.793334642947404,28.021911327646837,28.099053475255506,25584100
2022-11-23,28.610122680664062,29.00547643541131,28.436552380684496,28.667978834252597,23143900
2022-11-25,28.29191017150879,28.61976476337277,28.29191017150879,28.61976476337277,11314900
2022-11-28,27.703702926635742,28.147271705836037,27.52049145449227,28.06048654988846,28267900
2022-11-29,27.867626190185547,28.13762461826266,27.713341899631146,27.819413039092478,24361500
2022-11-30,28.995832443237305,29.005475441707357,27.21191818898294,27.74227206955256,72072500
2022-12-01,28.764404296875,29.3911844466584,28.465478718833158,29.15975801470209,38896300
2022-12-02,28.35940933227539,28.378695329266066,27.684414151313096,28.127982886029038,31546000
2022-12-05,28.12798309326172,28.687264135614384,27.85798465104481,28.36905253977949,34040400
2022-12-06,27.578344345092773,28.262980672894155,27.32763190641211,28.147268371480845,27701200
2022-12-07,27.317991256713867,27.530131720352628,27.144420950457597,27.26977810018225,28239900
2022-12-08,27.42405891418457,27.57834320248603,27.067275347978825,27.30834477835158,28486100
2022-12-09,27.231204986572266,27.751915883981724,27.18299183201833,27.37584628944802,25641300
2022-12-12,27.665128707885742,27.68441286476634,26.864778262105673,27.125131852525012,35117900
2022-12-13,27.703702926635742,29.015121426097725,27.356564142059522,28.725838799081856,58546800
2022-12-14,27.250490188598633,28.079769665058897,27.00942074443822,27.491559632759046,37141100
2022-12-15,26.18014144897461,26.999777932629357,26.151214292572266,26.94192178061076,45682700
2022-12-16,25.958358764648438,26.170499221106358,25.505148855264444,26.035500916016225,81104200
2022-12-19,25.8330020904541,26.00657054243023,25.553360657044916,25.939071393459425,37662500
2022-12-20,25.495506286621094,25.910146046924293,25.476220288650246,25.591934437261326,31863300
2022-12-21,25.871572494506836,26.00657079375305,25.630503052016383,25.64014605042167,28100900
2022-12-22,25.042293548583984,25.50514828566791,24.444442348638713,25.50514828566791,47478300
2022-12-23,25.158010482788086,25.254438640342105,24.762656692109314,24.99408316671049,23600900
2022-12-27,25.013364791870117,25.16764908129055,24.733723367786958,24.9265796491694,29548100
2022-12-28,24.627655029296875,25.186936060072682,24.589083035829773,24.916937623444614,26176900
2022-12-29,25.27372169494629,25.35086568898634,24.83015476450029,24.849440763010303,30944800
2022-12-30,25.48586082458496,25.514787979531604,24.878364821712026,24.974792963033074,31030100
2023-01-03,25.775142669677734,26.102997237232728,25.428003945782972,26.083711241679193,31308000
2023-01-04,26.691207885742188,26.922634320453884,26.189783024259942,26.43085245698635,37665200
2023-01-05,26.57549476623535,26.7876370522534,26.401924473752903,26.459782464056307,33552600
2023-01-06,27.703702926635742,27.800131082045727,26.401927426636167,26.932281361784042,31788600
2023-01-09,28.262983322143555,28.802980243402203,27.80977339390073,27.80977339390073,37493200
2023-01-10,28.388338088989258,28.455837238674977,27.88691320673265,28.195481799132445,23008100
2023-01-11,28.78369140625,28.812618561855047,27.964054945186252,28.61976411403725,30375400
2023-01-12,29.207977294921875,29.2947606103421,28.417267903896846,28.909049833753098,28963900
2023-01-13,29.034404754638672,29.09226090687782,28.745120315015104,28.89940461379544,31361900
2023-01-17,28.54262351989746,29.179046726826428,28.465481368730735,29.101904575659702,34759100
2023-01-18,27.78084373474121,28.754764562604766,27.607273431270517,28.73547856461602,44199600
2023-01-19,27.40477180480957,27.732626363931956,27.231201527719634,27.58798507942825,36886600
2023-01-20,28.176197052001953,28.18584005084388,27.24084823490285,27.40477553678764,35158500
2023-01-23,29.188688278198242,29.4008287235835,28.13762537116362,28.282266667526926,38795800
2023-01-24,28.851192474365234,29.111547927414794,28.66797917341769,28.870478472194236,24855100
2023-01-25,28.639047622680664,28.82225905630973,28.127979793893445,28.46547734727317,28268000
2023-01-26,29.015119552612305,29.034405550291837,28.28226819371583,28.986190556093007,56088100
2023-01-27,27.15406036376953,27.231202507561513,25.82335792355445,26.102997505095207,148548200
2023-01-30,26.951566696166992,27.49156177824858,26.681568235519176,26.729781392428336,55145800
2023-01-31,27.250490188598633,27.279419184014884,26.546567853061564,26.787637297221977,52621600
2023-02-01,28.03155517578125,28.378695770150827,26.691209630742602,26.893707084648902,63330600
2023-02-02,29.111547470092773,29.217616778058037,27.771200069456867,28.2051258177228,62230700
2023-02-03,29.236902236938477,30.056538724554706,28.4751237408344,28.5619088888887,57603100
2023-02-06,28.002225875854492,28.939211261132034,27.924143760414697,28.84160815142617,48726400
2023-02-07,28.353593826293945,28.56832103513832,27.748457910663006,27.96318325788295,50780800
2023-02-08,27.563013076782227,28.421918216464604,27.53373158510289,28.255993486863996,36479100
2023-02-09,27.06524085998535,28.129110934064443,26.909076616232884,27.99246768618719,43906400
2023-02-10,27.133562088012695,27.319007822872113,26.68459035918154,26.967637348743658,31232500
2023-02-13,27.865583419799805,27.865583419799805,27.055480697189722,27.20188630644277,32347500
2023-02-14,27.95342445373535,28.031506572145943,27.31900700894623,27.699657103494793,27928900
2023-02-15,28.158390045166016,28.187669674876624,27.484930637454998,27.68013685643991,23359400
2023-02-16,27.523975372314453,28.13887185871126,27.45565188571511,27.816782868384426,28972500
2023-02-17,26.948118209838867,27.397089938587733,26.72363048383983,27.32876831565852,32086200
2023-02-21,25.43527603149414,26.616270270023502,25.415756896403558,26.46010601955057,63668400
2023-02-22,24.859416961669922,26.255136427710145,24.693492230847845,25.28886953467257,89195300
2023-02-23,24.996063232421875,25.45479545717064,24.713014382393666,25.161987971011783,56473200
2023-02-24,24.537330627441406,24.742297369426744,24.322605248736267,24.615412752572794,44089900
2023-02-27,24.303081512451172,24.966780432064013,24.283560517962677,24.93749894033127,37657000
2023-02-28,24.33236312866211,24.517808854002507,24.13715690602753,24.34212362595629,50255300
2023-03-01,24.722774505615234,25.298630833078455,24.371404038247963,24.42996702389222,47823400
2023-03-02,25.571918487548828,25.669519737725928,24.5178089756653,24.605649728499785,48309300
2023-03-03,25.76712417602539,25.845206297161468,25.38647406819009,25.571919803997503,36744900
2023-03-06,25.36695098876953,25.903767156405635,25.308389868134043,25.83544367710236,37879800
2023-03-07,24.917980194091797,25.366951904546383,24.888698701904726,25.220548166860084,43164600
2023-03-08,25.35719108581543,25.386472577631434,24.839897761770864,24.947259508513874,36071900
2023-03-09,25.80616569519043,26.33321953780848,25.347431612988608,25.35719211065509,54886100
2023-03-10,26.567466735839844,26.860276090206522,25.689042395989084,25.913528264532957,65187000
2023-03-13,26.303937911987305,26.655306493215953,25.972088462987042,26.098971199781527,50977000
2023-03-14,27.33852767944336,27.42637029431564,26.5967466325355,26.694349744796313,47689800
2023-03-15,27.72893714904785,27.816779760379003,26.996916629037877,27.065238246378897,49322800
2023-03-16,29.456510543823242,29.544353168635816,27.70942040768955,27.70942040768955,75779500
2023-03-17,29.095378875732422,30.256852106897263,28.734249747934122,29.202742495057443,80628500
2023-03-20,28.46095848083496,29.183218524450513,27.94366329508857,29.085615413340413,38780100
2023-03-21,27.77773666381836,28.470717029816395,27.309243996498896,28.304792310771038,55650800
2023-03-22,27.455650329589844,28.421919107429034,27.426370698617145,27.797260296726222,37415500
2023-03-23,28.334075927734375,28.46095866988316,27.543492397953248,27.69965663211691,43785500
2023-03-24,28.656166076660156,29.09537730527202,28.236473981906343,28.343837595436273,55912100
2023-03-27,28.48048210144043,29.017296469606507,28.38287898133078,28.665927843486305,34758200
2023-03-28,28.58784294128418,28.626883068558943,27.943663155817884,28.38287622281206,37407900
2023-03-29,30.76438331604004,31.125512402388914,29.046574912128595,29.056335409276464,85556200
2023-03-30,31.320720672607422,31.798975756041244,31.047432319448752,31.086474310596248,70077600
2023-03-31,31.886812210083008,32.11130178037021,30.9693478278506,31.037669445503603,59765000
2023-04-03,32.10154342651367,32.755483778380075,31.759935295631553,32.15034405617549,57038300
2023-04-04,32.30650329589844,33.02876516195409,32.05273782705385,32.06249646217338,55714100
2023-04-05,32.0429801940918,32.19914442362998,31.56472514680358,32.01369684131975,39615700
2023-04-06,32.02345657348633,32.208900417337865,31.681844789656303,31.818488013888867,28551900
2023-04-10,31.740413665771484,31.974658172773875,31.428085174268755,31.81849392702251,30534400
2023-04-11,31.57448387145996,32.31626675629937,31.545204241854094,31.877053695966687,27059100
2023-04-12,31.252397537231445,32.101540325723725,31.19383455334442,31.98441808119869,37070800
2023-04-13,31.359764099121094,31.65257159963099,30.891269492030702,31.057194238752892,29722300
2023-04-14,31.125516891479492,31.467128756050695,30.93031250524205,31.23288051396617,24623600
2023-04-17,31.369518280029297,31.857531952645182,31.008389204803215,31.184074424804844,29601100
2023-04-18,31.06695556640625,31.681852078543297,31.018154935559963,31.652572444685415,26041400
2023-04-19,30.403255462646484,30.764386447377372,30.334933837281774,30.354454833564454,25746600
2023-04-20,30.120206832885742,30.500856931673162,29.973801230314056,30.022603718379475,30255100
2023-04-21,29.573627471923828,30.100683125798913,29.50530585641211,30.100683125798913,28655800
2023-04-24,28.948972702026367,29.64195312806772,28.900172076394732,29.407704912487166,38732500
2023-04-25,28.187673568725586,28.861133069468387,28.177914931890307,28.734250312737725,38289900
2023-04-26,28.353593826293945,29.095374837087064,28.148628975987336,28.499999418369452,41218800
2023-04-27,29.144180297851562,29.23202291741756,27.826542865986188,28.06078923095398,60186200
2023-04-28,30.315412521362305,31.789214215921206,30.071405655275562,31.213357863026513,80252400
2023-05-01,29.573627471923828,30.491093687026158,29.554108340080766,30.364210952736453,36918500
2023-05-02,29.056337356567383,29.846919062283263,29.036816360963385,29.573630708701103,33463400
2023-05-03,29.915239334106445,30.364212904596823,29.52482874778298,29.905478836745296,45554500
2023-05-04,30.615955352783203,31.08636651354288,29.773133954486266,29.83193675151707,46104000
2023-05-05,30.370952606201172,30.78256288390154,30.11614606579161,30.753161482191516,35024600
2023-05-08,30.15534782409668,30.22394922525371,29.78293754746141,30.086746422939655,30882800
2023-05-09,29.49873161315918,29.96914282549875,29.31252647397343,29.773137219066594,30706500
2023-05-10,29.371326446533203,29.792737178090977,28.90091524959575,29.684935780406107,40526500
2023-05-11,28.283498764038086,29.08711830196539,28.244296899140267,29.00871644141755,47144400
2023-05-12,28.371702194213867,28.51870545480219,28.146295200780703,28.45010405781083,24153800
2023-05-15,29.204723358154297,29.234124760049205,28.303100928438564,28.32270186303517,28717500
2023-05-16,28.636308670043945,29.30272547676297,28.626508202974787,29.028319875818404,22812000
2023-05-17,28.293302536010742,28.969517961275955,28.107097394485763,28.930317961045866,41667300
2023-05-18,29.087120056152344,29.165521921428446,28.29330093657583,28.420703266681524,36529200
2023-05-19,29.33212661743164,29.63593361688515,28.910715883440798,29.008718684013914,40683000
2023-05-22,29.67513656616211,29.841740772433006,29.224324414797557,29.25372581681525,28693400
2023-05-23,28.920516967773438,29.59673424999005,28.900916033390814,29.44972911136836,29400900
2023-05-24,28.420703887939453,28.900915556908675,28.244299219900157,28.72451088886938,28045800
2023-05-25,26.852663040161133,27.724885860098915,26.323450937587317,27.724885860098915,78009400
2023-05-26,28.420703887939453,28.5089062219591,26.55865814499301,26.89186654701214,71910600
2023-05-30,29.390928268432617,29.439930604540834,28.420704444465784,29.106722195996916,54874800
2023-05-31,30.811962127685547,31.64498309198206,29.07731880248832,29.106720202139208,136243800
2023-06-01,30.508153915405273,31.301974899480218,30.400352519575563,31.16477023413201,52667400
2023-06-02,30.684560775756836,30.958968256854796,30.21414955323008,30.772763113636607,36521000
2023-06-05,29.263526916503906,30.772763403645975,29.234125513850884,30.684561064934964,48244100
2023-06-06,30.341550827026367,30.82176436940935,29.106721878535176,29.175323279090467,42295300
2023-06-07,30.655160903930664,30.74336324083592,30.312152023660012,30.41015482791563,39098000
2023-06-08,31.184371948242188,31.213773349248747,30.439553279307525,30.802163081396642,35199000
2023-06-09,30.713958740234375,31.350974099759135,30.067142914347958,31.292173170837053,40218000
2023-06-12,32.40940856933594,32.63481374635092,30.73356764120498,30.77276764756709,59881600
2023-06-13,33.23262405395508,33.27182592341884,32.4094034876964,33.09542124932797,51990000
2023-06-14,34.8692626953125,34.888859889360376,33.12481708389755,33.193418478551976,74404300
2023-06-15,35.10447311401367,35.692486248650205,34.516459979377146,34.575259049742996,67676300
2023-06-16,35.64348220825195,36.064892949994906,34.8888630599796,35.63368361033754,110240300
2023-06-20,34.300846099853516,36.368697705746825,34.02644052737326,36.03548933695129,65970200
2023-06-21,32.2427978515625,34.349847649977356,32.17419645626733,34.22244345650248,70973500
2023-06-22,32.05659484863281,32.57601028427737,31.488182682818767,32.03699391346735,45740300
2023-06-23,32.340797424316406,32.78180904598346,31.39017278855582,31.56657743722264,46327100
2023-06-26,32.67401123046875,33.31102853878273,32.43880374691549,32.527006085935945,38952400
2023-06-27,33.41883087158203,33.546235091607585,32.3506041155903,32.55641208286126,33038900
2023-06-28,32.8994140625,33.13462152950488,32.370200065610916,32.93861593008346,33906900
2023-06-29,32.252601623535156,32.67401239853167,31.84099318572252,32.67401239853167,38313000
2023-06-30,32.772010803222656,32.88961640935033,32.49760519925002,32.69361080430017,33811300
2023-07-03,32.94841766357422,33.21302468720255,32.47800642328926,32.8700176594415,15753000
2023-07-05,31.860586166381836,32.6642094767694,31.850787568991052,32.64460854349207,37664700
2023-07-06,31.331375122070312,31.399978390882627,30.753160655387852,31.262773722505944,41693600
2023-07-07,31.213775634765625,31.76258874233732,31.184374231606252,31.36077891206632,28356300
2023-07-10,32.08599853515625,32.1742008752923,31.135373729078424,31.23337653692382,36305700
2023-07-11,32.63480758666992,32.69361038898678,31.850788914924802,32.16439638362285,28148800
2023-07-12,33.30122375488281,33.399228423535064,32.399603234257164,33.01701582353505,37762200
2023-07-13,33.19342041015625,33.61483113812526,32.948414346848494,33.46782974323811,32745800
2023-07-14,32.4878044128418,33.19341930959561,32.34079928433291,33.10521698018942,30438700
2023-07-17,33.683433532714844,33.9088386690032,32.40940271354346,32.49760504848202,34111200
2023-07-18,33.81084060668945,34.006846227470966,33.1542260763421,33.595234049980164,29662200
2023-07-19,33.77163314819336,34.14404339222299,33.64423269348231,33.71283408863307,26486700
2023-07-20,32.70341491699219,33.52663560622542,32.56621209186941,33.026824780635806,37878000
2023-07-21,33.34042739868164,33.56583254084737,32.752410570926834,33.05621945219162,79737000
2023-07-24,32.95821762084961,33.77163583016144,32.88961622025087,33.164021822645815,25225800
2023-07-25,33.41883087158203,33.654038374821795,32.73281677566697,33.026823350844346,31771100
2023-07-26,33.67363357543945,33.840235902211106,33.02681772483363,33.04641865830602,32643200
2023-07-27,33.85983657836914,34.330247762644376,33.42862726074078,34.12444357049192,58890800
2023-07-28,36.094295501708984,36.251099234687665,34.80066003151501,36.0158917659717,90863000
2023-07-31,35.05546951293945,36.447102218638456,34.957464840251916,36.13349474303034,55630700
2023-08-01,35.08486557006836,35.300472090127435,34.575252538062315,35.104466502664245,24702200
2023-08-02,33.70303726196289,34.47725740635223,33.59523398382054,34.447857871766594,39052000
2023-08-03,34.17344665527344,34.33025039539027,33.44823075916909,33.60503449928593,24817900
2023-08-04,34.56195068359375,34.975043685807705,33.91280775321122,33.91280775321122,26674900
2023-08-07,34.65046691894531,34.965202626684565,34.17836335733644,34.82750622354184,22486900
2023-08-08,34.44392395019531,34.52260600489445,33.30300601746458,34.09967917404251,34753600
2023-08-09,33.716094970703125,34.52260572248699,33.66691821792523,34.4242522169312,28720200
2023-08-10,34.10951614379883,34.512771515517244,33.91280538277738,34.129187595095544,30957300
2023-08-11,34.31605911254883,34.375073463615266,33.794778809937924,33.893132309769804,28783700
2023-08-14,35.09306716918945,35.1225724709791,33.902972472360176,34.09967948688556,36896100
2023-08-15,34.198036193847656,35.04388984965245,34.17836474232362,34.82750763483381,27420300
2023-08-16,32.978431701660156,34.06033899883146,32.90958349888829,33.952147893919765,35757300
2023-08-17,32.044063568115234,33.037447503043396,31.817843746867872,33.007942201118006,39906700
2023-08-18,32.21126174926758,32.368629595522066,31.650638562489394,31.699815310954158,23701100
2023-08-21,32.594852447509766,32.62435775236178,31.493277293662434,32.06373444849641,43718200
2023-08-22,32.34896469116211,33.24399520132266,32.28995408184249,32.6735380502047,23425300
2023-08-23,33.4210319519043,33.58823741993685,32.26044253360494,32.3391283425487,32324300
2023-08-24,32.05389404296875,33.52921901502571,31.955540545609786,33.165306572463045,37931000
2023-08-25,32.703041076660156,32.85057509357383,31.81784447906994,31.994883798587985,27324800
2023-08-28,33.06695556640625,33.22432344305988,32.66370014798469,32.948930596902564,22341800
2023-08-29,33.74560546875,33.912807185742764,32.9194232300927,32.93909468243524,29943600
2023-08-30,33.96198272705078,34.089845286735404,33.22432017432113,33.499716745329984,26279200
2023-08-31,34.56195068359375,34.975043685807705,33.73576843111181,33.75543988378352,48157600
2023-09-01,36.00777053833008,36.14546695499011,35.14224538110789,35.20125973908189,43808500
2023-09-05,36.10612106323242,36.794606841531916,35.860233553264436,35.978262259449934,43379400
2023-09-06,36.37167739868164,36.43069174751434,35.43730417786343,35.95858821268886,39643400
2023-09-07,37.55194091796875,37.70930877467065,36.145464057219264,36.22414986154304,67659700
2023-09-08,37.384735107421875,38.19124958635702,37.08967084787984,37.492926211374595,44255200
2023-09-11,37.95519256591797,38.10272655859492,37.217530106423794,37.610951585598805,36349300
2023-09-12,38.22075271606445,39.410847288064396,38.014208121309835,38.014208121309835,55326600
2023-09-13,38.07322311401367,38.50598755520661,37.62079097271727,38.161742772262606,35407800
2023-09-14,38.033878326416016,38.26009813780729,37.66996586139009,38.17157848394199,30616500
2023-09-15,37.256874084472656,37.88634546783916,37.00114899001414,37.78798821922227,68881200
2023-09-18,37.36506652832031,37.758484281127345,36.892959221839014,37.00115032324325,29322200
2023-09-19,35.742210388183594,37.473256894153685,35.42747465982539,37.41424629005267,53288100
2023-09-20,34.11935043334961,35.653689886763196,34.06033983064438,35.62418458541059,57660800
2023-09-21,34.080013275146484,34.67014184838313,33.893136350462974,34.00132746434375,45240600
2023-09-22,33.617740631103516,34.316060258283514,33.578397729078986,34.237378206180104,29232700
2023-09-25,33.72593307495117,33.804615130179045,33.21448658415974,33.44070265186533,21729400
2023-09-26,33.27349853515625,34.20786804017717,33.08662163259565,33.578396636057406,34198300
2023-09-27,34.04066848754883,34.25705070334605,33.322677387430296,33.362016538710535,44369100
2023-09-28,34.601287841796875,35.073391371665416,33.8144486253493,34.08000756439011,32265300
2023-09-29,34.965206146240234,35.319284791074416,34.58162219831852,35.06356340977526,28763700
2023-10-02,34.876686096191406,35.38813260503356,34.404582492324636,35.02422011387612,26086200
2023-10-03,35.10289764404297,35.93891738317694,34.68980845092264,34.68980845092264,45292600
2023-10-04,35.338951110839844,35.91924574959853,34.748822623128994,35.91924574959853,39842200
2023-10-05,35.29960632324219,35.5061509077,35.014375943593656,35.37829211843291,25771200
2023-10-06,35.59467697143555,35.860235950184574,34.601293015622566,35.27994123779504,33262200
2023-10-09,35.46681594848633,35.57500330172597,34.9160265729728,35.11273733222375,19376100
2023-10-10,35.83073043823242,36.135632319891045,35.22093042686105,35.5455000088046,24044100
2023-10-11,36.27332305908203,36.42085329981509,35.78154808608126,36.01759797203227,19262600
2023-10-12,36.233985900878906,36.6077359901128,35.79138760467375,36.19464299633936,23639200
2023-10-13,35.3782958984375,36.184806625588166,35.27010479446316,36.13562987431227,28390100
2023-10-16,35.95859146118164,36.3323377817168,35.4864878837064,35.54549848592473,29555800
2023-10-17,35.46681594848633,35.75204260985726,34.493099753764234,35.3291157906487,24993600
2023-10-18,35.05371856689453,35.42746858723543,34.86684543269668,34.93569362697721,22086000
2023-10-19,35.083229064941406,35.76188101195215,34.93569880615984,35.36845948464315,29201800
2023-10-20,34.3455696105957,35.683198421665395,34.296392853236455,35.063564525435886,32303300
2023-10-23,33.29317092895508,34.61112827418337,32.840738762430185,34.03083353818108,53924700
2023-10-24,34.02099609375,34.13902104821362,33.08662280371101,33.08662280371101,52673900
2023-10-25,32.289947509765625,33.88329742018063,32.01455096519045,33.617738476453894,44658500
2023-10-26,31.985048294067383,32.673534084145444,31.62113582363375,32.348960764501015,59142500
2023-10-27,34.95536804199219,35.781550195415,34.03082863700385,34.08984298794316,84128200
2023-10-30,35.10289764404297,35.36845659045408,34.34556370471026,34.886519198480364,36656300
2023-10-31,35.899574279785156,35.968422478248286,35.034049246604525,35.073392146282146,41185200
2023-11-01,36.67658233642578,36.706087637360646,35.68319468290073,35.899576894944936,41710700
2023-11-02,37.079837799072266,37.197862755048476,36.302832355675335,36.961812843096055,35440000
2023-11-03,37.51259994506836,37.68963926195629,37.0503302007559,37.37490353236572,30502700
2023-11-06,37.448463439941406,37.69515950507372,37.34978275531855,37.5175380370358,23877200
2023-11-07,38.25762176513672,38.385904758025376,37.47806138691897,37.73462737269627,32052000
2023-11-08,37.418853759765625,38.37603560514898,37.251102258437705,38.336563335089636,33483400
2023-11-09,37.30044174194336,38.010927565462474,37.270839420724386,37.54713779018939,48955800
2023-11-10,38.346431732177734,38.47471472253525,37.73462662816008,37.73462662816008,38862500
2023-11-13,37.72475814819336,38.060264914615274,37.63594742283806,37.84317119390614,24558300
2023-11-14,38.88916778564453,38.96811233380719,37.56687671818588,38.28722878089558,45457400
2023-11-15,40.073307037353516,40.300266952053384,39.05692051407083,39.066786699804304,47392100
2023-11-16,42.7770881652832,42.82643038048199,40.28052565895118,40.45814709367577,86405700
2023-11-17,43.23101806640625,43.23101806640625,41.99753779046285,42.34291076201377,49735000
2023-11-20,44.14872741699219,44.33621506262218,43.20141171013172,43.20141171013172,44564900
2023-11-21,43.063262939453125,44.06978329979618,42.72775615267211,43.911897974504114,37252100
2023-11-22,43.09286117553711,44.04017680174799,42.96458194884538,43.44810406483085,31481200
2023-11-24,43.3790283203125,43.41850058791116,43.0336553895308,43.10272997568714,13037100
2023-11-27,43.4974479675293,43.96123396715262,43.07313047380296,43.07313047380296,33339900
2023-11-28,43.64546203613281,43.79348116276332,43.082995377789274,43.11259769740228,24548900
2023-11-29,44.34607696533203,44.740792118757376,44.010570214205295,44.010570214205295,38982000
2023-11-30,44.1092529296875,44.49409815176386,43.82308461840098,44.05991447429258,46263000
2023-12-01,43.16194152832031,43.77374666363665,42.29357039916354,43.77374666363665,43928400
2023-12-04,41.790306091308594,42.73762170997078,41.13902872088735,42.72775176074531,50417600
2023-12-05,41.365989685058594,41.731102530170645,41.06008900826224,41.35612349986118,31859300
2023-12-06,40.72458267211914,42.027137460168056,40.6259019977016,41.91859060045017,31992300
2023-12-07,41.59295654296875,41.87912110704372,40.63577464121815,41.19824134769675,29118700
2023-12-08,42.135684967041016,42.39224719590146,41.257447654791754,41.28704997543026,42815000
2023-12-11,43.95136642456055,44.138854055701096,42.51066248602941,42.58960325966863,48288200
2023-12-12,43.457977294921875,43.85268871838199,43.05339592141253,43.77374793940317,31452200
2023-12-13,43.9809684753418,44.128987600899464,42.75735825929165,43.497446358514516,35216100
2023-12-14,44.582908630371094,46.44793008966711,44.05991423037119,44.41515336581766,70620800
2023-12-15,45.54995346069336,46.645284403284116,45.066427600130005,45.33285975624256,84583400
2023-12-18,45.0861701965332,45.61903458514181,44.800005630161714,45.54009380402375,27895700
2023-12-19,46.0433464050293,46.06308253893593,44.908543173235216,44.99735389367373,35358800
2023-12-20,45.155242919921875,46.32951851625015,45.096038277608145,46.023614061925066,38159100
2023-12-21,46.457801818847656,46.497270325887236,45.411809214497815,45.865729041858266,28320500
2023-12-22,47.365638732910156,47.52352404478188,46.57621217355154,46.625550627708435,30095700
2023-12-26,49.83259963989258,49.852335774632216,48.06625510566455,48.27347887400653,60287400
2023-12-27,50.08916091918945,50.60228911990351,49.52669426469732,49.96088169222299,52148000
2023-12-28,49.72405242919922,50.19770836675126,49.497092527723204,50.13850372723399,27705200
2023-12-29,49.58590316772461,49.9016737922272,49.11224723097072,49.63524162200012,29288700
2024-01-02,47.16828155517578,48.727402316983216,46.82290860884264,48.54978086907395,45905700
2024-01-03,46.42819595336914,47.178154054921954,46.181499902857844,46.4775344106148,35858400
2024-01-04,46.250572204589844,46.536740512433994,44.64211674522337,45.11577268702602,47797800
2024-01-05,46.27030563354492,47.197885092412385,46.023609609681465,46.40845480462325,34344000
2024-01-08,47.809696197509766,48.11559689647681,46.349256004061985,46.44793292031915,42135100
2024-01-09,47.41497802734375,47.91824005579795,47.16828198790462,47.37550575760561,30097000
2024-01-10,46.84264373779297,47.6616726062049,46.31964559049682,47.60246796769483,31480200
2024-01-11,47.010398864746094,47.2077564583543,46.11242538989763,46.81304127113789,31707900
2024-01-12,46.49726486206055,47.039995353979776,45.994006636825546,46.97092076942365,27587900
2024-01-16,46.43806076049805,46.59594606476858,45.767047276277616,46.35911622622149,43720700
2024-01-17,45.45127868652344,45.80651781369869,45.04669734109243,45.80651781369869,33488000
2024-01-18,46.122291564941406,46.94132042959796,45.55982115169575,46.408456099754304,46681300
2024-01-19,47.5136604309082,48.11559562704901,45.826256598878,46.37885710247488,55979800
2024-01-22,47.582733154296875,48.520175090034456,47.01039653759373,48.2044044616061,45639500
2024-01-23,48.24387741088867,48.29321586647265,46.6946265669979,47.48405314919019,37224100
2024-01-24,48.44123077392578,49.11224425135441,47.63206812719406,48.520171543120746,49375800
2024-01-25,48.89515686035156,49.63524501796823,48.32282397588851,49.33921050777817,84845100
2024-01-26,43.07312774658203,44.80986611742092,42.77708950325992,43.5961221183612,127665300
2024-01-29,43.260616302490234,43.40863542733626,42.24422985568122,43.1323333119092,51790900
2024-01-30,42.3527717590332,43.2408789546181,42.323169440607906,43.09285983392641,47958800
2024-01-31,42.51066589355469,43.21128178449899,41.80018005243761,42.00740383466907,51584200
2024-02-01,42.786964416503906,42.99418819944557,41.92846319840053,42.57974063356224,38819900
2024-02-02,42.03700256347656,42.56986689876739,41.05021843039699,42.43171772242148,53683500
2024-02-05,42.20475769042969,42.57973671381655,41.869250935669385,42.05673856522146,28890300
2024-02-06,42.29877853393555,42.3383627277486,41.70497032294128,42.259190564805955,34068200
2024-02-07,42.33836364746094,42.65505985674417,42.11073848299591,42.44722867727391,34269200
2024-02-08,42.061256408691406,42.52640562884181,41.89301319520865,42.278986473496566,33206500
2024-02-09,42.86289596557617,43.07072715064209,41.96229038830714,42.11073961678992,51193000
2024-02-12,43.57545852661133,44.57503398469183,42.87278906222066,42.94206612066388,51107300
2024-02-13,42.71444320678711,43.17959243106469,42.318571044595544,42.55609509697383,36622200
2024-02-14,43.73380661010742,43.83277653306883,42.94206610299881,43.36762733344154,36186200
2024-02-15,43.595252990722656,44.802659637413264,43.56556390115373,44.29792246284209,44024500
2024-02-16,43.060829162597656,43.76350244978494,42.67485587510025,43.57546147103312,29975300
2024-02-20,44.060401916503906,44.703689430093235,42.97175541030291,43.80308389081493,61514100
2024-02-21,43.021240234375,44.22864304125819,42.63526698932861,44.02081187474342,57485200
2024-02-22,42.53630065917969,44.218751667634606,42.090945425277404,44.218751667634606,62809300
2024-02-23,42.54619598388672,43.060824460813436,42.21960091454698,42.68475009500671,33810700
2024-02-26,42.54619598388672,43.22907143525656,42.3779490094436,43.05092935658332,27035400
2024-02-27,42.28887939453125,42.82330564855216,42.07114934097092,42.803511664108804,25126400
2024-02-28,41.556522369384766,42.01177270231313,41.477346428710284,42.00187382207049,26928500
2024-02-29,42.60557556152344,42.704545483662436,41.922700087688604,41.93259519224425,48875100
2024-03-01,43.36762619018555,43.81298139348012,42.68475072867816,42.96185895503192,41426100
2024-03-04,45.1391487121582,46.12882527668589,43.397315844412255,43.81298196467845,59990800
2024-03-05,42.71444320678711,44.40678933828843,42.24929398250953,44.09999199914086,56655100
2024-03-06,44.05050277709961,45.04017935400904,43.11031304928887,43.476492325656736,52652000
2024-03-07,45.67357635498047,45.94078571326764,44.71358885003174,45.07976813297767,50378200
2024-03-08,43.54576873779297,46.14861915352694,43.54576873779297,45.960578190502105,54916600
2024-03-11,44.39689254760742,44.46616960706335,43.20927988143693,43.4171110598047,35051000
2024-03-12,44.77296829223633,44.802657380309554,44.00101802448503,44.59482621316421,31795800
2024-03-13,42.78371810913086,44.51565212448583,42.75402901982607,44.0505029236892,53195900
2024-03-14,42.30867385864258,42.90247829740919,42.07114981794601,42.783718164719176,38100000
2024-03-15,42.199806213378906,42.70454335281141,41.912799116471504,42.011769033672145,66952900
2024-03-18,42.26908493041992,42.93217018813967,42.16021990487515,42.64516307994282,27668300
2024-03-19,41.61589813232422,41.853422165234505,41.01219483335548,41.81383419719672,34673000
2024-03-20,41.76435470581055,42.565990363070036,40.982509258950394,42.54620015267069,74865000
2024-03-21,41.98208236694336,43.149901135053874,41.88311621045273,42.54620153995399,50807600
2024-03-22,42.13053512573242,42.35816030455685,41.65549078184012,41.81383889647089,28503100
2024-03-25,41.39817428588867,41.78414755859529,40.15117964680319,40.46787585904025,47276500
2024-03-26,41.556522369384766,41.83363061111218,41.22992727707748,41.51693439904752,39109700
2024-03-27,43.318145751953125,43.37752770777571,42.061256001916675,42.100843972465064,51017800
2024-03-28,43.714012145996094,44.139573371770645,43.25876183131705,43.30824490459669,54204200
2024-04-01,44.060401916503906,44.94121347108948,43.72391172736055,43.832776755512306,31712600
2024-04-02,43.48638916015625,43.62494705770123,43.05093280810779,43.476494055132804,32748400
2024-04-03,39.913658142089844,41.22003092103447,39.804793114625035,40.97261177691137,83718000
2024-04-04,39.31985092163086,40.3590105980652,39.29016183168939,40.170973402908174,57307200
2024-04-05,38.31037902832031,39.052636454070694,38.11244295972358,38.943771427576664,67263000
2024-04-08,37.58791732788086,38.4588338048539,37.518640266960844,38.24110374178147,56967800
2024-04-09,37.93430709838867,38.18172625626916,36.94463046686671,37.657195074347136,78671700
2024-04-10,36.81596755981445,37.82543807040204,36.63782548292745,37.62750200993688,51108400
2024-04-11,37.24153137207031,37.28111556667766,36.697209999223986,37.04359529776712,41909100
2024-04-12,35.321556091308594,36.32113156006494,35.23248504731364,36.311232680000735,80254800
2024-04-15,35.935157775878906,36.32113103584749,35.519491651462836,35.66794464775069,50751600
2024-04-16,35.88566970825195,36.13308884345184,35.390831437852185,35.895568587837126,30607500
2024-04-17,35.31166076660156,35.757015983802184,35.00485966690412,35.727323119111105,41173300
2024-04-18,34.67826843261719,35.29186685801872,34.41105530172058,35.054342816560656,42334400
2024-04-19,33.84694290161133,34.767342507621755,33.82714891515427,34.767342507621755,59070300
2024-04-22,34.054771423339844,34.213119527250065,33.72818011072603,34.06466652813322,39909900
2024-04-23,33.92611312866211,34.242809343199326,33.82714697736298,33.98549508463159,46834000
2024-04-24,34.14384078979492,34.816821142169815,33.9854926936665,34.50012494991297,53261100
2024-04-25,34.74754333496094,34.93558051526241,34.14384005173473,34.203222002242924,66549400
2024-04-26,31.55088996887207,31.907176045518334,30.323691180607266,31.45192381651619,119742500
2024-04-29,31.036256790161133,31.58057813019865,30.749249688486604,31.53109505843458,58533300
2024-04-30,30.155445098876953,30.858116461249818,30.105962024307132,30.719562342327688,72346400
2024-05-01,30.05647850036621,30.719561883042896,29.710091320581384,29.858542429729663,60654800
2024-05-02,30.195032119750977,30.353380218588107,29.87833592207671,30.274206169169542,50899400
2024-05-03,30.58100700378418,30.739355111056643,30.383072813522766,30.66018105742041,36794800
2024-05-06,30.774776458740234,31.003328068462462,30.536289553022886,30.923832433223346,36185600
2024-05-07,30.486604690551758,31.251751344198457,30.417046248461222,30.894020047360957,44683400
2024-05-08,29.81089210510254,29.959946186562956,29.5425936212785,29.81089210510254,63734600
2024-05-09,29.90032386779785,30.198432020098114,29.622088202412307,29.741332600527656,45003400
2024-05-10,29.66183853149414,30.267992059188092,29.65190133984991,30.138812358464122,42931300
2024-05-13,30.317676544189453,30.933767233590086,29.810891166912885,29.84070274039695,51459100
2024-05-14,30.854272842407227,30.913895991776922,30.417047785649103,30.42698497721072,47759900
2024-05-15,31.072887420654297,31.202067120946793,30.615786083174033,31.182192737724716,36992900
2024-05-16,31.828094482421875,32.056644199568396,31.32131098625367,31.430616301444132,47752800
2024-05-17,31.629356384277344,31.907592059017553,31.390869475353796,31.8579079970722,41449800
2024-05-20,31.897653579711914,32.21563613099912,31.55979854046339,31.649231369928607,31989000
2024-05-21,31.5399227142334,32.036772797045785,31.420680210618762,31.77840961678809,42975400
2024-05-22,31.221940994262695,31.867843275827525,30.90395844920465,31.708852003298507,36706400
2024-05-23,29.8903865814209,31.37099393773446,29.68171125454082,31.25175143532453,62014500
2024-05-24,30.526351928710938,30.82446197812326,29.94007091639133,30.099064079939822,42434500
2024-05-28,30.86421012878418,31.172257382164105,30.466731941725964,30.744967620329465,36799100
2024-05-29,29.94007110595703,30.476668061101428,29.920198618797393,30.277928026901556,35848600
2024-05-30,29.99969482421875,30.307740177296864,29.870513230933255,30.019567311756507,33351000
2024-05-31,30.655534744262695,30.76484006095746,29.75127115934644,30.029504942197292,95797500
2024-06-03,30.099063873291016,30.874145826725712,29.86057507726836,30.83439895760554,35544900
2024-06-04,29.8407039642334,30.556164699264862,29.75127113543878,30.556164699264862,51027200
2024-06-05,30.585975646972656,30.645596899838363,29.820828969781854,30.079190259300518,44161700
2024-06-06,30.22824478149414,30.397173246523653,29.96988348819456,30.35742448048119,34248100
2024-06-07,30.546226501464844,30.585975266431074,30.019566737614863,30.059315502581093,34085500
2024-06-10,30.71515464782715,30.75490341238691,30.099063959754154,30.35742334809095,37396500
2024-06-11,30.7250919342041,30.834399141756844,30.337550955172254,30.57603785729381,25326900
2024-06-12,30.56610107421875,31.281561790135704,30.198432577294135,31.26168740752887,51323900
2024-06-13,30.26799201965332,30.387236423902817,29.950009468755333,30.18849638192882,33787200
2024-06-14,30.258056640625,30.36736195761891,30.01956783277801,30.099065365610674,28125900
2024-06-17,30.784713745117188,30.804588127819695,29.989757390271375,30.14874866124054,36235300
2024-06-18,30.436920166015625,31.27162530099019,30.307740466821567,30.79465147966915,33294700
2024-06-20,30.426984786987305,30.913895798509436,30.258056322146935,30.367361637990363,43826300
2024-06-21,30.894020080566406,31.162318553482905,30.476667532249213,30.65553318086021,90795200
2024-06-24,30.37729835510254,31.221940666114026,30.337551485050767,30.943704994449813,40611800
2024-06-25,30.546226501464844,30.635659327313434,30.099064267547327,30.506479631824043,29323600
2024-06-26,30.347488403320312,30.48660529023788,30.079189925414628,30.446856525218326,30743000
2024-06-27,30.397172927856445,30.466731372376067,30.099064766965085,30.228244464597882,30184300
2024-06-28,30.774776458740234,31.11263338233784,30.526352361702315,30.556163935664028,41467700
2024-07-01,30.645597457885742,30.824463115065406,30.417047738300834,30.71515590338328,32401800
2024-07-02,30.874147415161133,31.112634328128223,30.39717358922695,30.66547207706199,35999300
2024-07-03,31.033138275146484,31.14244548620724,30.71515572877935,30.923832959411207,24065700
2024-07-05,31.818159103393555,32.13614164734713,31.112633675586775,31.2020665029894,45309400
2024-07-08,33.77574157714844,33.87510969875,32.613114843025684,32.82179017277948,82315900
2024-07-09,34.3719596862793,34.99798949894323,33.507444853034585,34.79924945469186,97546900
2024-07-10,34.65019226074219,34.7495641747144,33.91485905060243,34.22290250728898,52256200
2024-07-11,33.2888298034668,34.928430399599435,33.10002884981283,34.809184100885474,55213700
2024-07-12,34.27259063720703,35.25634795426933,33.55712801341558,33.55712801341558,62792600
2024-07-15,34.242774963378906,35.00792159998404,34.093722786783545,34.48126375284248,39847900
2024-07-16,34.12353515625,34.232842368767805,33.626686947097056,34.143409539494236,28409900
2024-07-17,34.242774963378906,36.925755839253235,34.18315560900105,35.85256576329393,112304200
2024-07-18,34.65019226074219,36.07117841001198,34.31233533453851,34.73962508799172,84188600
2024-07-19,32.7721061706543,34.362022653681926,32.64292457982029,34.35208356711346,69628700
2024-07-22,33.15964889526367,33.19939766232487,32.55349346485917,33.07021606470152,48503700
2024-07-23,32.7422981262207,33.020531913608885,32.623055616004486,32.75223342263411,29466400
2024-07-24,31.50017547607422,32.59323995949019,31.460426711784343,32.32494148650973,62216700
2024-07-25,30.90395736694336,31.78834652633028,30.754903291082982,31.17225584068728,49774000
2024-07-26,31.152381896972656,31.361057227049322,30.824462167334016,31.23187753157216,38352500
2024-07-29,30.63566017150879,31.27162526588968,30.595913300772725,31.221941203638227,32342200
2024-07-30,29.94007110595703,30.715154964946016,29.820828601697457,30.655533712816226,48256600
2024-07-31,30.546226501464844,30.675408092279664,30.08912707630577,30.34748836260998,56110600
2024-08-01,28.866878509521484,30.516414316046976,28.70788724349436,30.238180548162198,107672500
2024-08-02,21.3445987701416,21.8414469830145,20.291281089542203,21.801700111553938,300895900
2024-08-05,19.983234405517578,20.26146817330116,19.168403693593557,20.072667229540986,147385700
2024-08-06,19.704999923706055,20.4999563012095,19.62550428595571,20.191910941842604,106670400
2024-08-07,18.989999771118164,20.25,18.950000762939453,19.920000076293945,97972300
2024-08-08,20.489999771118164,20.549999237060547,18.84000015258789,19.100000381469727,96836800
2024-08-09,19.709999084472656,20.149999618530273,19.5,20.079999923706055,76394500
2024-08-12,19.360000610351562,19.969999313354492,19.0,19.8700008392334,54677600
2024-08-13,20.469999313354492,20.479999542236328,19.469999313354492,19.479999542236328,77511300
2024-08-14,19.920000076293945,20.5,19.790000915527344,20.489999771118164,56758200
2024-08-15,20.690000534057617,21.059999465942383,20.229999542236328,20.31999969482422,84814900
2024-08-16,20.8700008392334,20.899999618530273,20.40999984741211,20.530000686645508,48582700
2024-08-19,21.520000457763672,21.860000610351562,20.84000015258789,20.889999389648438,65956300
2024-08-20,20.989999771118164,21.229999542236328,20.81999969482422,21.209999084472656,84161300
2024-08-21,21.40999984741211,21.440000534057617,21.06999969482422,21.06999969482422,57028900
2024-08-22,20.100000381469727,21.399999618530273,20.040000915527344,21.389999389648438,81444700
2024-08-23,20.540000915527344,20.93000030517578,20.260000228881836,20.31999969482422,73398400
2024-08-26,20.1299991607666,20.559999465942383,19.950000762939453,20.530000686645508,58534800
2024-08-27,20.06999969482422,20.260000228881836,19.84000015258789,20.1299991607666,43862000
2024-08-28,19.610000610351562,20.110000610351562,19.510000228881836,19.979999542236328,50144900
2024-08-29,20.1299991607666,20.600000381469727,19.75,19.760000228881836,64529700
2024-08-30,22.040000915527344,22.1200008392334,21.0,21.25,177785400
2024-09-03,20.100000381469727,21.690000534057617,19.989999771118164,21.540000915527344,115305500
2024-09-04,19.43000030517578,20.049999237060547,19.280000686645508,19.760000228881836,85871900
2024-09-05,19.399999618530273,19.899999618530273,19.239999771118164,19.280000686645508,65388800
2024-09-06,18.889999389648438,19.489999771118164,18.639999389648438,19.440000534057617,92686500
2024-09-09,19.06999969482422,19.540000915527344,18.950000762939453,19.0,64244100
2024-09-10,18.979999542236328,19.110000610351562,18.510000228881836,19.030000686645508,55621300
2024-09-11,19.639999389648438,19.690000534057617,18.520000457763672,19.010000228881836,71403100
2024-09-12,19.360000610351562,19.540000915527344,19.040000915527344,19.43000030517578,51520600
2024-09-13,19.65999984741211,19.799999237060547,19.489999771118164,19.489999771118164,44236300
2024-09-16,20.90999984741211,21.06999969482422,19.760000228881836,20.030000686645508,149337000
2024-09-17,21.469999313354492,22.579999923706055,21.239999771118164,21.709999084472656,196249800
2024-09-18,20.770000457763672,21.739999771118164,20.719999313354492,21.360000610351562,118727900
2024-09-19,21.139999389648438,21.690000534057617,21.030000686645508,21.280000686645508,99829200
2024-09-20,21.84000015258789,23.139999389648438,20.350000381469727,20.889999389648438,260377900
2024-09-23,22.559999465942383,22.81999969482422,22.030000686645508,22.43000030517578,184439100
2024-09-24,22.809999465942383,23.110000610351562,22.290000915527344,22.530000686645508,113082500
2024-09-25,23.540000915527344,24.059999465942383,22.729999542236328,22.799999237060547,117013400
2024-09-26,23.920000076293945,24.420000076293945,23.25,24.280000686645508,95416900
2024-09-27,23.90999984741211,24.65999984741211,23.700000762939453,24.15999984741211,85883300
2024-09-30,23.459999084472656,23.950000762939453,23.09000015258789,23.739999771118164,66308200
2024-10-01,22.690000534057617,23.719999313354492,22.260000228881836,23.459999084472656,86344400
2024-10-02,22.389999389648438,23.06999969482422,22.350000381469727,22.670000076293945,59033900
2024-10-03,22.260000228881836,22.729999542236328,21.649999618530273,22.139999389648438,49565900
2024-10-04,22.59000015258789,22.90999984741211,22.299999237060547,22.700000762939453,49845500
2024-10-07,22.3799991607666,22.649999618530273,22.020000457763672,22.399999618530273,54928700
2024-10-08,23.31999969482422,23.420000076293945,22.049999237060547,22.25,58650500
2024-10-09,23.459999084472656,23.479999542236328,23.059999465942383,23.25,44759000
2024-10-10,23.219999313354492,23.530000686645508,22.959999084472656,23.190000534057617,44874600
2024-10-11,23.559999465942383,23.81999969482422,22.979999542236328,23.049999237060547,43585300
2024-10-14,23.440000534057617,23.770000457763672,23.270000457763672,23.579999923706055,35403600
2024-10-15,22.65999984741211,23.719999313354492,22.469999313354492,23.40999984741211,68900600
2024-10-16,22.309999465942383,22.540000915527344,21.739999771118164,22.3799991607666,62151800
2024-10-17,22.440000534057617,22.81999969482422,22.399999618530273,22.719999313354492,43807600
2024-10-18,22.770000457763672,22.81999969482422,22.5,22.610000610351562,39971700
2024-10-21,22.84000015258789,22.8799991607666,22.25,22.610000610351562,39727000
2024-10-22,22.399999618530273,22.81999969482422,22.170000076293945,22.729999542236328,50160400
2024-10-23,21.979999542236328,22.43000030517578,21.579999923706055,22.299999237060547,45799100
2024-10-24,22.34000015258789,22.3700008392334,21.969999313354492,22.09000015258789,40554400
2024-10-25,22.68000030517578,23.34000015258789,22.40999984741211,22.420000076293945,67503000
2024-10-28,22.920000076293945,23.270000457763672,22.559999465942383,22.670000076293945,41915000
2024-10-29,22.899999618530273,23.139999389648438,22.40999984741211,22.8700008392334,83422200
2024-10-30,22.299999237060547,22.93000030517578,22.260000228881836,22.420000076293945,50941200
2024-10-31,21.520000457763672,22.25,21.469999313354492,22.149999618530273,112485500
2024-11-01,23.200000762939453,23.579999923706055,21.90999984741211,23.0,173471100
2024-11-04,22.520000457763672,23.0,22.0,22.959999084472656,84616300
2024-11-05,23.31999969482422,23.579999923706055,22.399999618530273,22.579999923706055,59153300
2024-11-06,25.049999237060547,25.1200008392334,24.049999237060547,24.299999237060547,116760500
2024-11-07,26.229999542236328,26.3799991607666,25.190000534057617,25.43000030517578,101489300
2024-11-08,26.200000762939453,26.43000030517578,25.829999923706055,26.0,76428000
2024-11-11,25.049999237060547,26.290000915527344,24.829999923706055,25.959999084472656,80185300
2024-11-12,24.15999984741211,24.959999084472656,23.889999389648438,24.65999984741211,62539700
2024-11-13,24.920000076293945,25.139999389648438,24.020000457763672,24.059999465942383,58202000
2024-11-14,25.030000686645508,25.610000610351562,24.93000030517578,25.1200008392334,49252100
2024-11-15,24.350000381469727,24.81999969482422,24.229999542236328,24.809999465942383,55104900
2024-11-18,24.84000015258789,25.020000457763672,24.15999984741211,24.329999923706055,59589500
2024-11-19,24.200000762939453,24.540000915527344,24.100000381469727,24.5,61190900
2024-11-20,24.010000228881836,24.209999084472656,23.549999237060547,24.06999969482422,50191500
2024-11-21,24.440000534057617,24.770000457763672,23.829999923706055,24.079999923706055,58928400
2024-11-22,24.5,24.68000030517578,24.139999389648438,24.350000381469727,36784700
2024-11-25,24.8700008392334,25.56999969482422,24.760000228881836,25.040000915527344,91128400
2024-11-26,24.049999237060547,24.989999771118164,23.809999465942383,24.950000762939453,69613600
2024-11-27,23.649999618530273,23.93000030517578,23.059999465942383,23.829999923706055,53992300
2024-11-29,24.049999237060547,24.280000686645508,23.600000381469727,23.719999313354492,36616800
2024-12-02,23.93000030517578,25.479999542236328,23.440000534057617,24.84000015258789,150497900
2024-12-03,22.469999313354492,23.75,22.440000534057617,23.68000030517578,138160500
2024-12-04,21.959999084472656,22.540000915527344,21.809999465942383,22.530000686645508,104649000
2024-12-05,20.799999237060547,22.190000534057617,20.65999984741211,22.040000915527344,167993500
2024-12-06,20.920000076293945,21.049999237060547,20.65999984741211,20.950000762939453,78539100
2024-12-09,20.809999465942383,21.059999465942383,20.729999542236328,20.920000076293945,68818200
2024-12-10,20.15999984741211,20.860000610351562,19.959999084472656,20.829999923706055,90004800
2024-12-11,20.1200008392334,20.25,19.8700008392334,20.139999389648438,75209300
2024-12-12,20.780000686645508,20.899999618530273,19.920000076293945,20.020000457763672,77695000
2024-12-13,20.34000015258789,20.799999237060547,20.25,20.600000381469727,55104100
2024-12-16,20.829999923706055,21.100000381469727,20.0,20.170000076293945,73832900
2024-12-17,20.440000534057617,20.770000457763672,20.290000915527344,20.639999389648438,51767200
2024-12-18,19.299999237060547,20.579999923706055,19.209999084472656,20.479999542236328,86041200
2024-12-19,19.059999465942383,19.690000534057617,19.030000686645508,19.530000686645508,69117800
2024-12-20,19.520000457763672,19.760000228881836,18.899999618530273,18.969999313354492,108453700
2024-12-23,20.200000762939453,20.229999542236328,19.520000457763672,19.579999923706055,57988400
2024-12-24,20.399999618530273,20.399999618530273,19.959999084472656,20.219999313354492,29884000
2024-12-26,20.440000534057617,20.670000076293945,20.079999923706055,20.229999542236328,39846200
2024-12-27,20.299999237060547,20.610000610351562,20.09000015258789,20.209999084472656,48260800
2024-12-30,19.81999969482422,20.110000610351562,19.729999542236328,20.010000228881836,59608100
2024-12-31,20.049999237060547,20.399999618530273,19.8799991607666,19.989999771118164,49846700
2025-01-02,20.219999313354492,20.43000030517578,20.0,20.229999542236328,46438500
2025-01-03,20.559999465942383,20.670000076293945,20.059999465942383,20.389999389648438,48983900
2025-01-06,19.8700008392334,20.979999542236328,19.780000686645508,20.829999923706055,83271000
2025-01-07,20.010000228881836,20.34000015258789,19.899999618530273,20.020000457763672,61726100
2025-01-08,19.8799991607666,20.1200008392334,19.709999084472656,19.829999923706055,47897100
2025-01-10,19.149999618530273,19.65999984741211,18.90999984741211,19.65999984741211,71244600
2025-01-13,19.200000762939453,19.25,18.729999542236328,18.920000076293945,50669000
2025-01-14,19.200000762939453,19.520000457763672,18.81999969482422,19.360000610351562,47147500
2025-01-15,19.719999313354492,19.770000457763672,19.170000076293945,19.399999618530273,56306000
2025-01-16,19.670000076293945,19.950000762939453,19.399999618530273,19.75,44898100
2025-01-17,21.489999771118164,21.6200008392334,20.790000915527344,21.260000228881836,166483900
2025-01-21,21.770000457763672,22.40999984741211,21.75,22.030000686645508,96262200
2025-01-22,21.860000610351562,22.290000915527344,21.56999969482422,21.729999542236328,60972600
2025-01-23,21.56999969482422,21.75,21.350000381469727,21.690000534057617,55778200
2025-01-24,20.829999923706055,21.40999984741211,20.75,21.360000610351562,66300600
2025-01-27,20.290000915527344,21.059999465942383,20.139999389648438,20.809999465942383,83582100
2025-01-28,19.799999237060547,20.34000015258789,19.739999771118164,20.34000015258789,73411400
2025-01-29,19.75,20.079999923706055,19.65999984741211,19.8700008392334,86506800
2025-01-30,20.010000228881836,20.100000381469727,19.43000030517578,19.719999313354492,108167000
2025-01-31,19.43000030517578,20.329999923706055,19.3799991607666,20.100000381469727,117081700
2025-02-03,19.3799991607666,19.75,18.780000686645508,18.969999313354492,77523100
2025-02-04,19.290000915527344,19.530000686645508,19.020000457763672,19.100000381469727,54098200
2025-02-05,19.649999618530273,19.770000457763672,18.90999984741211,19.190000534057617,66059200
2025-02-06,19.3799991607666,19.700000762939453,19.219999313354492,19.510000228881836,45553800
2025-02-07,19.100000381469727,19.360000610351562,19.030000686645508,19.350000381469727,58277900
2025-02-10,19.770000457763672,20.079999923706055,19.239999771118164,19.25,73007300
2025-02-11,20.969999313354492,21.8799991607666,19.860000610351562,19.8700008392334,150960700
2025-02-12,22.479999542236328,22.559999465942383,20.93000030517578,21.979999542236328,162631200
2025-02-13,24.1299991607666,24.829999923706055,22.790000915527344,22.84000015258789,248661300
2025-02-14,23.600000381469727,25.190000534057617,22.860000610351562,24.360000610351562,230254100
2025-02-18,27.389999389648438,27.549999237060547,24.489999771118164,24.600000381469727,284292200
2025-02-19,25.719999313354492,26.329999923706055,25.459999084472656,25.979999542236328,151881700
2025-02-20,26.09000015258789,26.1200008392334,24.479999542236328,25.559999465942383,144939600
2025-02-21,24.8700008392334,26.290000915527344,24.84000015258789,25.959999084472656,111630900
2025-02-24,24.270000457763672,24.799999237060547,23.6200008392334,24.549999237060547,91358100
2025-02-25,22.989999771118164,24.280000686645508,22.770000457763672,24.209999084472656,88886500
2025-02-26,23.520000457763672,23.81999969482422,23.209999084472656,23.25,67449300
2025-02-27,23.09000015258789,24.399999618530273,23.06999969482422,23.700000762939453,97871900
2025-02-28,23.729999542236328,24.440000534057617,22.639999389648438,23.020000457763672,104133800
2025-03-03,22.739999771118164,25.040000915527344,22.520000457763672,25.0,141348700
2025-03-04,21.329999923706055,22.6299991607666,20.760000228881836,22.540000915527344,152182200
2025-03-05,20.809999465942383,21.360000610351562,20.18000030517578,21.329999923706055,127219300
2025-03-06,20.75,21.1299991607666,20.0,20.260000228881836,96466400
2025-03-07,20.639999389648438,21.200000762939453,20.110000610351562,20.270000457763672,81099600
2025-03-10,19.93000030517578,20.510000228881836,19.649999618530273,20.239999771118164,82760600
2025-03-11,19.780000686645508,20.059999465942383,19.290000915527344,19.969999313354492,80789000
2025-03-12,20.68000030517578,21.170000076293945,20.209999084472656,20.790000915527344,128671100
2025-03-13,23.700000762939453,24.530000686645508,23.1299991607666,23.5,243261000
2025-03-14,24.049999237060547,24.3700008392334,23.520000457763672,23.68000030517578,116901600
2025-03-17,25.690000534057617,26.149999618530273,24.3700008392334,24.420000076293945,160723600
2025-03-18,25.920000076293945,26.40999984741211,25.389999389648438,25.549999237060547,132488800
2025-03-19,24.1200008392334,25.229999542236328,24.030000686645508,24.899999618530273,135491400
2025-03-20,23.959999084472656,24.309999465942383,23.729999542236328,23.770000457763672,68937600
2025-03-21,24.260000228881836,24.700000762939453,23.489999771118164,23.600000381469727,94110700
2025-03-24,24.219999313354492,24.989999771118164,24.1299991607666,24.719999313354492,69169000
2025-03-25,24.200000762939453,24.75,24.110000610351562,24.18000030517578,51743300
2025-03-26,23.420000076293945,24.420000076293945,23.25,24.25,59496700
2025-03-27,23.6200008392334,23.760000228881836,22.860000610351562,23.290000915527344,57720600
2025-03-28,22.709999084472656,23.579999923706055,22.559999465942383,23.350000381469727,58365300
2025-03-31,22.709999084472656,22.75,21.75,22.3799991607666,65832000
2025-04-01,22.049999237060547,22.6200008392334,21.65999984741211,22.559999465942383,64060400
2025-04-02,21.979999542236328,22.3799991607666,21.700000762939453,21.889999389648438,58878800
2025-04-03,22.43000030517578,23.899999618530273,20.860000610351562,21.399999618530273,242972100
2025-04-04,19.850000381469727,22.200000762939453,19.700000762939453,21.700000762939453,175014700
2025-04-07,19.56999969482422,20.670000076293945,18.559999465942383,19.139999389648438,142491200
2025-04-08,18.1299991607666,20.389999389648438,17.670000076293945,20.059999465942383,163982700
2025-04-09,21.530000686645508,21.729999542236328,17.979999542236328,18.06999969482422,224183500
2025-04-10,19.8799991607666,20.81999969482422,19.15999984741211,20.68000030517578,129064900
2025-04-11,19.739999771118164,19.799999237060547,18.18000030517578,19.25,128425800
2025-04-14,20.309999465942383,21.049999237060547,19.979999542236328,20.59000015258789,101964400
2025-04-15,19.850000381469727,20.469999313354492,19.809999465942383,20.200000762939453,64056900
2025-04-16,19.229999542236328,19.43000030517578,18.719999313354492,19.34000015258789,89469700
2025-04-17,18.93000030517578,19.100000381469727,18.559999465942383,18.90999984741211,85646700
2025-04-21,18.84000015258789,18.989999771118164,18.25,18.93000030517578,72409900
2025-04-22,19.510000228881836,19.739999771118164,19.040000915527344,19.059999465942383,83365600
2025-04-23,20.59000015258789,21.030000686645508,20.309999465942383,20.719999313354492,97188100
2025-04-24,21.489999771118164,21.549999237060547,20.8799991607666,21.040000915527344,117086200
2025-04-25,20.049999237060547,20.18000030517578,19.34000015258789,19.729999542236328,147711200
2025-04-28,20.510000228881836,21.079999923706055,20.049999237060547,20.1200008392334,96624400
2025-04-29,20.34000015258789,20.850000381469727,20.219999313354492,20.309999465942383,70031900
2025-04-30,20.100000381469727,20.18000030517578,19.549999237060547,19.709999084472656,68297300
2025-05-01,19.979999542236328,20.649999618530273,19.940000534057617,20.219999313354492,72607500
2025-05-02,20.6200008392334,20.780000686645508,20.209999084472656,20.260000228881836,63298500
2025-05-05,20.270000457763672,20.579999923706055,20.239999771118164,20.389999389648438,44237000
2025-05-06,19.940000534057617,20.1200008392334,19.770000457763672,19.920000076293945,51330800
2025-05-07,20.309999465942383,20.3700008392334,19.81999969482422,19.969999313354492,61002600
2025-05-08,21.0,21.239999771118164,20.639999389648438,21.010000228881836,71651700
2025-05-09,21.420000076293945,21.450000762939453,20.829999923706055,21.200000762939453,51768600
2025-05-12,22.18000030517578,22.670000076293945,21.8799991607666,22.18000030517578,94578700
2025-05-13,22.559999465942383,22.8799991607666,22.299999237060547,22.360000610351562,76850400
2025-05-14,21.520000457763672,22.459999084472656,21.459999084472656,22.350000381469727,91584800
2025-05-15,21.549999237060547,21.6299991607666,21.190000534057617,21.229999542236328,66705500
2025-05-16,21.65999984741211,21.760000228881836,21.350000381469727,21.530000686645508,55795100
2025-05-19,21.3799991607666,21.559999465942383,21.049999237060547,21.18000030517578,64279100
2025-05-20,21.270000457763672,21.40999984741211,21.1200008392334,21.329999923706055,48497400
2025-05-21,20.690000534057617,21.6299991607666,20.59000015258789,21.190000534057617,62904700
2025-05-22,20.549999237060547,20.899999618530273,20.510000228881836,20.729999542236328,56077500
2025-05-23,20.049999237060547,20.270000457763672,19.940000534057617,20.15999984741211,68206100
2025-05-27,20.549999237060547,20.670000076293945,20.18000030517578,20.440000534057617,69504600
2025-05-28,20.3700008392334,20.639999389648438,20.329999923706055,20.56999969482422,46096500
2025-05-29,20.25,20.600000381469727,20.100000381469727,20.540000915527344,66372200
2025-05-30,19.549999237060547,20.260000228881836,19.309999465942383,20.260000228881836,114281900
2025-06-02,19.739999771118164,19.81999969482422,19.3700008392334,19.479999542236328,67885500
2025-06-03,20.290000915527344,20.40999984741211,19.399999618530273,19.75,80401900
2025-06-04,20.25,20.5,20.010000228881836,20.34000015258789,71166500
2025-06-05,19.989999771118164,20.549999237060547,19.850000381469727,20.270000457763672,72458400
2025-06-06,20.059999465942383,20.440000534057617,20.030000686645508,20.170000076293945,70072800
2025-06-09,20.479999542236328,20.959999084472656,20.219999313354492,20.219999313354492,92893900
2025-06-10,22.079999923706055,22.440000534057617,20.280000686645508,20.5,171457000
2025-06-11,20.68000030517578,21.829999923706055,20.3799991607666,21.780000686645508,146784500
2025-06-12,20.770000457763672,20.979999542236328,20.40999984741211,20.5,78175900
2025-06-13,20.139999389648438,20.600000381469727,20.100000381469727,20.329999923706055,87655900
2025-06-16,20.739999771118164,20.93000030517578,20.299999237060547,20.40999984741211,86745100
2025-06-17,20.799999237060547,21.479999542236328,20.6200008392334,20.6299991607666,87512200
2025-06-18,21.489999771118164,21.600000381469727,20.65999984741211,20.809999465942383,94200600
2025-06-20,21.079999923706055,21.889999389648438,20.8799991607666,21.700000762939453,133472800
2025-06-23,21.190000534057617,21.579999923706055,20.729999542236328,21.06999969482422,81461000
2025-06-24,22.549999237060547,22.690000534057617,21.329999923706055,21.34000015258789,130368700
2025-06-25,22.200000762939453,22.770000457763672,22.1299991607666,22.579999923706055,64975100
2025-06-26,22.5,22.6200008392334,22.209999084472656,22.399999618530273,63229300
2025-06-27,22.690000534057617,23.3799991607666,22.420000076293945,22.709999084472656,95542400
2025-06-30,22.399999618530273,22.969999313354492,22.270000457763672,22.969999313354492,77102400
2025-07-01,22.850000381469727,23.15999984741211,22.280000686645508,22.329999923706055,79094900
2025-07-02,21.8799991607666,22.770000457763672,21.520000457763672,22.530000686645508,138245300
2025-07-03,22.489999771118164,22.6299991607666,21.989999771118164,22.149999618530273,61176000
2025-07-07,22.0,22.389999389648438,21.860000610351562,22.209999084472656,80725200
2025-07-08,23.59000015258789,23.790000915527344,22.1299991607666,22.18000030517578,119545500
2025-07-09,23.440000534057617,23.530000686645508,23.1299991607666,23.290000915527344,70247700
2025-07-10,23.81999969482422,24.040000915527344,23.479999542236328,23.6299991607666,54599800
2025-07-11,23.43000030517578,23.65999984741211,23.15999984741211,23.559999465942383,49367900
2025-07-14,23.299999237060547,23.399999618530273,22.8799991607666,23.239999771118164,48420500
2025-07-15,22.920000076293945,23.780000686645508,22.899999618530273,23.56999969482422,66099400
2025-07-16,22.690000534057617,23.1299991607666,22.25,22.989999771118164,58865900
2025-07-17,22.799999237060547,23.049999237060547,22.59000015258789,22.65999984741211,49384000
2025-07-18,23.100000381469727,23.59000015258789,22.899999618530273,23.219999313354492,60195600
2025-07-21,23.260000228881836,23.829999923706055,23.15999984741211,23.399999618530273,61658000
2025-07-22,23.239999771118164,23.540000915527344,23.079999923706055,23.34000015258789,53969800
2025-07-23,23.489999771118164,23.6200008392334,22.920000076293945,23.260000228881836,68711700
2025-07-24,22.6299991607666,23.579999923706055,22.600000381469727,23.489999771118164,131963300
2025-07-25,20.700000762939453,21.049999237060547,20.360000610351562,20.68000030517578,245077700
2025-07-28,20.68000030517578,21.290000915527344,20.649999618530273,20.81999969482422,86105600
2025-07-29,20.40999984741211,20.850000381469727,20.34000015258789,20.690000534057617,100831500
2025-07-30,20.34000015258789,20.6200008392334,20.079999923706055,20.43000030517578,67420300
2025-07-31,19.799999237060547,20.229999542236328,19.65999984741211,20.170000076293945,90665200
2025-08-01,19.309999465942383,19.549999237060547,18.969999313354492,19.5,86496100
2025-08-04,19.5,19.59000015258789,19.350000381469727,19.520000457763672,69249400
2025-08-05,20.190000534057617,20.540000915527344,19.68000030517578,19.700000762939453,97338200
2025-08-06,20.40999984741211,20.479999542236328,19.8700008392334,20.1200008392334,67074200
2025-08-07,19.770000457763672,20.440000534057617,19.600000381469727,20.0,131382800
2025-08-08,19.950000762939453,20.020000457763672,19.610000610351562,20.0,75415000
2025-08-11,20.649999618530273,21.600000381469727,20.440000534057617,20.450000762939453,175545600
2025-08-12,21.809999465942383,21.860000610351562,20.760000228881836,21.200000762939453,134153600
2025-08-13,22.219999313354492,22.299999237060547,21.360000610351562,21.6200008392334,86024400
2025-08-14,23.860000610351562,24.200000762939453,21.899999618530273,21.989999771118164,188052500
2025-08-15,24.559999465942383,25.649999618530273,24.110000610351562,25.010000228881836,310161100
2025-08-18,23.65999984741211,24.899999618530273,23.209999084472656,24.0,212515600
2025-08-19,25.309999465942383,26.530000686645508,24.940000534057617,24.940000534057617,297659200
2025-08-20,23.540000915527344,24.93000030517578,23.329999923706055,24.899999618530273,161149400
2025-08-21,23.5,23.56999969482422,22.780000686645508,23.530000686645508,97718300
2025-08-22,24.799999237060547,25.229999542236328,23.649999618530273,23.649999618530273,200266800
2025-08-25,24.549999237060547,25.8799991607666,24.440000534057617,25.5,156825600
2025-08-26,24.350000381469727,24.739999771118164,24.100000381469727,24.579999923706055,78558200
2025-08-27,24.850000381469727,24.989999771118164,24.049999237060547,24.190000534057617,90934400
2025-08-28,24.93000030517578,25.139999389648438,24.610000610351562,24.959999084472656,60035100
2025-08-29,24.350000381469727,24.969999313354492,24.280000686645508,24.760000228881836,63734400
2025-09-02,24.209999084472656,24.239999771118164,23.68000030517578,23.8799991607666,57661800
2025-09-03,24.0,24.09000015258789,23.719999313354492,24.09000015258789,47822900
2025-09-04,24.610000610351562,24.639999389648438,23.75,23.850000381469727,59056500
2025-09-05,24.489999771118164,24.709999084472656,24.170000076293945,24.600000381469727,55975300
2025-09-08,24.479999542236328,24.739999771118164,24.1200008392334,24.479999542236328,51122100
2025-09-09,24.440000534057617,24.809999465942383,24.270000457763672,24.530000686645508,42146200
2025-09-10,24.770000457763672,24.8700008392334,24.280000686645508,24.420000076293945,61600700
2025-09-11,24.610000610351562,24.93000030517578,24.56999969482422,24.760000228881836,55536900
2025-09-12,24.079999923706055,24.6299991607666,24.049999237060547,24.610000610351562,52672800
2025-09-15,24.770000457763672,25.459999084472656,24.219999313354492,24.329999923706055,83951600
2025-09-16,25.270000457763672,25.34000015258789,24.690000534057617,24.81999969482422,60336600
2025-09-17,24.899999618530273,25.260000228881836,24.450000762939453,25.079999923706055,63093700
2025-09-18,30.56999969482422,32.380001068115234,30.15999984741211,31.780000686645508,523908000
2025-09-19,29.579999923706055,30.6299991607666,29.329999923706055,30.3799991607666,225702900
2025-09-22,28.760000228881836,30.100000381469727,28.729999542236328,29.670000076293945,130314500
2025-09-23,29.34000015258789,30.200000762939453,28.81999969482422,28.989999771118164,126317900
2025-09-24,31.219999313354492,31.700000762939453,29.229999542236328,29.3799991607666,164458500
2025-09-25,33.9900016784668,34.25,31.209999084472656,31.610000610351562,295709300
2025-09-26,35.5,36.29999923706055,34.4900016784668,35.02000045776367,268583300
2025-09-29,34.47999954223633,35.04999923706055,33.72999954223633,34.52000045776367,152605900
2025-09-30,33.54999923706055,34.2400016784668,33.02000045776367,33.93000030517578,124818400
2025-10-01,35.939998626708984,36.060001373291016,33.5,33.529998779296875,162649700
2025-10-02,37.29999923706055,37.56999969482422,35.439998626708984,35.7599983215332,149361700
2025-10-03,36.83000183105469,38.08000183105469,36.45000076293945,37.95000076293945,125359300
2025-10-06,36.59000015258789,38.68000030517578,36.43000030517578,37.189998626708984,112086100
2025-10-07,37.16999816894531,38.04999923706055,36.349998474121094,36.63999938964844,111140200
2025-10-08,37.43000030517578,37.790000915527344,35.90999984741211,36.54999923706055,103202100
2025-10-09,37.79999923706055,38.099998474121094,36.86000061035156,37.529998779296875,89884700
2025-10-10,36.369998931884766,39.650001525878906,36.29999923706055,38.459999084472656,183063300
2025-10-13,37.220001220703125,37.5099983215332,36.279998779296875,36.439998626708984,104020700
2025-10-14,35.630001068115234,36.54999923706055,34.689998626708984,36.0,117908300
2025-10-15,37.150001525878906,37.4900016784668,35.63999938964844,36.400001525878906,99242700
2025-10-16,36.84000015258789,38.02000045776367,36.40999984741211,37.150001525878906,83357800
2025-10-17,37.0099983215332,38.380001068115234,36.08000183105469,36.36000061035156,119394700
2025-10-20,38.099998474121094,38.52000045776367,37.560001373291016,37.56999969482422,80230200
2025-10-21,38.119998931884766,38.349998474121094,37.66999816894531,38.13999938964844,73134900
2025-10-22,36.91999816894531,37.93000030517578,36.040000915527344,37.84000015258789,87099900
2025-10-23,38.15999984741211,38.400001525878906,36.43000030517578,36.599998474121094,121974200
2025-10-24,38.279998779296875,41.119998931884766,37.83000183105469,40.02000045776367,246380000
2025-10-27,39.540000915527344,40.66999816894531,38.22999954223633,38.38999938964844,160007600
2025-10-28,41.529998779296875,42.47999954223633,39.540000915527344,39.59000015258789,181256400
2025-10-29,41.34000015258789,42.040000915527344,40.91999816894531,41.599998474121094,106962900
2025-10-30,40.15999984741211,41.43000030517578,40.11000061035156,40.970001220703125,84855500
2025-10-31,39.9900016784668,40.83000183105469,39.790000915527344,40.68000030517578,80471400
2025-11-03,39.5,40.45000076293945,39.04999923706055,40.25,61267500
2025-11-04,37.029998779296875,38.25,36.630001068115234,38.13999938964844,102250300
2025-11-05,38.380001068115234,38.689998626708984,37.11000061035156,37.41999816894531,74631600
2025-11-06,37.2400016784668,39.84000015258789,36.79999923706055,38.34000015258789,77629900
2025-11-07,38.130001068115234,38.27000045776367,36.970001220703125,37.2599983215332,95521400
2025-11-10,38.45000076293945,39.529998779296875,37.970001220703125,38.93000030517578,77820300
2025-11-11,37.880001068115234,38.220001220703125,37.4900016784668,38.150001525878906,53741900
2025-11-12,37.88999938964844,38.20000076293945,37.349998474121094,38.060001373291016,53876000
2025-11-13,35.90999984741211,37.310001373291016,35.45000076293945,37.27000045776367,95593200
2025-11-14,35.52000045776367,36.099998474121094,34.619998931884766,35.029998779296875,71716200
2025-11-17,34.709999084472656,35.72999954223633,34.22999954223633,35.45000076293945,72580100
2025-11-18,34.33000183105469,34.7599983215332,33.56999969482422,34.25,61504800
2025-11-19,35.11000061035156,35.75,34.25,34.33000183105469,67115500
2025-11-20,33.619998931884766,36.68000030517578,33.47999954223633,36.0,96389100
2025-11-21,34.5,34.97999954223633,32.88999938964844,33.5099983215332,105641700
2025-11-24,35.790000915527344,36.15999984741211,34.689998626708984,34.970001220703125,103804200
2025-11-25,35.83000183105469,36.130001068115234,34.68000030517578,35.54999923706055,62203300
2025-11-26,36.810001373291016,37.2400016784668,36.130001068115234,36.20000076293945,54563400
2025-11-28,40.560001373291016,40.59000015258789,37.34000015258789,37.400001525878906,95799500
2025-12-01,40.0099983215332,40.380001068115234,39.599998474121094,39.86000061035156,74534900
2025-12-02,43.470001220703125,43.68000030517578,40.04999923706055,40.470001220703125,167205800
2025-12-03,43.7599983215332,44.02000045776367,42.5099983215332,43.38999938964844,91957200
2025-12-04,40.5,43.279998779296875,40.13999938964844,43.2599983215332,107850200
2025-12-05,41.40999984741211,42.83000183105469,41.150001525878906,41.15999984741211,103042000
2025-12-08,40.29999923706055,42.119998931884766,39.70000076293945,41.939998626708984,93953600
2025-12-09,40.5,41.2599983215332,40.029998779296875,40.72999954223633,61877200
2025-12-10,40.779998779296875,40.9900016784668,38.88999938964844,40.11000061035156,75974900
2025-12-11,39.5099983215332,40.189998626708984,39.08000183105469,40.06999969482422,59096800
2025-12-12,37.810001373291016,40.029998779296875,37.619998931884766,39.25,87784500
2025-12-15,37.5099983215332,38.47999954223633,37.31999969482422,38.33000183105469,60898500
2025-12-16,37.310001373291016,37.959999084472656,36.91999816894531,37.58000183105469,50490300
2025-12-17,36.04999923706055,37.84000015258789,35.970001220703125,37.59000015258789,54792000
2025-12-18,36.279998779296875,37.4900016784668,35.66999816894531,37.380001068115234,69468400
2025-12-19,36.81999969482422,37.58000183105469,36.439998626708984,36.47999954223633,163221300
2025-12-22,36.369998931884766,37.900001525878906,36.290000915527344,37.88999938964844,51685400
2025-12-23,36.349998474121094,36.79999923706055,36.029998779296875,36.2400016784668,35958000
2025-12-24,36.15999984741211,36.18000030517578,34.95000076293945,35.16999816894531,37443800
2025-12-26,36.20000076293945,36.4900016784668,35.849998474121094,36.16999816894531,28779400
2025-12-29,36.68000030517578,36.79999923706055,35.81999969482422,36.0099983215332,38062300
2025-12-30,37.29999923706055,38.2599983215332,36.81999969482422,36.90999984741211,61935300
2025-12-31,36.900001525878906,37.58000183105469,36.869998931884766,37.400001525878906,51524700
2026-01-02,39.380001068115234,39.86000061035156,37.7599983215332,37.77000045776367,95396400
2026-01-05,39.369998931884766,42.099998474121094,39.27000045776367,41.59000015258789,96665400
2026-01-06,40.040000915527344,40.310001373291016,38.95000076293945,39.86000061035156,66395100
2026-01-07,42.630001068115234,44.56999969482422,40.119998931884766,40.18000030517578,166028400
2026-01-08,41.11000061035156,43.34000015258789,40.68000030517578,42.619998931884766,88242000
2026-01-09,45.54999923706055,45.72999954223633,41.56999969482422,41.83000183105469,186691400
2026-01-12,44.060001373291016,45.45000076293945,43.88999938964844,44.2400016784668,101989100
2026-01-13,47.290000915527344,48.2400016784668,45.220001220703125,45.88999938964844,168656400
2026-01-14,48.720001220703125,49.0,47.41999816894531,48.95000076293945,148225800
2026-01-15,48.31999969482422,50.38999938964844,47.83000183105469,49.349998474121094,132328900
2026-01-16,46.959999084472656,50.209999084472656,46.709999084472656,49.27000045776367,127314700
2026-01-20,48.560001373291016,50.22999954223633,47.0,47.29999923706055,150153000
2026-01-21,54.25,54.40999984741211,50.150001525878906,50.31999969482422,220565300
2026-01-22,54.31999969482422,54.599998474121094,53.08000183105469,54.209999084472656,190066400
2026-01-23,45.06999969482422,48.130001068115234,44.45000076293945,46.86000061035156,294675400
2026-01-26,42.4900016784668,44.459999084472656,42.279998779296875,44.279998779296875,149407800
2026-01-27,43.93000030517578,44.529998779296875,43.099998474121094,43.970001220703125,121832200
2026-01-28,48.779998779296875,49.290000915527344,46.31999969482422,46.599998474121094,201995100
2026-01-29,48.65999984741211,48.77000045776367,46.9900016784668,47.560001373291016,124256600
2026-01-30,46.470001220703125,49.58000183105469,45.959999084472656,48.97999954223633,114920100
2026-02-02,48.810001373291016,49.84000015258789,45.5,45.630001068115234,101414600
2026-02-03,49.25,51.4900016784668,48.43000030517578,50.060001373291016,122205100
2026-02-04,48.599998474121094,49.70000076293945,47.0,49.540000915527344,128702300
2026-02-05,48.2400016784668,50.86000061035156,46.790000915527344,47.59000015258789,114307800
2026-02-06,50.59000015258789,51.29999923706055,48.83000183105469,49.099998474121094,115600200
2026-02-09,50.2400016784668,51.220001220703125,47.59000015258789,49.59000015258789,94841400
2026-02-10,47.130001068115234,50.540000915527344,46.77000045776367,50.40999984741211,99832900
2026-02-11,48.290000915527344,49.54999923706055,46.86000061035156,48.11000061035156,107681200
2026-02-12,46.47999954223633,48.95000076293945,46.189998626708984,47.79999923706055,88321200
2026-02-13,46.790000915527344,47.689998626708984,44.970001220703125,45.7599983215332,69740400
2026-02-17,46.18000030517578,46.83000183105469,45.459999084472656,45.93000030517578,65802200
2026-02-18,45.459999084472656,46.77000045776367,44.880001068115234,45.91999816894531,65306100
2026-02-19,44.619998931884766,45.16999816894531,43.91999816894531,44.95000076293945,72724900
2026-02-20,44.11000061035156,44.38999938964844,42.880001068115234,43.88999938964844,90743600
2026-02-23,43.630001068115234,44.54999923706055,43.18000030517578,44.09000015258789,57130900
2026-02-24,46.119998931884766,46.599998474121094,43.540000915527344,44.099998474121094,98872300
2026-02-25,46.880001068115234,46.970001220703125,45.08000183105469,46.09000015258789,75645300
2026-02-26,45.459999084472656,46.95000076293945,44.38999938964844,46.77000045776367,71457500
2026-02-27,45.61000061035156,46.560001373291016,44.400001525878906,44.459999084472656,79327200
2026-03-02,45.5,45.810001373291016,43.95000076293945,44.20000076293945,60705100
2026-03-03,43.099998474121094,43.689998626708984,42.13999938964844,43.439998626708984,83971000
2026-03-04,45.58000183105469,46.130001068115234,43.27000045776367,44.06999969482422,96628100
2026-03-05,45.95000076293945,46.47999954223633,44.70000076293945,44.869998931884766,78229400
2026-03-06,43.41999816894531,45.18000030517578,43.279998779296875,44.66999816894531,74698300
2026-03-09,45.58000183105469,45.7599983215332,41.63999938964844,42.7400016784668,82937400
2026-03-10,46.779998779296875,47.880001068115234,45.40999984741211,45.40999984741211,85233300
2026-03-11,47.97999954223633,48.83000183105469,46.65999984741211,46.81999969482422,72480600
2026-03-12,45.25,47.439998626708984,45.16999816894531,47.400001525878906,85110200
2026-03-13,45.77000045776367,46.650001525878906,45.38999938964844,45.970001220703125,68386200
2026-03-16,45.7599983215332,49.16999816894531,45.689998626708984,47.90999984741211,114199400
2026-03-17,44.060001373291016,46.08000183105469,43.90999984741211,46.08000183105469,89061600
2026-03-18,45.029998779296875,45.709999084472656,44.04999923706055,44.20000076293945,78056200
2026-03-19,46.18000030517578,46.439998626708984,43.650001525878906,43.9900016784668,74051500
2026-03-20,43.869998931884766,47.54999923706055,43.63999938964844,46.95000076293945,162814200
2026-03-23,44.0099983215332,45.459999084472656,43.7400016784668,44.5,80772200
2026-03-24,44.060001373291016,44.310001373291016,43.20000076293945,43.540000915527344,65323500
2026-03-25,47.18000030517578,47.849998474121094,45.45000076293945,45.849998474121094,97467900
2026-03-26,44.099998474121094,46.599998474121094,43.91999816894531,46.29999923706055,82841400
2026-03-27,43.130001068115234,44.130001068115234,42.86000061035156,43.619998931884766,70002200
2026-03-30,41.189998626708984,43.9900016784668,40.630001068115234,43.720001220703125,84596000
2026-03-31,44.130001068115234,44.22999954223633,41.599998474121094,41.95000076293945,95294900
2026-04-01,48.029998779296875,48.77000045776367,44.97999954223633,45.0,129598500
2026-04-02,50.380001068115234,50.4900016784668,46.040000915527344,46.060001373291016,117134200
2026-04-06,50.779998779296875,52.38999938964844,49.869998931884766,50.880001068115234,79978800
2026-04-07,52.90999984741211,53.27000045776367,51.220001220703125,51.90999984741211,129543800
2026-04-08,58.95000076293945,59.16999816894531,54.79999923706055,55.369998931884766,184599900
2026-04-09,61.720001220703125,62.08000183105469,58.38999938964844,58.400001525878906,155609900
2026-04-10,62.380001068115234,63.38999938964844,60.75,61.52000045776367,98624400
2026-04-13,65.18000030517578,65.6500015258789,62.18000030517578,62.18000030517578,112111000
2026-04-14,63.810001373291016,65.18000030517578,62.09000015258789,65.16000366210938,112796100
2026-04-15,64.94000244140625,65.83999633789062,62.880001068115234,63.77000045776367,92051500
2026-04-16,68.5,68.61000061035156,64.2699966430664,64.93000030517578,108328300
2026-04-17,68.5,70.33000183105469,67.73999786376953,68.8499984741211,118831500
2026-04-20,65.69999694824219,69.20999908447266,64.47000122070312,68.44999694824219,96851100
2026-04-21,66.26000213623047,67.66999816894531,65.63999938964844,67.13999938964844,91402300
2026-04-22,65.2699966430664,68.7699966430664,64.9800033569336,67.94000244140625,90267300
2026-04-23,66.77999877929688,68.27999877929688,65.41999816894531,66.0999984741211,155141800
2026-04-24,82.54000091552734,85.22000122070312,79.62000274658203,82.19999694824219,281405200
2026-04-27,84.98999786376953,87.0999984741211,82.61000061035156,83.66999816894531,178820200
2026-04-28,84.5199966430664,84.58999633789062,80.80000305175781,81.27999877929688,147773500
2026-04-29,94.75,94.94999694824219,85.87000274658203,86.13999938964844,235070900
2026-04-30,94.4800033569336,95.69000244140625,91.5,95.5999984741211,160597300
2026-05-01,99.62000274658203,100.44999694824219,92.61000061035156,93.19999694824219,158502800
2026-05-04,95.77999877929688,99.81999969482422,95.5999984741211,99.18000030517578,119294000
2026-05-05,108.1500015258789,110.4800033569336,100.08000183105469,100.51000213623047,198482000
2026-05-06,113.01000213623047,113.5,106.58000183105469,110.9800033569336,157320100
2026-05-07,109.62000274658203,114.51000213623047,109.1500015258789,111.0199966430664,122699900
2026-05-08,124.91999816894531,130.57000732421875,111.80000305175781,111.80999755859375,227681300
2026-05-11,129.44000244140625,132.75,123.91999816894531,130.8800048828125,179486500
2026-05-12,120.61000061035156,127.79000091552734,115.0,124.36000061035156,172516500
2026-05-13,120.29000091552734,125.0,116.41000366210938,124.0999984741211,115364400
2026-05-14,115.93000030517578,118.56999969482422,113.16999816894531,114.66000366210938,118279800
2026-05-15,108.7699966430664,110.56999969482422,105.0199966430664,109.79000091552734,135206000
2026-05-18,108.16999816894531,115.54000091552734,103.8499984741211,113.47000122070312,145764000
2026-05-19,110.80000305175781,113.06999969482422,102.4000015258789,106.9800033569336,150234900
2026-05-20,118.95999908447266,121.94000244140625,114.80000305175781,116.22000122070312,165086900
2026-05-21,118.5,119.41000366210938,113.16999816894531,116.58000183105469,102452500
2026-05-22,119.83999633789062,122.77999877929688,118.08999633789062,120.33999633789062,82663000
2026-05-26,123.5199966430664,125.62000274658203,117.3499984741211,122.0999984741211,108167300
2026-05-27,121.7699966430664,125.2699966430664,117.0,124.38999938964844,93323300
2026-05-28,120.88999938964844,123.08000183105469,116.30999755859375,121.44999694824219,97321000
2026-05-29,114.68000030517578,126.63999938964844,113.54000091552734,123.8499984741211,191676100
2026-06-01,109.33000183105469,113.30000305175781,106.33000183105469,109.43000030517578,134900400
2026-06-02,107.93000030517578,109.0,104.16999816894531,107.44999694824219,106336200
2026-06-03,112.70999908447266,118.29000091552734,110.86000061035156,116.41999816894531,118928800
2026-06-04,111.77999877929688,113.13999938964844,107.4800033569336,108.4000015258789,77325800
2026-06-05,99.16999816894531,106.4800033569336,98.33000183105469,106.4800033569336,145209400
2026-06-08,110.2699966430664,112.54000091552734,106.66000366210938,111.0,136973900
2026-06-09,107.91999816894531,114.0,99.45999908447266,112.98999786376953,149623100
2026-06-10,107.04000091552734,111.5,104.91999816894531,106.02999877929688,122653500
2026-06-11,116.95999908447266,119.44000244140625,110.51000213623047,113.5199966430664,188430300
2026-06-12,124.56999969482422,127.5999984741211,115.33000183105469,117.41999816894531,151169400
2026-06-15,127.86000061035156,132.61000061035156,126.66000366210938,129.49000549316406,134507500
2026-06-16,117.05000305175781,128.6999969482422,116.0,125.11000061035156,132962600
2026-06-17,121.0999984741211,125.19999694824219,118.05999755859375,121.8499984741211,115324900
2026-06-18,133.99000549316406,135.47999572753906,127.9000015258789,131.80999755859375,233906600
2026-06-22,140.94000244140625,141.4499969482422,136.2100067138672,139.1199951171875,127190600
2026-06-23,132.27999877929688,137.97999572753906,128.3000030517578,129.72999572753906,132976700
2026-06-24,131.64999389648438,136.0800018310547,127.94999694824219,133.0500030517578,104591700
2026-06-25,132.8699951171875,140.72000122070312,125.41000366210938,139.72999572753906,122588800
2026-06-26,128.32000732421875,131.22999572753906,125.5,128.7100067138672,99475400
2026-06-29,131.72000122070312,132.0500030517578,118.5,127.0,106805300
2026-06-30,139.6300048828125,142.35000610351562,131.52000427246094,131.99000549316406,116996700
2026-07-01,127.0199966430664,135.74000549316406,126.68000030517578,135.0,113107200
2026-07-02,120.3499984741211,130.74000549316406,117.62999725341797,128.9199981689453,124577600
2026-07-06,122.19999694824219,127.30000305175781,121.5199966430664,122.56999969482422,86950200
2026-07-07,110.38999938964844,116.47000122070312,108.30000305175781,116.30000305175781,140405900
2026-07-08,110.23999786376953,110.48999786376953,104.41000366210938,108.30000305175781,105488100
2026-07-09,112.54000091552734,116.7699966430664,111.51000213623047,114.87000274658203,99352500
2026-07-10,109.83999633789062,110.8499984741211,107.44999694824219,109.58000183105469,70846600
2026-07-13,103.12000274658203,106.16999816894531,101.79000091552734,105.9800033569336,100988800
2026-07-14,107.76000213623047,109.19000244140625,103.58999633789062,107.9800033569336,91129000
2026-07-15,102.98999786376953,109.61000061035156,99.19999694824219,109.30000305175781,120625500
2026-07-16,96.9800033569336,101.87999725341797,95.4800033569336,101.13999938964844,107742900
2026-07-17,95.04000091552734,98.05000305175781,89.58999633789062,92.13999938964844,126779300
2026-07-20,97.05999755859375,100.9800033569336,96.91999816894531,97.58000183105469,89741400
2026-07-21,105.44999694824219,106.33999633789062,101.22000122070312,103.19000244140625,105429400
2026-07-22,102.62000274658203,106.8499984741211,101.4800033569336,101.55000305175781,78431000
2026-07-23,100.2300033569336,104.18000030517578,99.23999786376953,101.13999938964844,140806900
2026-07-24,92.31999969482422,101.73999786376953,91.58000183105469,100.36000061035156,181132900
2026-07-27,91.66999816894531,94.9800033569336,86.94000244140625,92.45999908447266,133247300
2026-07-28,86.30000305175781,88.27999877929688,83.0999984741211,86.62000274658203,154346700
2026-07-29,81.87999725341797,88.47000122070312,81.79000091552734,86.56999969482422,152394600
2026-07-30,91.12999725341797,94.0999984741211,85.97000122070312,86.51000213623047,140322600
2026-07-31,90.19999694824219,97.9000015258789,90.12999725341797,96.72000122070312,109039500
2026-08-03,91.0,91.68000030517578,85.62000274658203,88.4000015258789,96633600
2026-08-04,100.86000061035156,101.38999938964844,94.31999969482422,95.23999786376953,124355100
2026-08-05,101.05999755859375,102.83000183105469,97.9000015258789,99.30000305175781,85388400
2026-08-06,99.80999755859375,103.37999725341797,95.5999984741211,98.22000122070312,78088100
2026-08-07,101.6500015258789,103.66000366210938,98.02999877929688,102.33000183105469,76760600
2026-08-10,97.5199966430664,100.02999877929688,96.30000305175781,98.26000213623047,101153400
2026-08-11,97.70999908447266,98.3499984741211,95.3499984741211,96.77999877929688,164063600
2026-08-12,100.94999694824219,103.16000366210938,100.12000274658203,101.33000183105469,162446700
2026-08-13,104.55999755859375,107.56999969482422,100.33000183105469,101.51000213623047,116837600
2026-08-14,102.5,106.87000274658203,102.05000305175781,104.4800033569336,95387500
2026-08-17,103.48999786376953,105.97000122070312,101.80000305175781,103.55000305175781,88616800
2026-08-18,96.69000244140625,99.30999755859375,95.25,99.22000122070312,121969500
2026-08-19,92.80000305175781,98.19999694824219,91.27999877929688,97.41000366210938,110268600
2026-08-20,92.12999725341797,92.68000030517578,89.8499984741211,91.87000274658203,85654700
2026-08-21,90.06999969482422,92.7699966430664,89.75,92.70999908447266,91670100
2026-08-24,87.26000213623047,88.91000366210938,85.13999938964844,88.86000061035156,96903400
2026-08-25,87.4800033569336,90.18000030517578,87.29000091552734,90.05999755859375,81853800
2026-08-26,88.23999786376953,88.27999877929688,85.62999725341797,86.80999755859375,75752800
2026-08-27,92.08999633789062,92.94999694824219,88.45999908447266,89.91000366210938,100556800
2026-08-28,89.47000122070312,93.69999694824219,89.05000305175781,90.2699966430664,86172600
2026-08-31,89.51000213623047,91.8499984741211,88.97000122070312,90.0,65188200
2026-09-01,88.97000122070312,89.41000366210938,85.72000122070312,86.83999633789062,73962100
2026-09-02,90.05000305175781,90.43000030517578,87.5,88.8499984741211,61554500
2026-09-03,91.66999816894531,92.37000274658203,87.7300033569336,89.3499984741211,79927800
2026-09-04,95.80000305175781,95.94000244140625,91.87000274658203,92.44999694824219,97654300
2026-09-08,104.47000122070312,106.08999633789062,100.3499984741211,100.80000305175781,140269300
2026-09-09,106.23999786376953,106.69000244140625,102.69999694824219,102.69999694824219,96891400
2026-09-10,100.31999969482422,103.2300033569336,99.33999633789062,102.44999694824219,96887100
2026-09-11,102.94000244140625,104.9000015258789,101.06999969482422,102.47000122070312,86990400
2026-09-14,97.19000244140625,98.86000061035156,94.5199966430664,95.81999969482422,96459700
2026-09-15,97.13999938964844,100.4800033569336,96.5199966430664,98.83000183105469,84999300
2026-09-16,101.05000305175781,104.41999816894531,99.29000091552734,101.37000274658203,119923600
2026-09-17,108.80000305175781,111.37000274658203,104.69999694824219,104.69999694824219,149726000
2026-09-18,108.5999984741211,110.48999786376953,106.4000015258789,109.80000305175781,174996700
2026-09-21,121.77999877929688,124.7300033569336,114.93000030517578,116.52999877929688,191638400
2026-09-22,123.86000061035156,124.08999633789062,120.08000183105469,120.1500015258789,108379400
2026-09-23,122.5999984741211,124.25,119.44000244140625,123.87000274658203,85621100
