Date,Close,High,Low,Open,Volume
2015-01-02,102.27600860595703,103.67775427728037,101.38164097530255,103.25637173626298,46133100
2015-01-05,100.90863037109375,102.0867887576352,100.43565196208448,101.67400783926473,51141900
2015-01-06,99.1629409790039,101.27846217566345,98.34597373155509,101.14947218156748,67446000
2015-01-07,100.38407897949219,100.4098769726698,99.30911885685195,99.80789536736974,32252100
2015-01-08,102.08682250976562,102.20721753084844,101.00326075898376,101.18385985164454,28361700
2015-01-09,101.10643768310547,102.1985941582543,100.8828441656053,102.17279616797258,26975200
2015-01-12,100.77104949951172,101.48482450705627,99.95408253205669,101.21822996820566,27316800
2015-01-13,100.84844970703125,102.67158432362193,99.60149866673038,101.55362324118732,49991400
2015-01-14,100.44428253173828,100.70226904008393,99.36932234437394,99.73910891126873,34224200
2015-01-15,98.7501449584961,100.94305982034864,98.4491574160108,100.81406984573805,46199400
2015-01-16,100.35826873779297,100.56466579358886,98.20834861435237,98.38894767843266,41895700
2015-01-20,99.9368667602539,100.68504117941919,99.03390442095193,100.48724567974298,36444400
2015-01-21,99.61869049072266,100.46146202197748,99.14571202487475,99.58429754425406,27333500
2015-01-22,101.64822387695312,101.68262338728972,98.98232415570646,100.2378767583314,37877000
2015-01-23,101.57942199707031,102.13839594535375,101.08924050204469,101.68261395747457,28173400
2015-01-26,102.5597915649414,102.56838652150293,100.67645943435188,101.37303145589682,23006800
2015-01-27,102.0696029663086,102.55118294180808,101.14943747824489,101.35582795902536,26919100
2015-01-28,100.34969329833984,102.72320085229813,100.03150269621268,102.49101232066364,38086100
2015-01-29,101.73421478271484,101.75141125548045,99.83367977088193,100.63345025570051,39299900
2015-01-30,99.49830627441406,101.44183601220725,99.41231077685562,101.02905499951235,49739800
2015-02-02,100.40985107421875,100.47864351793697,98.36312332955589,99.85947215826761,44819100
2015-02-03,102.20720672607422,102.33620325246517,100.84845556202313,100.90005810920104,43920000
2015-02-04,101.82884216308594,102.54261081390284,101.56224754792592,101.83743712151528,28597100
2015-02-05,103.14459228515625,103.41118033868048,101.99223143762633,102.13842446304047,32337100
2015-02-06,103.03279113769531,103.90136088372145,102.63720654075195,103.28218271075379,31694900
2015-02-09,102.21578979492188,103.38534671730805,102.09539480829696,102.68017326949004,32367900
2015-02-10,102.86936950683594,103.05855694634306,101.5622145363833,102.79196897887113,28960800
2015-02-11,102.72319030761719,103.04138087708164,102.00942174746982,102.65439784373623,23794200
2015-02-12,103.89275360107422,103.98735062564315,103.05858341771358,103.33377953357702,27854600
2015-02-13,104.51192474365234,104.64952279237323,103.75515515879567,103.97874870744909,20446900
2015-02-17,104.83869171142578,104.9676816499029,104.27971125423171,104.62369973258456,16868500
2015-02-18,104.9505386352539,104.95914015587843,104.16796428436925,104.53775093876921,20450200
2015-02-19,104.95913696289062,105.24292152448805,104.52055127891255,104.70974536066927,16620500
2015-02-20,105.24288177490234,105.38047980458737,103.97013280549179,104.78709978338227,30331600
2015-02-23,105.34608459472656,105.37188258608613,104.28832102173615,105.00209606751628,25778200
2015-02-24,105.48370361328125,105.8190906897431,105.07951750548445,105.32030755411996,20023600
2015-02-25,105.6041030883789,105.81049363004547,105.11392145127267,105.40630750521389,17059600
2015-02-26,105.99105834960938,106.03405937497668,105.19988934671917,105.50947835846496,24379000
2015-02-27,105.41487121582031,106.08564515642934,105.38907322749453,105.8018541627764,23821700
2015-03-02,106.18024444580078,106.44683241230001,105.37187246862914,105.38907550190737,29683500
2015-03-03,105.55247497558594,105.93946452867863,105.13969399219624,105.93946452867863,23068400
2015-03-04,105.2257080078125,105.44070005481097,104.5807318668171,105.09671146740611,22822500
2015-03-05,105.53528594970703,105.70727694475151,104.83871389043024,105.37188991168965,19725600
2015-03-06,104.20231628417969,105.50947125938602,103.95292478810697,104.89889479425689,37319900
2015-03-09,104.65811157226562,104.84730559757176,104.15933507768254,104.37432709534211,17556300
2015-03-10,103.45416259765625,103.79814458065886,103.04997655048882,103.720750602794,32440300
2015-03-11,104.09052276611328,104.17651824998924,103.09295678225446,103.60034129088191,20914500
2015-03-12,105.81907653808594,105.90507203523568,104.6925138740061,104.76131289614023,41063300
2015-03-13,105.44068145751953,105.93946449323099,104.23672489447081,105.72447248415213,26371000
2015-03-16,106.05986785888672,106.27485988492305,105.67287827539978,105.87067382620901,19906300
2015-03-17,106.34366607666016,106.44685805705087,105.57828837622273,105.75028594526792,23142600
2015-03-18,107.19501495361328,107.5992009725844,105.64706989394419,106.12005492913067,40292600
2015-03-19,107.40142822265625,107.46162573435464,106.90264509084857,106.94564612536314,34008200
2015-03-20,108.34736633300781,108.49356587919225,107.76258783137546,107.80558885573004,34165600
2015-03-23,108.25279998779297,108.63118811396842,108.17540599527727,108.31299750231753,17132400
2015-03-24,108.22700500488281,108.62258962006818,108.06361549578622,108.15820596892783,30115600
2015-03-25,105.64180755615234,108.341722345089,105.56417073328586,108.28134107444392,42514000
2015-03-26,105.51239013671875,106.02132349948623,104.83956855633399,105.31399082352321,26899200
2015-03-27,106.18524932861328,106.2973906857741,105.11563532403638,105.56418100948297,23066800
2015-03-30,107.62576293945312,107.81553451806045,106.70278837346127,106.72004392482445,20487000
2015-03-31,107.2807388305664,107.57401741481566,106.87531889734473,107.20310200581126,24507800
2015-04-01,107.32386016845703,107.32386016845703,106.01272120705411,107.15997191144717,31955200
2015-04-02,107.52226257324219,108.04844504410595,107.21172844023849,107.27210971159671,23586400
2015-04-06,107.99667358398438,108.23820522502244,106.85805074334786,106.88393406925731,22045600
2015-04-07,107.30657196044922,108.25542295700733,107.28069522307092,107.7982497138242,20214700
2015-04-08,108.22959899902344,108.39349385709443,107.28936873570252,107.28936873570252,19314400
2015-04-09,107.84141540527344,108.45386246195739,106.76317374093031,108.13470056012848,22325300
2015-04-10,108.35897064208984,108.50560992082887,108.01393201247811,108.20370358781778,14966300
2015-04-13,108.4279556274414,109.02314700306593,108.32444866198561,108.41933443436237,22819200
2015-04-14,108.40206146240234,108.75572775369997,107.63435421370428,108.4624427095675,22600800
2015-04-15,109.16117858886719,109.66147767303265,108.61774062864504,108.82476774733169,37282300
2015-04-16,109.10082244873047,109.33371978455526,108.82479280798053,109.09219467153228,24439900
2015-04-17,107.33246612548828,108.29857282454105,106.80628377648475,107.92765750608059,48283500
2015-04-20,108.38485717773438,108.64363123751917,107.67753088461846,107.86730247709968,24602300
2015-04-21,108.27269744873047,108.90239339133464,108.18643944344518,108.72987738076405,13844600
2015-04-22,108.43659210205078,108.58323136892112,107.36697835978484,108.27269728551101,21991300
2015-04-23,108.92825317382812,109.15252921749952,108.04841112721411,108.2381826579312,18025800
2015-04-24,108.56599426269531,109.08354893124104,108.41935497980253,108.97141417039327,14992500
2015-04-27,107.36698913574219,109.47171889430568,106.99607375338984,108.86789963548824,32924600
2015-04-28,107.9621810913086,108.14332489542714,106.31462472170023,107.42737087362671,35654900
2015-04-29,106.78904724121094,107.73789850229748,106.64240138674676,107.36698314065606,26437900
2015-04-30,104.5290298461914,106.47849205245946,104.08048433962166,106.15070246971335,72393800
2015-05-01,105.2104721069336,105.37436688730381,104.29612560815767,104.82230129780349,47996200
2015-05-04,105.59002685546875,106.40085991220397,105.06384452639485,105.34849525405616,37675100
2015-05-05,104.24439239501953,105.77118612484148,103.7527145083622,105.53828226317715,56891600
2015-05-06,104.606689453125,104.79646103727978,103.71821938282285,104.4686779435082,34348300
2015-05-07,105.00350189208984,105.43479861022186,104.00289034711206,104.49456834253994,29826100
2015-05-08,105.7884292602539,106.31461163743953,105.58140873546306,106.03858207736378,26357100
2015-05-11,105.84880828857422,106.66827575790664,105.61591102572915,105.75392251232452,28406700
2015-05-12,105.65902709960938,106.02994239628477,104.26163048785895,105.53826459195349,34961600
2015-05-13,105.65902709960938,106.28009518530428,105.23635832281377,105.89193092227652,27214700
2015-05-14,106.78041076660156,106.84079202608606,105.62453248081638,106.16797039724058,23293200
2015-05-15,106.65963745117188,106.72001870454437,106.04719714380424,106.58200065051406,22055600
2015-05-18,107.86730194091797,107.96218773668693,106.24562221764118,106.44402158544857,30846000
2015-05-19,107.72064971923828,107.86729558291526,107.22897179790047,107.65164725634492,23256800
2015-05-20,107.9190444946289,108.22095082279978,107.25484399158861,107.97079798486837,20838500
2015-05-21,107.79828643798828,108.22958309072501,107.37561756100439,107.80691421374112,16229300
2015-05-22,107.33246612548828,108.03116447240032,106.96155080702782,107.61712344499448,22601400
2015-05-26,106.30598449707031,106.99606169190916,105.68491633792813,106.90980368782027,44037800
2015-05-27,107.60851287841797,107.71202644235399,105.91783082051687,106.40950873235002,32086300
2015-05-28,107.51361846923828,107.57399973142657,106.76315999827187,107.34972365141408,18631900
2015-05-29,106.86666107177734,107.59124271446892,106.37498325679718,107.48772917092349,33468900
2015-06-01,107.20306396484375,107.7378740288368,106.12482264466136,107.55673027677369,35649400
2015-06-02,107.41011047363281,108.0915599427835,106.51301926927337,106.78904885086035,29477600
2015-06-03,108.479736328125,108.62637561112592,107.32385787249115,107.61714301955767,30774800
2015-06-04,107.39285278320312,108.3589595308374,107.03056522073919,107.89315841578501,25820600
2015-06-05,108.16917419433594,108.27268115267394,106.37497899776363,107.15994186416263,36626500
2015-06-08,107.66886138916016,108.35893844332784,107.45321313236556,108.06565339193469,18798700
2015-06-09,107.34111022949219,107.70339782885294,106.53027043762951,107.57400752020567,23928300
2015-06-10,108.6781005859375,109.10077593458959,107.6947449986941,107.76375402472665,42563500
2015-06-11,108.95413970947266,109.15253903153237,108.60910771103343,108.83337719380621,17489400
2015-06-12,108.62638092041016,108.81615251054069,108.19508424504619,108.61775314420467,23578600
2015-06-15,108.28132629394531,108.51423014968823,106.90980622747888,107.91903871952746,30618300
2015-06-16,109.04901885986328,109.24741816987249,108.1001677596604,108.15192124007012,32800900
2015-06-17,108.88514709472656,109.51483647171925,108.66087101062992,109.32506490679626,32467000
2015-06-18,110.34294128417969,110.61897747783365,109.32508085380849,109.39408990222198,39642100
2015-06-19,110.29116821289062,110.54994880797787,110.06689213588595,110.25666369480807,23310900
2015-06-22,111.05024719238281,111.13649861035755,110.54130722918597,110.77421106575898,25230000
2015-06-23,111.28315734863281,111.35216639236985,110.756974907001,110.998499979016,23378500
2015-06-24,110.34294128417969,111.36080829561597,110.179053020529,111.0675165493261,26436800
2015-06-25,110.28255462646484,110.7742325555361,109.76499995076847,110.71385786745402,24100900
2015-06-26,109.98065185546875,110.70522710878183,109.39408811566365,110.49821312905235,38219900
2015-06-29,107.20306396484375,109.60969938121836,107.05642472475401,109.23015633057409,49224900
2015-06-30,107.70340728759766,108.10019944284912,107.21172933640942,107.97943689912324,39631300
2015-07-01,108.0225601196289,108.8247721389865,107.01332097323002,108.48835470281054,28627700
2015-07-02,107.2247085571289,108.24688653473088,106.8695485510619,108.11694736803102,31486400
2015-07-06,107.19007110595703,107.85708916108781,106.39312047682282,106.49707314500695,27852200
2015-07-07,107.31134796142578,107.40663625683362,105.27565608576852,107.31134796142578,39347100
2015-07-08,105.67414093017578,106.85224486230233,105.05910244647447,106.37580995131337,40724500
2015-07-09,106.0552978515625,107.00817431581459,105.91669427400755,106.85224859555643,29770400
2015-07-10,107.52789306640625,107.70980525200889,106.86088171919657,107.27667911229392,28735800
2015-07-13,108.74067687988281,108.83596518501425,108.06500097730157,108.08232311960629,21349900
2015-07-14,109.3470458984375,109.58093114391535,108.62805480359064,108.68002783392318,21009500
2015-07-15,108.76665496826172,109.56361224113944,108.5154409659285,109.41634430254295,22238300
2015-07-16,109.41634368896484,109.78883250288987,109.12182103138683,109.24309584438738,33568400
2015-07-17,108.93991088867188,109.47698318248953,108.59340858392974,109.41634577483329,24739900
2015-07-20,108.35086059570312,109.02653646525233,108.07366006950392,108.95723468145707,23271100
2015-07-21,107.8397445678711,108.97453954963208,107.51057108045623,108.34217247680463,28118700
2015-07-22,108.23824310302734,108.35951791968317,107.3113532277397,107.48460768652075,20654200
2015-07-23,107.04280853271484,108.61938763236526,106.8089232932586,108.272885351446,39712100
2015-07-24,105.31897735595703,107.1640927460086,105.2410111966406,106.96485837805463,39533000
2015-07-27,104.44406127929688,105.09375063948383,104.1841828916293,104.92916055336225,35627200
2015-07-28,105.33631896972656,105.51823122978362,103.37858616642477,104.74726691426334,53474800
2015-07-29,105.63082122802734,105.96865913996923,104.79055533099906,105.12839324294094,32411300
2015-07-30,105.93399047851562,106.06392964030528,104.82518863467388,105.3622608102333,29383900
2015-07-31,106.51441955566406,107.1294581123552,105.87339447825093,106.07262887644148,31812700
2015-08-03,105.98602294921875,106.68769217287036,105.21505852819327,106.57507508529278,34033200
2015-08-04,105.73477172851562,106.51440025381066,105.34496077035895,106.02063662262076,21728900
2015-08-05,105.97732543945312,107.00816800755605,105.60484321694273,106.19388855987931,25673500
2015-08-06,104.54800415039062,106.254522433861,103.75971129498802,106.08993236317666,42225300
2015-08-07,103.84634399414062,104.3314498727085,103.14468160649203,104.07157148744064,42261400
2015-08-10,105.04175567626953,105.26697651564862,104.2188120264472,104.23614077346438,28798900
2015-08-11,104.14088439941406,104.89451990105366,103.6471207018292,104.3661119167809,33383800
2015-08-12,103.94163513183594,104.24482218360251,102.19180799808166,103.57781066971604,46500100
2015-08-13,103.59513854980469,104.46139109368058,103.42189068462248,104.03692919769647,35698300
2015-08-14,104.26216888427734,104.37477934889702,103.10138690326869,103.50852670386911,21091500
2015-08-17,105.3622817993164,105.4055970648685,103.60379040519993,103.97627921841044,22328200
2015-08-18,104.52202606201172,105.21502407169108,104.40074463611144,105.21502407169108,26360400
2015-08-19,103.43921661376953,104.383428688516,102.85882240238448,103.86367849817046,45178900
2015-08-20,100.82312774658203,102.74620935021014,100.82312774658203,102.51231747464344,51879800
2015-08-21,99.64502716064453,101.05702300993136,99.07330392928148,99.73165109158047,79168300
2015-08-24,95.75553894042969,99.54972198805915,93.78048457018473,94.86330004588754,83809200
2015-08-25,95.01923370361328,98.83940358544346,94.90661665495226,98.79609492817376,59240200
2015-08-26,97.4360580444336,97.6179702276954,94.78532160938072,96.87299274825351,51605300
2015-08-27,99.17724609375,99.72298939420239,97.33213066250852,98.14641012097269,49533700
2015-08-28,100.15611267089844,100.22540784547176,98.93469351942052,99.06463271134099,41601400
2015-08-31,99.79227447509766,100.46795690296648,99.41112791076554,99.70565055633952,29250900
2015-09-01,96.93368530273438,98.85676749008854,96.67380683077361,97.98185035073702,45129200
2015-09-02,98.6748275756836,98.72680061193036,97.0895838803349,98.24170131634125,26865800
2015-09-03,98.51889038085938,99.73163847855129,98.36296468130163,98.82207740528236,33334500
2015-09-04,97.7739028930664,98.49288730433759,97.26281058155665,97.47937366411587,31154600
2015-09-08,100.00886535644531,100.11281805321936,98.84808998289279,99.23790103007488,29916300
2015-09-09,98.85670471191406,100.84908083209542,98.76141643997279,100.63251777931615,40963000
2015-09-10,99.30720520019531,99.86160637826751,98.5189187100234,98.53624085540794,29877900
2015-09-11,99.77496337890625,99.7922855209827,98.45826248468688,98.8913887354012,27949400
2015-09-14,99.31586456298828,100.08682886885019,99.12528792846366,100.06950011535722,22365800
2015-09-15,100.4333267211914,100.64988986722884,99.38516188744819,99.49777234415387,26745300
2015-09-16,101.29954528808594,101.36884044872113,100.30335382904686,100.44195075929775,27127800
2015-09-17,101.64604949951172,102.98874331100363,101.07432637436662,101.28222509178474,50405400
2015-09-18,100.24273681640625,101.21293535238588,99.96553629055752,100.27738770826008,42736100
2015-09-21,100.0608139038086,101.61140645149975,99.68832511739137,100.95305279455698,33021700
2015-09-22,98.54485321044922,99.38511891116252,97.92981493473678,99.14256274094167,35786900
2015-09-23,98.25035095214844,99.1166033991446,97.94716391749611,98.77010109854979,25506800
2015-09-24,98.08576202392578,98.25034548559024,96.90765823284109,97.70460885358035,39810300
2015-09-25,96.79483795166016,98.95800149653925,96.36915796063812,98.87981158834016,43750300
2015-09-28,94.0843734741211,96.56027664387203,93.71949830072505,96.47340412751988,56765300
2015-09-29,93.41543579101562,94.78804400522677,92.94631627623659,94.04092847738767,49980700
2015-09-30,94.86622619628906,95.06603893525012,93.74555954524536,94.24074014499061,50834500
2015-10-01,94.70116424560547,95.28321731778367,93.32855613645162,95.01391056485437,44985900
2015-10-02,96.1085205078125,96.1085205078125,93.05925369575779,93.8063692010341,58019200
2015-10-05,98.40198516845703,98.55835832891576,96.89907160822067,97.00332259117557,45220500
2015-10-06,97.724365234375,98.74947664863001,97.1075618637224,98.34985784347256,34140000
2015-10-07,99.45317840576172,99.47055025806853,97.84600700753042,98.25431513019683,36371000
2015-10-08,100.34793853759766,100.55643382317731,98.99270261146586,99.36626025493328,43072200
2015-10-09,100.54776763916016,100.89526428009427,100.2523998025318,100.53039578968966,26497200
2015-10-12,100.40007019042969,100.76493863166279,99.96570110478658,100.59119364858405,22984000
2015-10-13,99.02748107910156,101.03427114255538,98.97535889987725,100.00047040162303,37445300
2015-10-14,98.05448913574219,99.68771466754612,97.91548783365833,99.07091130242952,39987400
2015-10-15,100.40007019042969,100.40007019042969,97.87204555851886,98.33247572882915,42503400
2015-10-16,100.269775390625,100.59990019439753,99.40972630890461,100.59990019439753,33685600
2015-10-19,100.4609146118164,100.95609526706313,99.60086539542965,99.81805000962468,24949500
2015-10-20,100.32190704345703,101.03427222156974,99.93097081125704,100.40877955240784,20531400
2015-10-21,98.79293060302734,100.75628121690917,98.73211918094883,100.70415240659337,34060300
2015-10-22,99.66166687011719,100.26978107795789,98.80161773961456,99.39236009635171,36882600
2015-10-23,100.64336395263672,100.81711564676196,99.67038097733304,100.46961888646089,40172500
2015-10-26,99.95704650878906,100.66072917840562,99.84411289344375,100.42616607921724,19783300
2015-10-27,98.86243438720703,99.79198422716424,98.25431351926751,99.54873190321956,38189200
2015-10-28,101.74662017822266,101.76399202589346,98.96665396669626,99.15777743080734,65529900
2015-10-29,100.66071319580078,101.73794687466157,100.39139980512496,101.41651130486349,27252000
2015-10-30,100.20030212402344,100.79973385014105,99.9744348710089,100.39142566730438,28018700
2015-11-02,102.2852554321289,102.5719406894325,100.26978264723788,100.29584373827494,33836900
2015-11-03,102.81519317626953,103.4059355813221,101.98120506818618,102.15495010522294,28626300
2015-11-04,102.7630615234375,103.37986496442615,102.24181983239968,103.07580786364973,25696000
2015-11-05,102.84123229980469,103.03235577648577,101.7205591548585,102.7196094742707,27141300
2015-11-06,103.57099151611328,103.69261436000754,101.89432616477335,102.51981886362836,35141300
2015-11-09,102.35475158691406,103.63179801508629,101.87694284577901,103.44067451863228,32983100
2015-11-10,102.65882110595703,102.65882110595703,101.60764837619477,101.92039474861394,21892200
2015-11-11,101.76402282714844,102.80650632953625,101.71190064041359,102.78044523616882,22037600
2015-11-12,99.81804656982422,101.1993374870891,99.67036262796852,101.06034278532732,39916100
2015-11-13,99.09696960449219,100.20026424000072,98.74079037681969,99.41840513556708,43883000
2015-11-16,99.94834899902344,99.98309270014461,98.48017907862035,99.00142075875624,28979100
2015-11-17,99.56609344482422,100.90395117315462,99.42709214050299,100.03521290498789,34441000
2015-11-18,101.25147247314453,101.3383449955359,99.4879277916515,99.84411374978932,35554300
2015-11-19,100.82575988769531,101.33831890535554,100.54776391084555,101.1558846669179,25512500
2015-11-20,101.47734069824219,101.95514951799072,101.10378288315206,101.19066203434174,31697700
2015-11-23,101.98118591308594,102.41555505203867,101.36438253112671,101.39044361899234,22716400
2015-11-24,102.72830963134766,102.87599355977197,101.26013970256528,101.5381357087542,24994500
2015-11-25,103.52752685546875,103.65783890747343,102.60666650974255,102.7717288841449,20772600
2015-11-27,103.91848754882812,104.16173323510094,103.27561637459526,103.61442381303924,14129300
2015-11-30,103.46673583984375,104.30941309721268,103.42330289924647,104.2659735286678,30165400
2015-12-01,104.15303039550781,104.17040887251399,103.29298136621756,103.9097847409972,27899900
2015-12-02,103.03236389160156,104.28334919899292,102.90205181742373,104.01404243952017,22238300
2015-12-03,101.29490661621094,103.77080998731188,100.89528770613401,103.31906888877451,39485400
2015-12-04,102.32000732421875,102.45031940934055,101.0690219117662,101.29489575078078,32669900
2015-12-07,100.78233337402344,102.22443552459633,100.34796421826877,102.19837443572261,29621400
2015-12-08,100.2263412475586,100.78233323592693,99.43578620375364,99.87015535891311,30946000
2015-12-09,99.10568237304688,100.92134252293509,98.68868500745509,99.93098123609637,41980400
2015-12-10,99.435791015625,99.97441118014856,98.7321150711577,98.94061041989845,31278800
2015-12-11,97.22052001953125,98.46280960057115,96.89039517717544,98.401998176129,52609300
2015-12-14,96.5255126953125,97.62880741603892,95.80445831820418,97.1857556567579,53400400
2015-12-15,97.9155044555664,98.132689055981,96.95120429948972,97.06414453359204,48273900
2015-12-16,99.40970611572266,99.60082956793687,98.01972641045487,98.59309013915143,44560600
2015-12-17,98.34988403320312,99.8528045429411,98.1413886506324,99.82674344861334,41318000
2015-12-18,96.84695434570312,98.0718719748383,96.81220401628791,97.87206586563534,49876600
2015-12-21,97.57667541503906,97.84598213901113,96.86431034844638,97.44636335803929,26479300
2015-12-22,98.47148132324219,98.61916523805147,97.1162517465039,97.85467794849728,28108700
2015-12-23,99.71377563476562,99.87014878544844,98.80160444573832,98.96666020683077,29609700
2015-12-24,99.90227508544922,100.47813418946193,99.59689828334325,99.84992667843535,13370500
2015-12-28,99.43982696533203,99.52707651220308,98.5585912314929,99.44855391703325,22125500
2015-12-29,100.51300048828125,100.59152973348378,99.52706804476229,99.88479981022677,22841500
2015-12-30,99.50089263916016,100.64387690247798,99.46599149246249,100.38212828731515,21273200
2015-12-31,98.2619400024414,99.43982550974309,98.16596350527404,99.08209371908039,39517700
2016-01-04,95.98467254638672,96.70012932911064,95.17323928552926,96.50817637284358,66665900
2016-01-05,96.1940689086914,96.48199833160723,95.58331557830518,96.33367347375801,28253300
2016-01-06,94.7282943725586,95.6269775064157,94.23096454815636,94.84171813717143,35569200
2016-01-07,92.19799041748047,93.79468289601915,92.0409385891535,93.11412719217327,52482000
2016-01-08,90.61004638671875,92.91346931085644,90.44427422511484,92.37251806238918,60299300
2016-01-11,90.21739959716797,91.42145918921202,89.2663616665307,90.92412950372503,47144800
2016-01-12,90.48788452148438,91.60469469168133,88.94354691416501,90.93286586191756,53702900
2016-01-13,87.5824203491211,91.10735627336972,86.9454927299563,90.66238163205065,70591600
2016-01-14,88.79519653320312,89.61535674033276,86.54412942356747,88.00121717548782,69373400
2016-01-15,87.35559844970703,87.50392337356027,85.07834955820972,86.44818834311636,85759200
2016-01-19,86.17767333984375,88.29786954954828,85.27899052765885,88.18444582553404,51391100
2016-01-20,86.53541564941406,87.53880201494323,82.94067730443346,85.00852537999982,94385800
2016-01-21,86.33472442626953,88.0448471623407,85.83739478409231,86.66628195886263,65798200
2016-01-22,88.44619750976562,88.65559770593556,87.36428207334446,87.81799026454358,46056700
2016-01-25,86.48306274414062,88.19317895786068,86.24748167281916,87.89652254521755,35019600
2016-01-26,88.21063995361328,88.47239526106135,86.53542462474476,86.83207442691952,33349600
2016-01-27,86.99784851074219,88.63816259915077,86.43071647985875,87.76565383062658,47973900
2016-01-28,86.98040771484375,88.07976405187934,86.5703274981514,87.73076584395865,41951100
2016-01-29,89.83348846435547,89.85094236485408,87.2159625534242,87.2857648419934,42245300
2016-02-01,89.4234390258789,89.94694305636494,88.34152980864579,89.1180622294883,33615700
2016-02-02,87.49520111083984,88.53348894690556,87.05021965870948,88.41133821992317,39692700
2016-02-03,87.60858154296875,88.18443369057657,85.62798352331319,88.175706741711,55262500
2016-02-04,87.94888305664062,88.96971667788783,87.2246992097538,87.25087340670167,51188400
2016-02-05,85.54076385498047,87.63478631376938,85.47096155312093,87.55625705999894,53366600
2016-02-08,84.13603210449219,84.64208885575056,82.83599572883111,84.64208885575056,61107700
2016-02-09,83.56885528564453,84.74674031965492,82.90574702349289,83.00172348209554,55857200
2016-02-10,83.6125259399414,85.4360662684112,83.48164827914691,84.15347717471096,42756100
2016-02-11,82.70510864257812,83.23733953469642,81.7017222071069,82.08562820318272,57923200
2016-02-12,84.27562713623047,84.45013290131496,83.05412006421051,83.46420029126618,40097300
2016-02-16,86.2736587524414,86.46561173350206,84.82529775694293,85.32262745482134,38882100
2016-02-17,87.62603759765625,88.20188980318487,86.84077853856066,86.87567968082182,40940400
2016-02-18,87.20724487304688,87.80927802670345,86.84951975535171,87.69585428825637,35043600
2016-02-19,87.64350891113281,87.73948541453225,86.4743502794873,86.86697658851116,32424800
2016-02-22,88.62069702148438,89.00460293037219,88.33276758981852,88.42001711728058,28867400
2016-02-23,87.80928802490234,88.55091919826764,87.73076542550896,88.33279199100055,29857100
2016-02-24,88.65560913085938,88.83883515820918,86.35218670601456,86.91931868974287,36909600
2016-02-25,89.46703338623047,89.5193817725175,88.46364715655038,88.8126519307929,22612600
2016-02-26,90.0341796875,90.27848107146217,89.60664560885273,89.92074929015081,27474700
2016-02-29,89.63282012939453,90.76707742574513,89.62409317866583,89.98181827798672,32014400
2016-03-01,91.5610580444336,91.5610580444336,89.92946450489038,90.40934691555385,36422700
2016-03-02,92.50337219238281,92.56444753692821,91.25568444805815,91.4301901872688,24937100
2016-03-03,93.47187805175781,93.48933195788982,92.41614305907387,92.52957347878758,28216300
2016-03-04,93.98664855957031,94.51015250576837,93.07051166118833,93.41951651089165,38180900
2016-03-07,95.0074691772461,95.09471871348526,93.54165433560394,93.54165433560394,38739900
2016-03-08,92.71278381347656,94.48397555244605,92.60808036460386,94.48397555244605,46193900
2016-03-09,93.18394470214844,93.36717075566753,92.54701033416048,93.0268928481729,25627200
2016-03-10,92.42485809326172,93.78596970058244,91.44764583404633,93.44569179875226,47051200
2016-03-11,94.40541076660156,94.51884112436257,93.06175362375782,93.17517732480769,33625000
2016-03-14,94.16114044189453,94.527592510486,93.70743883174032,94.11751899946982,24422700
2016-03-15,92.69530487060547,93.60271454557677,92.51207887710817,93.541639214411,34258400
2016-03-16,93.3497085571289,93.64636499126352,92.25035233369498,92.25035233369498,37952200
2016-03-17,94.78062438964844,95.19070457273284,92.77385823171166,93.34971055295836,41724500
2016-03-18,95.63567352294922,95.93232326830498,94.84168745735694,94.90276279650152,36512600
2016-03-21,95.4088363647461,95.92362002048233,95.17326191667283,95.48736561857979,29903700
2016-03-22,95.29541778564453,95.70549801075056,94.64103614729598,94.91151176099815,23602100
2016-03-23,93.53376770019531,95.03023721034491,93.4637624675258,94.98648477451435,39243300
2016-03-24,93.81381225585938,93.83131857222496,92.53612490601202,92.97368934130373,30924300
2016-03-28,93.92755889892578,94.32136411777677,93.24495962534318,94.01507042792582,21096400
2016-03-29,96.53544616699219,96.56169896010236,93.43748972265021,93.67377821404617,46761100
2016-03-30,96.54423522949219,97.24434113075101,96.30795332692253,97.04305851421007,35683500
2016-03-31,96.81549835205078,97.28806871312189,96.56171019462168,96.68423437122796,28555900
2016-04-01,97.24430084228516,97.33181237451018,95.80909034834876,95.92285467257108,29981400
2016-04-04,96.43043518066406,97.41932822436821,96.35167012447933,97.06052892333305,21529400
2016-04-05,95.3365249633789,96.1416417839618,95.2490067499528,95.71283058032343,32515800
2016-04-06,96.41293334960938,96.50044488978126,95.03022831410475,95.32777556273224,28157800
2016-04-07,95.10902404785156,96.15917622200719,94.62770040661917,95.71286522017863,33298400
2016-04-08,95.48532104492188,96.3254440425475,95.06525620775703,95.92288552347924,26151700
2016-04-11,95.18775939941406,96.74549431703055,95.17025976065571,96.03663542831033,25842100
2016-04-12,96.21167755126953,96.42170662684914,94.89023098581069,95.20527793753205,25058700
2016-04-13,98.28572845458984,98.39074633029777,96.7105003791943,96.77175913751462,40534700
2016-04-14,98.16322326660156,98.62704059166548,97.90943504262786,98.24198835245086,25538600
2016-04-15,98.40826416015625,98.56578766448146,97.89194119841007,97.92694716344957,21176100
2016-04-18,99.1520767211914,99.23083509329031,97.90064250979651,97.99690719349624,19428300
2016-04-19,99.2308349609375,99.87842827857062,98.79327064532292,99.33585280029757,23228100
2016-04-20,99.37965393066406,99.94848915508292,98.86333099001169,99.23088359285285,21422500
2016-04-21,98.88079833984375,99.69466836702043,98.59201091861539,99.30086308926187,20535700
2016-04-22,99.8609390258789,99.9309509260645,98.87204597339087,98.87204597339087,29094500
2016-04-25,99.1520767211914,99.68590572108933,98.72325888409202,99.5896410373896,16369600
2016-04-26,100.12348937988281,100.22850056296818,99.03832485884604,99.47588925957615,30564100
2016-04-27,100.47354125976562,100.68357699125914,99.67717747713827,100.18475381319274,24360300
2016-04-28,99.32711791992188,100.63981110829089,99.05583013087052,100.00096415220206,26126500
2016-04-29,98.43448638916016,99.29210883959489,97.76938665852525,98.8983035661691,33284500
2016-05-02,99.30958557128906,99.33583835813685,98.17191584541315,98.7407507083511,21881000
2016-05-03,97.68187713623047,98.50449365187497,97.07803613957535,98.49574717127327,37929600
2016-05-04,96.87676239013672,98.00567942375716,96.58797493985973,97.13055056141916,30767200
2016-05-05,96.49169921875,97.4280867275183,96.35167541193853,97.2705632832067,26249200
2016-05-06,97.060546875,97.07804651477643,95.86161791085885,96.08915328817324,25497400
2016-05-09,97.3405532836914,97.91813466506875,96.81547080300153,97.06925888821468,23427000
2016-05-10,98.32074737548828,98.36450649864497,97.20058326040669,97.71691287149558,18635300
2016-05-11,97.10429382324219,98.2507104498373,97.02553543364546,98.10194015168587,23604600
2016-05-12,96.58796691894531,97.56810689028039,95.82660246832371,97.30557225940255,34803000
2016-05-13,95.94914245605469,97.08681281998021,95.70410740578257,96.31669503146286,24510300
2016-05-16,97.1655502319336,97.5943614772645,96.15040428917227,96.19415672343702,27337000
2016-05-17,95.62532806396484,97.50685645754369,95.18776363181642,97.034286069619,46676300
2016-05-18,96.12416076660156,96.8417729160095,95.20527937413536,95.22277901540441,35734400
2016-05-19,95.3540267944336,96.06287893792246,94.50515084760238,95.42403869610476,36995600
2016-05-20,96.95551300048828,96.95551300048828,95.59031431538051,95.64281990274547,37404500
2016-05-23,96.84175872802734,97.48059902966592,96.70173491157321,96.93801675596075,23721700
2016-05-24,98.8370590209961,99.08209404204216,97.37558869969382,97.4105946565152,41124300
2016-05-25,99.41462707519531,99.67716837724224,98.95956305191035,99.15209244985107,26202900
2016-05-26,99.30086517333984,99.78218200329054,99.10833577067844,99.56339980512128,15157200
2016-05-27,100.28975677490234,100.28975677490234,99.33586961025922,99.37962204320367,21265100
2016-05-31,100.6397933959961,101.11236366184237,100.20222907688307,100.48226997404734,32764400
2016-06-01,101.3224105834961,101.47118087589482,100.13223489090068,100.29851149811267,26806100
2016-06-02,102.1012954711914,102.1012954711914,100.96363181461274,101.06864301806986,23303300
2016-06-03,101.48869323730469,101.92625765986669,100.63981718926188,101.92625765986669,28733200
2016-06-06,102.58259582519531,102.8976427175681,101.52369081121556,101.58494955824901,26946000
2016-06-07,102.88011932373047,103.2476784216143,102.35504348251273,102.64383753202803,21038500
2016-06-08,103.64148712158203,103.82526333835847,102.95888783735478,102.96764099340179,27999900
2016-06-09,102.9764175415039,103.21270608685603,102.64387095833483,103.21270608685603,23440700
2016-06-10,101.57621765136719,102.28506996915058,101.24367105171534,102.02253528838462,32686800
2016-06-13,100.47354125976562,101.67247018940392,100.28101184424818,101.20865296658644,36169500
2016-06-14,100.18476104736328,100.73608985976196,99.47590208661784,100.1059959731899,34267600
2016-06-15,100.25475311279297,101.12988191210633,100.16724156820221,100.54354721897506,24197700
2016-06-16,100.24601745605469,100.28101673630772,98.79330028752051,99.5196588717876,36306600
2016-06-17,99.81718444824219,100.56979571763105,99.4846379223249,100.12348485627686,30096400
2016-06-20,100.90235900878906,101.90875184425927,100.90235900878906,101.33992343349898,28219800
2016-06-21,100.7098159790039,100.99861006268009,100.05346943066843,100.93734464186784,34706800
2016-06-22,100.3160400390625,101.40995134546871,100.19352250688138,100.90238157359184,27226100
2016-06-23,102.23255157470703,102.31131664277281,101.27866433689887,101.35742272826143,30240300
2016-06-24,98.34697723388672,99.79969432194194,97.57686625361485,97.9619250821024,74945400
2016-06-27,95.11775207519531,97.20055623018,94.68018767212857,97.20055623018,58358800
2016-06-28,96.58796691894531,97.03427779444847,95.88786121653214,95.95787312211402,42040600
2016-06-29,98.78456115722656,98.93333816459557,97.60313831815984,97.7519086488243,34031600
2016-06-30,100.6223373413086,100.65733662649865,98.5132732049147,98.99459683508475,42973800
2016-07-01,100.98113250732422,101.4712025997694,100.46480961374152,100.68359185882659,24401900
2016-07-05,99.49340057373047,100.86735259399087,98.95081828594935,100.65731686386083,29347200
2016-07-06,100.21583557128906,100.32143022915207,98.82553611960864,99.02792420216926,24678300
2016-07-07,100.427001953125,101.18374676214916,99.79345424839639,100.50619961207408,20780600
2016-07-08,102.76763153076172,103.03160805944283,101.32453835784561,101.41253053407264,37964800
2016-07-11,103.95552825927734,104.21071023426524,103.36597337570451,103.44516430930155,26987300
2016-07-12,105.34585571289062,105.96180774059769,104.56271382907437,104.712301219607,44153000
2016-07-13,104.9322738647461,105.93539946776691,104.66829061621519,105.88260550340989,28050200
2016-07-14,105.03787994384766,105.90901401745617,104.9762847409334,105.85622004735069,19345400
2016-07-15,105.32825469970703,105.62743619827137,104.9586834779867,105.49544455812163,23857300
2016-07-18,105.50425720214844,105.90022545205107,105.00269428603038,105.17867868301501,17422400
2016-07-19,104.97625732421875,105.56581221433424,104.65067892906136,105.38102665385202,19734100
2016-07-20,105.66265106201172,105.97942836292488,104.65952518024497,105.19628634493812,22390500
2016-07-21,105.16105651855469,106.12018265398285,104.93227148923214,105.60102411389738,19018700
2016-07-22,105.94422149658203,106.16420534241657,105.02028665872734,105.22267475077976,17796100
2016-07-25,105.78580474853516,105.9969873046739,105.38103538536409,105.72420955660418,13694600
2016-07-26,106.29618072509766,106.44576810616257,105.52183340970622,105.76821420519506,19551100
2016-07-27,106.59535217285156,106.88573240709454,105.90020254240912,106.4721617789375,21064700
2016-07-28,106.32255554199219,106.6833254277799,106.05857233707685,106.36654826723023,16540100
2016-07-29,106.53376007080078,107.14091753942496,105.63622907287096,106.2169828448554,30267900
2016-08-01,106.62174224853516,107.08810681148117,105.97939333807565,106.64813922932493,34771700
2016-08-02,105.13465118408203,106.65693518353437,104.80027154162931,106.61294245551893,28691000
2016-08-03,105.9881820678711,106.03218150903284,104.80027100359786,105.0378572444758,17830300
2016-08-04,106.0849609375,106.63932428137048,105.82098446680233,105.98816755089948,17526700
2016-08-05,107.6160659790039,107.86244673415483,106.44575067866491,106.77132237081203,28643400
2016-08-08,107.56327056884766,108.10003154598323,107.3784849934461,107.66006397215882,14625700
2016-08-09,107.67765808105469,107.9064363680668,107.4752700589127,107.58965920241876,12487700
2016-08-10,106.9033432006836,107.88007197085315,106.60416840575724,107.68648512078367,19138100
2016-08-11,107.41371154785156,107.70409183440673,106.97374385793435,107.37851332705328,21144600
2016-08-12,107.51927185058594,107.7568513733339,107.02650363025691,107.20249467800728,12251200
2016-08-15,108.58401489257812,108.839196929378,107.73047659685486,107.7568735811146,22048000
2016-08-16,107.7040786743164,108.33763314452463,107.58088827326185,108.30243492802714,20244300
2016-08-17,107.38729095458984,107.79206033473187,106.76253777784633,107.73926637182677,20632600
2016-08-18,108.17924499511719,108.2056419792612,107.3873019039298,107.4225001205796,16244600
2016-08-19,108.17924499511719,108.29363416419905,107.5984844904553,108.02965089601213,17379500
2016-08-22,108.42560577392578,108.53119369100155,107.64246405987714,107.95044000696838,16929700
2016-08-23,109.182373046875,109.51674604225873,108.76880238396377,108.76880238396377,21539400
2016-08-24,108.29364013671875,109.33196408834624,108.02965685397284,109.05918628598289,21533400
2016-08-25,108.50480651855469,108.83918618850873,107.88885456870159,107.89765580037742,17023200
2016-08-26,108.28482055664062,109.47273841435027,107.61607465684018,108.62799473804083,26734400
2016-08-29,108.84798431396484,109.26155494258857,108.44321491730861,108.46961189983813,14013900
2016-08-30,109.05037689208984,109.26155947445825,108.56640981439845,108.96238470888412,14031300
2016-08-31,108.43441009521484,109.01516379579965,107.83605393236765,108.91837039347345,29236300
2016-09-01,108.51361846923828,108.78639625777934,107.36969991980276,108.5312142209553,22964700
2016-09-02,109.56072998046875,109.57832572999831,108.78638273371645,109.12076239513134,23083300
2016-09-06,109.66632843017578,109.96550990787443,109.08557465274333,109.9215104597686,13711000
2016-09-07,110.35267639160156,110.37907337339905,109.53433638901562,109.59593158433402,17830500
2016-09-08,110.13270568847656,110.35268951411187,109.7895247441818,110.26469061315888,16265500
2016-09-09,106.69215393066406,109.29676158390266,106.65695571345324,109.27036459933792,54239000
2016-09-12,108.17924499511719,108.2056419792612,106.10259720639174,106.19939062383538,33408100
2016-09-13,106.10260009765625,107.492899483029,105.48664135955985,107.40490058231983,47536200
2016-09-14,106.12017822265625,106.88572422339934,105.8474004732136,106.26976558761689,30545500
2016-09-15,107.38729095458984,107.51928257522528,106.04099119352834,106.19057856400791,29499800
2016-09-16,107.22891235351562,107.38730097037619,106.56015966972959,107.38730097037619,31940500
2016-09-19,107.94166564941406,108.71601303873722,107.34330935465245,107.63368962564863,22807000
2016-09-20,107.48408508300781,108.43441670190913,107.48408508300781,108.4080130069068,16877900
2016-09-21,109.04157257080078,109.08557201784384,107.44009071367996,107.86246257982496,30784700
2016-09-22,110.60783386230469,110.69583273860877,109.69270731176184,109.75430249715168,36287700
2016-09-23,109.82469940185547,110.76622970505878,109.82469940185547,110.48465073718597,26118000
2016-09-26,108.73410034179688,109.56352083539211,108.61938831073644,109.23704931788585,20028000
2016-09-27,109.17532348632812,109.30767321335769,108.36354034628168,108.6811931550109,16939500
2016-09-28,110.01354217529297,110.084133166577,108.59293045235728,109.36941116069924,19426400
2016-09-29,108.40764617919922,109.97825888395907,108.26646418096416,109.96061450014379,26657700
2016-09-30,109.59883880615234,110.10178788539764,108.4076443270901,108.90176784861445,31764500
2016-10-03,109.25469207763672,109.50175378406212,108.64585663542658,109.26351763341665,18674300
2016-10-04,108.7164535522461,109.68705605129601,108.22233011242294,109.43116877512274,26057300
2016-10-05,109.36941528320312,110.01354632207634,109.10470915380152,109.14000465077395,24317300
2016-10-06,109.25469207763672,109.43116280167582,108.372324993588,109.19292665103038,18937100
2016-10-07,108.38114929199219,109.69587434703267,107.85173039409028,109.44881264347354,28732700
2016-10-10,109.67825317382812,110.06649019074032,108.38117222377393,108.38117222377393,21481700
2016-10-11,107.67529296875,109.51061878022864,107.06645730726693,109.45767889033586,31931300
2016-10-12,107.58699035644531,108.18700008409411,107.23404226984164,107.72816555193188,20210400
2016-10-13,106.69583129882812,107.12819603771182,105.98111608072637,106.75759672839338,26302500
2016-10-14,106.26345825195312,107.50759222337332,106.23698831901827,107.08405983256363,24554600
2016-10-17,106.13994598388672,106.63406943694072,106.02524067712123,106.39583326691172,17119500
2016-10-18,106.7487564086914,107.27817523149118,106.46639925440316,107.22522863686329,19158900
2016-10-19,107.19879913330078,107.60468727491703,106.32525740964688,106.9164418725274,18477400
2016-10-20,106.8811264038086,107.6487882186979,106.24582773471353,106.88995195991359,20485600
2016-10-21,106.82820892333984,107.09292180656118,105.97231156377623,106.1134935633418,21093700
2016-10-24,107.50762939453125,108.18705599042809,107.16350668354444,107.68410689499134,15421600
2016-10-25,106.70466613769531,107.6399732187429,106.41348334501643,107.48114685291146,16459800
2016-10-26,105.64581298828125,106.76641621293128,105.4075701078446,105.98111005372087,24975300
2016-10-27,104.43700408935547,106.0076169554745,104.19876112583962,105.9899725698465,29525700
2016-10-28,104.14578247070312,105.02814952609423,103.89872077230183,104.39284416910441,35473700
2016-10-31,104.56050872802734,104.68403959218982,103.94285440721494,104.27815150538063,20311800
2016-11-01,103.28106689453125,104.73696715557624,102.60164048957894,104.70167839733,34147200
2016-11-02,101.9663314819336,103.2369421549805,101.81633070301172,103.12223686496839,29859900
2016-11-03,101.47222900390625,102.56636245779127,101.36634251536478,102.27518639517544,22717500
2016-11-04,102.12516784667969,103.1487169298162,101.51633911598475,101.73693089439243,35237200
2016-11-07,104.62226104736328,104.84285281028106,103.86342484437203,104.11931209718782,32370900
2016-11-08,104.89580535888672,105.40757992638117,103.86343739930206,104.38403752331944,26196800
2016-11-09,108.12531280517578,108.38120018456952,104.16348466834299,104.1899546158786,77416800
2016-11-10,109.85472869873047,110.6488606140226,108.19588060050886,109.64296243196198,83440700
2016-11-11,112.3782958984375,112.69594865377533,109.89884602720478,110.32237854636988,95612800
2016-11-14,113.95771789550781,114.93714602091424,113.28712367402018,113.78124714920632,83119400
2016-11-15,114.31067657470703,114.61067819957518,113.20771754458414,113.69302221060929,38704500
2016-11-16,114.30182647705078,114.7077212609928,113.8518241098602,114.04594594602554,42325500
2016-11-17,114.97246551513672,115.44011912180294,114.48716079203301,114.66363156483702,42576900
2016-11-18,115.58128356933594,115.66951221040796,114.97244805136299,115.3165707184101,41380600
2016-11-21,116.11954498291016,116.47248652623479,115.24599648697493,115.86365091972147,32293100
2016-11-22,117.17839050292969,117.26661916242392,116.18131105725517,116.57837368462347,39681500
2016-11-23,117.91072845458984,117.92836610389776,116.56070777053962,116.89599813749786,37939200
2016-11-25,118.2989730834961,118.32544302151882,117.83130609610065,117.99895801281427,13373400
2016-11-28,116.76366424560547,118.23721599344309,116.60483113336424,118.2107460520456,32505700
2016-11-29,116.70191192626953,117.43427851185396,116.56074336941958,116.92250378467959,27993700
2016-11-30,116.12834167480469,117.43424129282648,116.03128074931192,117.28424049231118,32491200
2016-12-01,115.5636215209961,116.95776317102779,114.96360488474723,116.69305034514899,39815900
2016-12-02,115.5018539428711,116.00480967837971,115.16656358305282,115.53715616844406,24054100
2016-12-05,117.48719787597656,117.6460309874865,116.37541995083176,116.44601094885215,27547100
2016-12-06,118.7578125,119.04017650061108,117.12544106198324,117.81368648365199,27820000
2016-12-07,119.9136962890625,120.16075802629472,118.39602363814748,118.75779741904284,31825800
2016-12-08,121.80198669433594,121.95200099649428,119.82549238839051,120.22255501493436,49048900
2016-12-09,122.04021453857422,122.49023046159002,121.54609102329539,122.1196243612749,34313500
2016-12-12,120.7519302368164,122.26960256525226,120.45191522204966,121.72252586574963,34592900
2016-12-13,120.76078033447266,121.8107994984597,120.21371695714383,121.35196476632765,32624600
2016-12-14,119.25190734863281,121.19312572619114,118.95190576804774,120.37251732770451,45923700
2016-12-15,120.14315795898438,121.0078743097935,119.0843196876464,119.446080117851,41352500
2016-12-16,119.92250061035156,121.35193082295515,119.6754389307374,120.31074423941716,39348200
2016-12-19,120.70785522460938,121.05197794985199,119.92254882783226,120.03724742700835,33393900
2016-12-20,121.73136901855469,121.9519607898914,120.87547186865993,121.1313523993151,31753600
2016-12-21,120.93721771240234,121.89899450190539,120.89309667005274,121.63429517551137,23215900
2016-12-22,119.89443969726562,121.1614228583233,119.44256760311744,120.99307941300458,34737900
2016-12-23,120.53233337402344,120.60321552520772,119.85011801772721,120.01846143686637,17081400
2016-12-27,121.07281494140625,121.64872743084446,120.682983334257,120.70069373499797,13571700
2016-12-28,119.8324203491211,121.36520833599462,119.46029911343226,121.2854709682165,22712400
2016-12-29,119.93869018554688,120.72723539431313,119.33621228194374,119.86780804640786,21312900
2016-12-30,119.47799682617188,120.1690809007674,119.07928303596154,120.1425017840051,28399300
2017-01-03,120.07164001464844,121.23230670824816,119.16790933316099,120.93106765421577,29792400
2017-01-04,122.0739517211914,122.23343989152711,120.50571672324504,120.54116454749021,34499400
2017-01-05,120.6652603149414,122.05628386932433,120.06276870050404,121.81707178302669,30286900
2017-01-06,120.22220611572266,121.12593639559843,120.21333739964567,120.86013178158976,23436000
2017-01-09,119.43370819091797,120.24883274847309,119.16790347186118,120.08934450928317,24077900
2017-01-10,120.57661437988281,120.83356382090635,119.39822418058078,119.61087059528452,21684900
2017-01-11,120.78929138183594,121.1968468806574,119.98302206455622,120.70068530675879,27428800
2017-01-12,119.85897827148438,120.69182668378711,118.36162487311735,120.63866844800414,41844200
2017-01-13,120.72723388671875,121.35630441410589,120.18676941199531,120.18676941199531,27784500
2017-01-17,119.08819580078125,120.22228360005595,118.84011493965197,120.14254622027718,28197800
2017-01-18,119.47799682617188,119.55773417645874,118.68058276513919,119.39824595649702,21289700
2017-01-19,118.5033950805664,120.00074855347172,117.98950957676882,119.73494384193654,34105900
2017-01-20,119.1147232055664,119.50456825217536,118.50337652060118,118.50337652060118,29286100
2017-01-23,118.61856079101562,119.3273552128219,117.94518716315787,118.75145636525755,20537000
2017-01-24,120.43489837646484,120.74500616561619,118.91983431250826,119.02615080278144,34313800
2017-01-25,121.56897735595703,121.87021636972902,121.33860697651737,121.4360682479599,29127300
2017-01-26,121.0816879272461,121.82593036628462,120.8690414363535,121.6841660390229,22255600
2017-01-27,120.6652603149414,121.41835793375064,120.18680910356613,121.17914584745299,19467800
2017-01-30,118.98184204101562,119.82355927986592,118.05154575704893,119.81469055984205,40464400
2017-01-31,119.81468200683594,120.10706583955567,118.26417028505479,118.60971235656187,32945000
2017-02-01,119.74378204345703,121.26771441924468,119.34508179244699,120.69181555882876,30010500
2017-02-02,119.44254302978516,120.20450921751475,119.15902795867433,119.87669111421518,19935700
2017-02-03,121.26775360107422,121.36521489564545,120.06278374064412,120.48807676389593,24534100
2017-02-06,120.35513305664062,121.18798142206316,119.9918671067201,120.85129458853801,23691500
2017-02-07,119.82354736328125,120.91333178600415,119.40712314528189,120.33743285611853,30342200
2017-02-08,119.61090087890625,119.82354734744877,118.62743293090413,119.82354734744877,32956900
2017-02-09,121.2943115234375,121.6044192754293,119.61090420534029,119.61090420534029,28267600
2017-02-10,122.21578216552734,122.59675860648672,121.56013225576133,122.0828730317065,27287600
2017-02-13,122.53472137451172,123.34099066392473,122.34865403103623,122.95114557808158,23245100
2017-02-14,122.94224548339844,123.11058886563072,121.92334351220366,122.21572725196734,27145000
2017-02-15,123.67768859863281,123.83717685610922,122.33096796794227,122.43728445999912,20253500
2017-02-16,123.33213806152344,123.89918184610599,122.45500002314476,123.56250847110994,24613600
2017-02-17,123.25239562988281,123.29669866985775,122.4904293082386,122.66762794874872,26703200
2017-02-21,124.21819305419922,124.32452309967752,123.49167426030752,123.49167426030752,21353500
2017-02-22,123.66880798339844,124.05865306668163,123.37642417093603,124.04092914851738,14890800
2017-02-23,122.9334487915039,124.04981254057556,121.99428370618136,124.00552301418188,24596200
2017-02-24,122.84484100341797,122.84484100341797,121.64873990008637,121.79050423688444,24512300
2017-02-27,124.04087829589844,124.04087829589844,122.45493301478646,122.57010463716662,28269000
2017-02-28,122.12716674804688,123.58021727218733,122.05628458596806,123.49162470913136,40184100
2017-03-01,124.35990905761719,124.8029124364888,123.61566662576651,123.73083831108778,35719800
2017-03-02,122.9334487915039,124.35992034168008,122.83598749853319,124.33334121808728,25937000
2017-03-03,122.84484100341797,123.5270700447913,122.16262548143591,122.97775013893788,30989800
2017-03-06,122.00312042236328,122.24234601784376,121.37406323345641,122.07400258100155,23892100
2017-03-07,121.20573425292969,122.0385828170272,121.037390796009,121.73733022703654,29711300
2017-03-08,120.4083023071289,121.9322348770509,120.30198583181915,121.63099585074724,34115100
2017-03-09,119.92987060546875,120.93106252899248,119.51344636397073,120.34629484696679,35223800
2017-03-10,120.46148681640625,120.77158107534977,119.46915003737182,120.75385715445886,39516600
2017-03-13,120.7449951171875,121.19685367889342,120.1868065555469,120.1868065555469,21295000
2017-03-14,120.16913604736328,120.34633474689248,119.22110204982111,120.27545256320197,30037800
2017-03-15,122.02970886230469,122.28665839691736,120.47034181132973,120.75385694814771,31230400
2017-03-16,122.18917846679688,122.7207743369874,121.87907073631112,122.46383836097023,25306600
2017-03-17,122.67647552490234,122.9156875646371,121.65755985864891,122.39294693344101,33324600
2017-03-20,122.14488220214844,122.7296498592239,121.71073405927925,122.5170033877267,19091200
2017-03-21,118.69833374023438,122.8005496079018,118.65403069573563,122.72079872004763,61869000
2017-03-22,118.72489166259766,118.99955156229701,117.6439624629244,118.4679556814111,46332600
2017-03-23,119.41596984863281,120.23109430774096,118.40592285371751,118.72488577418487,37764600
2017-03-24,119.5021743774414,120.37295745081613,118.9423784796836,119.91090347872525,33514400
2017-03-27,119.72429656982422,120.01752230441706,117.64506077528567,117.96494216226718,35596700
2017-03-28,120.65727996826172,120.75502188663637,119.19116475096044,119.31556232359013,26891900
2017-03-29,121.04826354980469,121.27929732813531,120.22191104266297,120.57732885165117,22119500
2017-03-30,121.96347045898438,122.07010664236599,121.07491242794855,121.12823729879912,25792900
2017-03-31,122.15892028808594,122.7720273280758,121.67910505062018,122.1056089904026,29434300
2017-04-03,120.87054443359375,122.7098660134299,120.48847099912682,122.594349134024,38834900
2017-04-04,120.72836303710938,121.33258948697501,120.26632267003832,120.78167434420848,25642600
2017-04-05,119.35999298095703,122.11451453551605,119.13785348986427,121.58138789188457,44968800
2017-04-06,120.47071075439453,120.51514137177023,118.91573405449083,119.54660272293495,41012100
2017-04-07,120.41737365722656,120.87053331747367,119.73318025941516,120.14192287011647,24300200
2017-04-10,120.68395233154297,121.59916597370896,120.0975008059845,120.37295161269013,22779900
2017-04-11,121.64360046386719,121.6613754224888,120.02643174564257,120.19525995674576,32589200
2017-04-12,119.9908676147461,121.46587716423645,119.88424499228822,121.41256585300751,25700800
2017-04-13,118.81797790527344,120.28409319503282,118.76466659412861,119.84870844847065,30207000
2017-04-17,120.21302032470703,120.23968954157084,118.78244123017159,119.12899190787316,18278800
2017-04-18,120.23968505859375,120.36408264659705,119.20895443895475,119.706544790968,24553300
2017-04-19,120.65727996826172,121.69690471748238,120.43514047725738,120.56843230685111,34627600
2017-04-20,122.19450378417969,122.32778206502711,120.97717006638867,121.1459982610084,31934400
2017-04-21,121.91907501220703,122.22118154230584,121.47479591794806,121.9457306731968,29386000
2017-04-24,123.43846130371094,123.81165399308844,123.05638791636643,123.58063382108833,33836900
2017-04-25,124.63803100585938,125.18005191318687,124.47808351996142,124.61137535126284,32751700
2017-04-26,125.27779388427734,126.01529863116158,124.51363348278564,124.54916983615604,41669200
2017-04-27,125.24224090576172,125.99752058999586,124.82461758271249,125.58877796549208,23004300
2017-04-28,123.56289672851562,125.43775500617465,123.54512176881754,125.31335740493138,31113900
2017-05-01,124.27371978759766,124.65579321150413,123.31407554094484,124.07823594707659,20925200
2017-05-02,123.64283752441406,124.70022369020796,123.23410844617096,124.38034227499568,17993900
2017-05-03,122.87866973876953,123.29629304905565,122.34554311764883,123.05639217079441,27050300
2017-05-04,122.70984649658203,123.2696287314967,121.83016932983466,123.09191987028066,25799100
2017-05-05,123.50070190429688,123.50070190429688,122.20340104221114,123.23413174816186,23806500
2017-05-08,122.98530578613281,123.49177675360473,122.40773499926797,123.20744526762283,16680000
2017-05-09,122.9320068359375,123.35851088693771,122.4255222592403,123.14525208227793,23988400
2017-05-10,123.69612884521484,123.93602967282267,122.49657047391521,122.6565043589871,19791500
2017-05-11,122.83428192138672,123.35852796899431,121.71468998978675,123.21635541286714,28617300
2017-05-12,122.18563842773438,122.52329489684138,121.87465117942456,122.36336092199451,24111200
2017-05-15,123.1363754272461,123.731707690031,122.6032351772466,122.6032351772466,31132200
2017-05-16,123.1808090209961,123.54510752371138,122.28335669706402,123.48291550942149,18520900
2017-05-17,119.85760498046875,121.76799952655264,119.73320738525847,121.1371308502437,50791200
2017-05-18,120.2929916381836,120.75503205639545,119.2711417585142,119.57326179604618,44805100
2017-05-19,120.87054443359375,121.51918798144088,120.32852350777102,120.52400735369523,44450500
2017-05-22,121.68799591064453,121.91013537508832,120.9860411686616,121.07488881944896,20062700
2017-05-23,122.0878677368164,122.34555715783372,121.15489265320892,121.9901258113132,16681400
2017-05-24,122.16779327392578,122.6476084278561,121.5813419848783,122.18555466451745,21256000
2017-05-25,122.2478256225586,123.1630393853666,121.91016920424549,122.74541599165957,22804200
2017-05-26,122.2122573852539,122.4343968780395,121.53695820818047,122.07009841419331,20047300
2017-05-30,121.25264739990234,122.12343056389459,121.03938856944015,121.83908545661167,25544100
2017-05-31,121.12822723388672,121.66135387321737,119.63544281546032,121.59026760964292,34345400
2017-06-01,123.46512603759766,123.50955664733594,121.08379720879299,121.48364557980051,44618600
2017-06-02,124.26483154296875,125.30444269080063,123.55398248954101,123.9094002370959,46680200
2017-06-05,123.4917984008789,124.49587337188309,123.46514274309298,124.36259508295349,20808900
2017-06-06,123.37630462646484,124.09603455907465,122.45219655723834,122.71876671406604,25460900
2017-06-07,123.4917984008789,123.98050805748804,123.05641361816197,123.38517576973523,20542200
2017-06-08,125.18004608154297,125.6954113102651,123.2785326451011,123.49177787193915,33956400
2017-06-09,125.82868957519531,126.97492334438736,125.0200986012646,125.69541130842347,56979400
2017-06-12,125.62432098388672,126.16634184842616,125.18892272931647,125.87311611269325,34665500
2017-06-13,126.26410675048828,126.45069635190856,125.7043108295872,125.99753661871061,22046800
2017-06-14,125.51766967773438,126.21074367558225,124.79794003060898,126.20186297859507,33021900
2017-06-15,124.87793731689453,125.26890501236994,124.12267114001638,124.12267114001638,27376800
2017-06-16,124.56694030761719,124.59359596126508,123.75834932478251,124.42476778261629,35608400
2017-06-19,125.49102020263672,125.80202087059723,124.85125747186748,124.89568807562136,25163300
2017-06-20,124.22039794921875,125.26000907206284,124.1315367353069,125.18004211453275,20111900
2017-06-21,123.90937042236328,125.108928758783,123.70500594460874,124.44251047373086,23351400
2017-06-22,124.38031768798828,124.74462964185963,123.51841553288588,123.83829688486529,17917200
2017-06-23,125.2066879272461,125.35774113237112,123.99824872792941,124.52249459718385,20772500
2017-06-26,125.35774993896484,125.75759828159951,124.57581464967572,125.36663063695494,22988300
2017-06-27,124.2559814453125,125.83761403316363,124.17601445744114,125.37557350880279,24610100
2017-06-28,126.1574478149414,126.40624294418751,124.75352469515694,124.99343912632912,25085400
2017-06-29,125.41107940673828,126.48624058522567,124.08712306532017,126.38849865990865,38794900
2017-06-30,125.21558380126953,125.88200225905551,125.08230553303963,125.50880954969355,22798500
2017-07-03,126.26410675048828,126.61952455397842,125.5532575851879,125.58879394220885,12968200
2017-07-05,125.81094360351562,126.04197739690133,125.02012740241189,125.90868554110469,21865500
2017-07-06,124.16806030273438,125.3549493949118,123.89141954006357,124.8730476135119,30563400
2017-07-07,125.37277221679688,125.5423160906601,124.20372152185038,124.426820616652,20511000
2017-07-10,124.82841491699219,125.72973039427447,124.37328403042629,124.86410478216958,17206000
2017-07-11,125.19426727294922,125.27459328643329,124.02523033285188,124.73915007534318,16192900
2017-07-12,126.15807342529297,126.91661580432029,125.83681017989048,125.87251366098425,19358600
2017-07-13,126.2651596069336,126.32762026824953,125.27459915185888,126.00635704993105,16559300
2017-07-14,126.47932434082031,126.9879967701563,125.91712392883844,125.91712392883844,15465300
2017-07-17,126.77377319335938,127.13073976239642,126.05985367216756,126.36327866006962,15374600
2017-07-18,126.44363403320312,126.60425883123396,125.86356826757782,126.30976641795716,16653300
2017-07-19,127.7019271850586,127.73761704876082,126.61320251415107,126.61320251415107,16985500
2017-07-20,127.7911605834961,128.07673396498097,127.4342074735283,127.71976723812487,17047800
2017-07-21,127.21109008789062,127.90715808408387,126.9433684854579,127.62158474365262,21662700
2017-07-24,127.38957214355469,127.45204642081663,126.69350411716503,126.9969155918709,16694000
2017-07-25,128.54969787597656,128.72817442389731,127.80008820457678,128.1659603619036,21066400
2017-07-26,127.83572387695312,128.6388748105791,127.65724740468981,128.6388748105791,13574900
2017-07-27,127.02369689941406,128.21950477527272,126.31870975376248,128.04102822343964,24355800
2017-07-28,126.68456268310547,127.04151569420365,126.24728367015832,126.73810427308175,19933300
2017-07-31,126.28301239013672,127.05940653439406,125.80112431515691,126.91661983925607,16417700
2017-08-01,126.52397918701172,126.89878409633424,125.80114017496899,126.87201328973194,19835900
2017-08-02,125.14070129394531,126.55962144181868,124.69450324393222,126.35436053465628,19934300
2017-08-03,124.51607513427734,125.417390643477,124.18589280636155,125.32815916892933,19624900
2017-08-04,125.1229248046875,125.22108896871593,124.4803982068451,124.85520311943807,16473500
2017-08-07,125.3281478881836,125.69403366649651,124.67670235337646,125.3281478881836,9176200
2017-08-08,124.93551635742188,126.53290018227416,124.65887560704722,125.3014022090938,27248700
2017-08-09,123.85570526123047,124.39114861238592,123.40058794457137,124.15019774267697,26534300
2017-08-10,121.60687255859375,123.40058458745341,121.5979398789538,123.40058458745341,40983500
2017-08-11,121.7853012084961,122.02625197683423,121.16062663954936,121.55328311628283,32779600
2017-08-14,123.632568359375,123.67719089448555,122.46353147066262,122.49030226835177,21710900
2017-08-15,122.6152572631836,123.88247210665733,122.56171565904293,123.8646203663144,16646000
2017-08-16,122.65093994140625,123.4987136359174,122.44569262138238,122.85618726143012,21858600
2017-08-17,120.4110336303711,122.87405628469958,120.4021145689017,122.24044888129092,32722900
2017-08-18,120.4021224975586,120.88402418639494,119.68820264324944,120.00054683478739,42401900
2017-08-21,120.32181549072266,120.49137299563402,119.70605975894524,120.19688053187573,21504100
2017-08-22,121.62467956542969,121.76746623423882,120.59842931924713,120.70551251241089,25170600
2017-08-23,121.42838287353516,121.87458106688206,120.66092143630293,120.94648119926308,18381900
2017-08-24,121.80316925048828,122.19581216290322,121.38374192299722,121.93702324143814,15726600
2017-08-25,122.15115356445312,122.5348772603714,121.74064546435204,122.15115356445311,17163000
2017-08-28,122.66877746582031,122.80263143796053,122.05302196020678,122.58845146565193,16333300
2017-08-29,122.69557189941406,122.98113163395871,121.57114384926105,121.80317560152088,20277600
2017-08-30,123.48088073730469,123.60581568379965,122.48140116534498,122.57956531022587,15915500
2017-08-31,124.69451141357422,124.88192059828715,123.74857366427263,123.96275364438958,29260600
2017-09-01,125.39955139160156,125.4977155445441,124.69455057949904,124.91764968919672,17412500
2017-09-05,124.1948471069336,125.72977052030926,123.6683363219796,125.49775228038708,21908400
2017-09-06,124.45357513427734,124.93546307183941,124.11446023425064,124.70344497107024,18399700
2017-09-07,124.1412582397461,124.65884976280391,123.67720831961014,124.56960468000891,18159800
2017-09-08,124.23941802978516,124.73023873418,123.70397478555672,123.98061546888272,21870500
2017-09-11,125.54228210449219,125.75646207959974,125.14070656593938,125.28349321601108,22617700
2017-09-12,126.30974578857422,126.44361338195642,125.6672330845015,125.86354771106961,22679600
2017-09-13,126.68456268310547,126.91658077863084,126.11342969521765,126.19374208018206,25052500
2017-09-14,126.56853485107422,126.8630271849636,126.20264919834347,126.52391232468796,18353800
2017-09-15,127.08616638183594,127.13970798367481,126.31870498274112,126.39901738549943,23184000
2017-09-18,127.95179748535156,128.33552139313574,127.25572939741289,127.27356752087626,24427400
2017-09-19,127.95179748535156,128.22843818480305,127.6929949093634,128.12135497647037,16346300
2017-09-20,128.3623046875,128.52294313252057,127.84471310203958,128.08566396112568,20244700
2017-09-21,128.22842407226562,128.7370828727521,128.04101486142116,128.52291647965745,17395900
2017-09-22,128.77279663085938,129.10297892450012,128.11241842669014,128.21058257032493,25203000
2017-09-25,128.95126342773438,129.34391997258297,128.22842461421158,128.7460160945223,30012800
2017-09-26,129.36187744140625,129.84493217486218,128.9772108658172,129.07561267353947,28238100
2017-09-27,131.8934783935547,132.2691906731522,129.85388964725072,130.27433250415032,66351700
2017-09-28,132.24237060546875,132.4481149054225,131.30308297110804,131.72352587744228,29291400
2017-09-29,132.5554656982422,132.7791049752198,132.16187203664248,132.3228857641344,21738700
2017-10-02,134.18353271484375,134.18353271484375,132.46598513407633,132.67172939561308,29772400
2017-10-03,134.47872924804688,134.47872924804688,133.5841724223297,134.28192565440077,28372800
2017-10-04,134.04931640625,134.72917453080348,133.6378143506973,134.26400126145063,22024700
2017-10-05,134.4160919189453,134.74708719730575,134.067215333535,134.4429275293728,22538500
2017-10-06,134.22828674316406,134.48770227913843,133.79890318540842,133.92414062516454,19350800
2017-10-09,133.67364501953125,134.79184126168028,133.45000577110144,134.353517070666,13981300
2017-10-10,134.05831909179688,134.4429720685902,133.65577115217263,134.12093098691935,21951900
2017-10-11,133.95989990234375,134.3535071344477,133.7004843992873,134.12986790255732,15137100
2017-10-12,133.86148071289062,134.1924623651579,133.3068598577717,133.70046703876721,17185600
2017-10-13,133.61993408203125,134.17456853524368,133.49469668611601,134.11194301235986,15464400
2017-10-16,133.50364685058594,134.49660533379304,133.31578393761077,133.8346284617043,20653100
2017-10-17,133.11904907226562,133.97782995358827,132.84173853606677,133.53055137265875,18046800
2017-10-18,133.75416564941406,134.1030423313004,133.36055838782815,133.73627068756292,20541700
2017-10-19,133.54837036132812,133.5841602750205,132.5464711755846,133.08321068214872,17164900
2017-10-20,134.1656494140625,134.55031600586338,134.05830694651618,134.46085484967082,25224500
2017-10-23,133.1637725830078,134.31774525453721,133.02064016875133,134.31774525453721,14676400
2017-10-24,133.44100952148438,133.98668960630843,133.32471279279784,133.63781307009967,17527700
2017-10-25,132.79696655273438,133.28897556836034,131.69666540859248,133.23530433935656,27235300
2017-10-26,133.07424926757812,133.59309378957008,132.85061009343602,133.23527657088346,15205900
2017-10-27,133.99571228027344,134.10306842241096,132.66283083495318,133.18167563073055,32744100
2017-10-30,132.58229064941406,133.6915325238425,131.84874740355139,133.1816421637904,30524800
2017-10-31,133.52154541015625,134.03144934708362,132.9669245523226,133.1011026147489,22449400
2017-11-01,132.63589477539062,134.65758753160597,131.89341124969482,134.63075192885722,31585500
2017-11-02,133.02955627441406,133.49471601238272,132.14394007161036,132.60911345943342,28176600
2017-11-03,132.94009399414062,133.25319435151084,132.44808499678211,132.8237972357138,22312700
2017-11-06,133.0921173095703,133.62885667891268,132.74324081445252,133.06528170608811,15576800
2017-11-07,131.4998779296875,133.15481382616017,131.08837570709994,133.11008324655293,29549300
2017-11-08,131.6787872314453,131.90242648070043,130.46218916950318,131.1957324589911,30682500
2017-11-09,131.2135467529297,131.84868790234896,129.96117305670097,130.84678894536597,40144400
2017-11-10,131.11520385742188,131.58931789521392,130.91840025873225,131.24044127023762,17823700
2017-11-13,131.15098571777344,131.33884866993475,130.15802702744617,130.54267993683405,14680000
2017-11-14,130.79315185546875,131.04362666005304,130.23851737401517,130.6589601495359,19682200
2017-11-15,130.2742919921875,130.79313649786218,129.2634385889031,130.02381721701374,23925200
2017-11-16,132.1886749267578,132.7522364832948,130.7752734082475,130.79316836793507,25889000
2017-11-17,132.79696655273438,133.31581118286223,131.65193483447106,131.72350102309437,25816700
2017-11-20,133.76309204101562,133.80782261594516,132.6896264919817,133.07427940669473,22793000
2017-11-21,135.15859985351562,135.33750850501193,134.2372073309474,134.3624447519803,29392300
2017-11-22,134.97970581054688,135.766920342155,134.95287019241084,135.328582496172,14136600
2017-11-24,135.03329467773438,135.40900675231458,134.87228106713496,135.26588809284235,6816300
2017-11-27,134.6218719482422,135.63271195698306,134.5771413735525,135.34646084870806,18416900
2017-11-28,136.7419891357422,136.84039095574454,134.7739663855524,135.09600746466396,35898300
2017-11-29,137.19818115234375,137.9496192880969,136.8224689093944,137.17134553855124,38234200
2017-11-30,137.44862365722656,138.25373283122744,137.11764206505302,137.8511850691526,32230700
2017-12-01,136.88510131835938,137.50234776630506,133.0653395150274,136.88510131835938,62734800
2017-12-04,136.3751678466797,139.02306171687755,136.24098979998558,138.56682905841336,36366800
2017-12-05,135.01547241210938,136.83143555830893,135.00653175665676,135.43591526592846,29667200
2017-12-06,134.38035583496094,135.2480772311745,134.1388216190415,134.51453392721797,21273800
2017-12-07,135.31959533691406,135.87421612093652,134.20139946599653,135.35537159884856,29675200
2017-12-08,135.44482421875,136.22308412805955,135.32852748752865,136.10678739683817,20832400
2017-12-11,135.3911895751953,136.08894285129347,135.0959841660992,135.4627421138961,26654100
2017-12-12,134.97071838378906,135.90999199278232,134.91704716611537,135.7042477750826,25854800
2017-12-13,135.77581787109375,136.60776271862602,134.9080967606961,134.9080967606961,30082600
2017-12-14,134.2730255126953,136.15158722358515,133.861523242772,135.83850043003252,32882600
2017-12-15,136.18734741210938,137.09084496744126,134.70237968168442,135.122822516803,42851600
2017-12-18,138.03009033203125,138.40580247754147,137.2786660410108,137.46651528884047,22714300
2017-12-19,136.93875122070312,138.45055433749118,136.7061713757561,138.4326593802328,24313600
2017-12-20,137.20713806152344,137.70808772829906,136.72406970437933,137.53811973781706,19042800
2017-12-21,137.80784606933594,138.3017193689478,137.45764749353404,137.60132221734398,16772600
2017-12-22,137.55645751953125,137.73604411967793,137.20625885369247,137.72706958522335,13599400
2017-12-26,137.6372833251953,137.77196986350353,137.29605915937358,137.38585931929953,11949600
2017-12-27,137.50254821777344,138.23885720307794,137.21519876877352,137.5743855800234,15949900
2017-12-28,138.04129028320312,138.0592530468695,137.39476780695526,137.60130533518313,10167300
2017-12-29,136.9009246826172,138.41844270579475,136.83806185303533,138.41844270579475,21006500
2018-01-02,138.19395446777344,138.256817296618,136.9009230769949,137.56539468720564,20489600
2018-01-03,138.33763122558594,138.69681803517958,137.85274615960427,138.16701920372594,21836600
2018-01-04,138.70582580566406,139.31642297592808,138.3017525369212,139.15479914906257,14207100
2018-01-05,138.9931640625,139.16377612824147,138.22991758626097,139.0739896789318,19883900
2018-01-08,139.20860290527344,139.42411493298442,137.83474626984957,138.9392162960277,18457300
2018-01-09,139.02003479003906,139.63063161843291,138.93920922028107,139.39717054314787,16571300
2018-01-10,139.0380859375,139.3344100399986,138.21197648579846,138.70584998996281,18516800
2018-01-11,141.42652893066406,141.57020361351056,139.1637006313333,139.2445262039169,26522400
2018-01-12,142.01925659179688,142.6478165557829,141.39967116244654,141.58823230085252,24089800
2018-01-16,140.2053985595703,143.14168813369642,139.90009996696696,142.64781470355604,27704700
2018-01-17,141.53431701660156,141.82166646132106,140.331072045384,140.7980080422653,18571600
2018-01-18,140.56454467773438,141.4265793807489,140.42985817800246,141.17515544686484,17903600
2018-01-19,142.4143524169922,142.4951643317927,140.5735589375872,140.73518276718815,31040900
2018-01-22,143.1776123046875,143.1776123046875,142.153953516587,142.23476543895742,12702400
2018-01-23,143.6355438232422,143.94084237813777,142.47718503911233,142.9890211766529,16904600
2018-01-24,142.74655151367188,144.23714594310263,142.23471544872274,143.99469655962272,20340900
2018-01-25,142.8004150390625,143.59958678780086,142.06410611514303,143.34816289167472,20290900
2018-01-26,143.31227111816406,143.39308301717526,142.56697385693758,143.2494082845487,16120300
2018-01-29,142.504150390625,143.54577193755435,142.43231300446638,142.82741177754858,18293300
2018-01-30,141.1392822265625,142.073154642771,140.7352088760181,141.5703065886196,24533800
2018-01-31,140.4029083251953,142.25267583120936,140.00780969253685,141.6420788182467,27468900
2018-02-01,140.84291076660156,141.16617204723042,139.65761483710378,139.8372013926585,21413000
2018-02-02,138.13111877441406,140.21434763569638,137.84376930302233,140.1963985699171,33314100
2018-02-05,132.82423400878906,138.0951751575664,132.77035941535166,137.08947954253463,52622200
2018-02-06,134.4136199951172,135.02421706660633,129.51981408404893,130.6781590939395,69232400
2018-02-07,134.54830932617188,135.40135581826317,133.44383889328688,134.341785453715,37101000
2018-02-08,130.59735107421875,134.69198523305113,130.59735107421875,134.68301069993674,44704500
2018-02-09,131.79165649414062,132.84225261250123,127.9574197977922,131.78266825707286,53315300
2018-02-12,133.03976440429688,133.72219885110346,130.63326052063059,131.92630574748685,36213900
2018-02-13,133.3271484375,133.60550977706882,131.9083907278951,132.3394150939197,25021200
2018-02-14,135.72462463378906,136.05687419659367,132.15977549562348,132.56386243142427,36286900
2018-02-15,137.20623779296875,137.26908692766224,135.19483255596415,136.68542714138067,23773600
2018-02-16,137.69113159179688,138.5441781415306,136.9727715545976,137.0356343948324,27973900
2018-02-20,136.5596923828125,138.077224015808,136.19153106443164,136.98172829381983,24046200
2018-02-21,136.70343017578125,139.01114640142572,136.4968925399784,136.8650540282378,26735500
2018-02-22,136.48789978027344,138.310730503581,136.40708786483523,137.2152344223761,16340000
2018-02-23,138.26577758789062,138.30170311540897,136.62253409406847,137.36783122197082,18065200
2018-02-26,139.1727752685547,139.41521103210712,137.80789233726284,138.7597137243128,15267700
2018-02-27,137.17027282714844,139.97187462006474,137.1612982966512,139.3433012443534,18125500
2018-02-28,135.00625610351562,137.92458210633822,134.970330572137,137.51152070493774,29951800
2018-03-01,134.64710998535156,136.10179301109926,133.23734073818707,134.73691013935837,38943200
2018-03-02,136.8021697998047,137.16134295867258,133.25526977349008,133.5336447284271,31842300
2018-03-05,138.0233612060547,138.5172208150075,136.01195613298057,136.3262428855652,19603700
2018-03-06,139.51394653320312,139.53190930005812,137.20623109988102,138.66987461151376,17304000
2018-03-07,140.744140625,140.9147389522304,138.4813115879402,138.69682368247135,22684600
2018-03-08,140.4568328857422,141.39967973970377,139.6307234970234,140.8878435012519,23391300
2018-03-09,142.70162963867188,142.77346698952212,140.8608369151589,141.25593549404834,24927200
2018-03-12,142.9530487060547,143.35712180211482,142.3155145037666,142.99794876152208,15310100
2018-03-13,142.28860473632812,143.94082296519116,142.001255287008,143.67143628184752,17757200
2018-03-14,141.61517333984375,143.12371714722607,141.34578660236016,142.97106785968705,18097500
2018-03-15,140.90574645996094,142.0012421564378,140.4118732030944,141.96533032938143,14172100
2018-03-16,141.69595336914062,142.1179892992055,140.75310685087706,140.95963069912938,36000300
2018-03-19,140.33108520507812,141.16618261822754,138.68784138062782,141.13025708348084,25663000
2018-03-20,140.295166015625,140.9955631891148,139.87313006473036,140.68127643365665,11418500
2018-03-21,141.11228942871094,142.10901060896853,140.25924297931022,140.36700587824106,22213500
2018-03-22,138.01805114746094,140.961106204374,137.98204266242942,140.09709482860228,29774800
2018-03-23,135.04800415039062,138.54908141152904,135.00300040361302,138.20706941587764,35744100
2018-03-26,138.00001525878906,138.0450189881516,135.3899500210718,136.88398594336408,28442400
2018-03-27,135.3269500732422,138.33301229609256,134.7419428158573,138.2970175540482,32820600
2018-03-28,135.28199768066406,136.218026127522,134.4539809673449,135.66901340384993,26510900
2018-03-29,136.65000915527344,137.7930381572235,135.67798611423078,135.97499429898375,22617700
2018-04-02,133.3199005126953,136.86597974170508,132.46487095249614,136.3709662419078,35040700
2018-04-03,135.2279510498047,135.5429634174143,133.47291549663223,134.12093073675896,29857800
2018-04-04,136.94705200195312,137.3250587691651,133.4459746105203,133.6529753735425,29619700
2018-04-05,138.08102416992188,138.25203011450068,137.09101071515622,137.73901228076426,17301600
2018-04-06,135.3269500732422,138.06300366452666,134.23792029476985,137.13598455827764,25762700
2018-04-09,135.4889678955078,137.343020126985,135.38096991951926,136.26298543425295,18997000
2018-04-10,138.04505920410156,138.55806341529734,136.50601910408616,136.92902956354948,23420000
2018-04-11,138.342041015625,138.88204462257738,137.370018043257,137.50501551169225,14884600
2018-04-12,139.2870330810547,139.8720540808426,138.54001513970718,138.9900249549857,14413200
2018-04-13,138.5580596923828,139.80009153855946,138.16204874240105,139.76408305226275,19813600
2018-04-16,139.8360595703125,140.24107943107987,138.70203966651263,139.35905021713558,18846900
2018-04-17,141.35708618164062,141.74410177829608,140.36707279150912,140.59207770743132,18624200
2018-04-18,141.73516845703125,142.54519482670585,141.44716915217313,141.77117695339948,16974200
2018-04-19,140.7540740966797,141.78909121253247,140.29506901397465,141.42908884176893,16174500
2018-04-20,139.99810791015625,141.0511296182702,139.63809168523605,140.44811789139544,21480600
2018-04-23,139.7910614013672,140.66406784462177,139.1160466504847,140.20506275797737,13268200
2018-04-24,138.99008178710938,140.97013677053403,137.87406577814127,140.31311228366343,24859700
2018-04-25,138.78306579589844,139.32308322903822,137.6670499094565,138.92707227583088,21981400
2018-04-26,139.42202758789062,139.87203734933894,138.54900755202422,138.98101307771637,14862900
2018-04-27,139.22410583496094,139.8361128862623,138.40508428111676,139.39511184435875,17734300
2018-04-30,137.9910430908203,140.08807715118687,137.96402986211567,139.52107401263657,15624600
2018-05-01,138.6660919189453,138.86408368999432,136.542044109464,137.71205915602638,24977500
2018-05-02,139.18801879882812,140.20504529141857,138.31499873112296,138.4050061799784,16786800
2018-05-03,138.43209838867188,139.05311449538357,136.9470706203578,138.70210718287927,20985900
2018-05-04,140.1601104736328,140.85312971754337,137.52305847086433,137.9370599794335,17927900
2018-05-07,141.34812927246094,142.07714320049476,140.49311310665846,140.57411160239246,16303500
2018-05-08,142.05015563964844,142.05015563964844,141.07813240951097,141.2311341587157,17281200
2018-05-09,142.8151092529297,143.1931295852859,141.64509471266155,142.21209774477632,15758500
2018-05-10,143.5802001953125,144.15621248888576,142.88718089839557,143.0131831584517,15828700
2018-05-11,143.8591766357422,144.1201900957375,143.1391579735253,143.5981769089606,14413600
2018-05-14,143.3101348876953,144.62416970974775,143.14813793148647,144.02115815072995,15028500
2018-05-15,143.33714294433594,143.63415111500836,142.35612469567383,142.84214305976028,17544900
2018-05-16,144.83119201660156,145.19120819504437,143.52616598612727,143.54417022835264,21004400
2018-05-17,145.4971923828125,145.80319579406392,144.67817113515912,144.90317606694006,18639700
2018-05-18,145.6862030029297,146.09122290609264,145.39820380351188,145.75820623608726,17579800
2018-05-21,146.6492462158203,146.9192549352479,146.12723302045075,146.13622827558655,15667300
2018-05-22,145.58718872070312,147.00022630951352,145.47019549266716,146.93721833554602,13212000
2018-05-23,145.7761993408203,146.05520326473308,145.0201860502416,145.20018725277774,14235700
2018-05-24,145.83016967773438,146.11818253177694,144.56113878937575,145.73116697580835,12785000
2018-05-25,145.56922912597656,145.94723585041848,145.32621989840163,145.5782243813629,11150200
2018-05-29,145.37123107910156,146.01023757458336,144.1021996107695,144.79521884097576,20986900
2018-05-30,147.67526245117188,147.95426641456586,146.1272271705214,146.1272271705214,25169000
2018-05-31,146.49624633789062,147.94527895954866,146.1092306307176,147.67527023669538,28573700
2018-06-01,147.45928955078125,147.94530809427116,146.95528049324864,147.4502942937599,21108200
2018-06-04,148.24227905273438,148.24227905273438,146.9912519808859,147.89127185223626,14836000
2018-06-05,149.1602783203125,149.19628680308315,147.90925134167261,148.09826154318773,13283600
2018-06-06,150.24026489257812,150.24026489257812,149.02524667528147,149.1422536176409,16661300
2018-06-07,149.42127990722656,150.51029609348004,148.71025662760934,150.4022981201554,17571900
2018-06-08,149.87127685546875,149.95227532848054,149.18725312814243,149.45726177139176,17569800
2018-06-11,150.0963134765625,150.40231692805574,149.66429406281713,149.9793065020215,15923000
2018-06-12,150.7803192138672,151.14933063571496,150.06030061185535,150.23130657481957,16166700
2018-06-13,150.1863250732422,151.0863450257074,149.9613200851259,150.99635127038965,19853700
2018-06-14,150.9873046875,151.059307913755,149.95228749315825,150.744309248752,19248100
2018-06-15,151.03233337402344,151.08633236933358,149.88030903002922,150.5193291853638,24922600
2018-06-18,151.74337768554688,151.75237294160075,150.06033094482802,150.27634068905923,18616500
2018-06-19,151.7523651123047,151.89637160102916,149.88931721412027,150.79834615763068,24605900
2018-06-20,152.97630310058594,153.18330372349098,152.05827943977965,152.5082891532642,19216900
2018-06-21,151.54531860351562,153.0753493178256,150.9963060476103,152.9853418562501,26946200
2018-06-22,151.0413818359375,152.28340025230588,150.58236278941226,152.11239423365663,33638200
2018-06-25,148.5752716064453,150.63631092489845,147.72925078930487,150.5193176884005,37005100
2018-06-26,149.4392852783203,149.9973069068289,148.36827322549385,148.71027141944333,20464000
2018-06-27,147.0452117919922,149.86226390006004,146.9822038258453,149.5922689971725,27511800
2018-06-28,147.49526977539062,147.8012732540681,146.0372281575956,146.91024858392748,26759100
2018-06-29,147.39625549316406,148.54827980886412,147.25224902039827,147.8822601722322,24146500
2018-07-02,148.41331481933594,148.46732756335717,146.23526773987177,146.48727227910118,24283600
2018-07-03,149.00491333007812,149.6733309843609,148.77005196359474,148.81521867122186,13561300
2018-07-05,150.7030792236328,150.73017649354543,148.8874932247618,149.81786957961532,18640500
2018-07-06,151.97669982910156,152.1483250534962,150.41403093525412,150.82050375027353,19597500
2018-07-09,152.93418884277344,152.95225828478112,152.10317368871677,152.66320234444183,16565200
2018-07-10,152.23863220214844,153.43999489143235,151.36246427774142,153.17805005348688,18790700
2018-07-11,150.9469451904297,152.3018636091878,150.89275065895023,151.407612490948,23912600
2018-07-12,151.67860412597656,151.97668784226525,150.522408138341,151.8141042422587,19617600
2018-07-13,151.2269744873047,152.41026781867825,151.2269744873047,151.61539163974655,15409100
2018-07-16,150.6398468017578,151.77797341096942,149.90819299705433,151.5340842150869,15946900
2018-07-17,151.3082733154297,151.75088502528027,150.47725821805417,150.62178617836597,15134700
2018-07-18,151.7327880859375,151.80505205299698,150.45917529247345,151.17275956990449,13780000
2018-07-19,152.80770874023438,152.8799727151165,151.08244252015135,151.5431236371569,18398300
2018-07-20,152.1844482421875,152.9341714965929,152.06703133982,152.47350414974133,17570700
2018-07-23,152.3741455078125,152.78964615333993,151.57925553140248,152.02186722880253,12335000
2018-07-24,150.74819946289062,153.34060522696026,150.14300431649886,153.06059100222058,25831300
2018-07-25,151.2992401123047,151.2992401123047,150.07078005917953,150.7934060521257,18401200
2018-07-26,152.1122283935547,152.9884104159621,151.30831036899974,151.44381053357876,20944200
2018-07-27,149.27590942382812,152.40126139038475,148.8513671148432,152.2025388720111,28777100
2018-07-30,148.31838989257812,149.9623640761216,148.2009730101407,149.26683547670382,20093700
2018-07-31,149.82688903808594,150.50434831394335,148.490039926285,148.61649843979396,23567300
2018-08-01,149.7274932861328,150.16107704647584,148.58936692684978,149.6732987618252,17942600
2018-08-02,150.82049560546875,151.03728752714568,148.9868403396503,149.00490977885931,18292200
2018-08-03,150.29661560058594,151.4618396270565,149.59205897379985,150.9831027853415,21734900
2018-08-06,151.13661193847656,151.3082233288398,149.85394394313604,150.18816646381055,16288800
2018-08-07,151.4979705810547,152.19349934189142,151.3895815004368,151.65152637291172,15045700
2018-08-08,151.36248779296875,151.741863367006,150.3869446956106,151.49797414693012,14789500
2018-08-09,151.7508544921875,152.39218857269069,151.34438174567185,151.43470136548527,10437800
2018-08-10,151.3263397216797,152.35607729809854,150.81147782494256,150.89276963238348,20521900
2018-08-13,150.44117736816406,151.7960963829786,149.83598186216744,151.51608199185543,20517200
2018-08-14,151.93153381347656,152.29285370409954,150.74824046044338,150.76630990071064,17683100
2018-08-15,150.02561950683594,151.58830224330546,149.17653496400163,151.47989938100122,27479900
2018-08-16,151.4167022705078,151.90446699193467,150.56761758603582,150.72117340172477,15484700
2018-08-17,152.06703186035156,152.17542093458312,150.78436349487117,151.27214189480188,15106700
2018-08-20,152.49159240722656,152.81675966893397,151.5973410886932,152.48255079465957,12547300
2018-08-21,154.24392700195312,154.7858999500003,152.7625498979614,152.7806193383482,20661200
2018-08-22,154.62330627441406,154.90333436684404,153.93681913558154,154.09037492520415,14329200
2018-08-23,154.15357971191406,154.93040011385548,153.71999591808014,154.5419830214137,12945800
2018-08-24,154.99362182617188,155.1652470209844,154.4787600246764,154.59617690827807,11894300
2018-08-27,155.21945190429688,156.21306426531757,155.02072943209274,155.46334108071886,15880400
2018-08-28,155.36395263671875,155.79752259880715,154.5510072349354,155.5084805517284,13170300
2018-08-29,155.815673828125,156.05956308986399,154.87626945331044,155.38210363843734,13157900
2018-08-30,155.68917846679688,156.4750268340828,155.201413841606,155.5175532410805,14199600
2018-08-31,156.28533935546875,156.619548181163,155.31882419162085,155.32786580287353,12240500
2018-09-04,155.58982849121094,156.37567691542802,154.56911867460119,156.07759315173814,17923500
2018-09-05,155.17428588867188,155.57173083484383,153.8826035965561,155.52656413042556,15166100
2018-09-06,154.1265106201172,155.7975686135381,153.9368159527732,155.51755430984264,16647700
2018-09-07,154.04522705078125,154.86721442186953,153.25035073571314,153.74715704697235,17248000
2018-09-10,154.23489379882812,155.0749366777904,153.90971279791987,154.68653331214827,11067100
2018-09-11,154.48777770996094,155.00265326059807,153.5574016145785,154.09937442757112,14078400
2018-09-12,154.11744689941406,154.54198909990248,152.9522231421421,154.27100266383331,21572300
2018-09-13,154.15357971191406,154.9484557680586,153.79225988371914,154.71360821693852,14570500
2018-09-14,154.803955078125,155.30074748780237,153.91873175929416,154.252954352299,15734900
2018-09-17,153.1599884033203,154.94847700343198,152.970307527597,154.84008793159006,20023200
2018-09-18,153.8013458251953,154.19879085929753,153.22324771639558,153.37680351903578,13018000
2018-09-19,153.24127197265625,154.5239402409324,152.71738229827596,153.81034213513487,17593500
2018-09-20,154.65945434570312,154.73171833033905,153.38582745951834,153.89166156902402,16918700
2018-09-21,153.9187469482422,155.20141534774535,153.7561633325823,155.13817919747004,32539000
2018-09-24,153.3496856689453,154.00907550543332,152.4373650222863,153.79228357512,15786700
2018-09-25,153.58448791503906,154.02709947349024,153.42190435251015,153.60255734963343,13758500
2018-09-26,152.18069458007812,153.99204607309292,151.95427564345127,153.90147297063612,17787200
2018-09-27,152.1897735595703,152.78752297576958,151.936185410792,152.48864826766993,14471900
2018-09-28,152.65170288085938,153.05925434449992,151.65545368572032,151.65545368572032,22740300
2018-10-01,150.6410675048828,153.349043302257,150.13389123422795,153.3218603124919,27893100
2018-10-02,149.01083374023438,150.82218528519027,148.6938416920609,150.50519323701675,28440300
2018-10-03,150.3150634765625,151.00337233778237,148.99277028949842,149.59957161837394,26027200
2018-10-04,148.20481872558594,150.02522249383412,147.7429289448564,149.8350382745121,29463000
2018-10-05,146.86441040039062,148.6757622391142,145.50589652134795,148.30443179549158,31240100
2018-10-08,146.55645751953125,147.08173729701784,145.40624543955263,146.51117096781266,21330700
2018-10-09,145.9858856201172,147.38968588562685,145.79568761995762,146.37531958396931,20620400
2018-10-10,141.79257202148438,145.80472218061567,141.61143966245317,145.6507589844635,46921800
2018-10-11,139.08468627929688,142.48097167795694,139.03033410452096,141.11339191293658,68877400
2018-10-12,139.11181640625,141.06806574389535,137.56310461861744,140.88693333738408,53492600
2018-10-15,139.6280975341797,140.64245045185365,138.151840911869,138.89450202625318,32747600
2018-10-16,143.67645263671875,143.87570247968387,139.51033714501946,140.63338045813916,35569100
2018-10-17,143.06065368652344,143.29612458119257,141.18589685978404,143.25988978538163,24140100
2018-10-18,140.37977600097656,142.76170823536813,139.8091957149847,142.56245841548267,31042700
2018-10-19,138.8944549560547,141.61148262435034,138.33294032685248,140.80543163553665,34214200
2018-10-22,138.5955810546875,139.88163916676658,138.13369132343576,139.4016320481567,28218300
2018-10-23,137.35482788085938,138.46880551089242,134.87327062239686,136.69367443923323,37228100
2018-10-24,132.1834259033203,137.64465175811057,132.0656974059268,137.1465271321511,40412400
2018-10-25,135.0453643798828,135.6884004941198,132.60004166371735,132.88985083076005,32311300
2018-10-26,133.56907653808594,135.32608997778647,131.0512986666132,133.62341488042432,36986100
2018-10-29,132.8354949951172,136.42197797451027,131.38642171155382,135.06346399769026,33031300
2018-10-30,135.6068878173828,135.75179931993517,132.7358960432315,132.99854986904785,29017200
2018-10-31,135.87857055664062,137.53595931184242,135.87857055664062,136.99254817850704,36785400
2018-11-01,139.01219177246094,139.26577990595933,136.58497329816882,136.65742902481364,28496400
2018-11-02,139.47409057617188,140.2801415858119,138.06123836327635,139.52842891981896,26671600
2018-11-05,139.36537170410156,140.0717975967199,137.97968908246455,139.51026930346194,16940900
2018-11-06,140.05372619628906,140.47939499178884,139.03937357017116,139.15710204458395,15572900
2018-11-07,142.56243896484375,142.56243896484375,140.19862444191062,140.7058007071425,22127800
2018-11-08,142.1820831298828,143.00623780394423,141.59338542610257,141.83792182058113,14987700
2018-11-09,139.54656982421875,141.3126353879592,138.523151448004,141.28546621155706,20654400
2018-11-12,136.78421020507812,139.6280315652645,136.6121295979481,139.4921857278016,21886800
2018-11-13,136.34951782226562,138.6499286679362,136.1140332294167,137.30048033915023,18468500
2018-11-14,135.35328674316406,138.07938057538718,134.4747798442143,137.49974843974695,24549100
2018-11-15,137.28236389160156,137.4816137086772,134.15778458857858,134.4838284874734,24482000
2018-11-16,137.60841369628906,137.92539200468167,135.9057383934841,136.4038629575514,29323500
2018-11-19,134.8189239501953,137.68991508487878,134.37513775479562,137.37292297109067,21540900
2018-11-20,132.21963500976562,134.42947268751857,131.8573563432764,133.360781715291,25907000
2018-11-21,134.0671844482422,135.28078667531372,132.7086707798594,132.93508972458986,17902300
2018-11-23,133.94044494628906,135.217451631381,132.96231304831574,132.97137865428743,11134800
2018-11-26,135.6792755126953,136.2136208633708,134.7102096919376,135.23550326056446,15346400
2018-11-27,134.55630493164062,135.60687870575185,134.30270290945313,135.1087540863988,14461800
2018-11-28,137.8800811767578,137.997809627006,133.7683055321812,135.12681915739532,26125900
2018-11-29,137.50875854492188,138.33292684064008,136.24986973412254,137.30950876311053,15134500
2018-11-30,138.2242431640625,138.44161034208102,136.8295084421147,137.17366968576482,20304700
2018-12-03,139.54656982421875,139.9088347225942,137.68087934049703,139.82732719338773,23379800
2018-12-04,133.60536193847656,139.5918823993117,133.26120054723378,139.24772100806888,41077900
2018-12-06,133.3155059814453,133.3155059814453,129.90110355240137,131.73057296307329,37581200
2018-12-07,130.4354248046875,134.27548112312897,129.75616799520677,133.26112870988257,28525100
2018-12-10,130.0550994873047,131.06945234385063,128.10788749076664,130.66190084395421,30776600
2018-12-11,129.91920471191406,132.40076164569768,128.95919047183875,131.9388580935546,29229300
2018-12-12,131.1599578857422,132.91695708683528,131.10560573685083,131.21429621511948,27894800
2018-12-13,129.30337524414062,131.94794768689826,129.0950597998215,131.540396222893,23205400
2018-12-14,127.34709930419922,129.7199659347142,126.88520953231446,128.36145197320985,24037200
2018-12-17,124.5110092163086,128.01861800761145,123.72952081620177,126.91907668222564,36468500
2018-12-18,124.35657501220703,126.4738504015279,123.84768737737575,125.63784151438908,42277200
2018-12-19,121.76673126220703,126.01947313131862,121.08520104991857,124.31111349457086,47676600
2018-12-20,119.75849914550781,122.13932110739516,118.34091832901723,121.43053069914987,57908100
2018-12-21,116.65067291259766,120.81255120078904,116.29628479236398,120.294595599665,59404800
2018-12-24,114.38803100585938,116.74158566568892,114.35168189507576,116.06914444840218,28575700
2018-12-26,119.88571166992188,120.04020406671498,114.32442908997402,114.7515225028282,40182700
2018-12-27,120.38548278808594,120.38548278808594,116.19635047709481,118.37724836132546,39527900
2018-12-28,120.73079681396484,122.68451106261205,119.53129707498334,120.38548376199745,35994400
2018-12-31,121.67587280273438,121.81218718457376,119.76759624891025,121.51231218345075,29173400
2019-01-02,122.36647033691406,122.8299058485402,119.53129547622729,120.10378524088098,27295100
2019-01-03,120.176513671875,122.34832308076618,119.63128386694227,121.68497078185497,29294600
2019-01-04,124.66551971435547,125.03809292458982,121.50322313109908,121.69404384264524,35355300
2019-01-07,126.84644317626953,127.55523373025842,124.25663580308625,124.72915359523057,30477900
2019-01-08,128.791015625,128.84553581648552,126.66464496246877,127.94592492544241,27320900
2019-01-09,129.85423278808594,130.2995042373126,128.6910888653809,129.23631864542295,25764600
2019-01-10,130.52664184570312,130.59934005228519,128.44570941213152,129.09088346367898,22896800
2019-01-11,130.56298828125,130.84469904062013,129.65428146793695,129.95415638022214,22428400
2019-01-14,129.26358032226562,130.34494395086602,129.11818386371425,129.7815500061913,29185000
2019-01-15,130.35403442382812,130.5357730758354,129.1181921781001,129.62706595002862,25678900
2019-01-16,131.3263702392578,131.98972262199877,130.55396356228684,130.56304564273447,20827300
2019-01-17,132.51675415039062,132.9711076869966,130.82655843958563,130.84473646346532,19273400
2019-01-18,133.87979125976562,134.41592501106632,132.67120940064848,133.21643909517718,28306700
2019-01-22,131.76248168945312,133.36180061345664,130.89921303084762,133.08919967498696,27741100
2019-01-23,131.39901733398438,132.83476196907085,130.36309206954203,132.05328738160756,20621300
2019-01-24,132.18955993652344,132.45307876897525,131.1536348909403,131.24449723816772,16976300
2019-01-25,133.8888702392578,134.1614850802143,133.06194363913764,133.23460016726895,22266900
2019-01-28,133.17100524902344,133.4981403030831,132.09872384625163,132.6348714805213,22784700
2019-01-29,132.8529510498047,133.41635877791256,132.5621720409658,133.31640046048756,12084800
2019-01-30,134.30686950683594,134.79756508408713,132.38040163782168,133.56172326587185,25516900
2019-01-31,135.45181274414062,135.66990733457456,134.06149266131212,134.13419085812342,27252900
2019-02-01,135.56089782714844,136.01525130778498,135.0156819698453,135.71539021244055,17057900
2019-02-04,137.17845153808594,137.1875336188402,135.28833880828665,135.7699525379338,21301700
2019-02-05,137.32379150390625,137.75998082852203,136.52413880697964,137.22383318356944,18295900
2019-02-06,137.15110778808594,137.5509409902114,136.39689336179893,137.2510660886173,13720600
2019-02-07,136.02432250976562,136.94211138203664,134.8430009018299,136.23332119042826,22850800
2019-02-08,136.1697235107422,136.21514775945903,134.94296374854005,135.45183735290763,13463000
2019-02-11,137.30563354492188,137.35105780240593,135.96983314275528,136.5695692260756,16374800
2019-02-12,139.02308654785156,139.20482517159468,138.01442124044382,138.05076341888517,20779900
2019-02-13,139.41380310058594,139.7227601014419,138.75953306008736,139.41380310058594,15534500
2019-02-14,139.7318572998047,140.27707309460934,138.48691947684662,138.6504939213244,18251000
2019-02-15,141.95819091796875,141.97636893811338,140.18621526245113,140.64965078288907,27240200
2019-02-19,142.34890747070312,142.75783660262323,141.3493383607415,141.3493383607415,15856900
2019-02-20,143.0214080810547,143.1940646463647,142.23991943044138,142.35805578897342,18317400
2019-02-21,142.4761505126953,143.0032021851077,141.81279834990343,142.78512140050057,17497000
2019-02-22,143.7119903564453,143.82104461291468,142.7578592062647,142.91233771501552,20411800
2019-02-25,143.74835205078125,144.93875591532478,143.65747581111046,144.55710066708875,17957100
2019-02-26,142.75787353515625,143.74836082549947,142.56703896650558,143.58478635726055,21497300
2019-02-27,142.95774841308594,143.06678878287397,141.8672892521487,142.20352016860218,18194900
2019-02-28,142.4671173095703,143.10320959250205,142.0945440203632,142.74881433017066,18155300
2019-03-01,143.7937469482422,143.88460929483364,142.4397690324314,143.5302142518715,19247100
2019-03-04,142.49436950683594,144.2845237459934,141.38574564708043,144.0664290329072,23301800
2019-03-05,141.83102416992188,142.62159501209229,141.7219837408699,142.6125129315952,16798200
2019-03-06,139.0503692626953,141.83101086892472,138.92315081880804,141.77649065951167,29604600
2019-03-07,137.8326873779297,139.15940585550953,137.5509903931935,139.05036543968134,26822500
2019-03-08,137.79632568359375,137.90536608398259,136.86035860487465,137.0693573275426,20466800
2019-03-11,140.2043914794922,140.22256950120078,138.03258238853843,138.22341695205904,20854500
2019-03-12,140.27711486816406,140.83142677070043,139.7591590155677,140.30437497273385,18966800
2019-03-13,140.83140563964844,141.5129358831737,140.62240691404912,140.77688543868933,24109100
2019-03-14,140.25892639160156,140.86775839772136,140.1226120266157,140.75870413257908,14217500
2019-03-15,140.6314697265625,141.64013490342916,140.2407324293723,140.42247102959487,22025900
2019-03-18,141.53106689453125,142.16715880405056,140.3770055164124,140.90405706023233,24510200
2019-03-19,140.813232421875,142.2398950963163,140.45883727267784,142.19445697651824,18633100
2019-03-20,139.6396942138672,141.6077371584618,138.86524252460453,140.80593879524204,29463200
2019-03-21,141.4711151123047,142.19090147184087,139.1568378445954,139.1568378445954,31845000
2019-03-22,136.32321166992188,140.8059678100717,136.27766631031633,140.49618707053244,40663000
2019-03-25,136.9245147705078,137.87209706041548,135.22070737016205,136.19560852505504,26454700
2019-03-26,138.36412048339844,139.23881088303312,137.38920528695908,138.00878054976954,21308600
2019-03-27,137.82656860351562,138.68303259055034,136.1956389509112,138.2274678232113,23477100
2019-03-28,139.05654907226562,139.3389969303315,137.51673833354027,138.3003100862697,19473300
2019-03-29,139.4847869873047,140.28658525344332,138.5827778406291,140.022349959952,28298900
2019-04-01,141.00636291503906,141.1521469370599,140.05879457736268,140.5781310395588,20075200
2019-04-02,140.64190673828125,141.11569782471415,139.86744134138493,141.10657763478193,18253500
2019-04-03,141.37088012695312,142.27288958459314,140.9790871472097,141.8993369933889,19554700
2019-04-04,142.0632781982422,142.1452764982468,141.07925688999737,141.48015600477078,15909500
2019-04-05,143.39356994628906,143.47556826737082,142.30932358065257,142.40954838510805,21379000
2019-04-08,143.15664672851562,143.5028803490254,142.19997198170717,142.910651800741,14202400
2019-04-09,141.4072265625,142.7739201450681,141.1430052537363,142.55525806960188,18534200
2019-04-10,143.3297882080078,143.3753474663476,141.52575558016906,141.66241945245469,18938800
2019-04-11,143.14755249023438,143.66688906198752,142.87421086696472,143.52111891194517,12218700
2019-04-12,143.66683959960938,144.10419160735998,143.1475032066561,144.07685884471653,14120300
2019-04-15,143.20220947265625,144.04956706385767,142.59175442873325,143.9128893090282,10964000
2019-04-16,143.539306640625,143.86731375121445,143.02907644698143,143.69421085908758,16782900
2019-04-17,142.227294921875,144.05865988239606,141.40727017777232,144.04043340291014,17108500
2019-04-18,141.80816650390625,142.39128871134375,140.91526366498977,142.23639839560425,23276300
2019-04-22,141.43458557128906,141.9630421896207,140.78769160767402,141.50747757754812,15596800
2019-04-23,143.56661987304688,144.00395795106382,141.55301843204546,141.56212471812174,23396100
2019-04-24,144.01312255859375,144.58713857657676,143.38444099656138,143.6122233652553,18053100
2019-04-25,142.8195343017578,143.4755485858887,141.653289775021,143.34799102523723,19365100
2019-04-26,144.20448303222656,144.4049326527582,142.50066125770778,143.01090550261907,16999100
2019-04-29,144.8968963623047,145.42535304248685,144.40489264088285,144.52333000002812,13698900
2019-04-30,144.22264099121094,145.04266564719262,143.010851338859,145.00621269213806,24127500
2019-05-01,142.85595703125,144.62355010017936,142.78307892154945,144.56888456653905,17734300
2019-05-02,143.5211181640625,144.09512027693197,141.84462937135314,142.7193197807116,22715700
2019-05-03,146.26364135742188,146.3638661748635,144.13160131664756,144.24093242558928,20178800
2019-05-06,146.42758178710938,146.79202791084137,143.96752179236887,144.1224120900914,21262100
2019-05-07,143.53021240234375,145.66225184880307,142.36396788961056,145.1520216123237,25434500
2019-05-08,142.82867431640625,144.04047838009961,142.72844950203358,143.28423912669393,16113700
2019-05-09,142.30934143066406,142.728453281696,140.0770765816877,141.69888623704097,25259900
2019-05-10,142.7010955810547,142.89243889022669,140.01326637917055,141.76263332313647,26544700
2019-05-13,138.15457153320312,140.33217049784528,137.7263395528869,140.03149609234245,26936500
2019-05-14,139.89480590820312,140.46882189528233,138.21833110152969,138.45523364996578,15519200
2019-05-15,140.35037231445312,140.68749965989554,138.55546011463693,138.856120594349,18410600
2019-05-16,141.22503662109375,142.30016248464102,140.71480645515746,140.77857827453482,13772100
2019-05-17,139.2570037841797,141.4710552906449,139.09300717770907,140.1499205396206,21534000
2019-05-20,138.29122924804688,139.2388116782909,137.95411579447492,138.4278931068646,18689800
2019-05-21,140.14993286132812,140.35036854150403,139.02012738518926,139.06568663634667,11659100
2019-05-22,138.97454833984375,139.94034315480377,138.49165093236374,139.6032297691708,13922600
2019-05-23,136.11361694335938,137.63520133316214,135.37560437313422,137.63520133316214,26379400
2019-05-24,137.38917541503906,137.66251697441422,136.4780461522747,137.01562298337987,16093100
2019-05-28,136.29579162597656,138.17271524967876,136.286685340433,137.58959321219143,14042200
2019-05-29,135.15692138671875,135.6944843544102,134.26401853667005,135.61248605141935,22622300
2019-05-30,134.78334045410156,136.28671202672797,133.97243599470747,135.53047309675142,17739100
2019-05-31,132.89732360839844,133.79022645217069,132.4053198911815,133.19799795331494,25411300
2019-06-03,133.36203002929688,134.1273894302565,132.41446139855074,133.143367831366,26554500
2019-06-04,136.81517028808594,136.93360763566665,133.4075419187032,134.7742357814306,21217600
2019-06-05,136.842529296875,137.4803171079174,135.40294315038986,137.3618658348911,18184100
2019-06-06,136.48716735839844,137.14318154468924,135.12957974179372,136.7787214952336,20772500
2019-06-07,137.45297241210938,138.04520092039547,136.6876271052605,136.98830145496478,17107500
2019-06-10,138.26390075683594,139.5303701977744,137.99055912800569,137.99055912800569,18912300
2019-06-11,137.8538818359375,139.61235491528276,137.19786755174354,139.2843477731858,15373000
2019-06-12,138.00880432128906,138.2912522783714,137.23433858506013,137.74456894659394,11957600
2019-06-13,139.46653747558594,139.56674832958404,138.37317143759657,138.7740704644958,14839400
2019-06-14,138.24563598632812,139.34810848627257,138.23652969889116,139.29344295619296,16154800
2019-06-17,139.19932556152344,139.80278022065204,138.67814431984291,138.86100979084372,12509300
2019-06-18,140.81768798828125,141.8600364337337,139.21759083375176,140.14108440633663,22100800
2019-06-19,141.3206024169922,141.44860965298886,140.25996306059554,140.98230056866007,15625000
2019-06-20,141.98805236816406,142.83839702027095,141.21087064499199,142.68296067563654,17595700
2019-06-21,140.76283264160156,141.8783300826968,140.45195996503148,141.84176257146396,19854400
2019-06-24,139.05300903320312,141.18342566760685,138.97986006422377,141.13770581802734,24002600
2019-06-25,138.20266723632812,139.43703344092722,138.06552163659026,139.26330638009955,17462200
2019-06-26,137.8826446533203,139.18100737861715,137.84606319529033,138.70554608639603,15726900
2019-06-27,140.47027587890625,140.5982831187797,138.2850004578033,138.2850004578033,22278400
2019-06-28,142.18002319335938,142.65548441213198,140.75365348877776,140.76279187600437,35089900
2019-07-01,142.72866821289062,144.4933400482794,141.92404348493656,144.04530783353414,22850500
2019-07-02,141.8600616455078,142.7469739134965,141.04629836322093,142.65554814517608,19024600
2019-07-03,142.87496948242188,142.94811846214986,141.87834079314297,142.27151481521327,9115100
2019-07-05,143.2589874267578,143.313859623929,141.594893524496,142.17093300499556,14156700
2019-07-08,141.89662170410156,143.07611578518666,141.62231653704401,142.82925369140116,9735700
2019-07-09,142.08865356445312,142.11608269139188,141.24746111759706,141.3023193714746,12381600
2019-07-10,142.33555603027344,143.14931950096312,141.58580316879605,142.82015596496808,17325400
2019-07-11,141.64059448242188,142.58236477463615,141.00969684066416,142.5366449256304,14260800
2019-07-12,142.73782348632812,143.2498523913234,141.61318757344628,141.85091129312514,16678000
2019-07-15,141.98805236816406,143.17669883201992,141.58575392120838,143.14926970953977,12194300
2019-07-16,141.94232177734375,142.8200814475223,141.42114063738777,141.84174369516305,15152700
2019-07-17,140.9274139404297,142.0337589819667,140.56166908855585,141.9423332328029,14155100
2019-07-18,141.45777893066406,141.73207021796364,140.5617142196721,140.88173932384694,15705500
2019-07-19,140.6439971923828,142.1160734144809,140.6439971923828,141.66805506923092,17182600
2019-07-22,140.51597595214844,141.4486080620587,140.25996148303457,141.0280188421183,14474600
2019-07-23,141.4486083984375,141.4668991324869,140.38796905144798,141.06458669385347,15493200
2019-07-24,143.78932189941406,143.96304899570904,140.91829049426863,141.07372685628457,23823100
2019-07-25,142.05203247070312,143.77099818651922,141.8051564696207,143.7161260015937,17902500
2019-07-26,143.7344207763672,143.9355769382103,142.1800436680926,142.25319263164812,14260300
2019-07-29,142.77435302734375,143.88071186489614,142.27147659837567,143.72527555663032,13192200
2019-07-30,144.3196258544922,144.3196258544922,141.45774710418797,141.77775818461973,1200
2019-07-31,143.14918518066406,145.59047330201412,142.22570604841383,144.26468200863064,40445900
2019-08-01,141.07369995117188,144.62134833062234,140.43366389089465,143.44185430180715,38070200
2019-08-02,139.51023864746094,140.58001661185884,138.32159181421488,140.2142855639732,30148300
2019-08-05,135.32254028320312,137.0780742667219,133.68587515773442,136.95006701641566,39221500
2019-08-06,136.5660400390625,136.87691278480276,134.75564786780313,136.1454368317278,24283300
2019-08-07,136.52947998046875,136.8860726087144,134.12475736204007,135.2493935047003,23952100
2019-08-08,139.4736328125,139.5559341428837,137.14207337388282,137.28835739644143,19415600
2019-08-09,137.71807861328125,139.1170196503029,137.17862060851934,139.06216140598684,19313200
2019-08-12,135.9351043701172,137.26089631821196,135.62423171089983,136.97745277882322,15963000
2019-08-13,137.39805603027344,138.78784460901883,135.02076332958134,135.63337025937165,21912600
2019-08-14,133.55787658691406,135.30425833992433,133.23785146447912,135.2768292096293,28235800
2019-08-15,133.0275421142578,134.10645832461827,132.38749194011908,134.06073846193075,24202400
2019-08-16,135.89849853515625,136.1545128825158,133.59435545718463,133.62178456927776,22783400
2019-08-19,137.2700958251953,137.964990352518,137.10550709793156,137.44382294496205,17023400
2019-08-20,136.37399291992188,137.16032695912145,136.2277089221041,137.07803959439764,13324100
2019-08-21,137.49859619140625,137.74545820205662,136.95912442889815,137.71802908976213,13446100
2019-08-22,137.1786346435547,138.13869587253325,136.36487138221406,137.7638125623643,12979100
2019-08-23,132.97264099121094,137.2517652864793,132.51547036724048,136.4380021338815,36974600
2019-08-26,134.4355926513672,134.45388338282453,133.22866945824717,134.22529807069859,19167100
2019-08-27,132.4423370361328,135.340797154908,132.28688674446647,135.28593891160946,24546200
2019-08-28,133.987548828125,134.76474440282811,131.89371368891707,132.1771572191592,20115500
2019-08-29,136.33743286132812,136.50200759977227,135.28594593884742,135.45965906773586,18786300
2019-08-30,136.090576171875,137.1237864605253,135.35910023172636,137.05063747133613,18727100
2019-09-03,134.0972900390625,135.6150998507726,133.49382147029968,134.81961348222518,20688000
2019-09-04,135.1761932373047,135.65165454520238,134.57272472555826,135.3316295597111,13107500
2019-09-05,137.69064331054688,138.8975804382861,136.575145887057,137.01403972536585,25666700
2019-09-06,137.0597381591797,138.27581361039995,136.9957415310835,137.79121389810592,14645900
2019-09-09,138.8975830078125,139.19931729532922,137.20604611008736,137.67236907794967,25780100
2019-09-10,140.67141723632812,140.7628429970062,137.96496079856507,138.68728430040957,29576200
2019-09-11,143.5515594482422,143.69785737953666,140.40622368410442,141.28399732013256,42970500
2019-09-12,143.588134765625,144.3744687494318,142.24406604793018,143.7161419745359,38648300
2019-09-13,143.83505249023438,145.30714279532114,143.6704777246718,144.32880469040896,31042800
2019-09-16,144.37452697753906,145.151722885498,143.27731989410793,143.52419602219706,23242600
2019-09-17,143.99961853027344,144.072767509585,143.04869575096427,143.88074969492448,22986700
2019-09-18,143.1127166748047,144.0087673205335,141.78692446442443,143.99047658644943,19735700
2019-09-19,142.4177703857422,144.30132484622231,142.20747583085299,143.3686929805898,21531600
2019-09-20,142.11602783203125,143.23152506941594,141.2199774771893,142.30804559822337,22707200
2019-09-23,142.0063018798828,142.59147957583292,141.3205461134536,141.59485121037264,14944600
2019-09-24,139.8629608154297,142.4871697803184,139.32160649769276,142.35871258626582,27576700
2019-09-25,141.395263671875,141.63382298654895,139.284883885576,139.72530646681307,21917500
2019-09-26,139.8170928955078,141.23012201643007,139.42253680279828,141.23012201643007,20641600
2019-09-27,138.69764709472656,140.5878085625478,138.09205730383786,140.2207920836474,20181900
2019-09-30,138.8627471923828,139.70689597157585,138.35808922635005,138.89027271773224,16905400
2019-10-01,136.1376190185547,140.7070526013318,135.84400872451903,139.5692794600983,34093500
2019-10-02,135.11000061035156,135.4586760599185,133.8345994668284,135.4586760599185,24894600
2019-10-03,135.55955505371094,135.74306321878316,132.98121423161544,134.59611968611233,25362800
2019-10-04,136.84420776367188,136.94513941472917,134.9907419900671,135.78902468507798,18640400
2019-10-07,136.60560607910156,137.69749887472491,135.90825525122537,136.51384496992432,15762800
2019-10-08,134.3851318359375,135.7339250097268,134.06398193693317,135.26597692905622,18110600
2019-10-09,134.99989318847656,135.5137218304057,134.55028612639833,135.37608015795868,10929500
2019-10-10,135.54127502441406,136.2569670646912,134.97239519772796,135.19259951733122,16349000
2019-10-11,137.83514404296875,139.4316951402721,135.51373049391293,137.44058802433287,29236300
2019-10-14,137.3305206298828,137.77094331959682,136.8075213109946,137.55073897513225,10692600
2019-10-15,138.9086456298828,139.58764134445127,137.44055208516417,137.78922745220981,16801200
2019-10-16,139.05552673339844,139.71616775601439,138.6793256509229,138.7435612507144,13119100
2019-10-17,140.6979217529297,140.85390446874837,139.5142816148787,139.73448591919572,13175800
2019-10-18,140.028076171875,140.84469960302752,138.96370895801047,140.3216865062776,14490200
2019-10-21,141.34017944335938,142.20268346527766,141.2209068025776,141.4594660849207,17450300
2019-10-22,141.49618530273438,142.2669282656105,141.06493326381505,141.48700079076986,12471800
2019-10-23,141.6705322265625,141.99168218075775,140.89061862474688,141.61548114887935,8728000
2019-10-24,141.4686279296875,142.2760808370482,140.8171716982495,142.1751492236281,9091400
2019-10-25,142.22103881835938,142.70734189554688,141.21172261998177,141.2209071313722,10531500
2019-10-28,143.45062255859375,144.0378575146684,142.23027207159157,142.8266915431082,15392400
2019-10-29,143.91851806640625,144.36811108938466,143.01013350848828,143.14776116842467,11978300
2019-10-30,143.44139099121094,143.88181352061414,142.47795533250783,143.86345849832824,14451500
2019-10-31,142.6339569091797,143.23037620582792,141.52372292749905,143.23037620582792,17344200
2019-11-01,145.0654296875,145.14800626512428,143.18443941499348,143.50557521712437,18421600
2019-11-04,145.84542846679688,146.53359501885865,145.40500579369697,146.25832559787708,16182000
2019-11-05,146.02891540527344,147.23092456786156,145.86376217729202,146.25830422243584,13760200
2019-11-06,145.1847686767578,145.88211965314503,144.7993971375461,145.88211965314503,16025500
2019-11-07,145.5701446533203,146.96483264782583,145.1297220237649,146.57029058402856,13448900
2019-11-08,145.96470642089844,146.13904417712106,144.92786439754292,145.23065934243746,11967400
2019-11-11,145.68942260742188,145.79952475802747,144.86362847631554,145.00125616457257,10508700
2019-11-12,145.7352752685547,146.69871090424468,145.42330990104497,145.82702237623312,14316900
2019-11-13,145.11131286621094,145.43246270593576,144.23046793568307,144.73512596920307,14514400
2019-11-14,145.0654296875,145.80864688767073,144.78097591883395,144.90943303984153,13054000
2019-11-15,145.81790161132812,146.1573926270363,145.29490231687996,146.10234154349274,13119200
2019-11-18,145.45083618164062,145.65269942066283,144.91865255156208,145.63434439872094,10759500
2019-11-19,145.9922332763672,146.53358757630505,145.25818619129393,145.9922332763672,15203700
2019-11-20,145.44163513183594,146.44178070263726,144.29469140453074,145.47834517154533,21314300
2019-11-21,144.72596740722656,145.79033472315996,144.26718984009463,145.72611314416721,15388300
2019-11-22,145.17556762695312,145.46917797568568,144.37729917798382,145.25814422496106,13482400
2019-11-25,148.25857543945312,148.4879642464827,145.79034963568975,145.91880680759505,24753000
2019-11-26,148.35952758789062,149.13944123915897,147.99249704542586,148.41457866906444,15496700
2019-11-27,149.40553283691406,149.49727996746245,148.7173663542781,148.99263574748906,13202500
2019-11-29,148.4329376220703,149.36883402834448,148.34117648383136,149.02017250476123,9988200
2019-12-02,146.98318481445312,148.83665042891127,146.72627045214597,148.78158535060314,17190900
2019-12-03,146.5152130126953,146.58861911149307,145.06548806398038,145.72612895237842,14884400
2019-12-04,147.5245361328125,147.92826269431637,147.08411352061847,147.2676217756341,10833200
2019-12-05,147.67129516601562,148.3227513368726,147.22168820244954,148.15759816705895,11470700
2019-12-06,149.39627075195312,149.93762469295038,149.10264651229568,149.18522307940896,16486200
2019-12-09,149.11190795898438,149.70832730923888,149.00180580235156,149.3321262730329,13476700
2019-12-10,149.20364379882812,149.52479370228025,148.58888352719686,149.02013556861857,13704400
2019-12-11,149.1577606201172,149.6348932109024,148.5980514273058,149.4513849839174,19612200
2019-12-12,150.4423828125,151.48839536166273,148.87335698836412,149.3321346678352,24857000
2019-12-13,149.8643035888672,151.22228146516431,149.14861159995505,150.2313200957208,23279600
2019-12-16,150.9206085205078,151.8139034322259,150.79168008232924,151.08636763296064,20115300
2019-12-17,151.67576599121094,151.67576599121094,150.75484450486218,151.1600522071991,12980000
2019-12-18,151.97044372558594,152.20987821563017,151.3258015968942,152.0072743963064,15379300
2019-12-19,152.62423706054688,152.62423706054688,151.84146262303275,152.20982541102296,11919800
2019-12-20,152.8452911376953,153.25049870992763,152.6150608400308,153.01105020698552,25449500
2019-12-23,153.14920043945312,153.2044534638568,152.2835322514153,153.09394741504943,13372100
2019-12-24,153.49916076660156,153.51758312782925,152.90977167661484,153.28735279498844,4334500
2019-12-26,153.49916076660156,153.77543997643943,153.20447324768037,153.63730739759265,9371200
2019-12-27,152.74403381347656,153.90438979351225,152.34803027883066,153.90438979351225,12261800
2019-12-30,152.35719299316406,153.06630619319827,151.55599611202044,152.85448421715014,14912700
2019-12-31,152.56906127929688,153.19529519845264,151.68498451973747,152.02572097371905,17362400
2020-01-02,152.67034912109375,153.5636440065026,151.24291813549178,153.5544398512416,18297500
2020-01-03,152.07176208496094,152.3296189643302,150.75483711690373,150.79168184375422,19295600
2020-01-06,152.2743377685547,152.44930100623026,150.60745846437726,150.89295586216494,17150900
2020-01-07,151.76783752441406,152.26512885813048,151.22449731391137,151.8138864012003,11817900
2020-01-08,152.23751831054688,152.90058285981323,151.6941780430537,151.78627580628628,13832400
2020-01-09,152.4217071533203,153.2873755818303,152.19147678625473,152.98346981104618,11895400
2020-01-10,151.85072326660156,152.58746316880655,151.21528527660155,152.45853473983155,15353000
2020-01-13,152.83609008789062,152.90975141875384,151.0955495642909,151.89674651974622,17271100
2020-01-14,153.39788818359375,154.3372179175667,151.93361244130276,152.08096324150682,18323000
2020-01-15,154.1345977783203,154.66873383345796,153.0018684823641,153.01107263684872,15437200
2020-01-16,156.12379455566406,156.43690444057367,155.11077545490406,155.25812624267724,19976200
2020-01-17,155.7001495361328,157.07231309116645,155.33177263547734,156.81445628677858,18306400
2020-01-21,154.41087341308594,155.626496279849,154.04251051220595,155.04631136142626,17935100
2020-01-22,154.30958557128906,155.28575999451905,153.9596309470575,154.88977054258982,14916300
2020-01-23,154.2082977294922,154.6871808296994,152.36645478485292,153.8859836454682,15954300
2020-01-24,152.31118774414062,154.7239972831414,151.2429155619322,154.7239972831414,20491400
2020-01-27,150.57981872558594,151.482331609373,149.57601800095037,149.9720214197839,18539000
2020-01-28,151.83229064941406,152.32037781557696,150.56142880739745,151.49155426416854,16690400
2020-01-29,150.9665985107422,152.46770449322577,150.93897200020558,152.04408863023664,14944400
2020-01-30,150.9665985107422,151.15999813664013,149.1247561968793,149.9627978222009,21889700
2020-01-31,147.83546447753906,150.9573864744131,147.37500392312023,150.40484224039508,30439000
2020-02-03,149.48397827148438,150.04572687254722,148.71961177271476,148.82091369549497,17373200
2020-02-04,151.7401580810547,152.2374492413135,151.17839570535415,151.31652823538732,15994200
2020-02-05,154.0792999267578,154.2819036836379,152.58741230985913,153.31493376255386,17807000
2020-02-06,153.72938537597656,154.8529104825816,153.5728304417308,154.61347600411344,14768900
2020-02-07,151.84152221679688,153.20448192985373,151.39946983514727,153.14001068797538,18029600
2020-02-10,152.69798278808594,152.77165819005972,151.45474726666157,151.54683098001925,11428800
2020-02-11,153.7570343017578,154.67795564889974,153.12159632388676,153.60046530685645,15005600
2020-02-12,154.8160858154297,154.98184491030048,154.05171942296644,154.7332062679943,12123000
2020-02-13,155.22129821777344,155.58966114134114,153.89516920949805,153.99647112130089,12649300
2020-02-14,154.6226806640625,155.43309590482673,154.10696698435575,155.35942051456234,16006200
2020-02-18,154.2911376953125,154.77002067262885,153.26891456127464,154.25430702881565,13412100
2020-02-19,155.08316040039062,155.76464730509966,154.28196326739499,154.87135240990298,11084600
2020-02-20,155.46070861816406,155.736987794092,153.41626238929717,154.62266693696836,20383800
2020-02-21,153.88595581054688,155.29496428416246,153.1768424705243,154.85291193986208,18729900
2020-02-24,149.2537384033203,153.84912720704028,148.36044351899233,149.0603387259095,28239500
2020-02-25,143.94921875,149.88915884430716,143.6269046980843,149.668146706341,45047000
2020-02-26,142.2823486328125,145.95682987957758,142.0244917788793,144.63070088669562,39465000
2020-02-27,137.2725372314453,142.75201657521424,137.05152509590923,139.38145503898483,50530300
2020-02-28,134.7584228515625,137.33700544237038,132.5297948704923,133.39546318796266,72036400
2020-03-02,139.0867156982422,139.2708971119051,133.8927211409581,136.26869931799055,33569300
2020-03-03,136.2503204345703,142.00607927391636,134.74000987721175,139.14201311337195,42941300
2020-03-04,140.12741088867188,140.39447192562562,136.77525738031338,138.39607406988748,36195800
2020-03-05,135.6701202392578,140.42206303254707,133.98483272830316,137.06991036955137,32729400
2020-03-06,132.98104858398438,134.43610612649985,129.84071719409638,131.42470317444761,39688300
2020-03-09,120.05130767822266,125.4018584702658,119.95920992241841,123.52318510030271,56320000
2020-03-10,123.79944610595703,124.1401965492739,117.89635113376168,124.05731700312012,54432700
2020-03-11,115.92558288574219,121.81027707456754,114.35080814053384,120.56702756818014,51354800
2020-03-12,103.11557006835938,110.41847703625955,102.77482662167974,107.53598856354992,70114300
2020-03-13,110.0224838256836,110.47373335686599,100.88694497122796,108.95421159961748,57915100
2020-03-16,95.42586517333984,102.49854085590333,93.40904533003201,100.03047155453815,59095700
2020-03-17,99.80023956298828,101.76179931912039,92.65388861182963,96.65989469112367,59344800
2020-03-18,92.06449890136719,98.33597039377354,88.63867071176442,94.90093805040082,62296700
2020-03-19,95.65608215332031,98.35438139747211,88.12294688312001,91.77900496413181,62654700
2020-03-20,93.38140106201172,100.15938092857498,92.50652180027521,97.72814978361971,76203700
2020-03-23,92.00001525878906,94.09971415049523,88.32554219830325,93.84185737797975,63534700
2020-03-24,100.41725158691406,100.6843195862761,92.02765863418377,97.03747236497519,73386700
2020-03-25,101.66529846191406,105.39096022558087,98.01358990636517,101.21230420427236,56043700
2020-03-26,107.98878479003906,108.71912671824622,102.80243806248815,103.11676574006984,51657600
2020-03-27,104.05973052978516,107.25843859812981,102.49736016243392,103.77314325977953,39931500
2020-03-30,106.35244750976562,106.55583474977526,102.43264442684334,104.6883765035418,41552100
2020-03-31,105.81621551513672,107.39707898797062,103.50501037007457,105.94564243900112,52948000
2020-04-01,98.60527038574219,102.04433808975465,97.56060103283347,100.49120778174552,54224200
2020-04-02,99.53900146484375,102.0535942956815,96.67310792064238,97.73626391131509,43774200
2020-04-03,96.71935272216797,99.84410074330079,94.85189429548753,98.54057715359642,42189200
2020-04-06,104.1244125366211,104.78079395698032,100.78703171467232,100.85174517715173,48708100
2020-04-07,104.39253997802734,109.68057988051854,103.90256548588046,108.05348905208119,57546100
2020-04-08,109.15363311767578,110.23527579753943,104.73460851865073,106.20453210104377,52822300
2020-04-09,114.3769302368164,115.19971876814722,112.16741851067111,112.71285958174347,69528600
2020-04-13,111.27992248535156,114.18279596471643,110.12431976097895,113.57263434069284,40198200
2020-04-14,113.53567504882812,115.44935322955284,112.13971177986181,114.54336447714667,35089700
2020-04-15,108.90402221679688,110.1150918223075,107.85011291593837,108.95948890002927,34809900
2020-04-16,108.08120727539062,109.47717018845081,105.90866866606352,109.17208939821695,49501300
2020-04-17,112.84231567382812,113.45247742276538,110.9933509363078,112.69440216251168,46250200
2020-04-20,111.51105499267578,113.61887345953129,110.0503712995952,110.5588323209212,36700500
2020-04-21,108.84852600097656,110.23524922132499,107.68368357421598,108.55269199609845,31608900
2020-04-22,110.1705322265625,111.85308939792962,109.8007379689924,111.23368807211202,24333800
2020-04-23,111.25216674804688,113.61884559728216,110.64201226143317,111.03953982590812,38571200
2020-04-24,113.1658706665039,114.0071458095837,111.0210651690497,112.3523218079552,27147500
2020-04-27,117.64961242675781,118.740501757553,114.50637138436153,114.5895714008233,39021300
2020-04-28,119.35990142822266,121.5324403140203,117.66809725243799,121.2181056345045,47292700
2020-04-29,125.23036193847656,126.51539160060868,121.9207140511087,123.40913092075628,50390500
2020-04-30,120.46930694580078,122.90070032645087,120.31214662058714,121.93923066969553,43727500
2020-05-01,115.689697265625,117.83449560076673,113.97940667543148,117.54790838739201,43352000
2020-05-04,116.18892669677734,116.392313915455,113.01795237261847,114.26600196976632,28498200
2020-05-05,117.0856704711914,120.108724121244,116.57720244671131,118.39844053805656,31209400
2020-05-06,116.22592163085938,118.51863389839914,115.56029321343152,117.86225227933572,29836800
2020-05-07,117.8160171508789,118.79596605350538,116.99322853391146,117.76979021827819,27493000
2020-05-08,122.3644790649414,122.72502660143215,119.43387183623854,120.33062080508384,32122900
2020-05-11,121.75431060791016,122.90991343089047,119.563292169613,120.56173470144557,33983200
2020-05-12,117.38150787353516,122.29974591804701,117.2613206716076,122.27201258013744,44275300
2020-05-13,113.45246124267578,116.55872212296796,111.31690953243982,116.1611944789651,58719300
2020-05-14,113.8222427368164,113.96090941415417,108.33081661059506,110.91012260766148,55904300
2020-05-15,115.63423156738281,116.05024572277063,112.28760357134053,112.7960715863605,40236600
2020-05-18,122.66028594970703,123.31667448872341,120.95000242133055,121.52317684520526,46981100
2020-05-19,120.23815155029297,123.3721456147194,120.23815155029297,122.23503646916966,30270000
2020-05-20,123.88065338134766,124.78664226969444,122.38299626499109,122.7065566718733,35901300
2020-05-21,124.10247039794922,124.86053831259724,122.56782687211961,123.92681655859239,32716500
2020-05-22,124.70341491699219,124.85133546821575,122.97463755731731,124.50002768567983,24035200
2020-05-26,128.2996063232422,129.77878311385666,124.79582587320871,129.51067544365105,36971000
2020-05-27,132.28414916992188,132.66319024188206,126.9591369953395,130.87894644040048,42682000
2020-05-28,129.15017700195312,133.80957578425358,127.19027900188745,133.80957578425358,42105000
2020-05-29,128.41055297851562,128.7618606767208,126.10860166852864,127.85587220429757,41536400
2020-06-01,129.6401824951172,130.97143960832452,128.14252529600097,128.7434333037618,25567500
2020-06-02,130.71253967285156,131.13780769814122,129.0207355284586,130.41671269974148,24666200
2020-06-03,133.8650360107422,135.03913244778448,132.30265871164625,132.8203665277178,36111700
2020-06-04,133.67088317871094,134.60461926564406,132.36735983980077,132.9775215013944,28904700
2020-06-05,138.83871459960938,140.817119830024,138.25630047072246,139.46736976113345,53513400
2020-06-08,141.52902221679688,141.8063697874613,140.17928566950465,140.84491419650587,33834300
2020-06-09,138.91265869140625,140.3086355239717,137.803283125082,139.46735352780618,39646000
2020-06-10,135.1407928466797,138.91268168161452,134.88193897524593,138.75552141013532,51774500
2020-06-11,124.83280944824219,130.37970172003781,124.59244919479593,129.56615300610196,72041500
2020-06-12,127.82815551757812,130.37048152330135,124.0192793275073,129.73258655937423,63864900
2020-06-15,130.7834930419922,131.77602651523114,123.63162716405482,123.63162716405482,57354800
2020-06-16,133.92811584472656,136.07088915242582,130.82062179888317,136.07088915242582,48957000
2020-06-17,131.5070037841797,134.4939029867942,131.0895829716528,134.12285125574428,34811400
2020-06-18,131.46066284179688,132.93555679250758,129.68892741074694,130.20838584715972,26974100
2020-06-19,130.7834930419922,134.04866391043197,129.71673505563106,133.96518256443758,50293800
2020-06-22,132.09144592285156,132.2398666811863,128.7798909083302,130.08782230206282,28983200
2020-06-23,132.6479949951172,134.18782826409173,132.32332640863189,133.87244481984786,20344200
2020-06-24,128.3439178466797,131.3493746044352,126.44231751349378,130.88557033556953,42998700
2020-06-25,130.28262329101562,130.40321693673636,126.42376816979005,127.74098481979736,37191200
2020-06-26,126.77625274658203,129.70749902092882,126.60929000960175,129.38283038233493,39100100
2020-06-29,130.9226531982422,131.71112602513898,127.1751213701927,128.66857150813763,33935200
2020-06-30,132.81497192382812,133.22312190909958,130.41246942001322,130.48667979498822,32865900
2020-07-01,131.55340576171875,134.04866000690893,131.01539129067982,133.25091636422064,26457500
2020-07-02,132.09144592285156,134.76296295614665,131.61837067911497,134.0950836978229,24022400
2020-07-06,133.04685974121094,135.15253467304169,132.58305556309193,134.8000531225138,19858200
2020-07-07,130.69078063964844,133.05618550096892,130.31045770048797,131.8873895566401,22661000
2020-07-08,131.66477966308594,132.18423826457885,129.0303743816946,130.5701940492099,27358900
2020-07-09,129.00254821777344,132.04510360999421,127.30502260465633,131.73899104164337,34647800
2020-07-10,131.08038330078125,131.25663121867743,128.43670699489516,129.06747411769672,24008200
2020-07-13,129.419921875,134.16927213141753,129.29932825930524,132.46247615229,34235500
2020-07-14,131.56272888183594,131.70186450957576,128.6036551956419,129.33645975871147,28114000
2020-07-15,136.38629150390625,137.08199795481545,134.3084431416845,134.8928410897871,40770100
2020-07-16,135.57923889160156,136.0523140513119,134.39190134418033,135.5328556435876,30530800
2020-07-17,135.9781036376953,136.90571198092948,134.9762849285008,136.06158499158317,20644100
2020-07-20,135.39376831054688,136.21933946439597,134.64239339494895,135.54217494123435,19663300
2020-07-21,137.3138885498047,138.36209071030456,136.54397177708688,136.794430041509,24503800
2020-07-22,137.38807678222656,137.90753520678186,136.38625804022112,136.44191227796912,24424800
2020-07-23,137.52720642089844,139.32676885244854,136.08013968539464,137.2674772198685,21704900
2020-07-24,135.50506591796875,136.97996019421865,135.0227054830412,136.62746439705808,20015500
2020-07-27,136.91497802734375,136.99845936958837,134.86495764687575,135.60704704879902,13370700
2020-07-28,135.55142211914062,137.32314343338243,135.48648273612878,136.423376293304,13268000
2020-07-29,138.53834533691406,138.63109770123373,136.33990340520407,136.3584595397414,19864400
2020-07-30,137.9910125732422,138.32495214425444,135.73693108454458,136.48829158077712,23618900
2020-07-31,136.69241333007812,137.67567624951374,134.19714375857546,137.4159469558585,29881500
2020-08-03,138.9186248779297,139.1134288641453,136.56250583779018,137.55503943696178,20777100
2020-08-04,139.87411499023438,140.00397964702952,138.25079970320186,138.57546842228277,20285000
2020-08-05,142.65692138671875,142.74968790905598,140.79243318288653,141.26550847676467,18190200
2020-08-06,142.60122680664062,143.2598349589355,141.8405953244852,142.6661661847483,18237700
2020-08-07,144.86460876464844,144.93881913854915,142.06322730516771,142.34151266875006,20475200
2020-08-10,146.3673095703125,147.3320301427655,145.3098366590103,145.3098366590103,24000500
2020-08-11,145.52322387695312,148.25039509166044,144.8553446344051,147.74020759329986,30359400
2020-08-12,146.1168975830078,147.38771672215066,145.1614619426886,147.18364171604532,23378300
2020-08-13,145.81076049804688,147.053752304509,145.30984405687656,145.62524165672392,15799900
2020-08-14,145.718017578125,146.33951358191692,144.5863340625091,144.96665694897632,13360900
2020-08-17,146.46937561035156,146.58996924396706,145.39336051398013,146.09833787424864,9744200
2020-08-18,145.06869506835938,146.423009727854,144.43792807228152,146.423009727854,14670400
2020-08-19,145.0779571533203,146.5992344581031,144.88316730350388,145.56958850367084,14337300
2020-08-20,144.48426818847656,145.1614324594636,143.35258489508377,143.59377211923032,15413000
2020-08-21,143.41754150390625,144.44718743868415,142.48066207481995,143.91844383376886,20685100
2020-08-24,144.9202423095703,144.95735456831122,143.15779218222463,144.57703176420435,13707100
2020-08-25,145.0779571533203,145.46756516131677,143.5845069699399,145.45828001806146,16269700
2020-08-26,144.16888427734375,145.421161178672,143.9462531836779,145.1707029675704,13772700
2020-08-27,144.5214385986328,145.6345662101664,143.43613811582364,144.81826602308854,17508400
2020-08-28,145.74588012695312,145.82009052436393,144.4565045495854,145.26353377506183,12371400
2020-08-31,144.1781768798828,145.97773956613943,144.05759740431085,145.81077683649428,17051500
2020-09-01,145.829345703125,145.9220980651888,143.2691370582142,143.9833996016028,15638800
2020-09-02,146.98883056640625,147.47117673445246,144.87387043177492,146.525026375006,16763400
2020-09-03,142.64761352539062,146.83112216448276,141.88698202472858,146.67343044061602,32117600
2020-09-04,141.73858642578125,144.60489339074317,138.48267142195854,144.43793064910247,30618800
2020-09-08,139.01141357421875,141.44174337079176,138.21366967969882,140.23584946221285,26447800
2020-09-09,141.1170654296875,141.72000520668772,139.6699986415427,140.4677282493114,20160800
2020-09-10,139.28042602539062,142.7404163042669,139.19694464815677,141.76642444065342,23005500
2020-09-11,138.35276794433594,140.11523215156953,136.98918265376608,139.99463854701415,20851000
2020-09-14,141.998291015625,142.32294545270253,139.48446610442133,139.68854107820968,21991300
2020-09-15,142.26731872558594,143.50103979507998,141.79424346078667,143.20421241937743,16175500
2020-09-16,143.6123504638672,145.49539453014918,142.70328397007572,142.95374222074742,22178400
2020-09-17,142.5641326904297,143.22272670697555,140.7645701874501,141.57158494024137,20002900
2020-09-18,142.19309997558594,144.04831696564955,140.1987473729405,142.83315210182707,38352800
2020-09-21,137.2118377685547,139.38243810568386,135.73694375646804,138.97430228450463,40652500
2020-09-22,138.26931762695312,138.49194875743783,135.95029642925385,137.88899475352673,19385800
2020-09-23,134.14993286132812,139.14085143212864,134.06611909692575,138.1910947114571,33403400
2020-09-24,134.14993286132812,136.44053931486647,132.3062573745708,134.12198546777336,31723700
2020-09-25,136.32879638671875,136.7385020198295,133.4794980213411,133.56329757135106,20689300
2020-09-28,139.6902618408203,140.08134071378237,136.31951005515677,138.1538653311836,17600900
2020-09-29,139.05706787109375,139.93234567006914,137.8093380848717,139.53196049418565,18683800
2020-09-30,139.47604370117188,141.50594486666702,138.26556795279032,139.57847010229497,29073700
2020-10-01,141.7014923095703,141.72011916853148,139.19672679231493,140.42582952927378,25872000
2020-10-02,142.3253936767578,143.00512495026516,138.73117657159946,139.12225542244477,29452000
2020-10-05,146.25482177734375,146.4782872852072,143.8431475759685,143.85246811088447,18553600
2020-10-06,145.83580017089844,149.9235226437545,145.57508093134615,147.5863558148634,36348000
2020-10-07,149.0203094482422,149.50450840379946,147.54911413581718,147.67015321860694,27049700
2020-10-08,150.71498107910156,151.10605988700442,149.5231177955507,150.58462147646728,37278600
2020-10-09,151.4971466064453,152.43761126782763,150.6684289018217,152.10239881381517,25038100
2020-10-12,152.5120849609375,152.93111116989712,151.4040354234991,152.1489393324688,20336200
2020-10-13,151.4971466064453,151.98134553071483,150.36114963496595,151.329547483505,20106500
2020-10-14,149.99798583984375,152.62381877983074,149.85831992096362,151.78578064215975,19024900
2020-10-15,151.54368591308594,151.94407101295397,147.87497628188925,148.32192142335654,22865100
2020-10-16,151.17127990722656,152.42831616338924,151.13402617938124,151.97206455829055,17637900
2020-10-19,149.36485290527344,152.7355905516328,149.01101354283483,151.6647803448569,18360600
2020-10-20,149.6907196044922,151.2643553984191,149.29964078954907,150.43563772215438,18927700
2020-10-21,148.40577697753906,150.25874496513123,148.32196319580365,149.7931728342775,17504100
2020-10-22,150.96641540527344,151.02228178460595,148.21952861760445,149.11343331132403,20673900
2020-10-23,151.8416290283203,152.0837213057671,150.1469404618116,151.8416290283203,20889800
2020-10-26,148.5640869140625,150.25876227739477,146.54350533832937,149.83975015297614,26509900
2020-10-27,147.2883758544922,149.0389314153053,147.06491035013804,148.47093291151802,20523000
2020-10-28,142.75367736816406,144.73701853753184,142.5022645222133,144.01072738978883,32338700
2020-10-29,144.4576873779297,145.0629253273,141.2266163871249,142.2508805255846,27203200
2020-10-30,142.54884338378906,144.58805118637537,140.96590129400656,143.6941608287215,31764500
2020-11-02,145.0908203125,145.15599298424445,143.0888528028404,144.11311657132907,25252100
2020-11-03,149.20655822753906,150.1283819325206,147.17665639481703,147.52117521723366,30257400
2020-11-04,149.37416076660156,151.17127658002843,146.8507677737863,146.8880072926778,45226300
2020-11-05,153.5549774169922,154.1788422609505,150.7615451083322,150.85465099374198,31911000
2020-11-06,152.3538055419922,154.2999076681595,152.0558467938787,154.21609389413246,24930400
2020-11-09,157.87548828125,165.83677334351202,157.67063543833748,164.76594908135453,55052700
2020-11-10,160.80860900878906,161.39523443243738,158.0617363150439,159.41189263487115,35492200
2020-11-11,160.743408203125,161.53487215179112,159.09527919170196,161.40451254800308,23972600
2020-11-12,158.27589416503906,160.7527412569609,156.7488181775635,159.5981172827687,33986800
2020-11-13,161.55349731445312,162.14012262940147,159.51428951309074,159.55154323271375,25440400
2020-11-16,165.39913940429688,165.53880534311605,163.32267772630428,164.33763564487475,31812300
2020-11-17,166.17201232910156,166.48859797028894,162.279821900392,163.91863069724477,26154500
2020-11-18,163.84413146972656,167.34522837128134,163.7510113711417,166.6189370683425,24377800
2020-11-19,165.10118103027344,165.36190027783687,163.01542704976603,163.55547819962356,20187600
2020-11-20,165.278076171875,165.68778184526403,163.72306724469848,164.50522487127864,24898800
2020-11-23,168.3695068359375,169.45894388230957,166.42340459304032,166.9076035719168,24816000
2020-11-24,171.535400390625,172.67139754882524,169.80347146157663,170.76254893328326,34945400
2020-11-25,170.94871520996094,171.61913999390327,169.36577332881402,170.86491566400045,21082700
2020-11-27,171.67507934570312,171.78682632928897,170.6042690259407,171.06984120116527,10384400
2020-11-30,168.55572509765625,171.6285037634677,167.90392700687994,171.16293166889423,25481600
2020-12-01,170.12005615234375,171.53539942821754,168.55574059069434,170.95809452448512,30265000
2020-12-02,170.29696655273438,170.84633823492206,168.3136248090851,169.4216887089054,20142800
2020-12-03,171.25604248046875,172.42927907755507,170.34352512717942,170.71597713027987,19603600
2020-12-04,175.24131774902344,175.4741037753128,171.25602211559968,172.28028631452557,24415700
2020-12-07,175.408935546875,175.93968031211367,174.53365779241742,175.2692554026624,14671500
2020-12-08,177.66229248046875,177.8298915941874,174.19843538230623,174.2356748937556,20165600
2020-12-09,176.36802673339844,179.5339113373514,174.96198989499297,178.79831366925555,29507600
2020-12-10,178.07199096679688,178.45374922425077,174.4125875087204,174.83159948425256,21245300
2020-12-11,177.19674682617188,178.51896990552618,175.33445839753765,176.90809439303487,30865000
2020-12-14,177.40408325195312,180.38370458882758,177.3573921608807,179.3002175819849,32237700
2020-12-15,181.8408203125,182.04631242235965,178.1513262076978,179.11339642546352,26807000
2020-12-16,181.18698120117188,182.3358727485771,180.23426064072217,182.2611470522237,25494600
2020-12-17,183.34461975097656,183.42869506062496,181.261692792413,181.88750441664624,23834200
2020-12-18,182.45726013183594,184.78304895395752,181.95287957831655,183.64350721002327,37033400
2020-12-21,182.36390686035156,182.8682875331998,178.8518701291476,179.24416937524524,30873000
2020-12-22,184.43746948242188,184.68031728597552,182.5039796631785,183.0644152128784,21919700
2020-12-23,186.00669860839844,186.48305893186796,184.84847158847953,185.47429757069375,18392000
2020-12-24,185.88525390625,186.75392767050405,184.99790940693595,186.74457805050454,8904900
2020-12-28,185.19406127929688,187.91213541594732,185.06329487496478,187.89346468137782,27168400
2020-12-29,181.60726928710938,185.8758830917574,180.6825692415482,185.53962464269878,33901300
2020-12-30,183.45675659179688,184.45618264058606,182.16776308249905,182.18644807244476,20595700
2020-12-31,183.12985229492188,183.85841020077498,181.7848179295091,183.65291804758843,24747700
2021-01-04,180.7386474609375,184.83912576605067,178.34748210567375,184.51220261487504,33664200
2021-01-05,183.5314483642578,184.58691493525762,180.336999792819,180.35567052684115,27442900
2021-01-06,191.0411834716797,193.1427952908589,186.02534115736154,186.32422964925067,52952200
2021-01-07,194.44114685058594,194.76806998442316,192.1340426842781,192.1433923039397,24031400
2021-01-08,194.02084350585938,195.93564862310484,191.16265313442076,195.5153290247998,29017000
2021-01-11,193.85267639160156,194.39442695004436,191.32140958250523,191.56425738354457,20945100
2021-01-12,197.32736206054688,197.44879309930207,194.74005429183973,194.76807464655718,24892200
2021-01-13,195.91696166992188,197.76637643539925,195.3938960192794,197.48615862184934,22782200
2021-01-14,199.83062744140625,200.82071800325974,197.20594963999136,197.3086956937197,33913700
2021-01-15,196.85096740722656,199.84927311070672,194.52517860448086,196.90700810687662,41043500
2021-01-19,199.37295532226562,199.5224067321191,197.75705292907892,199.27020925955023,19744300
2021-01-20,200.2509002685547,201.7360357645795,199.0179621641554,200.22287991975924,25474200
2021-01-21,198.51361083984375,200.97016647345902,197.97186022375328,200.79269472392446,21180500
2021-01-22,200.8207550048828,201.1289932228614,195.7301852285093,196.60819453078668,24800200
2021-01-25,200.62454223632812,203.53878718729766,197.64493546572888,200.75530863299247,33985000
2021-01-26,199.23284912109375,202.39927775332654,198.73780380782952,202.0349988576704,23969800
2021-01-27,195.5806884765625,198.943273482044,193.6191781812868,195.6834345254097,45830300
2021-01-28,194.9549102783203,198.36418695733437,193.9367992347483,196.93509164783237,32202500
2021-01-29,192.00328063964844,197.0751786242728,191.33076362232288,195.89826671771843,40591900
2021-02-01,196.72023010253906,197.61692418688756,192.19008284496664,194.44114629676938,26375100
2021-02-02,199.52239990234375,199.93338413913708,196.98178303168544,199.09273067684063,22773100
2021-02-03,200.1201934814453,200.5778830688384,197.6356172969754,199.60646317977364,23923200
2021-02-04,204.2019805908203,204.39813733707797,200.8954502804567,200.90478564838511,25400800
2021-02-05,207.03213500976562,207.2096067543386,204.3420812444314,206.36896762500962,23338800
2021-02-08,212.31886291503906,212.3375479021842,208.66672468773248,209.03100354848243,20831500
2021-02-09,213.31829833984375,214.4765109727344,211.38480840853416,212.1507360873531,19510900
2021-02-10,211.91722106933594,215.130354629656,210.11449756204775,214.7567261619044,27955400
2021-02-11,211.67437744140625,213.89742069765703,208.6854207013653,213.09413723760196,25847600
2021-02-12,212.2721710205078,212.72052522557888,209.8249648908263,211.02988296733824,17440200
2021-02-16,210.9364776611328,214.48586991344746,209.9650578434621,214.33641851804126,22999500
2021-02-17,209.28317260742188,209.91833381199112,206.38762710127378,208.8628530947112,25042300
2021-02-18,206.04208374023438,208.19973693534328,204.92122660345373,207.67667122167708,24501500
2021-02-19,210.3386993408203,211.37549530031063,207.51786465106343,207.78874710354916,31238200
2021-02-22,208.97499084472656,211.45956712663556,208.2744533838292,208.769498715999,23272100
2021-02-23,207.13485717773438,208.27439895653438,201.34375186483743,206.38762881669018,38646800
2021-02-24,212.02932739257812,212.4496469972676,207.08820969050768,207.9381842680013,27584900
2021-02-25,204.19264221191406,212.58040603579408,203.63220659013066,211.8331632909062,49961400
2021-02-26,203.9124298095703,207.57390367892054,200.6432551848858,205.04263645090532,47734200
2021-03-01,211.16064453125,211.75843583146417,208.23706410471087,208.7414447242011,26161000
2021-03-02,207.09751892089844,211.05789512967894,206.93873216816598,210.89909412447787,26895400
2021-03-03,204.85581970214844,209.4700139836448,204.75307364867055,207.75136568225972,33407600
2021-03-04,199.130126953125,206.13550213510104,195.6180897403121,204.09926567092108,59126500
2021-03-05,203.3520050048828,203.76297497871246,193.54448129579797,202.58607726451152,53204300
2021-03-08,204.3140869140625,207.6112820282975,203.31464664731192,204.89319331014102,40619700
2021-03-09,208.61068725585938,210.1518780389885,206.3502883597394,207.74202774829794,32247300
2021-03-10,212.2348175048828,213.86940481514688,210.34803273320063,210.72166124131456,36812000
2021-03-11,216.90505981445312,216.96110052570577,213.7012613806355,214.4111483964218,25256700
2021-03-12,218.18470764160156,218.7077732930306,216.11111577167208,216.69023638787144,23732200
2021-03-15,218.95994567871094,219.06269172365307,216.61548588362734,217.95117021540676,21497400
2021-03-16,215.29849243164062,218.65172800380097,214.00949906583656,218.58635192497587,24675000
2021-03-17,216.9891357421875,217.4655103253999,212.36559146508583,213.86941241405927,29422600
2021-03-18,210.38540649414062,217.5682383174987,209.79695049107139,215.5787217043317,35637200
2021-03-19,211.97328186035156,213.52380808037475,208.2464177115544,209.75958820749742,40855600
2021-03-22,210.3760528564453,213.05678573398524,209.3205861718108,212.6644722377831,26128400
2021-03-23,202.74485778808594,209.09639960690967,201.7827875845512,208.44256756360494,43660700
2021-03-24,198.05592346191406,206.73325452959952,198.05592346191406,205.3602001130979,47270200
2021-03-25,202.7518310546875,203.55662518147457,194.67581673535824,195.90172091329904,59244600
2021-03-26,206.4482421875,206.51374120764893,202.09674831389563,204.90416740119443,34452600
2021-03-29,200.63687133789062,206.74768552733008,200.33742073766456,204.95093908815966,38078800
2021-03-30,204.01512145996094,204.64210995250477,199.45774945694816,200.62750730406813,36205400
2021-03-31,206.7570343017578,208.12330342469727,205.05386007977535,205.1006532479352,34800100
2021-04-01,209.37733459472656,209.52705277042537,207.7677464019637,208.12334313343027,29799200
2021-04-05,210.52833557128906,211.99754397508323,209.21821251827066,211.86653166978138,27826600
2021-04-06,209.91070556640625,212.13792909473855,209.47087546998313,210.55641418793255,24907800
2021-04-07,206.52310180664062,209.9668622562326,205.82124705725704,209.83584994085183,26233700
2021-04-08,208.2730712890625,208.51639009318683,205.30656669762925,207.5992895348718,23989400
2021-04-09,208.30113220214844,208.76903537755877,207.03780219610354,208.2075601346294,23267400
2021-04-12,207.48699951171875,208.6193172776702,206.25172818965603,208.4228059268792,20533900
2021-04-13,206.9442138671875,208.2824243612649,204.78250350218022,207.26238459639387,24608400
2021-04-14,208.98431396484375,211.49226852516142,207.56188408984065,207.62738311947112,27362000
2021-04-15,209.89198303222656,210.66870395360178,207.99229743726534,210.64063090770742,20587300
2021-04-16,210.2288818359375,211.192761192924,208.69416005866347,210.930736568458,23943000
2021-04-19,207.49635314941406,210.2382733804921,205.82126594339215,209.34926013888474,25285900
2021-04-20,203.2477569580078,207.39337169428393,201.42293766913602,206.59794496799103,35570800
2021-04-21,208.21690368652344,208.3291958742011,201.66625952559912,203.0886891130243,31147800
2021-04-22,207.35597229003906,210.86524609481376,206.60732435583282,208.92812010052774,31943700
2021-04-23,211.26763916015625,212.1005062512268,207.76773250475227,208.51638045026183,27999500
2021-04-26,213.46681213378906,214.00958159403072,212.19411477718495,212.4280663921543,19069200
2021-04-27,213.7849578857422,214.6646181397717,212.9052976317127,214.0282766755718,19648100
2021-04-28,214.14996337890625,214.75824619233643,212.52166915178665,213.43875555504852,16222700
2021-04-29,213.3545379638672,216.12451732287082,211.29575215467918,216.03094523653698,25500300
2021-04-30,210.45346069335938,213.17666022639054,209.75160602686287,211.23018157112787,27006000
2021-05-03,211.48287963867188,212.81172292620957,210.48156000214001,212.62456451431032,18693400
2021-05-04,208.9561767578125,211.62323035194254,206.7757607039064,210.18209497203927,26892700
2021-05-05,208.12335205078125,210.12597731419544,207.1501196103118,209.88267277389642,25139500
2021-05-06,208.30113220214844,208.5070107416707,204.60469997226113,208.35727829851422,27647300
2021-05-07,210.92138671875,211.4267158506475,207.89873629152137,208.3666394533518,26172700
2021-05-10,205.55926513671875,211.18345722314552,205.49375182578058,210.7717000666039,28109100
2021-05-11,204.9041290283203,206.2423250219418,200.6555609421218,201.12346403571297,39519500
2021-05-12,198.25057983398438,204.72635802571676,197.96046787254275,203.16356314359942,42113400
2021-05-13,201.9002227783203,203.48173781616887,198.20379050103742,199.61685296835708,37739900
2021-05-14,206.8319549560547,207.19691891693316,201.8347374342067,203.94966924584378,25070400
2021-05-17,207.11264038085938,207.17813939132893,203.9121705285409,205.6714907992917,20048500
2021-05-18,205.5404815673828,208.909389736288,205.38139622041646,207.1781424840759,24564500
2021-05-19,203.95896911621094,204.15549471138223,200.309330456774,202.1622228316212,31202800
2021-05-20,205.31591796875,205.75574811806453,202.44299975268174,204.25846644912508,24932800
2021-05-21,205.84934997558594,208.09527978781065,205.2691545346038,207.12204734365287,24213700
2021-05-24,207.1875,208.17009942765756,205.87737694930348,206.98162148070907,18324200
2021-05-25,205.18492126464844,209.3492714753658,205.11942223703676,207.96426762008622,20514900
2021-05-26,209.01239013671875,209.330560923727,205.98972482231795,205.99909202617206,20388200
2021-05-27,211.16468811035156,211.8291168732382,209.78905169250166,210.5938456901603,21225700
2021-05-28,211.02430725097656,212.59645488110272,210.6031972985692,212.50288282460667,20668400
2021-06-01,213.42001342773438,213.88791664555518,211.45482848045089,212.85853813391324,23081500
2021-06-02,213.6726837158203,214.22480608208244,212.26897407186874,214.21545315832768,18927500
2021-06-03,211.8852996826172,213.00826459319367,209.65807570982773,212.2596308389917,24811500
2021-06-04,212.8023223876953,213.41995790155198,211.6887250135995,212.9520548054671,19395800
2021-06-07,215.65655517578125,215.96537296284737,212.66197792444842,213.26089337471498,24049900
2021-06-08,217.9398956298828,218.49201783624153,215.21669628227318,216.367748138027,27770300
2021-06-09,216.4894561767578,218.64181382248316,216.1525652906506,218.54822746773613,18700600
2021-06-10,214.8839874267578,217.60189677474972,214.34978397040206,217.13329072849444,29069000
2021-06-11,217.15203857421875,217.2457655035857,215.62439259073358,215.83994736741155,16707200
2021-06-14,216.5147705078125,218.69847669084336,215.69001918011713,217.72376797616275,19182800
2021-06-15,215.89617919921875,216.93648519873582,214.13421588093576,216.60845524455448,17039900
2021-06-16,215.4369354248047,216.19607491856962,213.3469564986447,215.277611087904,24527000
2021-06-17,213.01893615722656,215.74622685469163,210.42286888506658,214.84651122918527,48292500
2021-06-18,208.18292236328125,211.56625851902797,207.2457102902292,209.65433788159785,54023700
2021-06-21,212.63473510742188,213.21580216786714,209.26076504513483,209.98242253359834,26736400
2021-06-22,213.60000610351562,214.0686121380717,210.61029731493258,212.0629788822006,21188500
2021-06-23,214.30296325683594,215.5213420802978,213.67503274567488,213.67503274567488,22387500
2021-06-24,217.3301239013672,217.34887214848408,214.35916311548888,215.6712543992223,21732500
2021-06-25,217.6956024169922,218.75465655420072,217.19888120059107,217.70496938874155,27619000
2021-06-28,215.9711456298828,217.98614580347052,214.40600323305165,217.65813016862091,25006000
2021-06-29,214.94020080566406,217.18013695696493,214.40599739170486,216.71153094790014,18844300
2021-06-30,214.96836853027344,215.8587316055528,213.45945624048946,214.2935745683375,26039000
2021-07-01,216.86151123046875,217.29263509670557,215.28700173789326,216.3179264863971,18089100
2021-07-02,214.79962158203125,217.50816370278753,214.2091734430137,217.4331850263472,21029700
2021-07-06,211.6787109375,215.05267998602568,209.81365383835376,214.95895306217523,27771300
2021-07-07,209.7105712890625,212.43786189245753,207.8736436082587,211.37880765867314,28521500
2021-07-08,207.77993774414062,210.01050731197412,204.17167942639443,205.54000120275393,42297900
2021-07-09,212.1660919189453,212.2316893333249,209.31695896345238,210.0854797937901,23976400
2021-07-12,212.3441619873047,212.64406243652445,210.45098945528156,211.39756857093192,16831000
2021-07-13,208.34225463867188,211.56626658094004,208.26727595388402,211.08827925300773,25357500
2021-07-14,205.12757873535156,210.27287758480583,204.82767834214795,209.6636955262637,30594100
2021-07-15,203.96548461914062,205.30569112823204,201.44438164952234,204.15292418884763,45477000
2021-07-16,201.45376586914062,206.07422959691206,201.00390800318715,206.02736612529273,36620200
2021-07-19,198.4359130859375,200.98513113116738,195.9241915329525,197.40498836074943,58571000
2021-07-20,204.5933837890625,205.50248057902508,197.99540325780256,198.87638483164014,40794600
2021-07-21,208.11732482910156,208.2672822031769,205.58685491965002,205.67120057979653,28278700
2021-07-22,204.8089141845703,207.99542890594915,203.91856574483668,207.56431944283202,32879000
2021-07-23,205.76492309570312,206.13980222211998,203.2906836794748,206.06482353669222,23660300
2021-07-26,206.36474609375,208.10796126897833,205.39003744699733,206.55218566405705,22194200
2021-07-27,203.95611572265625,205.3244518359302,201.85676953337898,205.25884011715362,35063600
2021-07-28,206.95516967773438,208.61402469314228,203.74989191412266,205.24943689942964,33043700
2021-07-29,208.5484619140625,210.3479076147784,208.19231670325556,208.8014989105297,22634800
2021-07-30,207.17074584960938,209.98238226204273,206.44908849954922,207.73306455166266,28473000
2021-08-02,206.1398468017578,210.4510291914943,205.8493132708459,208.50162585096194,24192600
2021-08-03,206.99269104003906,207.23636106845922,203.4687782486105,206.76775495945802,27798600
2021-08-04,204.4153289794922,207.31131089773424,204.20914117618162,205.34317409438984,25588500
2021-08-05,208.08920288085938,208.4734632767322,204.94953660351317,205.33379699938598,23915200
2021-08-06,209.36383056640625,211.06956361667014,208.19231532882606,209.70122752685828,24429200
2021-08-09,208.21104431152344,209.17637163391208,207.32069567348907,208.92332036180656,17225600
2021-08-10,208.62344360351562,209.20451059730928,207.30197095563963,208.66092579958604,22681600
2021-08-11,209.6449432373047,209.68242542296196,206.62711961635324,209.01701294732925,25691300
2021-08-12,209.1482391357422,209.78553644901965,207.78928455830712,209.71055777085985,23269500
2021-08-13,207.2457275390625,209.2794761907655,206.84271887773306,208.97956143808105,20813700
2021-08-16,205.31507873535156,206.4303492147628,203.9842248577185,205.97112439992375,24074400
2021-08-17,202.81272888183594,203.78743764803363,200.32912209429,203.0564132237475,35161500
2021-08-18,201.0413818359375,204.34973972434537,200.9101727012964,202.5315600873824,29102300
2021-08-19,198.63272094726562,200.6289871576568,197.4518246309347,199.09194569186474,38119900
2021-08-20,201.98793029785156,202.45653628869616,198.145355452638,198.782667036561,31759500
2021-08-23,205.8305206298828,206.13043537177222,203.78740507846885,203.82488727084402,25778800
2021-08-24,207.85488891601562,207.98609803200378,205.89611914850633,206.48656732081358,18677900
2021-08-25,208.5859375,209.9074100870137,206.9833127035985,207.84554618074085,21548000
2021-08-26,206.37413024902344,209.148284742991,205.94302063149675,208.19232426389576,22380300
2021-08-27,212.1941680908203,212.7752349429207,206.72085355291006,206.7958179267708,33998500
2021-08-30,211.3225860595703,213.07518245879638,210.8539799968069,212.98145552595486,20733300
2021-08-31,211.73497009277344,212.38164877318772,210.2448061861717,211.0976726864492,20839800
2021-09-01,213.1595458984375,213.90931852154495,210.75090367057234,212.58784588214945,20451500
2021-09-02,214.64031982421875,215.40882631227103,213.30948035410142,213.9936411850605,22810100
2021-09-03,213.64683532714844,214.5934142169892,212.92517814538607,213.91862049131615,18213100
2021-09-07,212.17544555664062,214.62156969594645,212.0442364354056,213.42193935873425,19153400
2021-09-08,209.86053466796875,211.78182236013936,208.65153733427965,211.44442542736442,25241500
2021-09-09,209.7574462890625,212.0817283867833,208.9608245523045,209.50439500763474,27180500
2021-09-10,207.70492553710938,211.14449197153257,207.6112129145306,211.02266413210813,24366100
2021-09-13,208.88584899902344,209.35445507498986,206.42097646320886,209.195130725248,34693100
2021-09-14,206.22415161132812,209.719963166622,205.31506899828463,209.70121491974538,30312600
2021-09-15,208.08920288085938,208.75462976885186,205.68057520331303,206.20541169488476,27572000
2021-09-16,208.23915100097656,209.31693915538895,206.43032427923396,208.30474840914854,22369000
2021-09-17,208.5109100341797,209.0263794653462,206.7864434832949,207.70490718746103,39957600
2021-09-20,203.55308532714844,205.2400698598846,200.76956442331394,203.79675530937445,44958500
2021-09-21,203.86241149902344,205.5212668758464,202.26915354296193,205.0339268050575,26711200
2021-09-22,207.03016662597656,208.5765753167379,205.12762702823755,205.1370083025811,32100300
2021-09-23,210.69467163085938,211.48192644383477,207.64873199189014,208.2297989775544,31057800
2021-09-24,209.67848205566406,210.90994717928848,208.54101347207492,209.65028165924878,28866000
2021-09-27,212.865234375,214.0308888928286,210.12968144756482,210.2142826282371,29743200
2021-09-28,208.02395629882812,212.07558965403064,207.61034575508134,211.89697760302542,39938200
2021-09-29,207.5821533203125,209.31184442280406,206.971111314814,208.9452249571233,23628900
2021-09-30,205.63623046875,209.26482921215467,205.49522850547518,208.80419889204842,33153600
2021-10-01,208.95460510253906,210.10146885409844,204.68677844480192,206.7642838178083,32647000
2021-10-04,207.0557403564453,208.99225851536923,205.80547012729616,208.8230417847235,32580200
2021-10-05,207.7701873779297,209.68788613422433,206.6985292374023,207.71378658275157,20407600
2021-10-06,206.68910217285156,206.9993208643094,203.76554166807247,205.64564451760126,32893300
2021-10-07,209.87586975097656,211.46455890710996,208.0991731842339,208.24958485033972,24289300
2021-10-08,208.29660034179688,210.6749293436995,208.22139450511438,209.99809115760382,17989600
2021-10-11,207.1027069091797,210.14847839241173,207.04630612423844,208.53158895188614,15929800
2021-10-12,208.2401885986328,209.1332345531948,207.1497255401559,207.61035588659337,18800600
2021-10-13,209.22726440429688,209.34946134252021,206.65151818997268,208.5880219401669,19676200
2021-10-14,212.32940673828125,212.45161801130288,210.87233853246718,211.2765537523908,18160000
2021-10-15,211.6619873046875,214.71715450824,211.56797642234412,214.3129249270195,27555300
2021-10-18,211.53977966308594,212.15080737668208,210.31770989184668,210.458726217786,19082600
2021-10-19,212.32940673828125,213.27886783967173,211.1449471291545,212.43281296682736,15498400
2021-10-20,213.73947143554688,214.3129033343544,211.6243558923455,212.42340527961747,18130500
2021-10-21,214.28469848632812,215.28115060425066,213.03442849216563,213.5702646371117,17851600
2021-10-22,213.777099609375,214.69834599646956,212.16020999869266,214.14371909412003,16887000
2021-10-25,215.8076171875,216.19302737860613,213.65489134504858,214.1343124183055,16387100
2021-10-26,214.18130493164062,216.88865752084752,214.14370918747755,216.24001976767954,25290200
2021-10-27,210.2424774169922,213.82408508780577,210.10147545296397,213.5608575148778,27088500
2021-10-28,214.43516540527344,214.57616740394226,211.29539658649205,211.32359698622582,22890600
2021-10-29,214.3787384033203,215.11197739487537,213.354085754102,214.14372553823097,20777700
2021-11-01,219.93443298339844,220.14123109593675,215.16836547581175,215.50678455530928,35500800
2021-11-02,220.39505004882812,220.77107921898818,218.7029546432232,220.32925390907894,24949700
2021-11-03,224.33383178710938,225.4336900384281,219.89678869882442,220.1129964719784,47648500
2021-11-04,224.2493133544922,226.49603611781168,223.31865710121582,225.12355446243888,26514000
2021-11-05,227.31381225585938,228.80849044405628,225.80032902452774,226.71217997195367,42041700
2021-11-08,228.01889038085938,229.80499684383568,227.42665334359305,229.12815861383064,31324500
2021-11-09,226.69338989257812,227.99066541764972,225.17990656134327,227.49243932203012,29895900
2021-11-10,223.12120056152344,227.07880883477165,222.14353909461786,225.6875368100706,32471600
2021-11-11,224.91668701171875,225.9695543065736,223.41261341685498,224.02364107351124,17987500
2021-11-12,225.14227294921875,225.80971564387121,224.42783916759885,225.53709275043317,20526700
2021-11-15,224.2493133544922,226.3268193699209,223.3092617490188,226.14822161388224,27390000
2021-11-16,224.66287231445312,225.02008206557485,222.74515957034723,223.50659885190151,21925200
2021-11-17,221.72052001953125,223.85444067769353,221.034286525496,223.78863019566694,26527800
2021-11-18,220.78045654296875,222.85797629934532,219.07896592605024,222.71695999303168,30637300
2021-11-19,218.76876831054688,220.36685286085557,218.45854961966782,219.28579946201197,33994000
2021-11-22,217.83810424804688,221.60771949624709,217.7346980215466,220.17883736934655,31042100
2021-11-23,217.4620819091797,219.03196595244611,214.91453642298802,217.5184826954936,33843800
2021-11-24,217.6970977783203,218.08252228222378,214.83933358357956,215.63838298493593,24099300
2021-11-26,209.49044799804688,212.61141100494828,206.4728768688255,211.47395691001603,62595400
2021-11-29,209.35888671875,213.1566886640513,207.97700979466097,212.65846249077276,45982400
2021-11-30,205.09095764160156,208.5597486795967,202.93824681982247,207.43169016858454,64908400
2021-12-01,200.47537231445312,210.76894743682345,200.37196607848261,209.7912858705481,69120100
2021-12-02,206.0686798095703,206.75491333556513,201.00180318724057,201.51881999731887,64315700
2021-12-03,201.8384246826172,207.1685139313142,199.95832204770278,207.08389841126902,64425200
2021-12-06,205.8900604248047,207.45994453222042,200.8983898154187,203.55872263890052,43878300
2021-12-07,210.66549682617188,212.4891842538004,208.67257836580626,208.82299001263465,44679200
2021-12-08,212.10382080078125,212.95925674924428,209.68788160317362,211.13556892035217,36546400
2021-12-09,207.3001708984375,212.27303726439317,207.26256080393807,210.52454081542393,34830300
2021-12-10,206.72669982910156,209.49045314673262,205.2320215961935,208.87941115095856,32924600
2021-12-13,203.7056427001953,206.5438022673844,202.48929887684318,205.92148013096215,33478400
2021-12-14,201.95179748535156,205.10111753688622,201.13147306790955,202.32896888641866,36543500
2021-12-15,205.15773010253906,205.70461795120676,199.02883390599453,201.98013775544612,51261000
2021-12-16,201.0089111328125,207.34524744294205,200.1320145123844,206.92094216248913,52743800
2021-12-17,202.8570098876953,204.9408406726665,198.29334349484728,200.08486102640416,62620900
2021-12-20,200.0093994140625,200.78258994870077,196.84123177509935,199.98111335914814,49993000
2021-12-21,205.72344970703125,205.92146651466126,199.95286326481366,201.970683741431,38545300
2021-12-22,207.70355224609375,207.769562641972,204.73340095919076,205.43114292922363,32442000
2021-12-23,209.36306762695312,210.07968616761684,207.76012857632097,208.4295988886327,22125400
2021-12-27,211.32431030273438,211.43746892528011,208.005288052183,209.6459370090979,24196700
2021-12-28,210.03250122070312,212.84235961029702,209.6553442350617,211.0131180159409,23120300
2021-12-29,210.2588348388672,210.73028833377577,208.62759538739797,210.0042459230833,19444400
2021-12-30,210.20225524902344,212.5595228011147,209.98539066276447,210.2116935273082,23607700
2021-12-31,209.74969482421875,211.32434805460196,209.69312269664903,209.78741916767953,23997400
2022-01-03,212.455810546875,213.74758852311354,210.01367050066685,210.93772971279702,30618800
2022-01-04,212.1352081298828,214.1624667675238,210.6265655958905,213.0969772771003,22013100
2022-01-05,204.9502716064453,213.0121295507457,204.9125616559837,212.0314981873107,40582100
2022-01-06,206.1194610595703,207.83554419399354,203.49818094000986,205.3839948037292,39105900
2022-01-07,203.73391723632812,207.7978440013868,203.6018964475574,206.1194707349025,31583900
2022-01-10,203.02674865722656,203.09274466778118,199.05710372936568,202.50814691307093,45778100
2022-01-11,205.18600463867188,205.39344534160418,200.8014925917175,203.1776080092002,35209900
2022-01-12,203.6585235595703,206.85497827045967,202.38559313294877,206.04407753380465,35284500
2022-01-13,201.79151916503906,205.73287785336854,201.19749754664292,204.4316616069048,34489600
2022-01-14,202.07440185546875,202.1592600345346,198.55736268719647,199.88686504303908,42020900
2022-01-18,195.96434020996094,200.31114153804558,195.68146526610906,200.08483870544063,49434400
2022-01-19,192.77732849121094,197.50130165212306,192.71133248440967,196.88840348475276,46209100
2022-01-20,189.28858947753906,197.05814871583644,188.892570244748,193.65425370439684,50466000
2022-01-21,185.7432403564453,191.4289679638334,185.7432403564453,188.3550821799079,85821000
2022-01-24,190.0240936279297,190.83499442429445,180.31214624475797,182.99001372265582,85782000
2022-01-25,187.48764038085938,190.18435520583574,183.45199922846405,187.14819325647005,61088500
2022-01-26,184.78147888183594,191.92871539530563,182.65993821288478,190.25976604053088,71471700
2022-01-27,180.5855712890625,188.2136862525837,179.71809848612997,186.34673422861198,59829000
2022-01-28,184.10260009765625,184.15917221820231,177.35138221851116,180.75527721835675,65870000
2022-01-31,189.75059509277344,189.75059509277344,182.78251348054818,183.29167689037172,53393800
2022-02-01,191.74957275390625,191.9475895592693,186.6673044759414,190.14663369248794,43429400
2022-02-02,189.8448944091797,192.25873405872144,187.91193215638256,191.994721246279,42777800
2022-02-03,186.25242614746094,189.7506175905399,185.79983479755435,187.4876320657678,39629400
2022-02-04,187.0538787841797,188.67567983230498,183.79141452105762,185.79037258090693,34291100
2022-02-07,187.9779510498047,189.67518662623385,186.6861729885652,187.10104000714136,33242600
2022-02-08,191.183837890625,191.5232850211962,187.97795951449066,188.0816798707102,28341900
2022-02-09,194.8140106201172,194.85172056855336,192.63589781055853,192.89048672226318,27329300
2022-02-10,191.8249969482422,197.11470564390675,190.58035283744175,191.3158191255989,44788100
2022-02-11,189.88262939453125,194.29542755362166,188.2891141523197,192.02301807345467,41516600
2022-02-14,189.2225799560547,191.90987080456992,187.86480588916655,190.11835316397296,32262700
2022-02-15,194.29544067382812,194.53116745604672,191.0612761278472,191.20270644212997,25847500
2022-02-16,194.7008514404297,195.43631767323302,192.4284423528006,193.57878992464532,30104800
2022-02-17,189.71292114257812,193.32425735714935,189.31690185473664,192.87166594070507,27140200
2022-02-18,188.08164978027344,191.14609735657618,187.4121795176676,189.55258231487986,36255400
2022-02-22,185.43209838867188,189.00570967128976,184.19689249194343,187.14818168704917,31847100
2022-02-23,181.9622039794922,187.54421215767002,181.5567608417969,186.92190442045447,31491500
2022-02-24,186.73329162597656,187.14817299838978,177.19107761094733,177.56824903478602,52221100
2022-02-25,190.9386444091797,191.05178863145872,185.75265653633778,187.34617147564796,33656200
2022-02-28,191.7118377685547,192.91875744925883,189.01512345969005,189.0245473491455,34975900
2022-03-01,188.10049438476562,192.15498236628807,186.50697949185601,191.0895073997452,40638900
2022-03-02,192.579345703125,193.57882489814355,189.2320227175971,189.3734530234506,29978600
2022-03-03,190.2975311279297,193.3996893731861,188.85486992749136,193.38082720133409,30142700
2022-03-04,187.31788635253906,189.39227863447863,185.73379529466084,188.29850318827906,31610400
2022-03-07,182.6599578857422,188.1948177563728,182.62223354605374,187.8459467461646,39279800
2022-03-08,183.66883850097656,188.17594695959215,182.41478491830048,183.24453325090542,45715800
2022-03-09,188.8454132080078,189.5243074004518,186.33727712967973,186.90302708592273,29048000
2022-03-10,188.50596618652344,188.6191104227693,185.33779808306846,186.1392747901273,25661000
2022-03-11,185.49810791015625,190.24092942499124,185.22467118442793,189.31688450471228,24990000
2022-03-14,181.7076416015625,186.16758835312237,180.92502694746278,185.97900980231282,34969500
2022-03-15,184.6023712158203,184.6117951083147,181.86794607974747,182.41483398448645,25464300
2022-03-16,190.41062927246094,190.41062927246094,184.95119004693458,186.26183011463536,31869700
2022-03-17,193.39967346191406,193.49396992579474,188.86429266908848,189.307460151611,25783100
2022-03-18,195.4363250732422,195.60604141603025,192.35301535736315,192.55103214490063,37092200
2022-03-21,193.7108154296875,196.29437138890992,192.29645493664086,195.37032656198608,26747500
2022-03-22,195.65321350097656,196.86955726881544,194.05027438837203,194.53115180586744,24699900
2022-03-23,192.25872802734375,195.3703239479371,192.117297734979,194.38026873852758,19775000
2022-03-24,194.46946716308594,194.52615047759426,191.53126189524698,193.0901251237204,19781200
2022-03-25,194.73402404785156,195.20640428426952,193.1468333731196,194.70568238693855,19430400
2022-03-28,194.80014038085938,194.81903962445736,191.81469419193533,194.2427352298606,18999100
2022-03-29,200.0152130126953,200.52537724077195,196.396779269444,196.5101458943725,29550600
2022-03-30,195.99998474121094,200.04355780727946,195.19693269297315,199.69398668176842,26251500
2022-03-31,193.9309539794922,197.36988095092792,193.8175729388328,195.68820874278012,26771600
2022-04-01,196.1039276123047,196.24563590917109,193.68532882388504,194.79069678714285,25948500
2022-04-04,196.42514038085938,196.91640541480646,194.50727790107035,196.3873418915405,20333900
2022-04-05,191.7769012451172,197.87060238458537,191.32340591514773,196.47236115692547,26509800
2022-04-06,189.0559844970703,190.6526317130415,187.70496976974925,190.15190990655208,34903900
2022-04-07,188.44190979003906,190.11412526590732,185.8154626981589,189.05599826433203,29291200
2022-04-08,186.93972778320312,189.24494536769183,186.59017106315983,188.21516003531093,25249600
2022-04-11,185.6831817626953,188.24348850136778,185.05965092499665,186.23114446289566,33702300
2022-04-12,186.26898193359375,190.5392889750289,185.56985398027334,187.72390674727012,33699800
2022-04-13,189.81182861328125,190.32199292173522,186.69411619346067,186.76024192978772,22303600
2022-04-14,187.9695281982422,191.19115008055047,187.88448880947405,190.00075721268664,27107000
2022-04-18,186.7035675048828,188.1773915949788,185.67378200807232,187.49717728992795,22246400
2022-04-19,190.4259033203125,191.06834788656573,186.76968519686568,186.93029273445407,22786700
2022-04-20,191.1533966064453,192.60832145560934,190.70935801140988,191.83362533007826,20516200
2022-04-21,186.87362670898438,193.4869501001908,186.13671468437917,192.94842970441724,31547700
2022-04-22,182.0364227294922,186.46735120924757,181.6679667586756,185.99497102020584,35686900
2022-04-25,183.1417694091797,183.3874018699451,178.75808268479574,180.43975467717385,35556500
2022-04-26,177.36932373046875,182.06478409939803,177.12367679884605,181.69632811786374,40513600
2022-04-27,176.63243103027344,179.29664816824803,175.97108714153455,177.3032029184725,37808000
2022-04-28,179.92962646484375,180.82714601737183,174.50671065842542,178.72033423105637,37405200
2022-04-29,174.7334442138672,181.13891898013006,174.3177473048754,179.11713217213412,41193400
2022-05-02,176.56625366210938,177.44488824619302,172.30538985607728,174.68617545652052,38002100
2022-05-03,178.07789611816406,179.0415413636671,175.42310723810988,176.5946153444409,30246300
2022-05-04,182.8300323486328,183.21737314744803,175.43255686053774,178.60695230658737,38834700
2022-05-05,175.41366577148438,180.97830407879948,173.2501707487337,180.9499624194198,41468700
2022-05-06,172.49436950683594,175.17748579993065,170.57650689306251,174.74290405370166,45457900
2022-05-09,165.2386016845703,172.5604953823674,164.4828048355829,169.9246199941568,53682200
2022-05-10,165.2858428955078,169.02710073483803,161.74299109973714,167.76112515296552,53650800
2022-05-11,161.17611694335938,168.3468443383704,160.89268596315097,165.4558800552212,64377800
2022-05-12,163.065673828125,164.70954793003293,159.57004832188957,160.4486831142039,52967400
2022-05-13,168.23348999023438,169.4994654562039,165.34251108020462,165.37085273870397,36517000
2022-05-16,167.43043518066406,169.52780437106958,166.410092243502,167.69496693297654,28225500
2022-05-17,172.55105590820312,172.74000512367036,169.10268587424784,170.4442440447365,31833700
2022-05-18,166.5045623779297,171.38897145523381,165.42753620017072,170.50089445646972,36093800
2022-05-19,166.77854919433594,168.93260171348538,165.22914274344075,165.22914274344075,33627700
2022-05-20,166.3534393310547,169.08379674321526,162.30040849969367,168.6397581315575,42243700
2022-05-23,168.36575317382812,169.0743234567703,165.80544620846806,168.05398051942564,24644100
2022-05-24,165.87161254882812,167.15647302553745,162.81058325339876,166.81637307528024,26861800
2022-05-25,168.85702514648438,169.84902646664798,165.15356604498683,165.21970619375102,27950100
2022-05-26,172.6266632080078,173.64700641678613,169.77348207323345,169.91520481706283,25702700
2022-05-27,177.2748565673828,177.28429898249453,173.26906692716477,173.60918127789932,24952100
2022-05-31,175.07354736328125,177.3126248975005,173.92093852236596,176.58516976917338,29794500
2022-06-01,174.08154296875,176.61350829126707,171.72909884143274,175.98052056461265,28352100
2022-06-02,178.3330078125,178.3330078125,173.9965600661278,174.39335779299492,24876000
2022-06-03,176.72686767578125,177.5771606350826,175.5270180022209,176.944158518491,18972100
2022-06-06,177.49215698242188,178.85261445848514,176.5096123696549,178.8337152113449,24678700
2022-06-07,180.35475158691406,180.39255007518773,175.6309496656654,176.1127866878084,21661600
2022-06-08,177.56773376464844,180.16582514949297,176.72689749309845,179.46671160302068,21521700
2022-06-09,173.88673400878906,177.20210985859146,173.84883590489773,176.70953568524544,21697200
2022-06-10,169.16941833496094,171.97328542897827,168.2790007891468,170.98813707679986,37153600
2022-06-13,161.2219696044922,165.73088948410918,160.35996851528424,164.47104507385677,39712700
2022-06-14,160.44522094726562,162.20710664975084,158.89173141579718,161.66716717378313,30282400
2022-06-15,162.79440307617188,164.87835040938813,159.76320564114008,162.17869629154757,32150500
2022-06-16,155.25430297851562,159.53587795663336,154.19338737306353,158.9864711026982,43810600
2022-06-17,156.466796875,158.6833735514591,155.06487048473036,155.80372455891924,40327300
2022-06-21,159.27064514160156,161.10831280866876,158.0108006641391,159.11908164343524,34665400
2022-06-22,158.96755981445312,160.33158816979994,156.64678490639974,157.20567359483366,29303500
2022-06-23,160.8715057373047,161.2504000417232,157.76452618862095,159.31801596296282,27089800
2022-06-24,165.85400390625,165.86348565701698,161.88502397696203,162.1881509237385,37138500
2022-06-27,166.46975708007812,167.65381984237382,164.99203461146453,166.40344262752183,24745400
2022-06-28,163.34384155273438,168.75263258904087,163.25859249596908,167.5969860843594,25909200
2022-06-29,161.6861572265625,163.59012514037377,160.05688554208908,163.44804337587016,21292500
2022-06-30,160.42630004882812,162.27343511251257,157.9634436613212,159.32748630954708,31466300
2022-07-01,162.36813354492188,162.7754441260605,158.81594587917917,160.13262286245893,24598600
2022-07-05,163.7132568359375,163.77955683514347,157.93502472724467,159.7821597607149,25151100
2022-07-06,162.5007781982422,164.54684214321296,160.79572491076655,163.35329761503436,25697600
2022-07-07,166.3466339111328,166.69711191405852,163.7322281584441,163.74169545850663,24822500
2022-07-08,166.32762145996094,167.65378011179385,164.48995417574568,165.83506187437428,20547000
2022-07-11,162.98387145996094,165.74037308464415,162.54814445048217,165.06781906493813,22031500
2022-07-12,162.42498779296875,164.21529003596717,161.5629866694053,162.49128778884025,23864200
2022-07-13,162.2828826904297,163.19223462848691,159.88632680790028,160.22733739814385,25535600
2022-07-14,160.61575317382812,161.032545604486,158.20974385215595,159.7821683125124,25102200
2022-07-15,163.95956420898438,164.20585855738065,160.37895894191766,162.49132323454526,34935900
2022-07-18,163.4954071044922,166.99074856045098,162.9838838497424,165.89194920048106,23031500
2022-07-19,169.26412963867188,169.4535767756806,165.44671273508058,165.53196177865098,24234600
2022-07-20,171.91644287109375,172.21955541707754,168.98942878738097,169.22624133582397,26049300
2022-07-21,172.79736328125,172.87314502449462,169.41568790556056,170.931279408784,21709900
2022-07-22,170.0408477783203,173.583568095929,168.65787082791363,173.23309020987455,25116100
2022-07-25,170.9218292236328,171.37650527473266,169.01784706197466,170.55240222200962,19267200
2022-07-26,169.870361328125,170.70394603725083,169.12202565864447,170.29662098024093,19391200
2022-07-27,173.73513793945312,174.5308245253436,170.5050117479612,170.9596877322002,21670700
2022-07-28,176.1221923828125,176.32112125022712,172.17216146430633,174.59713369948403,22838500
2022-07-29,177.37258911132812,177.82726513245484,175.27915993753885,176.22641007965544,21760600
2022-08-01,177.30628967285156,178.38616880201292,174.50243710901313,175.98961244200572,23905600
2022-08-02,177.1357879638672,179.04923742104765,175.6959636081944,176.63374651258036,17492600
2022-08-03,179.74070739746094,180.1196016578497,177.7420090980477,178.36719763618973,19157700
2022-08-04,179.36183166503906,180.01542216364174,178.49983051163744,179.82597501387758,14838900
2022-08-05,180.73533630371094,180.94373249854863,177.29681354277963,177.5809914860938,18540300
2022-08-08,182.6487579345703,184.36327817823917,181.76780788962532,182.0140876943115,22188700
2022-08-09,180.1575164794922,182.0330678141284,179.181849937229,181.90992066382051,18247300
2022-08-10,185.3010711669922,185.6136654534038,182.92347847529754,183.41605260423924,20796400
2022-08-11,185.9925994873047,189.00484845972045,185.69893975729676,187.00614977757124,23727600
2022-08-12,189.79104614257812,189.85734613898018,186.2104416279295,186.9398283116959,21726600
2022-08-15,190.46360778808594,190.54885683855582,187.76393889207617,188.31334575158974,17414800
2022-08-16,190.3878173828125,191.33506755535547,188.53120068491643,189.92365959486582,18833100
2022-08-17,187.18614196777344,188.81541372370103,186.0210280860683,188.23759043289073,22428000
2022-08-18,188.427001953125,188.7395962434782,186.51355256394368,187.44186813671027,18368100
2022-08-19,184.38221740722656,186.71245890202317,183.83282509479926,186.4472300429587,27416400
2022-08-22,180.5837860107422,182.20359028834696,179.98701373153648,181.86257962221393,22937000
2022-08-23,180.87741088867188,182.7529621140797,180.3469531242244,180.86794359069606,20069800
2022-08-24,182.26040649414062,183.10345855718055,180.1290936371856,180.72585140848756,16038300
2022-08-25,185.09263610839844,185.14000149710066,182.80029294330663,183.17920159903707,14795000
2022-08-26,179.01132202148438,185.13056410139365,178.70820950183156,185.0358333086892,24177200
2022-08-29,177.36314392089844,179.02083187622648,176.68112257725213,177.08843325126463,19753300
2022-08-30,174.88131713867188,178.0924945519564,173.85828524764005,177.9125291656803,22548900
2022-08-31,173.82040405273438,175.9422496107841,173.52675881627593,175.1844465933456,22412500
2022-09-01,171.92588806152344,172.29531501143396,169.4630320928606,172.1911169253623,30706600
2022-09-02,170.59027099609375,174.24665704504176,169.69038627100312,173.9151281746872,27468200
2022-09-06,168.90420532226562,171.52809280353574,168.13693486171675,171.17761480399935,23837100
2022-09-07,172.5795135498047,172.84474244534266,168.5442185104656,168.5821166120515,24781200
2022-09-08,174.01934814453125,174.09511544439127,170.1450836736452,171.15864836944556,25273200
2022-09-09,177.5146942138672,177.73257218202988,175.33603016337634,175.56336097691374,23208800
2022-09-12,179.66493225097656,179.84491209013052,178.05460990436725,178.65138211758503,23134600
2022-09-13,172.63632202148438,176.103260681631,171.96376812468003,175.108645235997,34144700
2022-09-14,173.3089141845703,173.64992485682825,171.04498663799157,172.93948716078188,25278300
2022-09-15,172.04905700683594,174.94764028187882,171.3196703118699,172.32375320281773,25378700
2022-09-16,169.54830932617188,170.20189978753393,167.57802728232818,169.64302566871163,41155900
2022-09-19,170.99761962890625,171.2154831398922,167.62541104261874,167.67276199213046,25412200
2022-09-20,168.6673583984375,169.50094315075037,167.38857937583768,169.33991236066996,22247500
2022-09-21,166.0908203125,171.5469898514629,166.08135301539912,169.90823685802064,29357100
2022-09-22,162.34921264648438,166.31819333247321,161.7335057925544,165.7687864771107,33468600
2022-09-23,158.48440551757812,160.26524025889918,156.29626018757432,160.0852604345458,40336900
2022-09-26,156.31448364257812,160.88480712973677,155.7527185579889,157.55228170577954,30597800
2022-09-27,156.84767150878906,159.60891533296265,155.46705686103056,158.3520703105133,42406600
2022-09-28,161.80841064453125,162.80817128085005,157.17144372421808,157.8284151716728,35186500
2022-09-29,158.1807098388672,159.8945684942855,155.96219823512604,159.7517517825534,31464000
2022-09-30,157.02859497070312,161.40849130414688,156.98098455929787,157.8474446494371,40643800
2022-10-03,161.18946838378906,162.15114918974407,157.34278874593733,159.33277877481785,33611600
2022-10-04,167.5784149169922,167.65458866721153,164.27445296059756,164.35062671081687,37537300
2022-10-05,166.34063720703125,166.94049648282515,163.21758571008033,165.11236984036555,25281400
2022-10-06,165.40748596191406,167.74025037001613,164.63624684804793,165.53127010120537,22635900
2022-10-07,160.54205322265625,164.217353745658,159.88506722970794,163.70318447784638,26536100
2022-10-10,159.64697265625,161.4560661909975,158.61864901651717,161.189450851522,23386400
2022-10-11,159.69459533691406,161.97023320125643,156.91431914695247,158.97096658456428,28009100
2022-10-12,159.2566375732422,160.3992294386917,157.56181137579358,159.86601312144103,26796700
2022-10-13,163.1985321044922,163.96025514052005,154.72440146641063,156.15262671071596,45376500
2022-10-14,158.82814025878906,165.59792738611233,158.73293397533325,164.47439735220357,29608600
2022-10-17,163.89358520507812,164.36012940974408,161.970238124663,162.07497520648403,28199200
2022-10-18,165.8359832763672,168.8066869768654,164.42680517852287,167.44511929035627,34523100
2022-10-19,163.01760864257812,165.10280494810013,161.22756198517303,164.23635948589256,27146900
2022-10-20,160.94189453125,165.2456160963732,160.40869291814087,163.21753218418988,26710700
2022-10-21,164.43630981445312,164.91238483680456,160.1421183431596,161.29421176120235,45402700
2022-10-24,165.14089965820312,165.6741013379241,162.86526172097214,165.02664630645037,27284500
2022-10-25,169.6445770263672,170.33964251271237,165.25516460187575,165.2646954009611,33105700
2022-10-26,170.4824676513672,173.64359823081654,169.79691845993833,170.57767393821993,37084700
2022-10-27,170.52053833007812,173.29129828960805,170.31106416985315,171.9487633159815,28651800
2022-10-28,174.3957977294922,174.63383522982335,170.18729646707615,171.22513648164252,33221600
2022-10-31,174.5576629638672,175.4241229592844,172.86283710945557,173.54838627850478,25699400
2022-11-01,174.79571533203125,176.71906258258585,174.12921317450957,176.37628796890937,27446700
2022-11-02,168.99710083007812,176.14774176548542,168.9399596286783,174.09109437475166,38139600
2022-11-03,167.8640594482422,169.42558497446808,165.7788484802759,166.90237858377614,29093200
2022-11-04,170.13014221191406,171.32986041989022,167.07374907817126,170.35866342501782,25842400
2022-11-07,170.90142822265625,171.94878462491997,169.17802432202058,171.13946574980585,20689900
2022-11-08,170.9680633544922,173.2437014287981,168.87333611712953,171.606002154632,20265200
2022-11-09,166.2739715576172,170.12065145207285,165.94071322128488,169.48271264790444,27277000
2022-11-10,176.50958251953125,176.57622546873435,172.48197731085844,173.14849397483073,38572800
2022-11-11,177.95681762695312,179.80399083153003,176.80472433785025,176.87136727861943,28765400
2022-11-14,175.9668426513672,178.804245639392,175.79546262173673,176.8999456017755,26499600
2022-11-15,178.57577514648438,180.48959184207433,177.2046765167713,178.85189231532362,26128800
2022-11-16,175.43368530273438,177.70932384166144,174.91953055524448,177.67124422389404,24802000
2022-11-17,173.80545043945312,174.19583541696895,171.87258714809658,172.92947420389817,20835700
2022-11-18,174.9290008544922,176.44291588225983,173.83403415536227,175.75736671333559,27269100
2022-11-21,174.01492309570312,174.4243551372542,172.74856189355575,174.03397016310575,19038900
2022-11-22,175.8716278076172,176.0906182332618,173.60550622396784,174.94804117202844,16869700
2022-11-23,176.32862854003906,176.8903934503064,174.7671034070897,175.47168497974587,19758800
2022-11-25,176.69998168945312,177.4521737242476,175.82400551743564,176.23342300416633,13393400
2022-11-28,173.1389923095703,176.0716167270804,172.61530678346864,175.3194244467957,17465600
2022-11-29,173.64358520507812,174.8242563970066,173.25321475954897,173.25321475954897,14020600
2022-11-30,178.4043426513672,178.46146932735877,172.1487246431338,173.92924051193364,28030100
2022-12-01,178.0139617919922,180.1848625248142,177.22367558673557,179.14700803317882,21996400
2022-12-02,179.0518035888672,179.8230427349196,175.50980456142577,175.54788416736736,22574800
2022-12-05,174.1197052001953,178.10921692637126,173.46271922713788,177.91878978906777,25449300
2022-12-06,171.45362854003906,174.22437353068247,170.51099496879735,174.12916726394266,18502100
2022-12-07,170.9490203857422,172.81524095060033,170.5396028217084,171.14897829680666,17177800
2022-12-08,172.18682861328125,173.89118550767583,170.92046717788688,172.1201856580806,20971400
2022-12-09,170.0730438232422,172.15825483752943,170.01591714263003,171.1680251400518,22046500
2022-12-12,172.0725555419922,172.42484640588367,169.4827062836794,170.29203962514833,22765400
2022-12-13,173.49781799316406,178.529230194204,172.3116991180295,177.6587723405736,38445300
2022-12-14,172.35951232910156,174.96131086166668,171.058613062819,173.43083598520832,32406900
2022-12-15,168.04550170898438,170.83862068620437,167.43331464722033,170.29338405841767,33546700
2022-12-16,166.79241943359375,167.5002665979871,165.16629904610116,166.2471974440704,38502400
2022-12-19,164.53497314453125,167.4428723380167,164.01844629336298,167.02199103929993,25614000
2022-12-20,165.4054412841797,166.4576445972374,163.74105093325852,164.20976233556428,18050800
2022-12-21,168.25596618652344,169.11686394236057,166.6298454419772,166.86898127487203,22997200
2022-12-22,166.05589294433594,166.90721574486545,163.25321398809822,166.75416534134132,21297600
2022-12-23,166.81155395507812,166.86894420691345,164.85063764179628,165.94109621373653,11647700
2022-12-27,165.6923828125,166.98372172559652,165.0801958645604,166.78284126963266,13553800
2022-12-28,163.11932373046875,166.53419023259693,162.93757817267138,165.65415757424216,19648000
2022-12-29,167.25161743164062,167.63422894902422,163.9515310625085,164.25763195297043,22311300
2022-12-30,166.7828826904297,167.12723884639763,165.10893199252564,165.8072044825719,21275600
2023-01-03,165.8646240234375,169.61428709289606,164.42980888622543,168.2846777205463,22503800
2023-01-04,167.93069458007812,168.99245794344588,166.70632065060576,167.03154178281497,22973500
2023-01-05,166.13241577148438,167.16548417773242,164.89848146706333,167.0028735854097,17032600
2023-01-06,169.86294555664062,170.3029472611388,166.31416381345795,167.68202819813442,21986900
2023-01-09,170.14993286132812,172.2925805874738,169.92991738568836,171.23081690328806,18366500
2023-01-10,172.66558837890625,172.7708087029126,169.59509322545736,169.93944932259726,18751100
2023-01-11,174.8178253173828,174.8465204449626,172.82821376293757,173.38301055563107,18222700
2023-01-12,177.75442504882812,177.86920556249203,174.0143376245761,175.59264266590938,29650800
2023-01-13,178.92141723632812,179.19880835580082,176.31961843732952,176.4822290378055,22120000
2023-01-17,178.70143127441406,179.67709495860936,178.14663439352444,178.87360206726282,22422600
2023-01-18,175.81265258789062,180.74841926980528,175.71699242444052,179.3040296184439,23507800
2023-01-19,174.1291046142578,175.14305259040603,172.92386552732066,174.78912170794595,24624500
2023-01-20,176.99876403808594,177.10398438386036,173.39260634208318,174.77003101560555,36070300
2023-01-23,179.18923950195312,179.94490220824753,176.5587457005663,177.37179866358042,20329900
2023-01-24,178.80662536621094,179.66752306138315,177.80226661538123,178.48140415935765,19263500
2023-01-25,179.30397033691406,179.36136057773308,175.87954487640704,177.35262917063355,18174600
2023-01-26,180.36573791503906,181.5996865050587,178.19438131250473,180.76748420611676,18369100
2023-01-27,181.3414306640625,182.03014281819853,179.62921045464242,179.81095596694058,20019900
2023-01-30,178.81619262695312,181.3701612835085,178.7109722884872,179.67707569026257,18395100
2023-01-31,183.15887451171875,183.2545346630292,179.23705643471706,179.27531173782734,21567900
2023-02-01,186.03811645507812,187.66423718775235,181.86758697601292,182.88152056477355,27007300
2023-02-02,189.70166015625,190.60079853101095,185.9041823699644,187.49203303717002,31020400
2023-02-03,188.42942810058594,190.47642972443762,187.19547934386625,187.5876655127889,24981500
2023-02-06,185.7032928466797,187.84595482969706,184.9667505094408,187.14766779765017,18160100
2023-02-07,187.08070373535156,187.57811024075397,183.32148171264174,185.00500693225308,27074100
2023-02-08,184.34500122070312,186.87983478747353,183.84759468461763,185.91373143848924,17933500
2023-02-09,181.67623901367188,186.64070044887043,181.1979674240873,185.78937760323748,20516600
2023-02-10,182.0397186279297,182.3458194319178,180.33707304389253,181.05448038308876,15248700
2023-02-13,184.23020935058594,184.4789053054482,181.08317433610932,182.2310231522506,15754400
2023-02-14,184.14413452148438,185.52155912720875,181.8197414460932,182.9675904189663,21889600
2023-02-15,186.0093994140625,186.09548480017037,182.2501770014172,182.6806185276476,18721200
2023-02-16,184.23020935058594,186.40155170759257,182.93887031012102,183.4649719412619,21366300
2023-02-17,184.73719787597656,184.96675890893434,182.67106100520883,183.54151884368383,23892200
2023-02-21,179.28489685058594,183.02498451339292,179.1031658909237,182.46062749096097,26004000
2023-02-22,179.77273559570312,180.93014472149386,178.6344468254672,179.66751525738658,24651700
2023-02-23,181.05450439453125,182.0301825920256,178.58662106892294,181.12146942766816,21311700
2023-02-24,179.3614044189453,179.61967516144668,177.70658882286855,178.5387767095291,24280700
2023-02-27,179.99270629882812,181.93448754782887,179.44748434302284,180.91099406082756,17562900
2023-02-28,180.00228881835938,181.76233936435608,179.8970830802985,179.9448985628023,19542600
2023-03-01,180.23187255859375,181.2553808144554,179.0553284795801,180.0118717038136,22532800
2023-03-02,180.6622772216797,181.07359831391915,178.03178389185587,178.73963098778353,18104400
2023-03-03,183.1780242919922,183.58933086541066,180.23186946051274,181.4275484702516,22774300
2023-03-06,180.49969482421875,183.4075942598076,179.73445736244847,183.2354088979563,23266700
2023-03-07,178.40487670898438,180.8536396949372,178.12748558795755,180.45187868481435,25865700
2023-03-08,178.490966796875,179.45707017355267,177.0752723532577,178.6726977443303,22505900
2023-03-09,173.5264892578125,179.13183247172333,173.4021339827702,178.61529101823191,33546900
2023-03-10,168.52377319335938,172.5508264689031,166.6872120093068,172.5508264689031,69274200
2023-03-13,165.7784881591797,168.7342029392213,163.63584088102442,165.0228255056924,74171500
2023-03-14,168.84901428222656,171.46993337932247,167.02201321822915,170.83862594310506,48946200
2023-03-15,166.06546020507812,166.35242607500462,162.97582985504962,164.45846009090403,54405800
2023-03-16,168.3324432373047,169.671612275737,163.09059136696573,164.0184393007555,52392300
2023-03-17,163.7888946533203,167.1654911178124,163.43497832567118,166.47677881838763,70239900
2023-03-20,165.9124298095703,167.7489911646835,165.03241173914267,165.52981833397297,46103200
2023-03-21,168.97335815429688,170.43686814944166,168.31335557655228,168.87771258734583,34465900
2023-03-22,164.18106079101562,169.6429284369035,164.07584046382266,168.84899589457294,56098200
2023-03-23,163.45236206054688,167.42706208502418,161.973856685065,165.4013082893639,47720900
2023-03-24,164.930908203125,165.23813854643808,160.77380566059435,162.01229318939613,47519700
2023-03-27,166.76461791992188,167.75349158661868,165.47812407289544,166.89902750618515,33880600
2023-03-28,166.52462768554688,167.54230253073632,165.79497761624373,166.1886109883034,28555100
2023-03-29,168.41595458984375,168.5407687311546,166.6398288496244,168.33914701438684,25564800
2023-03-30,168.1855010986328,170.2304603036567,167.4846522439166,169.817636141831,26728600
2023-03-31,171.27696228027344,171.50738500003862,169.32801588875967,169.356816897537,39602900
2023-04-03,171.35377502441406,172.60187249076552,169.4432396866476,171.80501037493764,27609000
2023-04-04,168.34873962402344,171.94901194575579,167.3598659982846,171.77619125654894,33487200
2023-04-05,166.6974334716797,167.84951782242788,165.64134760459123,167.29267387883098,28247300
2023-04-06,166.947021484375,167.49426989047433,165.78532720888322,166.7838109026116,26366300
2023-04-10,168.73280334472656,168.85761750305065,166.12140402142464,166.1598151391624,22237800
2023-04-11,170.0672607421875,170.86412276265062,169.08798258276298,169.5200269748486,21876200
2023-04-12,168.8191680908203,171.83379556924405,168.56955448034296,171.6801950817826,27018100
2023-04-13,171.05613708496094,171.555378949635,168.90556914059576,169.49121402524835,23259900
2023-04-14,169.4624481201172,172.06425190713222,168.33916467908887,171.2097876836381,29600400
2023-04-17,171.641845703125,171.71865329925217,169.6928987312451,169.90411595820703,22177300
2023-04-18,170.91217041015625,172.4578882624922,169.8752899890661,172.41947714529502,22873100
2023-04-19,171.13294982910156,171.65138261420012,169.52963026186,170.00966658676631,19306800
2023-04-20,170.2497100830078,171.3057813652214,169.47205346486876,170.07688936256122,20336300
2023-04-21,170.47052001953125,170.8545579202388,168.83839922778125,170.71053821389296,25972800
2023-04-24,170.35533142089844,171.3249997402062,169.45286058434007,170.2977293929563,17781000
2023-04-25,166.1501922607422,168.91520654331296,166.10218569203545,168.61758632669836,28857900
2023-04-26,164.54685974121094,166.4766005975897,164.17243197356888,165.35331729466355,30309800
2023-04-27,166.74542236328125,166.91824307000883,164.11483249588636,165.1613082409383,33424100
2023-04-28,168.20474243164062,168.80959295041922,166.2653913798225,166.3709999680291,31911900
2023-05-01,168.30075073242188,170.2592926352642,167.78230325991703,168.01272598653554,27420100
2023-05-02,164.844482421875,167.4846823911086,163.13555415920757,167.43667582539493,40851100
2023-05-03,165.44931030273438,168.6847502257773,165.31490072683914,165.3437017324206,43261400
2023-05-04,163.5963592529297,164.71004694447058,162.04104638513465,164.47963890452746,42382100
2023-05-05,167.4846954345703,168.10875153835434,166.18860595664634,166.3710074812881,35456800
2023-05-08,167.1007080078125,168.54081750288205,166.21744260878268,168.26238813008652,22109900
2023-05-09,166.60140991210938,167.3118689645562,165.2861150368617,166.0733670116115,21465500
2023-05-10,167.44627380371094,168.9919913506663,165.82374868708467,168.9343893357996,27281900
2023-05-11,166.15980529785156,166.8414487770589,165.23812897087265,166.3038103569663,25884600
2023-05-12,165.82373046875,167.2542438288077,164.79644581800412,166.7165909001809,20406400
2023-05-15,167.84951782226562,168.69438651593558,165.91977690100296,166.39020316489407,24310000
2023-05-16,165.40130615234375,167.8302886553888,165.3532995924938,166.67820446671666,24212900
2023-05-17,169.0880126953125,169.4528450382076,165.28613270443444,166.50541458281384,38231600
2023-05-18,170.1152801513672,170.48011245684623,168.03192419814314,168.5503569984402,30446600
2023-05-19,169.07839965820312,171.74740052712735,168.25273657036385,171.3825682221727,34316300
2023-05-22,171.14256286621094,171.87222753074914,169.0112001926713,169.56804414472242,28207200
2023-05-23,170.33607482910156,173.32190112912753,170.2976783718268,170.80651566560064,32708900
2023-05-24,168.53115844726562,169.68325742833474,167.69589987058288,169.50084126801391,28744200
2023-05-25,167.21588134765625,168.52158096919896,165.80457312990242,168.25276175148858,36202600
2023-05-26,169.1167755126953,169.33760274907414,167.07183092245012,167.3406500671729,29841300
2023-05-30,168.49276733398438,170.46091939799456,167.78230822637434,169.65446180527888,25572600
2023-05-31,166.83181762695312,168.98237084718244,165.4781117627262,167.71508264948233,34598800
2023-06-01,168.6367645263672,169.20321855514294,166.02536560062933,166.91824083273556,27800900
2023-06-02,174.75244140625,174.81963887919696,170.36490202373116,170.90254040549556,50212400
2023-06-05,172.40985107421875,174.02276612090483,171.31536882123996,174.02276612090483,34465800
2023-06-06,176.9510040283203,177.57506009785973,171.7858080091066,171.7858080091066,58584500
2023-06-07,180.2618408203125,180.77208731030237,178.0668143037216,178.0668143037216,60685600
2023-06-08,179.58790588378906,180.39661141072884,178.01866371735636,179.79008593805278,34185000
2023-06-09,178.13418579101562,179.65530313187966,177.5757998286644,179.37611749576155,30242200
2023-06-12,178.87548828125,179.72268188240284,177.3543709810719,178.3267243589205,26580500
2023-06-13,180.9261016845703,181.9369725743446,179.32797875390816,179.49164132613978,35758200
2023-06-14,178.9813995361328,182.1872968866772,177.67208423401962,181.3015857543823,37114100
2023-06-15,180.45436096191406,180.57952073434413,178.0186518976488,178.18231445922666,36488400
2023-06-16,179.01028442382812,181.52301404344092,178.19195683237686,180.9453693094617,50684500
2023-06-20,178.23046875,178.6540729163404,176.91151674296455,178.25934951678545,33269300
2023-06-21,177.81649780273438,178.9814093335015,176.74786529405642,177.56619291146538,30730200
2023-06-22,176.49755859375,177.3832697654501,175.6888677009085,177.33513025489896,27063700
2023-06-23,173.84042358398438,175.61184591215408,173.33979912076563,174.03296693441743,50610100
2023-06-26,174.01370239257812,175.9295431873059,173.64785975586742,173.71525800583643,31507900
2023-06-27,176.52642822265625,177.13295369907166,173.6767368451762,174.44692489504502,28818800
2023-06-28,177.39288330078125,177.5469238511255,175.3326386828017,176.17022499397655,23187600
2023-06-29,179.4339141845703,180.1078233435454,177.5565758765511,177.83577625748802,32084100
2023-06-30,180.29071044921875,181.40746769050764,179.94412656326975,181.24380511799217,30287300
2023-07-03,180.65652465820312,181.80217726887054,179.78045032955805,179.9441128896371,14011900
2023-07-05,178.8562469482422,180.2329605555412,178.52892178207344,180.15594027701044,24092100
2023-07-06,175.96803283691406,176.8633806203806,173.98480863046086,176.7863603505039,39080800
2023-07-07,177.82615661621094,179.53981765350517,176.1124808887986,176.16062040582514,31706700
2023-07-10,180.8683319091797,181.0416311890133,177.29660686889994,177.7009522683591,29725100
2023-07-11,182.72642517089844,182.9959887913963,180.69506130135827,181.45561265416669,26738800
2023-07-12,184.7192840576172,185.85531484097655,184.2379183184228,185.57611448577853,40127300
2023-07-13,186.21151733398438,186.47145894156154,184.6518970687539,185.33542817926906,23523000
2023-07-14,184.39193725585938,186.2788971958577,183.19814507421842,186.13447867696627,32198600
2023-07-17,186.36557006835938,187.11649948142528,184.01650280077186,184.20904616743437,23283700
2023-07-18,188.66650390625,189.0708493963166,186.27893376437768,186.48109916435212,28489800
2023-07-19,189.46554565429688,190.29349525986893,188.6279593328884,189.3692666366265,23679000
2023-07-20,187.8096466064453,189.60032762981552,187.0298365090304,189.60032762981552,27278100
2023-07-21,187.2127685546875,189.292257370229,186.85654792068095,189.0708332448473,28982400
2023-07-24,187.6748809814453,188.94567892272693,186.76028899436622,187.30903831056693,16929800
2023-07-25,187.65560913085938,188.89754090571765,187.17424341442782,187.32828396931373,18961100
2023-07-26,189.1382293701172,189.8121384550733,187.45344931266877,187.51121084993412,20377900
2023-07-27,186.69288635253906,190.52455351972674,185.98045977075262,190.26462659768765,31159300
2023-07-28,189.10931396484375,189.6099383851999,188.2139808514347,188.71460527179087,21612200
2023-07-31,191.3043670654297,191.34286985860567,189.58106959596162,189.5906916217267,24203900
2023-08-01,190.4282989501953,190.56308077635052,188.4835771527128,190.07207829597874,27444300
2023-08-02,187.83851623535156,188.7819888549101,186.8565261349291,188.30062317491488,28079700
2023-08-03,187.30902099609375,188.3487726829117,185.8649238794214,187.05871611764547,24279300
2023-08-04,186.93357849121094,188.9938233675997,186.49073021607052,187.55936279668117,24950400
2023-08-07,187.05873107910156,187.79040172162826,185.49909607907313,187.40531500242827,20185000
2023-08-08,185.8842010498047,186.08636643971718,183.41961074342467,184.97923108321768,25578200
2023-08-09,184.4304656982422,185.69164151156306,183.64101888037118,185.68200479566198,22293200
2023-08-10,183.61215209960938,186.88543331009242,182.8130831950837,185.07550808682012,29378800
2023-08-11,183.87210083007812,184.54600996535243,182.66868641347492,182.84197103820944,21789000
2023-08-14,183.5543975830078,183.59290038067104,181.60967577337345,182.86122970413058,20354900
2023-08-15,181.12828063964844,182.57237770481734,181.0320016259245,182.45685464044064,25491300
2023-08-16,178.91400146484375,182.01399777602649,178.88512069779236,180.983882807591,27018400
2023-08-17,176.8056182861328,179.78046951956227,176.78637423473808,179.39536813993416,26715100
2023-08-18,177.7683563232422,178.34600106914823,175.1593623208414,175.41930392551075,33375200
2023-08-21,177.50840759277344,178.37485991502874,176.24723189899802,177.8164739799766,22678100
2023-08-22,176.97894287109375,178.63484231484605,176.3916760370872,178.14383982191674,21299200
2023-08-23,178.86587524414062,179.17395636906303,176.59382836324573,177.1425923582201,21231100
2023-08-24,176.39163208007812,179.39534907132324,176.3723733406149,178.34597546734517,26582300
2023-08-25,177.14259338378906,178.10532486957052,174.84166572037603,177.20035492251728,29340400
2023-08-28,178.7214813232422,179.79011391322265,177.93204910449228,177.9512931582812,23002000
2023-08-29,181.21493530273438,181.34971711707541,177.69134938778546,178.62518537207382,22986000
2023-08-30,181.89846801757812,182.54349627486064,180.34846991899582,180.73355659226107,19869900
2023-08-31,181.58078002929688,183.16928105149967,181.50375975020418,182.1487880612248,17953400
2023-09-01,183.73731994628906,184.70967351145404,182.77458840806406,182.98639052168295,25094600
2023-09-05,179.8671112060547,182.82268899775048,179.80934967183688,182.58200614509934,27160100
2023-09-06,179.1932373046875,181.08018301312447,178.19198821480313,180.08857064091026,26406200
2023-09-07,177.46029663085938,178.4711676294884,176.7478700425619,178.24010678433652,23894800
2023-09-08,177.0655975341797,177.94168683275436,176.61311249821776,177.68174518249313,19399100
2023-09-11,177.4891815185547,178.7984969578956,177.33514095154587,178.3556340002745,17424700
2023-09-12,177.31585693359375,178.43262885004782,176.89226746987333,177.18107512920204,16826300
2023-09-13,176.15098571777344,177.98980642914944,175.59259967865898,177.62396375418413,24415700
2023-09-14,178.63482666015625,179.13545113628567,177.37365078866168,177.65283645047217,27952500
2023-09-15,176.76710510253906,178.17269934785614,175.97765833829317,177.90312105290496,39695500
2023-09-18,175.59259033203125,176.91152773087,175.57333158960634,176.85376619371158,19287800
2023-09-19,174.90904235839844,176.46867729287575,174.32179027784136,175.68886717069515,24085900
2023-09-20,173.1568603515625,176.6708238858272,173.11835756140127,175.6021915049501,27642900
2023-09-21,170.47085571289062,172.0978594359834,170.47085571289062,171.8475545609188,31625600
2023-09-22,170.0857696533203,171.72241023942348,169.97986860238981,170.9426000871701,23164700
2023-09-25,170.8463134765625,171.23140014421753,168.99785633949713,169.14227485745383,22416200
2023-09-26,168.64971923828125,171.2226079123876,168.58200465045846,169.75238370446047,30476000
2023-09-27,170.226318359375,171.13552088456123,168.7464271657574,169.70399513864967,37293000
2023-09-28,171.76425170898438,172.72183449402618,170.20697866451658,170.3230439381956,31372400
2023-09-29,170.95175170898438,173.29249468315916,170.38106305420266,173.1087148417093,36689000
2023-10-02,168.36923217773438,170.94210622969294,167.47934909677187,170.55521209289074,42139300
2023-10-03,165.53512573242188,167.81783578943012,164.79033927390307,167.28584546191672,42733600
2023-10-04,165.61253356933594,165.9897604502476,163.5522865033233,165.40940459081617,42491900
2023-10-05,165.73828125,166.27025690373912,164.37445530783438,165.20629083719822,33365100
2023-10-06,167.334228515625,168.19508031473597,163.95852113577587,164.7903566193374,42160900
2023-10-09,168.3014678955078,168.83345824584026,166.144504939499,166.21220475187172,26658400
2023-10-10,170.20697021484375,171.24191995825083,168.57231548271886,168.60133179969813,31585000
2023-10-11,169.91677856445312,171.42568596177512,168.66903275791728,170.3520380430558,27427200
2023-10-12,166.0768280029297,170.11994082261003,165.19662692919448,170.11994082261003,38693800
2023-10-13,164.69363403320312,167.04404405497118,164.1326273561289,166.70551546713997,33955600
2023-10-16,167.35357666015625,167.71145438919973,165.41907691992253,166.1154980071316,31140300
2023-10-17,169.22036743164062,170.64222596854552,166.2702522782304,166.3089505393918,39823200
2023-10-18,165.73828125,167.97262622470478,165.3997378712,167.95327709358583,38501400
2023-10-19,163.09768676757812,166.51207801338248,162.84620708625238,165.2643320342194,51397300
2023-10-20,160.9890594482422,163.49423289389983,160.97937750442082,163.13635518996608,54421900
2023-10-23,159.62525939941406,161.97568447223472,159.25769969244763,160.23463159589778,45590900
2023-10-24,161.0181121826172,162.13044380318317,159.9928295217691,160.99876304965852,32666300
2023-10-25,158.358154296875,160.23462145825977,158.0486272455256,159.60590016985464,36832900
2023-10-26,158.764404296875,160.34102641934984,157.85518699333892,158.7740714829963,50525600
2023-10-27,156.8975830078125,159.43177254214933,156.37525989582804,159.13192749148314,46017100
2023-10-30,157.76812744140625,159.4124492743819,156.63644686061014,158.4258502709718,35156300
2023-10-31,159.1320037841797,159.58661254961368,157.4973486181383,158.04867354615553,31533200
2023-11-01,160.04116821289062,160.17658260282943,157.75845795459264,159.07391835359593,44367100
2023-11-02,164.30673217773438,164.43247938486965,161.8499239797359,162.25616715771696,50458100
2023-11-03,168.77545166015625,169.89745040236272,167.12144772646883,167.14079685830126,57060700
2023-11-06,166.6668243408203,169.0559327234175,165.77695622295127,168.7754367524076,35294400
2023-11-07,166.0768280029297,166.86029816957108,164.98384549990374,165.9414135884369,31168900
2023-11-08,164.30673217773438,166.492726349474,163.75540742156787,166.07680122690599,44938600
2023-11-09,161.76287841796875,165.4287490410995,161.51138399843524,165.4287490410995,38577400
2023-11-10,163.5716094970703,164.15196526376593,161.32758294217817,162.71075779054328,36121300
2023-11-13,163.62966918945312,164.21002505215088,162.03371270562835,162.73013383724057,27610300
2023-11-14,172.61541748046875,172.62508466586095,168.51427273773956,168.52393992313176,77611000
2023-11-15,172.91526794433594,175.80733568596852,172.2768794711559,172.50902475932924,59641400
2023-11-16,170.1199188232422,172.77985607464055,169.42349770760563,172.3058983056744,46616700
2023-11-17,172.45098876953125,172.7895321589506,171.30964090177568,171.63850234580053,43418700
2023-11-20,173.4569091796875,173.76642144235814,171.9189855329942,172.6734391996385,26665100
2023-11-21,171.2226104736328,172.66380362329085,171.11621237622288,172.40265673251943,30457000
2023-11-22,172.2962188720703,173.51494835826907,171.6094649910856,172.34456955686338,28940900
2023-11-24,173.4569091796875,173.84380319779098,171.97701815980366,172.21883061088351,13846900
2023-11-27,172.87657165527344,173.2441313426414,171.42569679553128,172.65410830931708,30665800
2023-11-28,172.20916748046875,173.3505300489683,171.39668109825288,172.70247438036307,28350200
2023-11-29,173.11839294433594,175.7976794542506,172.84756413745606,173.6697325034533,31590200
2023-11-30,173.77610778808594,174.72400848779301,172.90557408671071,174.1533346309635,32216800
2023-12-01,178.85418701171875,179.11533386470686,172.37361547190864,173.33118345099015,64221300
2023-12-04,180.7693328857422,180.86606377918787,177.99333040078494,178.1964446143338,44862600
2023-12-05,178.35121154785156,179.95684995172965,177.95463553983424,179.95684995172965,36873500
2023-12-06,178.0320281982422,181.76561369548514,177.77086657221798,179.6183175683159,43637900
2023-12-07,179.3184814453125,179.48291217838394,177.38398139638133,178.29319878082924,32662300
2023-12-08,180.6822967529297,181.60118126959168,178.8058294558577,179.08632545224634,36087100
2023-12-11,181.05950927734375,181.47541964570956,179.80208146848415,180.56620238762554,29302100
2023-12-12,180.87576293945312,181.51415152729734,179.27012428241397,180.84674661810246,32024000
2023-12-13,186.99844360351562,187.298288740995,179.58930508779045,180.97248025756576,69484800
2023-12-14,192.20223999023438,193.48866940852972,190.04526202086475,190.42248890301767,83649300
2023-12-15,190.58694458007812,193.01475166694678,189.5326455609933,192.4343957295997,74160700
2023-12-18,190.65463256835938,192.26027097981282,190.23870742750847,191.47680090504863,44451100
2023-12-19,194.34951782226562,194.70741032603092,191.53483179395195,191.97975848859951,52156200
2023-12-20,190.54788208007812,196.2658712594669,190.43139127315825,194.02333434721064,62360300
2023-12-21,193.7903289794922,193.98450006630011,191.75166588657618,192.70304199660364,38613400
2023-12-22,195.59600830078125,196.88716898523361,194.34368775852954,195.0135394863376,39173800
2023-12-26,198.13951110839844,198.58606906674063,195.7998887022256,196.3047068758587,26879000
2023-12-27,198.83847045898438,199.48890208851032,197.4599269187775,198.46956318936506,35806400
2023-12-28,198.08126831054688,199.17827285744823,197.34346846357275,197.8385692382714,28930100
2023-12-29,194.84852600097656,198.07156191670012,194.84852600097656,197.53762100520473,41496800
2024-01-02,193.6932830810547,195.73194643533063,192.64482129320874,193.57677745139887,44341500
2024-01-03,188.5286407470703,191.89730513332253,188.12090807378596,191.6351859815054,57532500
2024-01-04,188.1597137451172,189.7809415108245,188.03350550751998,188.39269533677552,43114200
2024-01-05,187.60638427734375,189.75185061016276,186.67441331501206,187.06274072147355,40964900
2024-01-08,190.98472595214844,191.21772236517347,186.64526589683442,187.6451847646592,31545400
2024-01-09,189.276123046875,190.0527629151334,187.67431535429546,188.6742341852321,28998700
2024-01-10,189.38294982910156,189.67419169072934,187.4413571691516,189.05288263207242,35075200
2024-01-11,187.8975830078125,189.05283270550348,185.71329184221366,188.8198363150975,48939200
2024-01-12,187.58692932128906,191.34392036265206,187.0141631680891,190.16925054465682,42992100
2024-01-16,185.26675415039062,187.61607931499907,184.55807703039446,186.12105959685744,42213000
2024-01-17,183.94647216796875,184.38332752463938,182.05342241361242,182.63590609795688,37787700
2024-01-18,185.0337677001953,185.58711384945195,182.71356529879748,185.14055587821676,41760000
2024-01-19,186.810302734375,187.21805016759222,183.70375790558938,185.70359567620844,63338300
2024-01-22,190.80027770996094,191.07211427277034,188.42182999406725,188.48007539567843,42379500
2024-01-23,190.24693298339844,192.79041429365802,189.28583941020884,192.4312244389594,42471200
2024-01-24,188.68394470214844,192.66421493514312,188.45094828797798,192.586549463753,41120100
2024-01-25,190.24693298339844,191.88758093568325,188.73249327765078,191.3439374324071,37659500
2024-01-26,190.2566375732422,192.11086189423213,189.6741687336617,191.1400656817567,33478600
2024-01-29,193.58648681640625,193.58648681640625,189.39263984003432,190.43139895421757,29234400
2024-01-30,191.93612670898438,193.1204844663942,191.3439404236921,192.59626102666115,33121200
2024-01-31,187.24717712402344,193.13019976763323,187.08214354643408,191.4507264774126,68126700
2024-02-01,189.73239135742188,190.0236331488335,185.936575067199,188.63538702881286,59479000
2024-02-02,188.73251342773438,189.7906778462417,186.77150074168492,187.5966835271564,52839300
2024-02-05,186.33460998535156,187.4704396702582,184.50950853618198,186.84913074484328,39751900
2024-02-06,188.0141143798828,188.1403226369084,185.44151015480827,186.10164451702525,34689100
2024-02-07,187.57723999023438,188.48007333166947,186.4316927894534,188.40242267248783,31713900
2024-02-08,190.4216766357422,190.63525299369155,187.0821500117183,187.71316164273,35370800
2024-02-09,193.51853942871094,193.7224131785073,190.71293859039926,191.16921405659326,46107100
2024-02-12,197.03280639648438,197.60557260841168,194.00391213146065,194.03303483286882,43291000
2024-02-13,188.92665100097656,191.8584597025605,187.42191391299815,190.489633491441,86247400
2024-02-14,193.3146514892578,193.95536572139926,190.49933362946433,191.90698515277387,43808000
2024-02-15,198.46958923339844,198.78995377592216,194.8582259708085,195.12034510799617,44931900
2024-02-16,195.770751953125,197.75116954884572,195.21739104637788,196.21730987942328,48346200
2024-02-20,193.07192993164062,193.88739508706246,192.22732726557913,193.33403420884378,30547500
2024-02-21,192.15940856933594,192.55743857969486,190.65467144681006,191.88758680937738,28669100
2024-02-22,193.61558532714844,194.24659689547144,192.03318287223186,192.84864807802043,38184700
2024-02-23,194.05245971679688,195.2659550161448,192.7710163835365,193.7709353251452,37667700
2024-02-26,195.27566528320312,195.7513607918954,193.33407272830902,193.85831101350877,29118200
2024-02-27,198.04241943359375,198.25599577686037,196.6250505022038,197.14928873137606,32268600
2024-02-28,196.4114990234375,197.90651868963718,195.97462887237916,196.52798983002648,30143900
2024-02-29,197.78028869628906,200.0228253556301,196.60563369052622,199.1879401027889,40404100
2024-03-01,199.87721252441406,200.30436518725796,197.2075231948129,198.55692920888438,35156900
2024-03-04,199.69276428222656,201.70231941489732,199.45006524571116,200.98392493406925,24785400
2024-03-05,197.78028869628906,199.89663193342406,197.0813143072512,198.33364959309952,34163500
2024-03-06,199.25595092773438,200.06171367618046,198.1201209753012,200.01317089602315,34255200
2024-03-07,200.91598510742188,202.02269216657723,200.37232680037124,200.66356861871196,28020200
2024-03-08,200.78977966308594,204.2652318338889,199.78986076293916,202.6440039587657,41447800
2024-03-11,199.19766235351562,200.79947005938138,198.7705096817718,199.94517952906727,24435800
2024-03-12,198.9258575439453,199.90635639610636,197.45024313778706,199.158839156956,34958900
2024-03-13,199.7025146484375,200.54710269454003,198.7899637505825,198.8870344932882,25140700
2024-03-14,196.1299591064453,199.28504682088067,194.3242775450415,199.06176783800956,47509100
2024-03-15,196.49884033203125,197.14927193541243,195.2562225206205,195.37271331132376,53217000
2024-03-18,195.3727264404297,197.24635591162195,195.04265930247465,196.9842516149261,32405100
2024-03-19,196.19790649414062,196.82891806204174,193.829161534285,193.94565233127017,29864100
2024-03-20,200.08108520507812,200.94509315480752,195.236807259011,195.63483722127938,49609600
2024-03-21,202.37997436523438,203.36296301581922,201.30938090357554,201.4651062890514,43067300
2024-03-22,199.58668518066406,202.67192146082022,199.58668518066406,202.29235017968523,28437300
2024-03-25,200.04412841796875,201.47482376960056,200.01493176595906,200.21932318081622,20107800
2024-03-26,199.6840362548828,202.0879930600018,199.50885633424588,201.51377240797163,23434800
2024-03-27,204.03451538085938,204.10265080592936,200.64756993217057,201.2704566221684,35028400
2024-03-28,204.6768341064453,206.2145885903721,204.22912741840085,204.46271545357024,37675100
2024-04-01,202.7498016357422,205.16348550737086,202.3994269728615,205.1342888563632,25684200
2024-04-02,199.022216796875,200.37504946567446,197.9613506494938,200.24852073920022,36632100
2024-04-03,200.3263702392578,200.88112144421785,197.84455101507606,197.94188308300028,27362800
2024-04-04,198.32144165039062,202.97362906326285,197.77641774690915,202.48699845647047,32265200
2024-04-05,198.98324584960938,200.19982232808678,197.45523351505102,197.70827607629096,27569400
2024-04-08,200.07334899902344,200.90061226148342,199.10981488661585,200.47237487819115,21331000
2024-04-09,200.8616485595703,201.43586909580935,199.00271612789436,200.70592320543486,23289100
2024-04-10,195.55740356445312,197.50392634047296,194.20457082915095,195.8007189114556,57130500
2024-04-11,196.8810272216797,197.48445934270262,194.74959739110912,196.5695913195811,37184000
2024-04-12,193.3772735595703,196.51117586601217,192.39427022600952,195.84935051611888,35388700
2024-04-15,190.54505920410156,194.87606817972602,189.76644734481508,194.0390630298806,41119300
2024-04-16,189.84434509277344,190.9928011388445,188.18980386782644,189.21173119378417,43267500
2024-04-17,187.83941650390625,191.36261738763417,187.82968923793575,191.21663414413794,38589500
2024-04-18,187.68368530273438,190.4282890013504,187.01213270197567,188.520690524569,40238200
2024-04-19,187.97569274902344,189.19226941195612,186.2238193842425,186.80778212276593,42666500
2024-04-22,190.0779266357422,191.05118789363047,187.7420907063373,189.01707542883312,31553000
2024-04-23,193.260498046875,193.99044400139417,189.91247689268758,190.0389907596014,31838300
2024-04-24,192.394287109375,193.59140920376635,191.20692198330042,192.87119049378376,28791700
2024-04-25,191.22637939453125,191.5670267957766,188.5888495420605,190.21419415925885,31915600
2024-04-26,193.05612182617188,193.5719491531976,191.1679924325503,191.73248579719518,24613600
2024-04-29,194.61331176757812,195.05127632770154,193.5621879128097,193.92228979656653,20494600
2024-04-30,190.66188049316406,193.33834903676828,190.51589724019203,192.8127944752803,30606800
2024-05-01,191.0609130859375,194.96370019220885,189.81513987742656,190.6424178779667,38782100
2024-05-02,194.5744171142578,194.76906642390801,191.28478883324502,193.46489971338227,27201000
2024-05-03,196.50146484375,198.70104504648236,195.7423221625137,197.97109901830976,30880600
2024-05-06,199.04165649414062,199.30444119461808,197.94188136026912,198.0294713101655,23129800
2024-05-07,199.48934936523438,200.63779045293228,199.03191541314118,199.294700095379,20116900
2024-05-08,198.33116149902344,198.50635623332624,197.14378167479282,197.29950702733154,18349400
2024-05-09,200.3555908203125,200.48211955356905,197.97110337924744,198.51612738282913,22914300
2024-05-10,198.8470001220703,201.09523119399296,198.23384079307763,200.83246135367142,21520200
2024-05-13,199.2655029296875,201.02710332110067,199.12924695606404,200.569669370196,18585300
2024-05-14,201.3288116455078,202.18528625043933,200.4042164792498,201.5915963267095,33169000
2024-05-15,203.83984375,204.16102175274673,202.16583316944713,203.61599781503898,33412300
2024-05-16,202.3701934814453,203.7522374493155,202.3701934814453,203.31425803021395,26731100
2024-05-17,202.51622009277344,202.94445745571585,201.80574347741316,202.4480846710374,35219800
2024-05-20,202.9639129638672,203.87878099803666,202.2242396930101,202.45782776049683,15695900
2024-05-21,202.76927185058594,203.10991927307137,202.0393258173658,202.2729138942807,13466800
2024-05-22,201.05630493164062,202.652452740965,200.29716236688805,201.98090012196363,20853100
2024-05-23,197.75697326660156,202.06851385732696,196.93943730843264,201.96145451631986,34039800
2024-05-24,199.9468231201172,200.18039635012542,198.5064004155021,199.31419430366756,19946100
2024-05-28,199.67425537109375,201.55264220833996,198.51607225968715,201.43585562594134,18475900
2024-05-29,196.72531127929688,197.58177112457778,196.384663884054,197.11460985889832,25654800
2024-05-30,198.59396362304688,199.46016555281378,197.6498990101698,198.07813634188167,20428200
2024-05-31,200.26795959472656,200.76431745626073,197.64988461266097,199.46987828907342,25784900
2024-06-03,199.1389923095703,202.0101101329263,197.7180242977555,201.98091348241127,23902900
2024-06-04,196.569580078125,199.03192990551895,196.25812934304844,197.71802124944588,27098900
2024-06-05,199.5769500732422,199.5769500732422,196.39438161915965,197.86401561502535,20707600
2024-06-06,198.14625549316406,199.33363541323737,197.5623076501893,198.7204760698651,17335500
2024-06-07,195.8201446533203,197.73747034843223,195.31404468613275,196.14132262187474,26036000
2024-06-10,196.49172973632812,196.72531780230761,193.6887323477318,194.18510513158952,25075300
2024-06-11,195.82022094726562,196.19109734449324,193.6535486443165,194.84424296908105,23768400
2024-06-12,198.82626342773438,202.29098872573485,198.2211617599787,200.92461042493133,43668700
2024-06-13,197.08901977539062,198.65057579908265,195.69336334928323,198.38707243466055,28021100
2024-06-14,193.95611572265625,195.2346445986864,193.1850996077293,194.76617929964527,33453700
2024-06-17,195.5860137939453,196.12280475075232,192.66784867899872,193.36078482049493,25538100
2024-06-18,195.9276123046875,196.84503414232287,195.22490684999846,195.64458519566438,25446900
2024-06-20,195.0980224609375,197.01094615058835,194.4343644800296,195.5079463811976,27999700
2024-06-21,195.53721618652344,195.5957724891339,193.69261819307422,195.12729228376244,37511300
2024-06-24,196.38632202148438,197.82101107500614,195.71289472384217,195.86905479998273,22289600
2024-06-25,195.74217224121094,196.32776507871495,195.01995795283307,196.2984869260642,15925400
2024-06-26,195.22488403320312,195.76167492783188,194.0341896459331,194.54170239105875,19313500
2024-06-27,197.2061309814453,197.29396543562896,195.15658592260758,195.81048945749228,17432600
2024-06-28,198.0161895751953,199.7241511938017,196.48391175275506,198.9824132235003,35026000
2024-07-01,196.35704040527344,198.9238676271722,195.66408938727523,198.6310712126343,21886200
2024-07-02,197.0304718017578,197.41110268092504,196.0740025014959,196.6791190754308,17219100
2024-07-03,196.98167419433594,198.39683955057723,196.78648154041386,197.3915832352458,15167200
2024-07-05,196.0447235107422,196.78647642550922,195.07851468665595,196.3765673952538,17282500
2024-07-08,197.4208221435547,198.8067090708203,196.99138945494582,197.64529290633044,20823800
2024-07-09,196.56199645996094,197.65510213140885,195.7129002219904,197.069509275553,17864200
2024-07-10,198.48464965820312,198.69936601884658,196.64982106576338,197.43059158565617,19286100
2024-07-11,205.6190948486328,206.15588587577352,201.9689456485692,202.90587644844518,65443600
2024-07-12,208.01998901367188,209.77675271885852,207.5515236563705,207.80527262235768,50810700
2024-07-15,211.97268676757812,212.99746675511602,209.15211064301315,209.63033038288523,48925300
2024-07-16,219.20469665527344,219.4584456109914,213.75873683571552,213.87584944724,67945700
2024-07-17,216.9111328125,221.1956760775386,216.33530930740628,217.01849099923308,66092100
2024-07-18,212.7144317626953,219.3803642186429,211.767731779396,216.091322665842,53180000
2024-07-19,211.631103515625,213.39762162646693,210.66489465513413,212.40213461215788,37933500
2024-07-22,214.9982147216797,215.34956744256232,210.20617344340494,212.45091121834164,36185900
2024-07-23,217.28199768066406,218.3750883293535,213.7782251688056,213.94415454220749,44884600
2024-07-24,212.61685180664062,218.48247528893458,212.489969878118,215.75950272781677,42443000
2024-07-25,215.27151489257812,218.63863664422763,212.95843647300106,213.20243101866038,45053100
2024-07-26,218.83383178710938,219.97572448669143,216.37436256910814,218.52151161684142,40822600
2024-07-29,216.4036407470703,220.00500266504517,215.46671002065537,219.31206648708658,33869700
2024-07-30,217.22344970703125,219.0680476935226,215.79851514916126,217.3698404630053,26876800
2024-07-31,218.48245239257812,223.13787197860913,216.64760884666998,218.3360616382742,52387700
2024-08-01,211.37733459472656,219.48771006602442,209.89384374160514,218.3946193806948,71508100
2024-08-02,203.9013671875,206.11684190860333,202.0177363780864,203.83305645631836,66850200
2024-08-05,197.3427734375,199.8217662088903,191.97489376248654,193.14606453131336,65683100
2024-08-06,199.4899139404297,202.27145743014214,196.36678705747212,198.1333050025711,37072500
2024-08-07,197.12802124023438,202.96438007608614,196.7181122902392,202.85702190640347,30594500
2024-08-08,201.9201202392578,202.0274784321821,198.289480305039,199.50945300088551,26550300
2024-08-09,201.5004425048828,202.14457672455006,200.01695164200268,202.07626600238945,20954500
2024-08-12,199.68511962890625,202.0079373151786,198.92385792358894,201.6468301938019,20357900
2024-08-13,202.97415161132812,203.3743061768218,199.93885934950367,201.13930815374184,25458300
2024-08-14,201.7151336669922,203.73541535314192,200.79772682111366,203.61830275414528,25345600
2024-08-15,206.94639587402344,207.98094520001604,204.8675725864472,206.18513412495423,42561600
2024-08-16,207.49298095703125,208.8398208091382,206.20468252465065,206.29251699260945,30427400
2024-08-19,210.03048706054688,210.04025637271877,207.70766927699034,207.84430561719955,17246200
2024-08-20,207.58078002929688,209.7864851268845,206.95615465435432,209.72792882489668,21703900
2024-08-21,210.2842559814453,210.47944863042505,207.70767429507725,209.13259403564928,19623100
2024-08-22,208.4298858642578,211.17238201106474,208.01022241904278,210.39161142533962,18084300
2024-08-23,215.0860595703125,215.76924126544276,209.63033064462556,210.01096150992987,40003100
2024-08-26,215.1543731689453,217.10632940525645,214.7932660307459,216.59881661398717,24865500
2024-08-27,213.48545837402344,214.10031446014403,212.4802021063045,213.65137286661115,19577900
2024-08-28,212.04098510742188,213.85630487033822,211.07477637203044,212.63633231171818,19685000
2024-08-29,213.5537872314453,215.67165813512503,211.93365984779322,213.5245090768699,24599500
2024-08-30,214.7932586669922,215.2031676754953,212.17762965603984,214.43215154117263,23010500
2024-09-03,208.22494506835938,214.10032283176923,207.79551229793185,212.89011945210416,31338500
2024-09-04,207.8735809326172,210.19639868447692,206.61456084364315,207.64909524714494,23706300
2024-09-05,206.8390350341797,208.8885950352578,205.85330249794845,208.41036039707444,23910500
2024-09-06,202.9058380126953,208.06877042449776,202.16410002894446,206.83902850576726,34561300
2024-09-09,203.471923828125,205.20916377180083,202.53499312865114,203.1498492463543,23584100
2024-09-10,203.30599975585938,203.84279070020636,200.84653072409773,203.70615435912208,23025700
2024-09-11,203.9013671875,204.22344178598826,199.3045181278171,202.48620175213944,27175600
2024-09-12,206.5267333984375,207.66862602741284,203.4036063500975,204.8675735501548,27611700
2024-09-13,211.621337890625,212.03124691462193,208.8007617149304,208.88859617173452,37388100
2024-09-16,212.38259887695312,213.04625684898863,210.9479098519563,212.40212260914365,23289000
2024-09-17,214.13938903808594,216.47197643409578,213.22196711047394,214.30530355168122,35563500
2024-09-18,214.1783905029297,219.53651561903732,213.00721976446047,213.9636741301152,54085200
2024-09-19,218.58981323242188,219.2827493342046,216.17914616730314,219.2632404948894,35369500
2024-09-20,216.2474822998047,218.0920803773847,215.9741947214183,218.08231106500818,34587500
2024-09-23,215.45692443847656,217.7504789776775,214.73471016061742,217.34056995429262,20157700
2024-09-24,215.8180389404297,216.59880949549884,214.227189894601,216.3060279834698,20939800
2024-09-25,213.18565368652344,216.0452324978086,213.03874845675966,215.76123962916242,23242300
2024-09-26,214.32168579101562,216.554508127558,213.86140956923987,215.92775124261738,24974700
2024-09-27,215.77102661132812,217.99406091537435,214.9875768843938,216.29005888002172,23959600
2024-09-30,216.3194580078125,217.00497098200452,214.05725772144774,214.87987329047817,21938200
2024-10-01,213.3815460205078,215.78084905426732,211.82444896375245,215.61436838873968,30016000
2024-10-02,213.08773803710938,214.22373951067806,211.73630243599285,212.50016188886025,14455400
2024-10-03,211.65797424316406,212.73520474619897,210.6296972160817,211.7558961381326,21353000
2024-10-04,214.61544799804688,215.42827583182333,212.793933622574,214.75255058789702,27901500
2024-10-07,212.93104553222656,214.1356057776271,211.40332662329754,214.11601542305917,14891800
2024-10-08,213.0779571533203,213.85160433668932,212.2161608432889,213.1269255696744,18118600
2024-10-09,213.5480194091797,215.0659506459354,212.43160826310654,213.02898707461443,18230700
2024-10-10,212.3630828857422,212.39246094926528,210.15963846312673,211.43272773063126,24571400
2024-10-11,216.6818084716797,217.02457244785592,212.22596643976607,212.2847225629819,19950900
2024-10-14,218.27806091308594,218.493509968607,215.86895553910549,216.8678543471521,19263300
2024-10-15,218.45436096191406,220.83407351716752,217.38690330747625,217.96470669690925,25998800
2024-10-16,222.04840087890625,222.4694963350839,219.74702006961166,220.2366742892011,27656700
2024-10-17,221.44122314453125,222.26385360376128,220.25626828165827,222.214885192381,18003600
2024-10-18,220.98094177246094,222.33239219082165,220.72632695956344,221.97005285264817,20047400
2024-10-21,217.50442504882812,221.02013899723914,216.94621202802327,220.96138287779902,24243800
2024-10-22,216.6818084716797,217.2400215283559,215.74168061410052,216.887469845998,15813900
2024-10-23,214.70359802246094,216.23131687095722,212.87228099088924,215.47724515207474,23263500
2024-10-24,215.17364501953125,216.46632435021297,214.00826562085592,215.8689456224492,18381900
2024-10-25,214.36082458496094,217.37709638389674,213.99848524267085,216.73074922489744,23807800
2024-10-28,217.85699462890625,218.35643662829193,215.91795286951043,216.22153614029762,19877700
2024-10-29,217.1519012451172,217.30857926936866,215.41852078396843,216.1725926139924,20282200
2024-10-30,216.85809326171875,219.83518475508444,216.32925826304782,216.49575387071076,19754800
2024-10-31,213.25421142578125,217.18124803466213,213.12691148334955,216.642625376492,24078400
2024-11-01,214.448974609375,216.3978039353516,213.8222177569751,214.9582192216568,21222200
2024-11-04,215.5360107421875,217.15187878223117,213.33256655008802,213.97891376610548,20463700
2024-11-05,219.59034729003906,219.6491034108935,214.5273239878978,214.80152918059332,26404600
2024-11-06,232.31155395507812,232.66410559821608,227.93404394572394,231.6945848438214,75554600
2024-11-07,231.48895263671875,233.55529421072487,230.52921952853964,231.9883946021949,34970300
2024-11-08,233.19293212890625,233.53569607656067,230.77403897071397,231.04824415161286,26597800
2024-11-11,236.69886779785156,237.3745930718307,234.88715599018886,235.54329090958626,29207700
2024-11-12,232.54661560058594,236.78700848573257,231.66522893693366,234.9948869834045,35314300
2024-11-13,230.2452392578125,234.91654533633923,229.97103405274362,234.005780592811,25947700
2024-11-14,227.1408233642578,231.53790911056436,226.42593231976238,231.06784519913498,29272100
2024-11-15,223.75241088867188,227.48357403273943,223.0962759604689,227.41503020537675,37930000
2024-11-18,224.19309997558594,225.82855840979323,223.40966508725177,224.47710782421032,29368500
2024-11-19,225.85791015625,226.04398115062216,221.71542469866398,221.90149569303614,26009400
2024-11-20,226.15170288085938,226.15170288085938,223.32150193675227,225.46618992508394,24222700
2024-11-21,229.58908081054688,230.6957041668625,226.32798180215406,227.35625868745905,28679400
2024-11-22,233.8295135498047,234.28978977729687,230.4606896477609,230.76427291630617,22693100
2024-11-25,237.3843536376953,239.91097113963522,236.3952575188016,236.49319433745111,33534000
2024-11-26,235.64120483398438,236.61072562168047,234.47582533627562,236.18961519924457,22581400
2024-11-27,235.96438598632812,238.6476967229226,235.46494401834258,237.00245063139351,19472800
2024-11-29,236.86534118652344,238.44202846307738,236.5421675896204,237.35499543460776,16782700
2024-12-02,236.74783325195312,237.6390075859996,235.0438310581451,237.22769980330014,25274800
2024-12-03,235.06341552734375,237.12975703780666,234.41706833797167,236.5421659669117,21376700
2024-12-04,235.90562438964844,236.66948382557112,234.26039327937247,235.3082456058564,19903000
2024-12-05,233.1537628173828,235.87623917422,232.82080152322263,235.5432778800598,20227000
2024-12-06,233.9861602783203,234.92630296322804,233.44755258643738,234.82836614121604,20760900
2024-12-09,232.8109893798828,236.38547412289668,232.73264291214724,235.57264633108358,16684300
2024-12-10,231.8023223876953,233.87846659966516,231.03846294184953,232.66411866221344,19946500
2024-12-11,232.8501739501953,234.33871203269587,231.9296216178488,233.7707262825418,23156900
2024-12-12,229.82411193847656,232.73265938311235,229.50095328290533,232.2528077809805,21454500
2024-12-13,228.2474365234375,230.00039214241443,227.08205703155903,229.52052560368162,23972900
2024-12-16,229.58908081054688,230.7544602843551,227.5423296882266,228.09074004223956,32293500
2024-12-17,226.96067810058594,229.28852542755305,226.44992153957827,228.53221484513776,33064300
2024-12-18,216.91261291503906,228.93494409437133,215.0267596886117,228.10988611795233,52267500
2024-12-19,215.95005798339844,220.43877829984305,215.42948458758949,219.27977035820956,51871700
2024-12-20,217.97340393066406,220.66468154900204,214.19188078515614,214.7124541402194,53882200
2024-12-23,217.47247314453125,218.44485750430493,215.47857563442693,217.79660626026532,29606800
2024-12-24,219.417236328125,219.6529735686349,216.55898411007897,218.07160517535354,13399600
2024-12-26,221.66651916503906,222.11834515921115,217.53139783462316,218.4645001191344,20024800
2024-12-27,218.43502807617188,221.43079004420818,216.28397251572238,220.30123258744558,26956000
2024-12-30,216.7554473876953,217.86535640551986,213.9757889413865,216.74563062191436,25706100
2024-12-31,217.03048706054688,219.3092207346856,216.2348793897455,218.16984640390172,26208300
2025-01-02,217.20726013183594,220.37981382701847,215.69465398538773,218.96542029466664,29363000
2025-01-03,220.43875122070312,220.82182988605578,217.44300411798991,218.1207356221858,24525300
2025-01-06,220.52716064453125,223.13002728713053,220.15391373448753,221.74509900374233,23541900
2025-01-07,218.7592010498047,222.4916257401476,217.44303489193845,221.56834008129417,28835200
2025-01-08,217.7671356201172,218.35645628088025,215.11514019068503,216.97152799883068,26795900
2025-01-10,212.9739227294922,214.82049382787343,211.4809500331961,214.42759838809627,37379400
2025-01-13,213.38645935058594,213.65166190851446,210.16479156605934,210.68536492842662,28603800
2025-01-14,215.8125,216.3134247628575,213.35696000818078,215.28209496880808,25447500
2025-01-15,220.05569458007812,221.5683158091782,219.03419640208858,221.43080615084443,30124700
2025-01-16,220.49769592285156,221.22452623909058,218.74935247781386,220.1637310610742,21029800
2025-01-17,221.45045471191406,222.93359566904036,220.6744955781894,222.89429863097828,26754900
2025-01-21,225.70343017578125,225.80165778038318,222.95323709606586,223.473810428114,26086300
2025-01-22,224.23011779785156,225.7623875779355,223.77830676280152,225.27127950401126,21307300
2025-01-23,225.2516326904297,225.2712812100156,222.52107297772653,222.89430492528373,20850700
2025-01-24,224.6230010986328,226.1356072900273,223.98455164461038,224.75069398692293,19074500
2025-01-27,222.47195434570312,225.53646388773294,221.20490212734197,222.6782263283069,27461700
2025-01-28,222.71749877929688,223.5130914155365,221.17541232145706,222.70768201385462,16847400
2025-01-29,222.2067413330078,224.16135674308512,220.58609078320754,222.6487355750053,20280500
2025-01-30,224.46585083007812,225.95882354309512,222.88448226240698,224.45603406425948,25575100
2025-01-31,222.45228576660156,226.2240067713975,221.52900028593348,224.68192038614816,35330700
2025-02-03,219.84945678710938,221.53886987271602,216.74564995658272,217.5707079786427,34023300
2025-02-04,222.894287109375,223.09074231467304,219.24045709219277,219.62352076263926,17985500
2025-02-05,225.3203887939453,225.4186164082672,222.8550315437348,224.00422269163835,15197300
2025-02-06,224.58370971679688,226.59725575915084,223.25772694799932,226.41063229846716,18809400
2025-02-07,221.9808349609375,225.17303723360587,221.56830600419173,224.7801567950179,28914400
2025-02-10,222.9827117919922,223.47381986087493,221.84333747520134,223.32647844775278,14574700
2025-02-11,221.68617248535156,222.39336928180992,220.8120007490945,221.04773801039008,18215700
2025-02-12,219.6431427001953,220.48784908113728,217.8456855760713,218.30732830678537,25572800
2025-02-13,222.1183624267578,222.31480266180603,219.77086639747304,221.03791865284882,21419400
2025-02-14,221.95138549804688,223.9256345719316,221.5977870831421,223.22826949561576,13574500
2025-02-18,223.1693115234375,223.62112250580205,221.49953227686416,222.12814993868716,15166500
2025-02-19,222.40318298339844,223.11037977011387,221.0772002488782,221.40133335840844,16194800
2025-02-20,220.2717742919922,222.1674591335098,219.0440041831483,221.99065244437367,18507700
2025-02-21,213.92666625976562,222.33443354738372,213.59271638792754,221.98083515737045,45036900
2025-02-24,212.3845977783203,214.89906877003466,211.3238025185478,214.89906877003466,30246200
2025-02-25,211.5791778564453,213.40610043784952,209.6933247058714,212.52209693801797,33665100
2025-02-26,211.84437561035156,214.52583653601775,211.01931762742163,212.2176225496229,25464200
2025-02-27,208.61288452148438,212.63997667397757,208.4459095768591,211.80508696342227,29378500
2025-02-28,210.83267211914062,210.84250387173327,207.2083074328237,207.87620716230398,32015400
2025-03-03,205.06707763671875,212.11939707900046,203.73126313159574,211.56934346959702,36330000
2025-03-04,202.74905395507812,206.03948402123686,199.57650001724937,202.2677626506838,56427100
2025-03-05,204.76260375976562,205.12601894243022,201.17752077624246,202.77852292313216,35778500
2025-03-06,201.62933349609375,204.41882381246833,200.27387039010458,202.12044157943137,39206300
2025-03-07,202.28741455078125,203.42678888996375,198.14246116895765,201.32484691333423,43514000
2025-03-10,197.1995391845703,201.09893847044373,195.21545837965297,199.82205448733,39442800
2025-03-11,197.17991638183594,199.60599176993694,194.99939506145827,197.5433316060886,51509700
2025-03-12,197.52366638183594,200.126533087139,196.00122840871802,199.43898480530692,36881700
2025-03-13,194.5770263671875,198.43712866369506,193.49658260134538,197.6906497811136,31336900
2025-03-14,199.28182983398438,199.45863653068565,195.79495957818693,196.67896308683586,34089400
2025-03-17,201.79629516601562,202.3561655381423,198.99698826766718,199.10503263838837,26947600
2025-03-18,200.04403686523438,200.7429668003809,199.19743488640796,200.6740651968452,22888000
2025-03-19,203.15478515625,204.44437317228014,199.73884597340725,200.1818470656213,31595600
2025-03-20,201.86521911621094,204.0703259390074,201.0186170791701,201.13675772644973,25665900
2025-03-21,200.614990234375,201.23517978036307,198.61661838736956,199.5616684088247,39470200
2025-03-24,205.60601806640625,205.9702487593423,203.46982788434931,203.73562556298276,25774700
2025-03-25,204.46408081054688,206.0096277972048,203.86358386340208,205.43866225557034,17836900
2025-03-26,202.38694763183594,205.5666357294312,201.49112163451738,204.72003374688867,19344600
2025-03-27,201.42221069335938,203.13510718916223,200.5854475441377,202.13099441430816,23960000
2025-03-28,197.32701110839844,201.39267103254855,196.2736893852983,201.35328581574424,26656200
2025-03-31,196.38198852539062,197.5140657320926,192.44430777712637,194.40329433590944,32250800
2025-04-01,196.40167236328125,198.0948763405958,193.59608375350783,195.8897846648823,26054100
2025-04-02,199.50259399414062,200.16215370133756,193.47793237756403,193.71419862444966,36603000
2025-04-03,186.69528198242188,192.02099878563328,186.25229590360786,190.10138243006594,60551500
2025-04-04,178.36709594726562,181.18253828073975,173.91751249958722,179.76497080919194,92612800
2025-04-07,176.75267028808594,187.28596463802253,169.05449622662624,171.6041562545254,96706200
2025-04-08,172.09634399414062,183.02339903769249,169.65497111957694,182.79698660098356,61090600
2025-04-09,186.72482299804688,189.11697198047577,169.06433659668306,170.02906422125838,123015100
2025-04-10,178.87901306152344,182.5902666474656,174.2226943903296,181.64523160433626,67503000
2025-04-11,181.4877166748047,181.97008800165457,175.79776886961443,178.31788228935895,44954400
2025-04-14,183.6239013671875,185.04146887911438,180.1981232274045,184.88395803977573,35214600
2025-04-15,183.85032653808594,186.10465739663329,182.94466168078245,183.43687182199486,30715500
2025-04-16,182.08822631835938,183.82080065995453,179.7157697613059,182.80684894024586,35063300
2025-04-17,183.57467651367188,184.50987270874975,181.58615850508195,182.10790001457994,42359200
2025-04-21,179.8929443359375,182.4032037116001,177.9536354310194,182.11772847622785,26019000
2025-04-22,184.5492706298828,185.16946021146518,181.67476522202804,182.2654083759081,34477100
2025-04-23,187.2859344482422,192.46397905484082,186.8823185797252,189.91433445899656,44866100
2025-04-24,191.0365753173828,191.34174316596335,186.93154502109755,187.78798576015384,29820100
2025-04-25,191.09564208984375,191.2334603153228,188.56569001760815,189.71745983505315,25029000
2025-04-28,191.9028778076172,193.09401784785553,189.5304215005814,191.46973051259948,22482300
2025-04-29,193.0349578857422,193.79296566320278,190.00294179696039,191.4402019315295,20118200
2025-04-30,191.82412719726562,192.43446293496726,187.7486280336146,190.13092319487336,29046100
2025-05-01,193.01528930664062,194.59035272402608,190.72158827789346,192.66089740904317,33169700
2025-05-02,197.3565673828125,198.07520497999832,195.09239780510654,195.24006985514487,30201800
2025-05-05,195.840576171875,197.37626943091024,194.99397411611693,195.47634546894173,20834200
2025-05-06,193.70437622070312,195.49601325940813,192.59197653478117,193.52717276527991,24642100
2025-05-07,194.34423828125,195.46647673265917,192.98573356915347,195.01365184266731,23623300
2025-05-08,198.04563903808594,199.58134709342963,195.17113399577397,196.65761803928868,32646300
2025-05-09,197.68142700195312,199.1285259638383,196.84467880631055,198.40004957493107,17203000
2025-05-12,204.63143920898438,206.46246153431449,202.61338964776917,205.58632808419242,38207200
2025-05-13,205.3795928955078,206.34432049389122,204.72003315837406,205.67490694119434,28295800
2025-05-14,203.5584259033203,205.29100020221273,203.31232083137792,204.7987900583279,26316100
2025-05-15,204.88739013671875,204.9464529479735,202.1900732612843,203.3615357547068,21563700
2025-05-16,206.58058166503906,206.85621811493326,204.54282467361415,205.1728529906666,28906400
2025-05-19,205.71429443359375,205.83242005317314,203.04650902996204,203.57810436019028,25859600
2025-05-20,205.8225860595703,206.49198461421523,204.7200401949501,205.40913136033774,22053100
2025-05-21,200.04403686523438,204.37547976742619,199.67979117433887,203.41075217050405,36704400
2025-05-22,200.0341796875,201.1859495077548,198.3901997720392,199.1383537091707,31831300
2025-05-23,199.4041748046875,200.0932660147605,196.53950810881787,196.6674875553535,29114600
2025-05-27,204.46408081054688,204.51330482675104,200.97923977078017,202.4361775198463,31655900
2025-05-28,202.30821228027344,204.78895566467008,202.00304438787558,204.4739489767652,26046700
2025-05-29,202.90870666503906,203.83406414692374,201.28441918458134,203.7257773134891,32749500
2025-05-30,201.8750762939453,203.03668502726447,200.3688994292755,201.94397790336618,37768900
2025-06-02,202.5050811767578,202.63304558541984,199.5124354275224,202.12115790865207,30334300
2025-06-03,205.7733612060547,206.3443267467846,202.34758298273613,203.24340900462582,37702200
2025-06-04,205.19256591796875,206.73809794926362,204.89723682925072,205.92102731293699,27225300
2025-06-05,205.28114318847656,206.56089245321326,203.77498148354388,205.44849282001795,35728700
2025-06-06,208.59864807128906,208.825075547323,207.31891374409068,208.2048859738528,32144500
2025-06-09,210.03590393066406,210.94156875291853,209.23852593612813,210.53795284768944,33984400
2025-06-10,211.16796875,212.07363351884467,210.47887762382038,211.1187597575343,30182200
2025-06-11,210.30169677734375,212.56585127050045,209.97683630164184,212.22131320552728,31113400
2025-06-12,209.46495056152344,209.94732191686379,208.3328732231689,208.8644535767372,25367000
2025-06-13,205.63552856445312,208.14580300038273,204.97596885354858,206.57072472107717,60580000
2025-06-16,208.05995178222656,209.22477227019817,206.9444763508757,207.77367212833957,28974000
2025-06-17,205.8685302734375,207.74409462382818,205.69083682637316,206.37196742536017,32843200
2025-06-18,206.95436096191406,208.6719938519288,205.1084098255142,205.75992730751238,42850500
2025-06-20,206.52003479003906,208.53379833338525,205.7796781095655,208.39559902220066,36978100
2025-06-23,209.04710388183594,209.0569698811117,204.1508720366764,205.79939767138728,35516400
2025-06-24,211.71237182617188,212.16644876663008,209.62950134904392,210.54753629122683,31772500
2025-06-25,209.24453735351562,211.96904445525323,209.1655641684891,211.89995233247683,27725600
2025-06-26,212.6403045654297,212.7785038706974,209.96514258031135,210.09347588612943,26261200
2025-06-27,212.70941162109375,214.61460403025634,211.3767785972898,213.27208994371443,47717300
2025-06-30,213.01539611816406,213.92358014356049,212.6205452865433,213.89395202172489,25558000
2025-07-01,215.2068634033203,217.69446593946128,211.39649394770063,211.8604519819736,43864800
2025-07-02,218.18801879882812,218.2571259763925,214.56520907209475,215.562217178059,35735200
2025-07-03,220.21168518066406,220.4584707322298,218.91853130047468,219.1554357899172,23515700
2025-07-07,216.90476989746094,219.9550510033204,215.6017499148204,218.72112314802646,41551200
2025-07-08,218.40521240234375,219.43183366586848,217.49704338314254,217.74382893387966,36339300
2025-07-09,220.77435302734375,220.81384715147405,218.27688439822424,219.70825267734543,32425200
2025-07-10,221.90957641601562,223.14350420406888,219.99451807894178,220.51770225606876,33865900
2025-07-11,218.84942626953125,220.66576433190576,218.72110802401878,220.3005265320247,31579600
2025-07-14,220.3202667236328,220.46833202637427,218.21764904913778,218.52366071653304,24632200
2025-07-15,216.00645446777344,221.34688210052425,215.97682634541624,221.18895080265176,44215400
2025-07-16,218.1781768798828,218.5236676180558,214.1210217680935,217.3884600942669,48199800
2025-07-17,221.0408935546875,221.31729218310883,217.87217532793028,218.23741314493085,43548000
2025-07-18,219.4713134765625,222.4623529514328,219.1258077030243,222.39324577168767,49009900
2025-07-21,218.5828857421875,221.52458028439332,218.40520737978818,220.66575634501376,28191400
2025-07-22,220.3992462158203,220.93229638354478,217.8228044361967,218.77045252606123,30873300
2025-07-23,223.765380859375,223.79500898219322,221.1889542443226,221.92931087511076,37478100
2025-07-24,220.67564392089844,222.94607401500662,220.6065367361959,222.62031527839767,29446700
2025-07-25,221.49497985839844,221.7121523554483,219.67862669556362,221.5344589203188,24555500
2025-07-28,221.23831176757812,222.5413467412238,220.5571812188629,222.4228944936542,24934900
2025-07-29,219.82669067382812,222.78811716263067,219.2047862911495,222.70914398208467,28685900
2025-07-30,218.7112274169922,222.0378918717272,217.28974021301198,220.7842320998958,48924400
2025-07-31,216.56912231445312,219.1653110684438,216.06568522507837,217.62537167732643,42913900
2025-08-01,212.15660095214844,213.7755135663106,209.6097722550041,213.4398888315367,63854100
2025-08-04,216.90476989746094,216.91465096036467,213.30170658504102,213.7656646636392,34989600
2025-08-05,218.01036071777344,218.41507757187247,215.43391897536458,217.72408104495324,31337100
2025-08-06,217.7240753173828,218.1485542844203,216.55925478301776,218.10906016243837,23142100
2025-08-07,217.01333618164062,219.97476276183528,215.70043525690966,219.89578957885206,37088000
2025-08-08,217.48716735839844,218.7210950552051,216.91462309956887,218.22752397648242,28318100
2025-08-11,217.43780517578125,218.82966415700707,216.98371316012177,217.9313762498228,25212800
2025-08-12,223.8937225341797,224.06153490258876,218.30649400321786,218.99750560120134,43815500
2025-08-13,228.24703979492188,228.4839593652878,224.900628059307,225.32509201079225,41705800
2025-08-14,225.3053436279297,225.85814085599296,223.2619520214157,225.5027690575816,55945500
2025-08-15,224.20960998535156,225.83838857054926,223.13361355283638,225.70018926673004,33571400
2025-08-18,225.02894592285156,225.5225170302724,224.0220566461865,224.28858926172032,20144100
2025-08-19,223.3014373779297,226.03581034957455,222.78811923091212,225.0881622994128,25000700
2025-08-20,222.51173400878906,223.46926317831446,220.81384816566745,223.02503712408065,29229700
2025-08-21,223.0645294189453,223.4100352221613,220.90268553975935,221.5245899605101,24539400
2025-08-22,231.8105926513672,232.39300290424006,224.25894617415028,224.4465055924706,58205500
2025-08-25,229.37237548828125,231.28743387728778,229.37237548828125,231.12948750111096,28453700
2025-08-26,231.26768493652344,231.85009524852592,229.59941212536773,229.836331687709,25121500
2025-08-27,232.9063262939453,233.0840046547245,230.5569231063482,230.73461652972154,25395400
2025-08-28,233.1827392578125,233.9230959318435,232.32393033596696,233.9132299320573,25011200
2025-08-29,232.146240234375,233.97245941490698,231.35652342488564,233.696060790975,29254800
2025-09-02,230.89256286621094,231.3861339839776,228.49381446391058,229.00713264391456,33108600
2025-09-03,230.66551208496094,232.2350645408461,229.47107847863109,230.2706612368143,33252400
2025-09-04,233.5479736328125,233.6269468177271,230.57668098055066,231.21831739691385,30323800
2025-09-05,234.71279907226562,236.5982291781808,231.92905090984723,234.66343895101676,47542500
2025-09-08,235.18663024902344,235.49264192243828,233.35054514593966,235.4432817996887,31487700
2025-09-09,233.8046417236328,234.90037019451506,232.39302051110036,234.84112900850943,35395800
2025-09-10,233.3900146484375,235.20636767811112,232.43250060676365,234.25870457295122,33910200
2025-09-11,237.703857421875,237.8321756721391,233.20249116035097,233.80464853689844,43629800
2025-09-12,235.2754669189453,237.23001930826635,235.1372676142797,237.11155200241402,46097600
2025-09-15,236.2725067138672,236.9536222228716,235.48278989081513,236.15403939972225,33014000
2025-09-16,235.88343811035156,236.52689453069294,234.37872166093356,236.05172648020516,37059300
2025-09-17,236.4873046875,241.82309283761904,234.6361175043934,236.41801658441796,79955600
2025-09-18,242.37747192382812,242.68435162354362,237.71485209561504,238.37811163168547,49167700
2025-09-19,240.53614807128906,243.10010981250122,240.07087403554704,243.10010981250122,56092000
2025-09-22,241.93199157714844,242.32796244435596,238.68498212902156,239.80362173159733,53572900
2025-09-23,241.38751220703125,244.69391566377513,240.99154135310883,242.54574281534022,41854500
2025-09-24,239.17005920410156,242.1497800079807,239.13045305420133,241.44691434779455,36002200
2025-09-25,236.88327026367188,237.57624191095582,235.16078044583506,236.57639058832484,37209500
2025-09-26,238.91265869140625,239.24923543070918,236.92288020930596,237.20995681510672,28942800
2025-09-29,239.18983459472656,240.48665648733345,238.38798381259986,240.3975653127237,26391500
2025-09-30,239.5264434814453,239.69473185835042,236.9921785269078,238.68498649159912,33447700
2025-10-01,240.05108642578125,240.59554254451717,238.1305961656523,238.15039923888673,28520000
2025-10-02,241.56570434570312,241.63499244621988,239.04134866790474,240.55595905351987,28687400
2025-10-03,243.3574981689453,245.5947621520336,242.56554137053507,242.882330132027,34579600
2025-10-06,244.32763671875,245.9808384122761,243.59508914390196,245.238381747831,31507400
2025-10-07,241.7042999267578,245.14929467797418,240.74405474957226,244.87211206036596,31766600
2025-10-08,244.23855590820312,244.47614748882245,241.3479263179421,242.8130366351275,25825000
2025-10-09,242.66453552246094,244.7632081458639,241.55578999048652,243.83266006407,26243100
2025-10-10,235.39834594726562,244.40682588906023,235.17066347379634,243.27829240034765,70569400
2025-10-13,241.95176696777344,242.16955545141414,238.97203139856143,239.39771438215683,36298600
2025-10-14,245.40667724609375,247.0895911520116,237.94251934224013,238.8037642643294,45320800
2025-10-15,247.81224060058594,250.22770206206854,244.57512527439772,247.84193765910257,45369000
2025-10-16,242.59524536132812,248.73288429009156,241.54590899320883,248.44580768394042,52740400
2025-10-17,240.96185302734375,242.69425201035025,239.04136259504526,240.8727618477803,55379500
2025-10-20,245.66404724121094,245.832335593848,243.6643598713922,244.1395278732685,32545000
2025-10-21,244.50584411621094,245.87195416272777,243.04071869629414,244.94140602192985,26337900
2025-10-22,240.89254760742188,244.37714861647552,238.3484038361999,243.55549472229217,46578400
2025-10-23,243.9415740966797,244.6345306695468,241.22912681966227,241.83299221287228,28591000
2025-10-24,246.92127990722656,248.58439068636054,246.4659149464381,247.2875687990915,26627000
2025-10-27,247.78253173828125,249.67332493547104,246.99057496981922,249.24764194147863,31798100
2025-10-28,246.4560089111328,248.37648402951635,245.61455202579728,247.04007116525955,28075900
2025-10-29,244.35733032226562,248.61408482596775,242.2289606230742,246.33721473279505,56235300
2025-10-30,242.38735961914062,245.64426289017135,242.16957112140756,242.8031335406348,44538700
2025-10-31,243.7534637451172,244.30782896042214,241.23901720274992,242.525945084176,37214700
2025-11-03,242.971435546875,243.7831803614639,240.0511088428186,243.69408918156762,28887900
2025-11-04,238.77406311035156,241.6052984953929,238.5760776852037,239.3581254013996,34468700
2025-11-05,242.2190704345703,243.2585128522724,239.20965254207377,239.52644132303155,38229200
2025-11-06,237.9326171875,242.32794792938515,237.58613137045697,241.8032797643676,40601200
2025-11-07,239.17994689941406,239.22944703282755,233.8936589257654,236.01213473011074,54978900
2025-11-10,241.57559204101562,242.77342874034878,239.81349614669145,242.54573116023116,31238000
2025-11-11,241.78350830078125,242.27847944159126,240.08080636796925,240.92224824415396,27357900
2025-11-12,241.18951416015625,243.90196119409134,240.88263449862546,242.37744176508673,34543200
2025-11-13,234.40841674804688,240.23917594700544,233.46797463956707,239.40762808931717,65710000
2025-11-14,235.0914764404297,236.32890422734818,230.9238281130673,230.99311621436848,58344400
2025-11-17,230.4189453125,235.44785359451498,229.42900309411877,234.08174360476613,55765900
2025-11-18,231.12181091308594,232.71561848874902,228.63706138308774,228.9835320962983,63092500
2025-11-19,231.08221435546875,233.99264701488394,230.09227209609327,231.44850326305536,57280500
2025-11-20,226.8056640625,236.6951923407463,226.5977695486449,234.85389919569107,95483000
2025-11-21,233.2303924560547,234.72519976637832,227.2709360779581,227.64711895426345,99504100
2025-11-24,237.4871368408203,237.97221397532837,233.11159396174287,233.5867771117866,36135300
2025-11-25,242.66453552246094,243.08030943245666,237.6257182609727,238.3186898829514,46160800
2025-11-26,244.81271362304688,246.32732400872175,242.30816101900572,242.58534363172274,34636600
2025-11-28,246.24813842773438,246.3075325467853,244.58504267302737,245.51557571369236,18911800
2025-12-01,243.1496124267578,245.19880015011154,242.87242980311385,243.10012739814434,36920000
2025-12-02,242.7041473388672,244.88201733706853,242.65464720372887,244.88201733706853,31918500
2025-12-03,247.11927795410156,247.3271573585818,243.01100873207628,243.4960858513957,32846300
2025-12-04,249.28724670410156,250.11879450897743,246.04022246089875,246.46590545252832,40245800
2025-12-05,248.24781799316406,250.11880820927803,247.76274086109015,248.96057760933317,36956600
2025-12-08,248.3468017578125,250.22770105309212,247.66373920404524,250.15839784661966,29100000
2025-12-09,248.861572265625,250.40587970070493,247.58455345748408,247.7330387472728,30170100
2025-12-10,252.24716186523438,253.98946975145424,248.02010457077708,248.37648435611126,51105200
2025-12-11,255.2071075439453,255.4150171742798,251.76212774645853,252.07890142109855,41345200
2025-12-12,251.2968292236328,255.6030837622723,250.89094930328272,255.35559821649576,57657700
2025-12-15,249.39613342285156,253.1183257954995,249.20805709163997,252.97973449047447,43120100
2025-12-16,248.2161407470703,250.46092232280134,246.79578351638534,248.65317840450373,43115300
2025-12-17,245.57406616210938,250.4609126635403,245.0376962737726,248.68296545809284,38132400
2025-12-18,247.03416442871094,249.66630230128294,246.53753349758617,248.49424542272237,39068000
2025-12-19,249.1001434326172,249.70603379347858,247.38180460170489,247.600323430604,43610400
2025-12-22,251.87136840820312,253.40098515052074,250.50066206017036,250.58012483530013,40497300
2025-12-23,250.3814697265625,251.51378772320732,249.76565217841468,250.7191751461291,24973500
2025-12-24,251.00721740722656,251.1562006274567,249.4279194929193,250.27219815681957,12103000
2025-12-26,249.72592163085938,251.0469618641334,248.7127901820374,250.8781091486589,17429900
2025-12-29,248.19630432128906,249.80538385245455,247.6698766930442,248.57373356140485,25218800
2025-12-30,246.35874938964844,248.46445978094354,246.27928661843322,248.2856799126897,22123600
2025-12-31,244.50135803222656,246.6070684541582,244.35235965053997,246.50773619970047,35352000
2026-01-02,247.10369873046875,247.4116075000716,244.20337574882626,245.9614535872374,40007700
2026-01-05,251.02708435058594,251.84156641138046,247.88838815750591,248.10689183950208,37428100
2026-01-06,254.35450744628906,254.5233753154633,249.82525052404492,250.5404003422873,40677800
2026-01-07,253.75856018066406,255.06965808098875,252.25874008381373,254.67235936112664,33052000
2026-01-08,256.5297546386719,257.1853111675126,252.64611190660548,252.98381733444174,37957000
2026-01-09,258.4765625,259.79758752731107,256.3509674238163,257.8309179970807,36301500
2026-01-12,259.73797607421875,259.8969016090591,256.4999327147326,257.53293353522173,28423400
2026-01-13,259.5890197753906,261.1186516838883,258.70500207966455,260.64187502992877,33882400
2026-01-14,261.4165954589844,261.68476525309023,258.4368098322429,259.3704784202443,37164300
2026-01-15,263.7209777832031,265.2505792904843,261.95297280688055,262.2807358978843,33465200
2026-01-16,263.96929931640625,265.41945324191516,262.9263561062939,264.0785435785984,33844900
2026-01-20,260.8106994628906,263.2938542423878,259.3009522692576,259.3804301968924,47911500
2026-01-21,265.985595703125,266.7801930476048,261.1484154089277,262.8568269803104,59952800
2026-01-22,267.9721374511719,269.7699390716756,267.60463539676306,268.01184610271224,35110800
2026-01-23,263.02569580078125,267.2371167889116,262.67804805424424,267.22720478149006,42636700
2026-01-26,262.2012939453125,264.89302527545107,261.7145749898049,263.28394580642396,32119300
2026-01-27,262.94622802734375,263.07532660952296,260.8901686638271,262.27078691283333,26975500
2026-01-28,261.5258483886719,264.88307848938285,260.79084427619006,264.18781334058724,37139100
2026-01-29,261.59539794921875,263.2740130891025,257.66208906904154,262.29069344704556,43922900
2026-01-30,257.90045166015625,261.20803083094233,256.2019822630205,259.31089692487745,59164200
2026-02-02,260.41339111328125,261.9926738571016,256.6092114692784,256.7383403629402,42896200
2026-02-03,261.0093688964844,263.27400488565206,256.80786001797196,261.2874810245594,54588000
2026-02-04,258.76458740234375,262.8667640280865,255.40738753694507,262.38007538162503,48826500
2026-02-05,254.106201171875,259.8571810734483,253.33145807955887,256.75820870418386,48279600
2026-02-06,263.2342834472656,263.92957896972035,257.830935760382,257.9898613172845,43354900
2026-02-09,265.0817565917969,265.86644202711966,261.5656007679467,263.05549370714346,29064800
2026-02-10,264.3665771484375,266.710660560403,264.0884650434256,265.42937460085477,24661700
2026-02-11,263.1647644042969,267.14772419089155,260.3339617991759,266.66103553775446,41829400
2026-02-12,257.7912292480469,265.6578473524357,256.6489840047624,265.2208096453084,47628200
2026-02-13,261.18817138671875,263.3833022679166,256.7681736002068,258.8440875773787,45360300
2026-02-17,261.26763916015625,262.57872193393234,257.31444557572155,260.6120826172932,33734800
2026-02-18,262.2112121582031,265.11155038589385,260.08564735003074,261.2576891747216,36034700
2026-02-19,262.8171081542969,262.856847118149,259.3208068220594,260.8007876840591,31006000
2026-02-20,262.8270568847656,265.528730877191,260.3737287171553,261.078936286339,47126600
2026-02-23,258.7347717285156,262.5886325880318,256.3608916497598,261.6251673731528,44001100
2026-02-24,261.5556335449219,262.36020354247574,258.10901366126654,258.6453835556536,34884200
2026-02-25,262.7972106933594,263.4925061230795,260.661703747714,263.4627094796313,26012100
2026-02-26,264.1977233886719,264.4460388639609,260.35380468110964,263.22434612518543,41206500
2026-02-27,259.64862060546875,260.98953035519617,258.0196563911154,260.33397380395274,40631500
2026-03-02,262.0324401855469,262.4992745280311,256.05301398585453,256.07286831312723,53495700
2026-03-03,257.4931945800781,259.36053172456684,251.60315903215627,255.06963321960723,59537000
2026-03-04,259.9962463378906,261.1881424384881,257.07605390790764,259.4400220952222,37979700
2026-03-05,255.02993774414062,259.00298538465034,252.44745071541973,257.2448924040781,60414600
2026-03-06,249.19949340820312,251.59325837759454,248.25589757410364,249.79545664867373,64192000
2026-03-09,251.9110870361328,252.93414561642604,242.7432836222542,245.9217187821931,65369500
2026-03-10,251.65283203125,255.9139188533593,250.69929395210687,251.2555333392583,55879100
2026-03-11,251.14630126953125,252.66599090801992,248.89159229926057,250.6397279527182,50418100
2026-03-12,245.74295043945312,248.1267731322664,244.91854117622833,247.26264005841722,61802900
2026-03-13,244.92845153808594,248.92136867281502,243.8855234980331,247.580459027608,53933300
2026-03-16,247.24276733398438,249.77558838437983,246.63687692707387,248.0771037499341,48755700
2026-03-17,248.80694580078125,250.45869719508957,247.72236809050435,248.62783272790088,40642800
2026-03-18,244.79698181152344,247.9910156551033,244.65767839128839,247.17509996027923,43192600
2026-03-19,246.3989715576172,248.84673375371543,241.3143740927612,241.82183328391972,59219500
2026-03-20,241.01588439941406,246.2696354067908,239.13528051817053,245.7422713415646,76749900
2026-03-23,246.21986389160156,250.1104299913118,244.88652899566424,245.94125705313508,78746600
2026-03-24,247.5432586669922,248.9164032418936,243.38404565451444,244.28951030525963,45210800
2026-03-25,250.5681610107422,251.81194701722964,248.27959172221838,250.48855688437484,45671700
2026-03-26,246.20993041992188,250.60795592466985,245.93132356861184,247.65271915340625,46830200
2026-03-27,241.89151000976562,245.51341427422608,241.20493770095575,244.78703231053564,48114400
2026-03-30,238.41883850097656,244.1501986136333,237.50341387636058,244.13030897042023,51290500
2026-03-31,246.7671356201172,247.6825602690139,241.03577535544173,241.8317862272238,58660800
2026-04-01,248.3193817138672,251.18506947965187,247.8716217961969,248.67759268459025,51295900
2026-04-02,250.040771484375,251.11540437170197,243.6526886399319,243.72234794123676,30369200
2026-04-06,251.10546875,251.79204105174713,249.0059573732221,249.74228415159075,22151400
2026-04-07,251.65272521972656,252.2198837130325,248.27957835900375,249.96117937853506,34881900
2026-04-08,259.1751403808594,260.9661799890299,257.1253835799586,260.2199084246476,46680200
2026-04-09,260.65771484375,261.593044269299,257.4935308037183,257.4935308037183,26758400
2026-04-10,260.0010070800781,261.4438109519453,259.0457879573496,261.0955448070944,22365900
2026-04-13,263.75225830078125,264.04079475325125,258.72734527002154,258.94625279326465,23820000
2026-04-14,267.3841552734375,268.0806876186589,264.95628243666755,265.76225338037955,24270400
2026-04-15,268.05084228515625,268.24982983994545,266.25977209682554,267.4438588832516,21670600
2026-04-16,268.6080322265625,269.00603766675084,266.71745324539785,268.11051783485993,30847900
2026-04-17,274.4090270996094,276.2498363578629,271.7622469841849,272.37915994983507,46462700
2026-04-20,275.97125244140625,276.28966895523934,273.16526384925845,273.2846624504783,22993900
2026-04-21,273.1453857421875,278.3991369788753,272.3991140871701,276.7971247025181,32235200
2026-04-22,275.1055603027344,276.6279530787596,273.53339786958526,276.2100276419104,20274300
2026-04-23,274.15032958984375,276.48865339031755,270.5980997800492,275.3543363256244,32886600
2026-04-24,275.2746887207031,276.7473421548367,272.86673622838555,275.2946087292148,21568600
2026-04-27,275.7622985839844,276.85680598072094,274.87670836873565,275.44388207743185,23399400
2026-04-28,272.54833984375,275.5931255155777,271.5632710575319,274.67768566668383,24139400
2026-04-29,270.7274169921875,273.01600140478524,269.01596627664327,272.5582966686131,29428900
2026-04-30,276.5881652832031,276.83692249087716,271.08565706408905,271.77222938653887,29220700
2026-05-01,277.8916320800781,278.4189961105243,275.1951126312584,277.2747191047488,28936700
2026-05-04,276.4986267089844,279.39416435888,274.7274765385113,277.31455766858477,28632300
2026-05-05,281.15533447265625,281.54341027913324,278.60806318141005,278.737421783569,24863200
2026-05-06,285.3742370605469,285.6229942512781,281.95133568681536,283.9413932126654,23330300
2026-05-07,280.8568420410156,286.15037223994534,279.752344270038,286.1006329457199,28350400
2026-05-08,282.7573547363281,283.5533656504731,281.20508183176656,282.6279961304588,22474300
2026-05-11,283.9115295410156,285.62298014334675,283.1752180098979,283.5035944903296,20150400
2026-05-12,281.165283203125,282.64786633424006,276.89660133239556,282.6279766908089,27404600
2026-05-13,281.2648010253906,282.150360856964,278.5384014959246,281.51355822253254,20742300
2026-05-14,283.03594970703125,284.2399260330234,280.5583073865018,282.42896635864275,17428700
2026-05-15,276.219970703125,278.936379595483,275.8617445841039,278.9065299493867,35408000
2026-05-18,274.59808349609375,277.692608312061,272.5781763618812,277.3543021832518,27243300
2026-05-19,271.6428527832031,273.71249925295035,269.28463946922847,272.4488236534003,30276900
2026-05-20,278.47869873046875,278.6976062758627,272.0508213388004,273.5433645030678,31562000
2026-05-21,281.0856628417969,282.2697494876582,275.7722129423388,277.27471607710874,31680500
2026-05-22,283.7026062011719,285.1851893940228,282.25983266270873,282.68768775830245,23849300
2026-05-26,289.0658264160156,289.1056057045913,286.3095772057551,286.95637021847483,24506500
2026-05-27,288.926513671875,290.2698086523605,287.87178555169993,289.7125949423009,24519900
2026-05-28,290.5782775878906,291.2847395780324,286.54842283991235,288.2001743960594,23710600
2026-05-29,288.9862060546875,289.961345206886,286.89663950904446,289.93149555762835,26952800
2026-06-01,287.5434265136719,289.1652979106216,284.8468766682856,286.93644317028514,23826100
2026-06-02,290.2100830078125,290.4190305386496,286.9662796312468,287.0259789257717,18378800
2026-06-03,286.23992919921875,288.56829279229277,285.3543390505639,288.54837278346275,29167300
2026-06-04,290.558349609375,291.4240197472621,285.23493982254865,286.1304596077468,24307800
2026-06-05,280.2498474121094,287.96132039102275,278.75730425490036,287.66282390592824,35812800
2026-06-08,282.6976013183594,285.41404071577347,282.17023729972595,284.0906658498747,27277400
2026-06-09,283.60308837890625,289.4240127419091,276.2398815726378,285.75235416059354,41761300
2026-06-10,280.6478576660156,287.56331989283086,280.35932118075976,283.1752392913924,39285000
2026-06-11,288.96630859375,289.61307122074993,282.65782983903836,283.02598562521365,41468800
2026-06-12,291.4936828613281,294.24990155201044,288.86679240010824,290.1802376307182,34415200
2026-06-15,293.87249755859375,297.1339684744961,293.15437189183484,295.78747904456293,23889000
2026-06-16,291.3191223144531,296.02682799834867,290.82042480742217,294.73022665530027,23807700
2026-06-17,289.1248779296875,295.049406879064,288.1773404701768,291.7081274205715,39920100
2026-06-18,294.82000732421875,295.19902232378575,290.6608868961079,293.7827079208904,32463200
2026-06-22,297.40325927734375,298.70984440424985,295.3885321624241,296.35600661284366,22796200
2026-06-23,294.55072021484375,296.9743829366937,291.63831320940875,292.4960887998497,26821700
2026-06-24,295.9171447753906,298.909329975502,293.9223546419831,295.1092572064071,28664900
2026-06-25,298.13134765625,300.7145970931372,295.9570338281785,298.73974400526436,27599900
2026-06-26,299.0489501953125,299.2484413843785,294.9596547621971,295.8273836022785,39832500
2026-06-29,298.1911926269531,298.3807001172486,293.91235943577374,297.33341707539256,24834100
2026-06-30,299.6673583984375,300.19597656350135,296.66518952318114,297.7822671219514,23230300
2026-07-01,298.540283203125,301.9314201666019,298.1413312847301,299.1486795520131,20607900
2026-07-02,296.8048095703125,301.44272096553317,294.2116067559685,299.7571208733605,21178900
2026-07-06,298.1213684082031,299.62744464383456,296.84470398720293,296.9743702112084,18581300
2026-07-07,295.4184265136719,299.1885783837519,294.4110478267987,298.39067456160745,18057100
2026-07-08,292.71551513671875,294.33129027470113,289.9227906870725,293.2640702481783,24078400
2026-07-09,296.4656982421875,297.10404569161597,294.1317974516179,294.50082875415796,16466800
2026-07-10,295.21893310546875,297.4331511989585,292.8551118512188,296.9145167622966,15888500
2026-07-13,292.71551513671875,295.0095116149265,291.837802607918,294.2913859493697,19375500
2026-07-14,293.7428283691406,295.2987622250899,292.9847983846232,294.7202560459324,18326900
2026-07-15,294.99951171875,296.36596845307184,293.3837366695276,294.48087727025893,18832700
2026-07-16,294.82000732421875,297.0342256139314,293.58324716822716,293.8824535162631,24081300
2026-07-17,293.2740478515625,295.3585998451545,290.88030582875376,291.2692740688956,28738500
2026-07-20,291.5485534667969,295.21896005690115,291.4188872362739,294.24153235864907,20539900
2026-07-21,295.7675476074219,295.9769920530187,291.9175867439841,292.6656330591981,18190200
2026-07-22,293.0246887207031,295.66777941148257,292.6456737465385,294.9297168437389,19116000
2026-07-23,291.3291015625,292.24671835420014,289.4141202100263,290.11227844637574,27795100
2026-07-24,290.4115295410156,293.20422350039564,289.72332452279676,292.64568470851964,19771000
2026-07-27,292.14697265625,294.75015899199474,290.3516433961449,293.21419260975875,19445500
2026-07-28,292.60577392578125,293.00472584859,289.623572538041,292.3963294929708,20531100
2026-07-29,287.81829833984375,292.90501920819605,287.50910830782595,291.7280699102995,33297400
2026-07-30,291.82781982421875,292.07716859167215,288.20727085070195,290.3915684886405,22198800
2026-07-31,290.4414367675781,293.18427302317207,287.0801900427359,292.7952743621004,28350700
2026-08-03,295.4483642578125,295.8872205168335,291.6383078445307,292.1370053717744,23175700
2026-08-04,300.9240417480469,301.60229349185295,296.44574786649156,296.81477915231056,20751800
2026-08-05,298.9891052246094,302.2705434842033,298.96916828118236,301.64217972831494,17791000
2026-08-06,297.47308349609375,300.5949349758861,297.1738771464354,298.81957294572106,16314100
2026-08-07,300.7744445800781,301.2432214644574,299.0190195767717,299.67730395301163,18416800
2026-08-10,299.1985778808594,300.6049085531026,298.3008979859219,299.72719603952544,16226900
2026-08-11,300.2059326171875,301.20332768797846,299.8169643673817,300.1460913479866,14942800
2026-08-12,301.92144775390625,302.61963646573685,300.2159107371652,302.2306377850674,15480600
2026-08-13,302.7093811035156,304.2553311711518,301.9314142246278,303.24798292369326,14719300
2026-08-14,304.2952575683594,304.38501947188735,301.95137307152214,302.489974930772,13163400
2026-08-17,303.2679443359375,303.53723004871455,302.44011981571623,303.16819874073343,14546800
2026-08-18,299.44793701171875,302.3603136115237,299.32822403365566,301.6621553156088,18263700
2026-08-19,300.93402099609375,302.6196209832606,300.4453071856645,302.0910028501188,14995700
2026-08-20,296.89459228515625,299.2584136386498,296.2662285455024,298.49039998437024,21638700
2026-08-21,299.1786193847656,299.5476506939155,297.3933041087117,299.06892053635124,22949600
2026-08-24,297.19378662109375,298.9591647970708,296.6252641712084,298.76965731377567,12868900
2026-08-25,298.4505310058594,298.9990861067238,297.1938035058877,298.81956230332247,14618000
2026-08-26,298.15130615234375,299.1686686217997,297.35340225770756,297.86208349243554,10555700
2026-08-27,299.02899169921875,299.53767288801663,297.36335909908723,297.9916923793861,13658700
2026-08-28,294.9795837402344,299.6075113464717,294.8998055296115,298.91930633228486,19052800
2026-08-31,293.164306640625,294.5806209410895,291.9474835164783,294.3212884994923,20883400
2026-09-01,289.8130798339844,292.17690117407614,289.21463673113163,291.2194104723601,22801600
2026-09-02,293.2441101074219,293.58322075070913,290.4314489366469,290.7805432699978,22395200
2026-09-03,294.4210510253906,295.40846239738454,292.6656259746621,295.01949415069186,16651200
2026-09-04,295.2389221191406,295.4084622343987,292.7952920413761,292.9349419603715,13951100
2026-09-08,293.90240478515625,295.328672362737,293.4934691732053,294.57064240516155,17332400
2026-09-09,289.8829040527344,293.39372357547353,289.55374664986726,292.6955348842431,19141700
2026-09-10,286.9505615234375,289.07498736355427,286.43189662888074,287.728528427192,27044700
2026-09-11,288.1374816894531,290.6808269895633,288.0177687108594,289.9527176173436,26353300
2026-09-14,287.1600036621094,289.0849687442384,286.3122118080798,286.7410843612438,26060900
2026-09-15,285.1400146484375,286.92999267578125,284.0799865722656,286.6199951171875,25300500
2026-09-16,283.9200134277344,287.0400085449219,281.0299987792969,285.6300048828125,27599400
2026-09-17,285.42999267578125,288.2900085449219,285.2099914550781,287.95001220703125,22159600
2026-09-18,284.1000061035156,285.2699890136719,282.5400085449219,284.9200134277344,31106300
2026-09-21,285.5799865722656,286.45001220703125,284.8999938964844,286.2699890136719,18968200
2026-09-22,287.2099914550781,288.94000244140625,286.04998779296875,287.67999267578125,25684300
2026-09-23,281.9200134277344,286.17999267578125,281.8399963378906,285.989990234375,24351400
