Date,Close,High,Low,Open,Volume
2015-01-02,29.215932846069336,29.396194000838356,28.980208551585807,29.299128878018177,9921100.0
2015-01-05,29.215932846069336,29.79137845853807,29.174336152471998,29.597250857651876,26292600.0
2015-01-06,29.43778419494629,29.770570894020743,29.28525861084149,29.403119409684,16897500.0
2015-01-07,29.80524444580078,29.888440476468812,29.52098891666039,29.67351453209276,13412300.0
2015-01-08,30.165767669677734,30.20736701595173,29.88151208202546,29.93697787705745,21743600.0
2015-01-09,29.832971572875977,30.200425739009606,29.77750843981575,30.138028061345697,12733500.0
2015-01-12,29.56258201599121,29.95083451983628,29.437786662782216,29.860703954795607,11415800.0
2015-01-13,29.555660247802734,29.978577684790267,29.430864851814455,29.69432209276246,12529500.0
2015-01-14,29.507125854492188,29.534856104725414,29.167404502779405,29.174339048903537,13447600.0
2015-01-15,29.38232421875,29.71511095351604,29.236727873427338,29.694312609078747,11193100.0
2015-01-16,29.486312866210938,29.527912191770348,29.28525607122386,29.368452077589318,15114900.0
2015-01-20,29.923093795776367,30.040957218389654,29.54177593626866,29.604173596533784,17047300.0
2015-01-21,30.06175994873047,30.110291175498666,29.645774604605723,29.735905159212443,10720600.0
2015-01-22,30.35295867919922,30.38762612109409,29.86071168344419,30.068703111040943,14709100.0
2015-01-23,30.027103424072266,30.33215731120486,29.9369728446735,30.228160285379037,12357700.0
2015-01-26,29.812179565429688,29.97163974340913,29.694318729653133,29.936974947283932,11151900.0
2015-01-27,29.389257431030273,29.562584028424652,29.222865378593905,29.493254447368496,15274000.0
2015-01-28,29.063398361206055,29.67350863596906,29.04953456281123,29.527914950040927,14278500.0
2015-01-29,29.188194274902344,29.222861705827363,28.75141320858658,28.95940457036842,13657900.0
2015-01-30,28.543420791625977,29.07033509188757,28.501824103805298,29.0010055156839,19193700.0
2015-02-02,28.834611892700195,28.862344782105147,28.356231451857337,28.571154732860958,15197500.0
2015-02-03,28.86233901977539,29.014864591543283,28.682077919386007,28.945535026626363,13193100.0
2015-02-04,28.897005081176758,29.181260541522285,28.855405753533454,28.95940275026497,16400000.0
2015-02-05,28.9732723236084,28.994070667300736,28.779144751716082,28.980204223254585,11078500.0
2015-02-06,28.737550735473633,28.952474026281532,28.647420163172953,28.86234609873487,12366400.0
2015-02-09,28.585012435913086,28.73754063624141,28.453285218654226,28.689009417001138,13371100.0
2015-02-10,29.396183013916016,29.832964001964697,29.2575212493238,29.749768001110642,32184200.0
2015-02-11,29.37537956237793,29.458578200995838,28.910865731482932,29.188186592617075,20496300.0
2015-02-12,29.236730575561523,29.57645188637383,29.16740099119368,29.39619338016497,13818200.0
2015-02-13,29.1119384765625,29.278330540513,28.95247566854153,29.13273682336777,10792100.0
2015-02-17,28.98713493347168,29.035666158837,28.869271497046316,28.98713493347168,12804200.0
2015-02-18,28.931657791137695,28.980188997424637,28.751399402750813,28.94552422789859,9789800.0
2015-02-19,29.195125579833984,29.285256129682605,28.793006699550407,28.897003691279846,16578300.0
2015-02-20,29.098064422607422,29.195126875326782,28.869272088551664,29.146595648967104,15982400.0
2015-02-23,29.014862060546875,29.236719822632175,28.90393317950422,28.917799620228696,11830300.0
2015-02-24,29.20899772644043,29.347659527576866,28.959407013345622,29.014870146947867,12782700.0
2015-02-25,29.153535842895508,29.285265761713028,28.93861253493721,29.236731876790518,10323300.0
2015-02-26,29.43778419494629,29.50018186631985,29.09806559672081,29.146596825038735,14346500.0
2015-02-27,30.020160675048828,30.269751353023246,29.44471785172205,29.47938263593994,28312800.0
2015-03-02,29.95083999633789,30.02016958535142,29.867643960570796,30.02016958535142,13514600.0
2015-03-03,29.77750587463379,29.923099561722804,29.70124175908613,29.888434775952128,10036300.0
2015-03-04,29.465517044067383,29.79830374272407,29.444718701886835,29.756704413609388,16263000.0
2015-03-05,29.396183013916016,29.54177667659891,29.29218602928356,29.507111896639152,9223000.0
2015-03-06,28.78607940673828,29.25752792710399,28.654352154924307,29.202062150706244,18180500.0
2015-03-09,28.695941925048828,28.806870806350112,28.647410704776586,28.79300436559331,10123300.0
2015-03-10,28.21062660217285,28.52954944469862,28.20369470428784,28.494882021014245,14599100.0
2015-03-11,27.80158805847168,28.23837186990849,27.787724256620333,28.23837186990849,18549700.0
2015-03-12,28.360830307006836,28.36083030700684,27.976348296935555,28.03227164383909,17728700.0
2015-03-13,27.899450302124023,28.360829230028923,27.689733092476164,28.269950794725215,17438400.0
2015-03-16,28.165096282958984,28.207038128978756,27.955379052762343,27.96236847153255,15238800.0
2015-03-17,28.31887435913086,28.472668167723427,28.18605413051784,28.430723674462357,21661800.0
2015-03-18,28.38180160522461,28.51462455594314,27.822554795275686,28.297915250407055,26247500.0
2015-03-19,27.976350784301758,28.325880400297482,27.934406270370506,28.29791739100998,16057600.0
2015-03-20,28.416751861572266,28.42374127882629,27.96935182305259,28.011296326672817,31608500.0
2015-03-23,28.395780563354492,28.619479267281253,28.311894216056686,28.40976206568728,17060500.0
2015-03-24,28.290925979614258,28.654437074653014,28.290925979614258,28.598511060016673,13485700.0
2015-03-25,28.276935577392578,28.451700318085116,28.130133835218437,28.37480340550867,22811300.0
2015-03-26,28.207029342651367,28.35383375808962,28.12314301004267,28.200039926058324,17359600.0
2015-03-27,28.018291473388672,28.297913527993767,27.941394541695104,28.297913527993767,14384400.0
2015-03-30,28.31887435913086,28.38878184789931,27.92041100659377,28.039252404151124,12561400.0
2015-03-31,28.34684944152832,28.591521756497357,28.207037071074463,28.318886434097713,16604800.0
2015-04-01,28.437726974487305,28.528605412386,28.123149817683426,28.51462390911704,14300700.0
2015-04-02,28.437726974487305,28.570547255493796,28.297914608496793,28.472679399310163,14343100.0
2015-04-06,28.780261993408203,29.087849705446608,28.374809100310557,28.500639952199204,19843400.0
2015-04-07,28.668413162231445,28.920074870561606,28.640452824293902,28.696376166867886,9773400.0
2015-04-08,28.584531784057617,28.724344164845423,28.47967449849129,28.64744722207716,8954700.0
2015-04-09,28.69637107849121,28.717344661599,28.402767581966405,28.521606330550703,12710900.0
2015-04-10,28.577539443969727,28.77327515704584,28.556565855640795,28.72434122877681,8720000.0
2015-04-13,28.45170021057129,28.64044644980979,28.451700210571286,28.64044644980979,9616300.0
2015-04-14,28.31887435913086,28.416744843406693,28.18605413051784,28.37480035014562,11209700.0
2015-04-15,28.24199867248535,28.528612897955483,28.186072644735187,28.374818988342316,11189100.0
2015-04-16,28.38180160522461,28.563558485144974,28.172084384831155,28.24898132120522,13121000.0
2015-04-17,28.172086715698242,28.423748467671718,28.0322743349686,28.29092817266321,15330300.0
2015-04-20,28.42374038696289,28.591515729480747,28.248975627410317,28.255965044445034,13023700.0
2015-04-21,28.507627487182617,28.654431915823352,28.339854806877025,28.43073056425144,19673100.0
2015-04-22,28.878137588500977,29.059891813928566,28.710362200899162,29.052902395015675,26887200.0
2015-04-23,28.626476287841797,28.94804289684667,28.605502697376703,28.82221202085357,17408800.0
2015-04-24,28.584531784057617,28.745315088618817,28.528608431762112,28.689391736323312,11623300.0
2015-04-27,28.542591094970703,28.766289846630716,28.507635998330507,28.661429890109066,10044600.0
2015-04-28,28.500640869140625,28.640453227592687,28.381799431111748,28.626471725077586,12174800.0
2015-04-29,28.304912567138672,28.486666813953484,28.24199712272208,28.423751369536888,11371400.0
2015-04-30,28.353851318359375,28.367832826903005,28.158112865448654,28.24200191671043,12700800.0
2015-05-01,28.59851837158203,28.61249987881566,28.31190414004219,28.367830168976713,10848300.0
2015-05-04,28.633455276489258,28.731323107344608,28.500635029856774,28.577531944585512,10204800.0
2015-05-05,28.486665725708008,28.759298418864944,28.437731789331096,28.759298418864944,11721300.0
2015-05-06,28.42374038696289,28.72433598672921,28.234994126642277,28.689383568158412,11906900.0
2015-05-07,28.45170021057129,28.598501952190688,28.31887730145995,28.332858800666315,13834700.0
2015-05-08,28.647449493408203,28.780269799002706,28.55657103868587,28.661430999265452,11144400.0
2015-05-11,28.619489669799805,28.934066919881726,28.577547814255464,28.647452684629283,10113500.0
2015-05-12,28.444717407226562,28.63346370804035,28.325878625250752,28.500643422296946,12384500.0
2015-05-13,28.69637107849121,28.91308032594887,28.465682997892923,28.486653914302288,13183700.0
2015-05-14,29.010950088500977,29.080854925649252,28.843174745967083,28.87113774750583,9961000.0
2015-05-15,29.024934768676758,29.1437735381862,28.962019341672082,28.976000843972997,8479000.0
2015-05-18,28.88512420654297,29.00396565013305,28.83619027879972,29.00396565013305,11511700.0
2015-05-19,28.878137588500977,28.934060939902032,28.752306714474443,28.822211570400597,9072000.0
2015-05-20,28.90609359741211,29.07386895986198,28.8781332592529,28.920075099841174,10965200.0
2015-05-21,28.822214126586914,28.88512956918003,28.710364747165773,28.843185051884767,9270900.0
2015-05-22,28.808223724365234,28.82919730988565,28.689384962110704,28.745308301201444,11909500.0
2015-05-26,28.654438018798828,28.787258307887754,28.479673217350605,28.745313795528453,15194300.0
2015-05-27,28.74532127380371,28.801247304832284,28.54259607807496,28.61949037068935,9863100.0
2015-05-28,28.759302139282227,28.87115153214152,28.577547875898325,28.801246661616915,9395200.0
2015-05-29,28.633455276489258,28.787249105946742,28.500635029856774,28.787249105946742,19628600.0
2015-06-01,28.619489669799805,28.948048427296463,28.577547814255464,28.913095992109554,12684100.0
2015-06-02,28.654438018798828,28.77327680376799,28.437728704991304,28.5495780712502,11878600.0
2015-06-03,28.570545196533203,28.80822540157872,28.50762976970648,28.73132847249063,8153800.0
2015-06-04,28.37481117248535,28.647443815921136,28.332866663226365,28.458697524304274,10145800.0
2015-06-05,28.03226089477539,28.325867020206793,28.01828206343406,28.297904024127977,15975600.0
2015-06-08,28.074209213256836,28.144114046278464,27.976341380347176,28.03226471342479,14339300.0
2015-06-09,28.10218048095703,28.255971692190506,28.03926504604813,28.081206891521248,10772700.0
2015-06-10,28.193050384521484,28.33985213261072,28.158095301615877,28.186058301260992,11979900.0
2015-06-11,28.26352882385254,28.36925382663618,28.214191206206443,28.270578591343988,11944900.0
2015-06-12,28.164859771728516,28.2776318780625,28.080281364152803,28.221247169245057,15568600.0
2015-06-15,27.904075622558594,28.094379061874708,27.88997877275379,28.07323513151709,11364800.0
2015-06-16,28.24945068359375,28.3058354120027,27.911131558339903,27.93227818410579,12517400.0
2015-06-17,28.383365631103516,28.418606421037303,28.200109221527917,28.249449553875138,13898400.0
2015-06-18,28.651195526123047,28.714630012528538,28.305829391537713,28.305829391537713,16314600.0
2015-06-19,28.474987030029297,28.651193626282694,28.474987030029297,28.608903075250137,23550600.0
2015-06-22,28.531375885009766,28.763969916408875,28.51727903261894,28.552519819246168,8775900.0
2015-06-23,28.46088409423828,28.559559336849766,28.41154647293254,28.496124868213997,11094900.0
2015-06-24,28.326955795288086,28.510212059815213,28.326955795288086,28.453824689592157,10385100.0
2015-06-25,28.207157135009766,28.432701402171585,28.207157135009766,28.390410843816337,10607600.0
2015-06-26,28.19305419921875,28.439742347982246,28.19305419921875,28.26353575923713,16215600.0
2015-06-29,27.770158767700195,28.178956645248945,27.7701587677002,28.052087689427136,15500800.0
2015-06-30,27.650325775146484,27.91816042849583,27.572794479016565,27.91816042849583,14621300.0
2015-07-01,27.840641021728516,27.911122581746895,27.68557836324908,27.756062611966627,11177400.0
2015-07-02,27.833589553833008,28.05913373677858,27.734911621182917,27.932264797784352,8975900.0
2015-07-06,27.784259796142578,27.91112878332403,27.6432966447852,27.713778220463887,10252600.0
2015-07-07,28.3692569732666,28.46088513992897,27.770155727571552,27.833590198537987,20335000.0
2015-07-08,28.094379425048828,28.35516442806094,28.080282575061794,28.18600760561495,11383700.0
2015-07-09,28.13666534423828,28.601853295604208,28.12257118392328,28.517272201520022,13392000.0
2015-07-10,28.467937469482422,28.559565653042604,28.305827722383206,28.383359055495724,13360400.0
2015-07-13,28.658241271972656,28.73577260604422,28.538422074734306,28.587759707561787,9854200.0
2015-07-14,29.01769256591797,29.081127029722513,28.78510132443364,28.827391863202838,19531000.0
2015-07-15,28.989501953125,29.151611654212434,28.96835533910592,29.003598799571545,11252100.0
2015-07-16,29.236188888549805,29.32076727518732,29.14456073461841,29.193898350881827,10483700.0
2015-07-17,29.074081420898438,29.123419040941037,28.933115639905868,29.116371961805797,9608300.0
2015-07-20,29.16571044921875,29.27848253962685,29.05293835881065,29.14456383378686,10024200.0
2015-07-21,29.031801223754883,29.26439524856853,28.968366734142034,29.16571997332623,13653800.0
2015-07-22,28.827388763427734,29.31371780783585,28.608891702996033,28.763954306444223,15528600.0
2015-07-23,28.785106658935547,28.911975610056192,28.531368756694256,28.890831681102416,13522200.0
2015-07-24,28.503185272216797,28.778069890607508,28.482041335686727,28.728729557537406,10912500.0
2015-07-27,28.573665618896484,28.601859322865796,28.305830808587206,28.390409231795548,10945700.0
2015-07-28,28.580717086791992,28.707586085424754,28.503185733327523,28.651201357532422,11021800.0
2015-07-29,28.608909606933594,28.69348803960948,28.53842802782034,28.5666190462457,8479900.0
2015-07-30,28.58776092529297,28.72167697885768,28.46793903425132,28.580711155331986,9095500.0
2015-07-31,28.954261779785156,29.052937018251836,28.73576468839565,28.813296001104785,15309500.0
2015-08-03,29.278484344482422,29.285531424261652,28.7851054102709,28.79215249005013,14672600.0
2015-08-04,29.49698829650879,29.511085149318582,29.137527960308145,29.257347176141774,17559900.0
2015-08-05,29.687286376953125,29.757770628182627,29.47583900066314,29.54632056319338,15329200.0
2015-08-06,29.54631805419922,29.778912030456425,29.50403019575175,29.602705450394552,11378900.0
2015-08-07,29.440589904785156,29.58155567873334,29.271430438307636,29.468783597314495,10886700.0
2015-08-10,29.377151489257812,29.595648543921154,29.30666995611384,29.52516432207904,9501900.0
2015-08-11,29.236188888549805,29.29962335070255,29.017691810312918,29.179804193690938,11254900.0
2015-08-12,29.081140518188477,29.081140518188477,28.792161757643914,28.98951500807173,9602200.0
2015-08-13,28.968358993530273,29.165712179979888,28.9049245208677,29.095227938855427,10270900.0
2015-08-14,29.074081420898438,29.074081420898434,28.869681172894143,28.904921945967626,9904800.0
2015-08-17,29.14456558227539,29.21504982344576,28.876733531924636,28.919021387927973,8272800.0
2015-08-18,29.109325408935547,29.2714351339366,29.0317940863918,29.095228560409506,11199400.0
2015-08-19,28.74281883239746,29.067041009665676,28.742818832397464,28.99655675865117,15796500.0
2015-08-20,28.580717086791992,28.771020584741137,28.489088879179437,28.559573149919867,14218000.0
2015-08-21,27.86178207397461,28.524320499985937,27.847685225687254,28.30582338458024,28036200.0
2015-08-24,27.051233291625977,27.445934286380393,25.768449681276387,26.776351473508047,44065300.0
2015-08-25,26.776351928710938,27.685575799012092,26.734061383397353,27.57985346877652,31363700.0
2015-08-26,27.29792022705078,27.368404464978777,26.705866071949426,27.312017074636383,23523300.0
2015-08-27,27.678537368774414,27.75606871506198,27.206302208977316,27.530524446970748,18871600.0
2015-08-28,27.80539321899414,27.819490065177252,27.523461672728896,27.56575221127823,14503900.0
2015-08-31,27.71376609802246,27.805394257284956,27.530512468196054,27.59394693403954,12673300.0
2015-09-01,27.312026977539062,27.509377537896075,27.164014057271302,27.255639566751494,23703200.0
2015-09-02,27.417747497558594,27.537566692632126,27.178106418712247,27.50937299189743,14054800.0
2015-09-03,27.60098648071289,27.72785537777723,27.37544237230914,27.417732900896542,13311600.0
2015-09-04,27.1499080657959,27.340211480097363,27.051232818831913,27.262680160711714,15450500.0
2015-09-08,27.417747497558594,27.50937299189743,27.206297430747657,27.396600877657928,15273900.0
2015-09-09,26.994842529296875,27.636234254412205,26.924360985802306,27.572799789787677,13764600.0
2015-09-10,27.07943344116211,27.2415459058202,26.959614224075448,27.001904782947094,14952500.0
2015-09-11,27.107866287231445,27.15052051619447,26.901695140599518,27.022552405319008,11802300.0
2015-09-14,27.086545944213867,27.171859855996143,26.908812695992008,27.171859855996143,8950000.0
2015-09-15,27.370908737182617,27.463330746822056,26.958566472632057,27.0652074616001,13019800.0
2015-09-16,27.83302879333496,27.861464052994343,27.34959412320032,27.491778557479954,22233400.0
2015-09-17,27.996538162231445,28.160052402629187,27.75482086947092,27.833023921833703,21232500.0
2015-09-18,27.712154388427734,27.939652619606775,27.520202247371767,27.626843229733808,27527300.0
2015-09-21,27.861461639404297,27.946775546974578,27.683728399957232,27.761931459232983,12935800.0
2015-09-22,27.57708168029785,27.719268770927577,27.427786455533575,27.498878644851846,15021300.0
2015-09-23,27.555755615234375,27.64106950845336,27.40646037009148,27.5770854445359,8910800.0
2015-09-24,27.83302879333496,27.86857490190487,27.378029382859697,27.385140231770226,19385700.0
2015-09-25,28.167165756225586,28.494197009596878,27.96099723961485,28.032089457481412,22511300.0
2015-09-28,28.103164672851562,28.309335776722456,27.960980323140383,28.096056540163055,19323100.0
2015-09-29,28.19559669494629,28.231142795012804,27.960990264912393,28.0960665299626,14166900.0
2015-09-30,28.52263069152832,28.600833754051504,28.295132352548574,28.35200829329057,19752600.0
2015-10-01,28.295120239257812,28.7714465470748,28.15293316026798,28.593713376335753,19606600.0
2015-10-02,28.71457290649414,28.71457290649414,27.98231305285076,28.124500143109824,15537300.0
2015-10-05,29.155353546142578,29.18379150961737,28.74301392373194,28.757232905469337,15664000.0
2015-10-06,29.119808197021484,29.38996343299593,29.098481079863394,29.176684125434434,14579400.0
2015-10-07,29.517932891845703,29.58191695820061,29.219339678191595,29.247777643681253,14329700.0
2015-10-08,29.844959259033203,29.852070105902108,29.333086764210535,29.333086764210535,11960200.0
2015-10-09,29.873401641845703,29.944493849091007,29.702776547665554,29.731214515361224,13931200.0
2015-10-12,29.859182357788086,30.065353553518005,29.724106080582544,29.73832506428742,12299100.0
2015-10-13,29.610355377197266,29.795196731723735,29.532152326899787,29.716993681426256,12903600.0
2015-10-14,29.631668090820312,29.830728331540357,29.54635694651063,29.54635694651063,14180000.0
2015-10-15,29.80229949951172,29.880502535724037,29.57480123707218,29.766753404504268,11801600.0
2015-10-16,29.873401641845703,30.008477920409327,29.773871466904726,29.972931816786677,20384200.0
2015-10-19,29.85206413269043,29.90182920284124,29.71698518914431,29.788080083640406,15553800.0
2015-10-20,30.065349578857422,30.14355262289881,29.85917841038348,29.85917841038348,16199300.0
2015-10-21,29.99425506591797,30.228864201141025,29.653007633588214,29.816521858746626,19254900.0
2015-10-22,30.7407283782959,31.17439500824374,30.150652988575306,30.17198009982065,35920200.0
2015-10-23,30.420812606811523,30.79049795718843,30.392374646322565,30.79049795718843,18796100.0
2015-10-26,30.278636932373047,30.491916292466996,30.18621488193446,30.39949424202841,14788600.0
2015-10-27,30.2928466796875,30.406595817847588,30.200424657434496,30.214643638703677,30166600.0
2015-10-28,30.378162384033203,30.4563654366754,30.0084769519025,30.39238136742213,13667300.0
2015-10-29,30.420812606811523,30.499015642159566,30.1008923312937,30.328390591219,9427400.0
2015-10-30,30.10799789428711,30.47057507957537,30.10799789428711,30.427918142484707,15356200.0
2015-11-02,30.029796600341797,30.11510775975387,29.788079388680217,30.086669802618893,16252200.0
2015-11-03,29.972923278808594,30.086672405195237,29.724097912335647,29.98714225860606,9693100.0
2015-11-04,29.837846755981445,30.136437192919562,29.780970837330525,30.051126026936252,10488500.0
2015-11-05,30.09378433227539,30.10800060059051,29.844956244869657,29.85917522517797,9625100.0
2015-11-06,29.830734252929688,30.015578266283235,29.581908902637895,29.83784509836255,11926700.0
2015-11-09,29.532142639160156,29.709875799898494,29.389955568170926,29.64589175355298,10842700.0
2015-11-10,29.695655822753906,29.724093778393772,29.453938623800482,29.46104675671409,8283100.0
2015-11-11,29.887617111206055,30.00136625661909,29.802303218151113,29.81652220032694,9101200.0
2015-11-12,29.56058692932129,29.894723498945375,29.553476082652235,29.86628553625593,10725000.0
2015-11-13,29.41839027404785,29.702761672610585,29.404171297320836,29.475263468963394,11619500.0
2015-11-16,29.830734252929688,29.8591722106753,29.425502847029957,29.453940804775566,11244900.0
2015-11-17,29.62456703186035,29.965817145799512,29.51081789787839,29.752535146589217,12739400.0
2015-11-18,30.0582332611084,30.107998332441916,29.631674731965962,29.695658782536626,12966300.0
2015-11-19,30.648313522338867,30.783389778375675,30.086675957986735,30.086675957986735,24090700.0
2015-11-20,30.16488265991211,30.982456566048175,30.143555541106494,30.790504360816392,19780800.0
2015-11-23,30.541662216186523,30.698068247682276,30.235960997531645,30.250179974212394,13338100.0
2015-11-24,30.826045989990234,30.996668339665497,30.328392498116244,30.356830460393237,15767200.0
2015-11-25,30.826045989990234,30.925576145966364,30.740734815152603,30.797608027713242,10344900.0
2015-11-27,30.91200828552246,30.97648303324238,30.661271940926596,30.833205512443516,7236700.0
2015-11-30,30.532325744628906,30.912011625691214,30.52516309757114,30.890518218934517,16063000.0
2015-12-01,30.725757598876953,30.876197819378568,30.611136088095858,30.611136088095858,11153000.0
2015-12-02,30.6397762298584,30.754397681087042,30.510826755627306,30.682760298865748,12598500.0
2015-12-03,30.41769790649414,30.725743588655266,30.317404471891194,30.61112213013888,15004400.0
2015-12-04,31.012306213378906,31.14841837477891,30.503673537166907,30.503673537166907,16488000.0
2015-12-07,30.947832107543945,31.119762974741533,30.804554563018048,31.02663489367278,12030700.0
2015-12-08,30.811717987060547,30.983651591383378,30.661277791273026,30.840374043246342,10736200.0
2015-12-09,30.560985565185547,30.99798087494618,30.44636406859194,30.64695100443274,12945500.0
2015-12-10,30.632614135742188,30.854694416900475,30.467845952737495,30.61112346533022,15483300.0
2015-12-11,30.28158950805664,30.682766028669427,30.188458707544633,30.539488504679756,17313400.0
2015-12-14,30.410533905029297,30.632611433808094,30.066669544811898,30.3102404748981,20092900.0
2015-12-15,30.854692459106445,30.976479293559574,30.632612192039616,30.689924286556636,17916400.0
2015-12-16,31.40630340576172,31.456450113022402,30.98363634971411,30.98363634971411,21868600.0
2015-12-17,31.15558433532715,31.44213669089599,31.105434871990948,31.384827312898963,14697000.0
2015-12-18,30.446352005004883,31.105424666079447,30.446352005004883,31.062443329882125,24583700.0
2015-12-21,30.646953582763672,30.76157508900039,30.417710570290225,30.675609642520918,10444400.0
2015-12-22,31.012306213378906,31.08394361773853,30.596801616276053,30.70426045560729,12280800.0
2015-12-23,31.284513473510742,31.327497532357963,31.05527062523953,31.08392666447101,9092300.0
2015-12-24,31.1914005279541,31.320350034059636,31.105432368689325,31.155581827989597,3036600.0
2015-12-28,31.15558433532715,31.17707501047705,31.02663481884402,31.11976289968817,6326100.0
2015-12-29,31.313186645507812,31.363333375205137,31.16274645641584,31.191402511326256,7739800.0
2015-12-30,31.212900161743164,31.356177735523897,31.126934710591694,31.34184970486658,5112500.0
2015-12-31,30.775888442993164,31.048115415287484,30.711413705681114,31.019459369195246,9727900.0
2016-01-04,30.374727249145508,30.446364661113645,30.066681458656756,30.33174316228937,16084100.0
2016-01-05,30.482181549072266,30.539493661462224,30.20995448080381,30.31025067748624,15781900.0
2016-01-06,30.31740379333496,30.453515918279518,30.11681692861855,30.23143838456951,16245100.0
2016-01-07,29.81594467163086,30.16697454450718,29.694160526276907,29.837438081181364,20563600.0
2016-01-08,29.73714256286621,30.174137885606317,29.665505150164474,29.83743876655761,14645900.0
2016-01-11,29.78728675842285,29.98787366471527,29.579534472453336,29.78728675842285,15815200.0
2016-01-12,30.174135208129883,30.410543568093935,29.995038959475373,30.30308472578448,21814800.0
2016-01-13,29.980712890625,30.496510994946277,29.937731537126268,30.209955885258445,16854300.0
2016-01-14,30.002206802368164,30.209956390937663,29.830273187119086,30.081009595490986,16028000.0
2016-01-15,29.72996711730957,29.79444185410453,29.321628028538473,29.335956051469683,21153600.0
2016-01-19,30.030855178833008,30.17413271246468,29.837433651140646,29.92339907820299,15462200.0
2016-01-20,29.644001007080078,29.815931812581265,29.192677860255415,29.694147719750497,19923500.0
2016-01-21,29.65117073059082,29.737136153863904,29.43625580601235,29.69415480862313,15568900.0
2016-01-22,30.131153106689453,30.260102621131132,29.694157833613957,29.830269995394925,15209200.0
2016-01-25,30.20278549194336,30.446356452878035,30.038017302603922,30.260097592300394,12505200.0
2016-01-26,30.145483016967773,30.44636341426269,30.038024170624173,30.20279239763691,13018500.0
2016-01-27,30.15264892578125,30.41771064722554,29.952061972557708,30.217123694001998,14167000.0
2016-01-28,30.49650001525879,30.60395882590123,30.131144978098423,30.217110386937733,16622800.0
2016-01-29,30.747243881225586,30.990814898403254,30.553822329836013,30.70426252882434,20457000.0
2016-02-01,30.804548263549805,30.912007083167083,30.496502562291006,30.51799323309794,17097800.0
2016-02-02,30.40337371826172,30.654110069193045,30.38188304607587,30.589635319844017,12332900.0
2016-02-03,30.603965759277344,30.761568589056065,30.28875463413652,30.661275133890054,15958300.0
2016-02-04,30.467851638793945,30.725750663032947,30.37472356110123,30.460688991583645,14413700.0
2016-02-05,30.40337371826172,30.797387593612164,30.27442421956366,30.754403516448985,17315700.0
2016-02-08,30.553821563720703,30.58964026742094,30.016532809841383,30.20995435638105,17254400.0
2016-02-09,31.019458770751953,31.1555736206686,30.2744179834733,30.2744179834733,24853800.0
2016-02-10,30.482181549072266,31.083945065207203,30.453525492877283,31.04812636135944,16729600.0
2016-02-11,30.38188934326172,30.525166897377655,30.073843558389676,30.109662263720647,16825300.0
2016-02-12,30.883358001708984,30.90484867736481,30.489346795531244,30.60396828701553,15222400.0
2016-02-16,31.06245231628418,31.134089719198467,30.81888132046714,31.03379626200176,12675900.0
2016-02-17,31.15558433532715,31.248712416171298,31.00514141090226,31.105434871990948,12332500.0
2016-02-18,31.241548538208008,31.327513968213555,31.01946821683595,31.255876565340888,11170300.0
2016-02-19,31.356172561645508,31.356172561645504,31.005142700443493,31.220060392048627,12850000.0
2016-02-22,31.477949142456055,31.635554683034332,31.255871589231734,31.356165030402888,20716100.0
2016-02-23,31.29886245727539,31.55676151752028,31.277371779852363,31.334683896703293,11166400.0
2016-02-24,31.456464767456055,31.477955442639338,31.069616217405763,31.20573111434486,10844200.0
2016-02-25,31.63555908203125,31.64988710887538,31.427806791978966,31.492281546381687,10903300.0
2016-02-26,30.904844284057617,31.5639198159947,30.883353611456815,31.54959178999699,18421000.0
2016-02-29,30.89768409729004,31.241548550236363,30.747241178732725,30.926337418775088,15049800.0
2016-03-01,31.29886245727539,31.29886245727539,30.92634189612079,31.076784836458405,12358300.0
2016-03-02,31.356172561645508,31.356172561645504,31.105436165703505,31.14125760283234,12856300.0
2016-03-03,31.492280960083008,31.506608986660385,31.191400600333,31.241547326958,13134800.0
2016-03-04,31.5997371673584,31.628393218132093,31.29169145351976,31.363328847662572,13691500.0
2016-03-07,31.52811050415039,31.62124134253966,31.42065436704823,31.456473079415616,10695300.0
2016-03-08,31.75017738342285,31.857636207593274,31.384822300267963,31.463622340829332,18900200.0
2016-03-09,32.10121154785156,32.11553957521262,31.728691034839464,31.800328438852954,18466600.0
2016-03-10,32.402095794677734,32.423586471890616,32.008084559953005,32.12270605974187,28908600.0
2016-03-11,32.63312911987305,32.669227162602056,32.43819638421143,32.488734194852874,16129300.0
2016-03-14,32.69810104370117,32.79195538774485,32.51760810716598,32.51760810716598,13206700.0
2016-03-15,32.66200256347656,32.89303329877459,32.5392659361662,32.546487195827545,13686300.0
2016-03-16,32.52482986450195,32.611465711551276,32.16384395534188,32.52482986450195,15386100.0
2016-03-17,33.044639587402344,33.14571516806916,32.46706287351838,32.52481916785527,24080000.0
2016-03-18,32.921913146972656,33.11684586446349,32.77029972918107,33.0951875916658,23853400.0
2016-03-21,32.972450256347656,33.11684516485757,32.748640764555915,32.79195730923622,9740400.0
2016-03-22,32.849708557128906,33.01576169846377,32.77029123864198,32.88580658714029,13788300.0
2016-03-23,32.82084274291992,33.00133572248385,32.741425391255106,32.77752619045133,9292100.0
2016-03-24,32.90747833251953,32.92191534594638,32.62590699682302,32.81362122062069,10890200.0
2016-03-28,33.0662956237793,33.160152694113634,32.85692321845763,32.89302399834972,13306600.0
2016-03-29,33.557247161865234,33.578905433408565,33.073527403372886,33.10962544064633,25010400.0
2016-03-30,33.62944793701172,33.7377420551002,33.44895498609372,33.665545976374545,14312200.0
2016-03-31,33.49226379394531,33.84603110781917,33.441725999692366,33.607779145681086,15544500.0
2016-04-01,33.8099365234375,33.83881329873777,33.29011601058355,33.31177428058463,14922900.0
2016-04-04,33.85325622558594,33.88213575768728,33.57168767285729,33.81715818751115,10629800.0
2016-04-05,33.593353271484375,33.79550728617914,33.52837568713684,33.65833085583191,10696700.0
2016-04-06,33.723289489746094,33.73772925083177,33.485040317089556,33.62221391624921,9122700.0
2016-04-07,33.47060775756836,33.62944240958293,33.326212869746335,33.571683352812755,9292000.0
2016-04-08,33.83881759643555,33.918234935330574,33.52836950117527,33.52836950117527,11959300.0
2016-04-11,33.52836608886719,34.0265283442893,33.50670781831965,33.86047517718312,11880100.0
2016-04-12,33.67998123168945,33.759395806008975,33.46338751631632,33.50670681021165,11219100.0
2016-04-13,33.23957443237305,33.77383189508888,33.08073979281273,33.766613390610324,13234100.0
2016-04-14,33.08796691894531,33.369535463294625,33.03020785646151,33.25402009243071,12982200.0
2016-04-15,33.282894134521484,33.32621342782454,32.97966734371049,33.08074294064748,13647800.0
2016-04-18,33.36953353881836,33.41285007907939,33.080743751261714,33.28289495008925,11538100.0
2016-04-19,33.64387893676758,33.658318700752865,33.31899388646049,33.43450924423939,14418300.0
2016-04-20,32.03388595581055,32.763078969693666,31.81007647468307,32.734199438547,40360300.0
2016-04-21,31.52127456665039,31.968896111113775,30.950916438998714,31.954456351085586,37206900.0
2016-04-22,32.15663146972656,32.24326733299692,31.615152504604062,31.615152504604062,25134200.0
2016-04-25,32.279354095458984,32.28657535476799,32.04110486622785,32.127740699211586,11173800.0
2016-04-26,32.1494026184082,32.45985070545289,32.077206541743585,32.43097117314552,13935500.0
2016-04-27,32.257686614990234,32.38764170441064,31.94723865183067,32.22880709420732,11335500.0
2016-04-28,32.22159957885742,32.41653227946147,32.09886295072734,32.12774248135837,10932500.0
2016-04-29,32.344337463378906,32.38765676469678,32.12774646499747,32.149404738604424,11716000.0
2016-05-02,32.47426986694336,32.6258831842039,32.17826173386714,32.17826173386714,12577500.0
2016-05-03,32.37321090698242,32.5392640663042,32.23603727643925,32.394869176514646,10420500.0
2016-05-04,32.47426986694336,32.568126910338854,32.13494246289183,32.28655853425441,9350500.0
2016-05-05,32.53206253051758,32.84251074156472,32.39488607431705,32.438205390081144,8801100.0
2016-05-06,32.719749450683594,32.7847269984115,32.43095973764784,32.532038065082325,8564000.0
2016-05-09,32.66200256347656,32.849714003117356,32.611462008157986,32.719758870249265,8110600.0
2016-05-10,33.03020095825195,33.095178512924115,32.79194900641966,32.80638876902493,8933500.0
2016-05-11,32.82084274291992,33.12407238072156,32.81362423554326,33.01577549134148,8833100.0
2016-05-12,33.08796691894531,33.1385047215668,32.842496411596535,32.8858129543557,10463400.0
2016-05-13,32.741416931152344,33.08796578598161,32.65478109449682,33.03020672547553,10341200.0
2016-05-16,32.936344146728516,33.015761464653025,32.58979810368777,32.60423786641069,9413600.0
2016-05-17,32.3082389831543,32.89303714952233,32.27935944933525,32.813619808571914,17457000.0
2016-05-18,32.11329650878906,32.36598822181181,31.932803608388426,32.171055558886756,12524300.0
2016-05-19,31.997791290283203,32.0483290980628,31.795640059164814,31.94725348250361,10659500.0
2016-05-20,31.730642318725586,32.15660553794688,31.723421062715513,32.13494452401887,12914100.0
2016-05-23,31.745101928710938,31.88227558356069,31.723440901237026,31.81729800934682,13554700.0
2016-05-24,32.03388595581055,32.069983992692045,31.76675717796307,31.83895325172606,12634200.0
2016-05-25,32.041099548339844,32.22159244365976,31.947242471624644,32.134953870952025,9218100.0
2016-05-26,32.264915466308594,32.322674526399204,32.08442253468079,32.14940010023094,8695800.0
2016-05-27,32.329898834228516,32.45985398865237,32.236044475892236,32.27936102463081,7893900.0
2016-05-31,32.19994354248047,32.47429361777235,31.954473002293852,32.47429361777235,18935200.0
2016-06-01,32.272132873535156,32.3298891726278,32.1205194900508,32.199934057040295,8916000.0
2016-06-02,32.28657531738281,32.28657531738281,32.127740662010325,32.272135552885,6693900.0
2016-06-03,32.517616271972656,32.524834779440944,32.25770593744484,32.30824375203588,13434900.0
2016-06-06,32.755863189697266,32.83528053658476,32.54649343911693,32.553711946059366,10310600.0
2016-06-07,32.719749450683594,32.835264785077335,32.633113638413995,32.74140771522529,9812600.0
2016-06-08,32.88580322265625,32.96522053301814,32.62589302660019,32.66199380702132,7915400.0
2016-06-09,33.037418365478516,33.066297889730095,32.712533357008795,32.726973119134584,8042900.0
2016-06-10,33.2034912109375,33.21792822633371,32.893043051934946,32.93635960633242,12357000.0
2016-06-13,32.82516860961914,33.2252975572933,32.80334425208781,33.087072000889066,10613500.0
2016-06-14,32.76697540283203,32.832451262648945,32.33046874564464,32.62874704587189,11298200.0
2016-06-15,32.74514389038086,32.98522293603604,32.65056981956848,32.825170238932586,8360400.0
2016-06-16,32.963401794433594,32.98522615517812,32.53417179003999,32.6432963689865,11305400.0
2016-06-17,32.58510971069336,32.897938619677085,32.28683130622341,32.86156097078017,20805400.0
2016-06-20,32.723323822021484,32.9634028991527,32.70877332262953,32.80335018106523,10712400.0
2016-06-21,32.83244705200195,32.94157162088596,32.7378702054569,32.85427141073402,7919400.0
2016-06-22,32.63602066040039,32.97795042724353,32.59964580280987,32.919748434919704,10738900.0
2016-06-23,32.79606628417969,32.86153934857431,32.621463120124595,32.75968865921848,9655300.0
2016-06-24,31.959436416625977,32.4177673735794,31.87941006816482,32.15586396960602,26003700.0
2016-06-27,31.85031509399414,31.930341457582934,31.515661914644777,31.770288730405348,15779500.0
2016-06-28,32.141326904296875,32.148600768458785,31.77029600186945,32.05402665823004,16509800.0
2016-06-29,32.33047103881836,32.52689863220154,32.184971584659735,32.2940961752787,12250900.0
2016-06-30,32.97795104980469,32.97795104980469,32.36684399498665,32.38866835490822,16056500.0
2016-07-01,32.82516860961914,33.03614664983363,32.78879375532576,32.977947438008925,11799700.0
2016-07-05,33.05071258544922,33.225313077707305,32.847011086073195,32.854284950240285,12339100.0
2016-07-06,32.934295654296875,33.13799705670373,32.67966612606484,33.10162220273443,10902600.0
2016-07-07,32.803348541259766,33.11617732448876,32.71604832449609,33.04342483116582,9741100.0
2016-07-08,33.01433181762695,33.11618254912388,32.7888032155807,32.956129813786255,11127100.0
2016-07-11,33.15255355834961,33.298055775805494,32.81790040085785,32.99250084162574,10937800.0
2016-07-12,33.159828186035156,33.254402262709704,32.86882376875891,33.203476905969936,9739000.0
2016-07-13,33.27622985839844,33.29077758176215,33.05070129312715,33.18165300519127,8028400.0
2016-07-14,33.23984909057617,33.42172614293805,33.15982551872475,33.26895008500773,7621200.0
2016-07-15,33.19621276855469,33.39264039147212,33.05798438100652,33.37808988882365,10621000.0
2016-07-18,33.19621276855469,33.24713814021203,33.087085386303464,33.239861501275485,7958300.0
2016-07-19,33.19621276855469,33.25441200392395,33.05071051729459,33.07253488365499,7761100.0
2016-07-20,33.10890197753906,33.29805569232468,33.021601757373986,33.28350519309318,8478200.0
2016-07-21,33.06524658203125,33.108895295692875,32.92701825484036,32.9852202400204,8045100.0
2016-07-22,33.341705322265625,33.34897918386193,33.072525264397775,33.10162626123059,8836100.0
2016-07-25,33.15255355834961,33.34170727360945,33.079803837233655,33.32715677434147,9134300.0
2016-07-26,32.65057373046875,33.21075546220602,32.61419887001286,33.12345246684315,15819900.0
2016-07-27,31.5738525390625,32.054007772365146,31.355597889651445,31.93760658778339,37461100.0
2016-07-28,31.755733489990234,31.78483170831628,31.44290474739143,31.479279601716605,13077800.0
2016-07-29,31.741186141967773,31.828486356053148,31.632058792943226,31.806661996337745,16530500.0
2016-08-01,31.610233306884766,31.886687212732188,31.595682809185043,31.78483372883412,12349700.0
2016-08-02,31.668434143066406,31.704811776789146,31.508384210626353,31.53748243229121,12825200.0
2016-08-03,31.748462677001953,31.792114175332415,31.552035097350867,31.76301317644544,12119100.0
2016-08-04,31.65387535095215,31.864853360280673,31.573851793311096,31.690252975143544,11244100.0
2016-08-05,31.632061004638672,31.828488581482695,31.581135644926214,31.755738860528893,10398200.0
2016-08-08,31.602956771850586,31.661158762836276,31.44290684708729,31.59568291058921,8680300.0
2016-08-09,31.62476921081543,31.748444221355715,31.5592933889934,31.64659355968198,7281300.0
2016-08-10,31.72663116455078,31.78483037398315,31.64660482326082,31.748455521184997,8412100.0
2016-08-11,31.828487396240234,31.915787613178672,31.73391054234301,31.806663035811592,11303300.0
2016-08-12,32.032203674316406,32.14860494259385,31.857603159512824,31.944903416914617,10928900.0
2016-08-15,32.18497085571289,32.25044671869101,32.01764149181671,32.08311735479483,10390600.0
2016-08-16,31.886690139770508,32.192242293841865,31.886690139770508,32.192242293841865,9706100.0
2016-08-17,32.054019927978516,32.061293790613156,31.850315696293794,32.017642289132674,11208500.0
2016-08-18,32.08311462402344,32.199515839940965,32.01036490478394,32.01763876661833,9144300.0
2016-08-19,31.952165603637695,32.05401910447543,31.821216653008875,32.04674246680352,9385900.0
2016-08-22,31.82122039794922,31.973996504349362,31.813943759420948,31.966719865821094,8687500.0
2016-08-23,31.901243209838867,31.99582008180684,31.821219614569152,31.901243209838864,8421100.0
2016-08-24,31.901243209838867,31.966719078859096,31.76301760867366,31.879418845240252,11508900.0
2016-08-25,31.770282745361328,31.966710298468687,31.741184525630466,31.9012344474329,9815700.0
2016-08-26,31.515668869018555,31.952172870992868,31.50839500491638,31.80667338715127,11824900.0
2016-08-29,31.67571449279785,31.726639855710378,31.522938404060277,31.530212266523147,9544600.0
2016-08-30,31.457454681396484,31.668429942797584,31.37015170230971,31.617504592608686,9720100.0
2016-08-31,31.595685958862305,31.617510319975658,31.34105916179334,31.595685958862305,10217900.0
2016-09-01,31.5374813079834,31.58113280176023,31.42835673637689,31.43563059772784,8457800.0
2016-09-02,31.763011932373047,31.886689785186565,31.624786355909844,31.661161215481858,9026000.0
2016-09-06,31.857593536376953,31.864867399286098,31.573865704107156,31.821218671382624,8600400.0
2016-09-07,31.748462677001953,31.86486389732585,31.668436317674768,31.806664674775902,8656600.0
2016-09-08,31.741186141967773,31.813935857834956,31.610234433227824,31.770284363180384,10020400.0
2016-09-09,30.751768112182617,31.595677407935476,30.751768112182617,31.595677407935476,23624200.0
2016-09-12,31.42108726501465,31.45018826750201,30.80270622589204,30.817256727135725,15932300.0
2016-09-13,31.01034164428711,31.369734262410127,30.959000241397625,31.369734262410127,12962700.0
2016-09-14,30.885650634765625,31.105685578775354,30.797637216740956,31.003002791430553,9823900.0
2016-09-15,31.069026947021484,31.091029611538083,30.716970325269358,30.81231707010615,10158500.0
2016-09-16,30.907665252685547,30.995678704776036,30.782979762048782,30.92966791623387,16354000.0
2016-09-19,30.878328323364258,31.07636070066732,30.863661745398723,30.922336450952947,7659900.0
2016-09-20,31.05436134338379,31.193716232077783,30.981017254154878,31.032358676194647,8407200.0
2016-09-21,31.19370460510254,31.25238209293266,30.87832010275718,31.010341652478335,13654700.0
2016-09-22,31.50909423828125,31.545766275198318,31.311061881452606,31.325731255798846,9288300.0
2016-09-23,31.34773063659668,31.49441875581583,31.281719863789455,31.399072037902688,8852700.0
2016-09-26,30.84165382385254,31.333068083441557,30.81231507446573,31.325731997146285,15036000.0
2016-09-27,31.23772430419922,31.26706305899335,30.804987463627594,30.94434235205323,11920400.0
2016-09-28,30.91500473022461,31.362408126200673,30.82698847058235,31.267061375101143,15523800.0
2016-09-29,30.826984405517578,31.091027553830756,30.694962831360993,30.81965111712983,12671700.0
2016-09-30,31.039690017700195,31.171711608343806,30.84899371893581,30.959009845873826,14375700.0
2016-10-03,30.826984405517578,31.032352853037345,30.724301580706264,31.032352853037345,11152800.0
2016-10-04,30.687625885009766,31.054351814420542,30.64361776623762,31.054351814420542,13682700.0
2016-10-05,30.665630340576172,30.85632663704654,30.56294470627949,30.753643800647307,9607300.0
2016-10-06,30.592281341552734,30.76097496080389,30.496934598865508,30.570278677532183,9722900.0
2016-10-07,30.606943130493164,30.760967336254414,30.48959095497556,30.680289988877018,8122800.0
2016-10-10,30.606943130493164,30.79764216439462,30.511593613542438,30.746297964577643,8983600.0
2016-10-11,30.46759796142578,30.58495017417018,30.36491512501161,30.55561142150972,12249100.0
2016-10-12,30.643625259399414,30.687633388932685,30.438259584039116,30.53360913241246,12216300.0
2016-10-13,30.628950119018555,30.72429964944867,30.445587143982078,30.54827276023595,17655600.0
2016-10-14,30.562950134277344,30.738979883580047,30.526278085892848,30.694971746779885,9893800.0
2016-10-17,30.5115909576416,30.702289974943543,30.489588300989965,30.606940466292574,10792500.0
2016-10-18,30.782978057861328,30.804980720191555,30.606948365528392,30.665625862271717,11297300.0
2016-10-19,30.84165382385254,30.89299523633088,30.665626923325977,30.753640373589256,16367400.0
2016-10-20,30.75364112854004,30.88566270612444,30.724302378433016,30.782979878647065,10620500.0
2016-10-21,30.900318145751953,30.929654084731848,30.57026435063862,30.69494978551702,14401500.0
2016-10-24,31.215715408325195,31.36973964341418,30.98834430088639,31.039685712582717,13439200.0
2016-10-25,31.201045989990234,31.45041975983485,31.120365829467403,31.274390064339848,16484700.0
2016-10-26,31.12769889831543,31.560435648880688,31.105696235745068,31.538432986310326,16886200.0
2016-10-27,30.892986297607422,31.28171761976239,30.7316288184622,31.26704824931349,14537000.0
2016-10-28,30.97368049621582,31.1497102236126,30.878330943963494,30.995683162928817,13398400.0
2016-10-31,31.098352432250977,31.105685717995808,30.892984058746094,30.892984058746094,13327500.0
2016-11-01,30.892986297607422,31.120357342720844,30.738962104738487,31.09835468599566,12223400.0
2016-11-02,30.84165382385254,31.054355560061175,30.81231507446573,30.878325861637475,12034300.0
2016-11-03,30.826984405517578,30.96634206595905,30.775642993111923,30.96634206595905,11258000.0
2016-11-04,30.57761573791504,30.834325640707455,30.577615737915036,30.694967956995182,14464200.0
2016-11-07,31.14237403869629,31.171712792820248,30.834325514087496,30.834325514087496,14038500.0
2016-11-08,31.45041847229004,31.52376254363703,31.07635643388825,31.07635643388825,12036600.0
2016-11-09,31.003013610839844,31.039685647989895,30.584946231955676,30.6289515573769,21351000.0
2016-11-10,30.027530670166016,30.99568730549833,29.96151986330709,30.702308117823733,33245500.0
2016-11-11,30.093530654907227,30.166877523872643,29.80015157273647,30.034855957631862,13421000.0
2016-11-14,30.196216583251953,30.379579577703268,29.961512174186048,30.166880630541655,19514200.0
2016-11-15,30.394248962402344,30.452926463635585,30.196216592586037,30.203552679188817,16554000.0
2016-11-16,30.26223373413086,30.548282415834517,30.188889640092697,30.364919382841265,12681400.0
2016-11-17,30.159547805786133,30.29156939990139,30.071534342341813,30.276900023011077,12398800.0
2016-11-18,30.005523681640625,30.21822545067042,29.998190392110924,30.093537145484913,16345300.0
2016-11-21,30.335582733154297,30.335582733154293,29.873507074504474,30.005528691261564,12307000.0
2016-11-22,30.342906951904297,30.584947442892393,30.24756021111856,30.40158445198524,12743500.0
2016-11-23,30.159547805786133,30.298905487295325,30.093537008728504,30.232894690237696,9281300.0
2016-11-25,30.460269927978516,30.496944777449617,30.247570909696364,30.357587064415092,7402300.0
2016-11-28,30.621623992919922,30.650962747282815,30.269567334258017,30.44559426464016,19424400.0
2016-11-29,30.436708450317383,30.710379147744288,30.429310343560676,30.710379147744288,11421900.0
2016-11-30,29.844982147216797,30.473688568386738,29.844982147216797,30.32575747978494,22410400.0
2016-12-01,29.71184730529785,29.874571800554705,29.497350168837848,29.815401052357462,20409900.0
2016-12-02,29.852386474609375,29.948542125471597,29.72664403555087,29.808006292314946,11176300.0
2016-12-05,30.044689178466797,30.09646463708037,29.81539866790694,29.837587344012505,15977800.0
2016-12-06,30.007699966430664,30.155631022198207,29.896750969217454,30.140837634466433,11303500.0
2016-12-07,30.540258407592773,30.540258407592773,29.963327425491112,29.985518923509087,13726500.0
2016-12-08,30.31096649169922,30.4810862695349,30.214810853252597,30.377535345769793,13077100.0
2016-12-09,31.065418243408203,31.228142765674942,30.54026542170392,30.695591835748584,28125800.0
2016-12-12,30.991437911987305,31.072797309096927,30.858300249007783,31.065402026286996,17561900.0
2016-12-13,30.887903213500977,31.035834354703027,30.72518149757537,30.858319242502034,18986000.0
2016-12-14,30.481090545654297,31.058021635719253,30.37014432100633,30.98405466440249,17937900.0
2016-12-15,30.73257064819336,30.92488193982046,30.399726352339744,30.399726352339744,14265300.0
2016-12-16,30.873111724853516,30.88790229913923,30.680800400518212,30.776956062685866,19675200.0
2016-12-19,30.82132339477539,30.91747902563961,30.754757367504972,30.836116785796875,8687300.0
2016-12-20,30.813936233520508,30.85831641828491,30.651211710935954,30.843523023363442,10603500.0
2016-12-21,30.74736785888672,30.939679174389806,30.710385781767393,30.769556540847987,9693600.0
2016-12-22,30.73257064819336,30.78434611404267,30.384935780569606,30.747364041514775,11894100.0
2016-12-23,30.769540786743164,30.83610962009514,30.58462767427103,30.784334174326954,6436600.0
2016-12-27,30.776947021484375,30.887893225345586,30.725171562038955,30.739964953530635,6999200.0
2016-12-28,30.61423110961914,30.82133300539616,30.61423110961914,30.688198087790727,8988000.0
2016-12-29,30.769540786743164,30.83610962009514,30.606819166421804,30.606819166421804,6875300.0
2016-12-30,30.665998458862305,30.94706725834407,30.584636215205666,30.83611823125757,11470200.0
2017-01-03,30.9174747467041,30.924872851966374,30.53285509802888,30.695579555193515,14711000.0
2017-01-04,30.80652618408203,31.04321474629914,30.76214602058499,30.976645911828687,9959400.0
2017-01-05,30.880508422851562,30.961870692898994,30.717783882756702,30.81393954931747,8968300.0
2017-01-06,30.873111724853516,30.92488719950877,30.725180588030607,30.843524933178585,10246600.0
2017-01-09,30.562442779541016,30.754754020339437,30.48108054855326,30.495873937964717,14822500.0
2017-01-10,30.355350494384766,30.651209910783475,30.222212769462352,30.651209910783475,19706800.0
2017-01-11,30.362735748291016,30.414511199592116,30.200014110580607,30.2148046781948,9266200.0
2017-01-12,30.288780212402344,30.35534907174372,30.177831172982962,30.333157570929075,8541200.0
2017-01-13,30.237003326416016,30.355347646181684,30.096467506877865,30.32576086085248,8123500.0
2017-01-17,30.488481521606445,30.54765226326701,30.1778259578484,30.207412739454078,12469400.0
2017-01-18,30.540258407592773,30.606827258544854,30.429309382155665,30.510671624602754,10390500.0
2017-01-19,30.42931365966797,30.540262700701412,30.347951405783615,30.42931365966797,10987100.0
2017-01-20,30.562442779541016,30.651200294459233,30.421909812457955,30.525460716787634,14695400.0
2017-01-23,30.64380645751953,30.69558191212919,30.481081987860225,30.55504893841021,11628900.0
2017-01-24,30.991437911987305,31.04321335630711,30.673387141708453,30.673387141708453,17040100.0
2017-01-25,31.154172897338867,31.250328544433025,30.99145121173872,31.021035177224277,12538200.0
2017-01-26,30.924875259399414,31.14677046818405,30.910081869273682,31.087596907681128,8976800.0
2017-01-27,30.658597946166992,31.02842421132811,30.636406451602994,30.998837432943105,12967400.0
2017-01-30,30.606834411621094,30.68079856483126,30.4810919653019,30.547660831811687,11626200.0
2017-01-31,30.74736785888672,30.836125408283422,30.592041442054576,30.614230124015847,12678000.0
2017-02-01,30.518064498901367,30.813926662329052,30.51066921451349,30.710375751594572,11136100.0
2017-02-02,30.621623992919922,30.688192851139142,30.510674955370806,30.62901927869929,9459700.0
2017-02-03,30.72516441345215,30.91007753174945,30.665990861252883,30.75475118955178,11882400.0
2017-02-06,30.739967346191406,30.821326773401914,30.621623026597504,30.71777584645114,15742800.0
2017-02-07,30.991437911987305,31.050608639117037,30.821315370307836,30.843506861837824,13315200.0
2017-02-08,31.080209732055664,31.176365382184084,30.94707200773982,30.998847475912495,14219700.0
2017-02-09,30.510684967041016,31.08021809167871,30.118669796421788,31.08021809167871,27240300.0
2017-02-10,30.015104293823242,30.47368812238135,29.99291279684972,30.340550426743384,28847300.0
2017-02-13,30.044689178466797,30.200018375858395,29.955931652493653,30.155638202096384,23617100.0
2017-02-14,29.978120803833008,30.02989626326736,29.748830289638278,29.8671745999955,32177800.0
2017-02-15,29.91155242919922,30.05208823980247,29.88196846730203,29.89675903747514,26600800.0
2017-02-16,30.473684310913086,30.53285504515657,29.955926983917994,29.99290904551398,22214800.0
2017-02-17,30.495880126953125,30.59203576686665,30.36274241678089,30.421915986435707,15065100.0
2017-02-21,30.665998458862305,30.695585242292168,30.47369000967013,30.47369000967013,17072600.0
2017-02-22,30.769540786743164,30.82871433707833,30.621612554005598,30.702971953391188,11186800.0
2017-02-23,30.813936233520508,31.065418304082286,30.784349443677577,30.821331520205455,12856800.0
2017-02-24,30.902681350708008,30.998836968242575,30.76954367152182,30.843510616375504,13215300.0
2017-02-27,30.82132339477539,30.880496958861322,30.762152652240296,30.880496958861322,12186400.0
2017-02-28,31.035825729370117,31.117187975497018,30.799137097846977,30.828723882175133,15946800.0
2017-03-01,31.18375015258789,31.32428311573,30.976648349736262,31.072801145888548,14662000.0
2017-03-02,31.41305923461914,31.47962810777919,31.117196949118505,31.124595058109545,15507600.0
2017-03-03,31.420440673828125,31.42783877955853,31.250320922186912,31.413045389648346,11740000.0
2017-03-06,31.198545455932617,31.383458597410858,31.15416528621962,31.316889753616667,16307800.0
2017-03-07,31.05801010131836,31.242923228609598,31.028423323779666,31.065405384927832,11273700.0
2017-03-08,31.05801010131836,31.087594057306653,30.873096974027124,31.065405384927832,14636000.0
2017-03-09,31.087600708007812,31.146774275744455,31.006238463145436,31.131980883810293,14496400.0
2017-03-10,31.279911041259766,31.361273283676216,31.176360122384615,31.235530866791446,16369700.0
2017-03-13,31.361982345581055,31.429138740502278,31.220208999171465,31.27990199107131,12831500.0
2017-03-14,31.317214965820312,31.414216438582923,31.21275008964249,31.32467552278113,9844500.0
2017-03-15,31.429157257080078,31.54854615767232,31.31723176390631,31.32469232486886,22757800.0
2017-03-16,31.526140213012695,31.63060507426223,31.264978059888858,31.36197951878972,16004200.0
2017-03-17,31.361982345581055,31.60076000608891,31.347058385992533,31.548527570756207,37526500.0
2017-03-20,31.473913192749023,31.593302032764843,31.391832831527935,31.414217349513876,11484200.0
2017-03-21,31.71268081665039,31.809685107920085,31.49628772322321,31.57090750360512,17187300.0
2017-03-22,31.623153686523438,31.861931394735443,31.526149353045184,31.75746650319954,11605500.0
2017-03-23,31.466466903686523,31.630627715415546,31.384389344278034,31.49631484153835,11503300.0
2017-03-24,31.429157257080078,31.526161628328747,31.272459858763252,31.511237659947728,13804400.0
2017-03-27,31.578388214111328,31.5933121797133,31.37691894816774,31.421690844973668,12387400.0
2017-03-28,31.66046714782715,31.757471496557795,31.51869375080178,31.51869375080178,14123800.0
2017-03-29,31.653011322021484,31.735091725491095,31.55600979651734,31.720167757000628,9580100.0
2017-03-30,31.787317276000977,31.802241241244435,31.533615559772855,31.60077198014075,11999900.0
2017-03-31,31.667911529541016,31.824611657888216,31.660450974121535,31.74999187142436,11551800.0
2017-04-03,31.645540237426758,31.80970098977509,31.54107533918873,31.77239250418365,11240000.0
2017-04-04,31.847013473510742,31.85447403298365,31.615696279475753,31.720161190828538,10946200.0
2017-04-05,31.764934539794922,31.98132777832545,31.735086607627508,31.82463040412975,10142800.0
2017-04-06,31.839553833007812,31.906710262027453,31.690319854258107,31.772400250443855,14597800.0
2017-04-07,31.79476547241211,31.89176977686365,31.72014568189017,31.81714998634171,11028800.0
2017-04-10,31.854463577270508,31.936543936807674,31.757462103685146,31.884311498275736,9426900.0
2017-04-11,31.832094192504883,31.899250623465147,31.72762926577909,31.847018160102248,8909400.0
2017-04-12,32.041011810302734,32.07832313827578,31.720153745626384,31.742541111701147,13417200.0
2017-04-13,31.929094314575195,32.14548754628989,31.92163090854068,31.988787330574365,9891900.0
2017-04-17,32.138023376464844,32.138023376464844,31.921630149892938,31.92909355575008,11318100.0
2017-04-18,32.443946838378906,32.52602719698076,32.152936728030056,32.167860688362616,13181600.0
2017-04-19,32.25740432739258,32.675266712621024,32.22755640420741,32.63795823186688,13893100.0
2017-04-20,32.1529426574707,32.30964000017807,32.12309473130123,32.2350230312093,10838300.0
2017-04-21,32.138023376464844,32.160407901125616,32.00371053558955,32.070866956027196,13833800.0
2017-04-24,32.29472732543945,32.40665566447112,32.19772580116498,32.264882235292795,16703800.0
2017-04-25,32.167869567871094,32.406647306194586,31.95147635299819,31.973860876448775,18745100.0
2017-04-26,32.26487731933594,32.40665072691331,32.070868607434825,32.13056447154454,13626600.0
2017-04-27,32.09324264526367,32.294711851111174,32.0260862433145,32.21263148801169,10386200.0
2017-04-28,32.197715759277344,32.235024245166755,31.97385915103086,32.05593952786057,10337800.0
2017-05-01,32.24995803833008,32.45888790015485,32.160414229157276,32.197725572873885,13208200.0
2017-05-02,32.376792907714844,32.414101388162514,32.20517162049188,32.24994350490185,11823900.0
2017-05-03,32.32457733154297,32.45142964699732,32.1977278625447,32.33204073939939,10389000.0
2017-05-04,32.578269958496094,32.69019827323151,32.38426410560403,32.399185224210484,10193100.0
2017-05-05,32.600650787353516,32.71257908940109,32.50364929513091,32.675270604203554,8133000.0
2017-05-08,32.74989318847656,32.76481715440478,32.48873090087127,32.5260393924641,14284300.0
2017-05-09,32.466339111328125,32.74988873247326,32.369337615676024,32.74988873247326,8694400.0
2017-05-10,32.5111083984375,32.54841688196516,32.354411059748415,32.44395198950578,7597700.0
2017-05-11,32.585716247558594,32.59317965004867,32.406634438153446,32.45140631373175,6860100.0
2017-05-12,32.526031494140625,32.59318790128226,32.42902716239054,32.56333997667381,7275800.0
2017-05-15,32.63050079345703,32.65288531671101,32.42903154480584,32.42903154480584,8493000.0
2017-05-16,32.720035552978516,32.91404420605366,32.660342553423966,32.734959514480806,10454100.0
2017-05-17,32.77973556518555,32.95881743306452,32.615574814250685,32.720039711589244,14538800.0
2017-05-18,32.68273162841797,32.80212049062446,32.56334276621148,32.73496407772987,13832200.0
2017-05-19,32.75735092163086,32.83196789189409,32.652883178225395,32.72003959004429,11796800.0
2017-05-22,32.966285705566406,32.996133636771695,32.69019945805593,32.749892474011126,12857900.0
2017-05-23,33.122982025146484,33.27967938932593,32.98866918543402,33.01851711569353,11996100.0
2017-05-24,33.60053634643555,33.64530824025642,33.21252180602022,33.21252180602022,12738300.0
2017-05-25,33.88408279418945,33.93631524217364,33.555764143081014,33.57814866465854,16704200.0
2017-05-26,33.86915969848633,33.99601196573626,33.82439065418459,33.83931177131517,11341400.0
2017-05-30,33.89901351928711,33.92139804532972,33.6602357533143,33.697544245537145,13093500.0
2017-05-31,33.92884826660156,34.10046954129753,33.85422846469828,33.89900034584025,14148000.0
2017-06-01,34.16762161254883,34.16762161254883,33.74975931417471,33.91392001111705,11049300.0
2017-06-02,34.242244720458984,34.242244720458984,34.03331495690191,34.197475683385065,9923700.0
2017-06-05,34.31686019897461,34.31686019897461,34.09300365601521,34.160160049612195,10015200.0
2017-06-06,34.309410095214844,34.36910595553128,34.16017329087903,34.24971708135369,9836700.0
2017-06-07,33.95869827270508,34.100474493684175,33.83930941877546,33.951237714658454,12776300.0
2017-06-08,33.67514419555664,33.9586908829022,33.60052439905451,33.9586908829022,12879000.0
2017-06-09,33.81693649291992,33.839321021189534,33.55577417492186,33.62293060618647,9358800.0
2017-06-12,33.824398040771484,33.93632352242317,33.72739367950886,33.81693463412133,11228500.0
2017-06-13,33.877052307128906,33.93723943323986,33.704018624380105,33.854483569777365,10023400.0
2017-06-14,34.08018112182617,34.20807733575963,33.97485651616348,33.989903298383894,11497500.0
2017-06-15,34.04256057739258,34.110269652452196,33.88457369221341,33.98989828233285,9908700.0
2017-06-16,34.08769989013672,34.11779057934987,33.86200106681968,34.08769989013672,27025300.0
2017-06-19,34.14036560058594,34.14036560058594,33.929713535732,34.11779399406728,7624700.0
2017-06-20,34.31340026855469,34.50900268812353,34.0952262418155,34.11779497910572,14920900.0
2017-06-21,34.019989013671875,34.36605631525554,33.982370631860064,34.32091597900913,9515800.0
2017-06-22,33.90715026855469,34.06513719026951,33.877056701595535,33.98238131607208,7446300.0
2017-06-23,34.04256057739258,34.140363212451994,33.877048867273544,33.892095647273436,9544800.0
2017-06-26,34.1779899597168,34.23817422961542,34.08018729251565,34.0952340774605,7747100.0
2017-06-27,33.8921012878418,34.155415676842935,33.85448576652173,34.110275329330655,11432200.0
2017-06-28,34.09523010253906,34.23064828137449,34.027521013121344,34.042567796312,9218800.0
2017-06-29,33.72658920288086,34.03504104009076,33.59117104314188,33.95228517915249,9283500.0
2017-06-30,33.74163055419922,33.944757778397076,33.74163055419922,33.771724114053676,9352800.0
2017-07-03,33.67393112182617,34.057616945137454,33.67393112182617,33.9372455411317,6434500.0
2017-07-05,33.71907043457031,33.84696666168971,33.65136134253782,33.696501693853,6853600.0
2017-07-06,33.403079986572266,33.741622408627954,33.32032415189052,33.64382266753055,13113000.0
2017-07-07,33.395572662353516,33.493375324577435,33.282726085831115,33.45575979906997,9566000.0
2017-07-10,33.38804244995117,33.53850738465895,33.27519303145036,33.4407047466169,9672000.0
2017-07-11,33.35042953491211,33.46327609233447,33.21501137010116,33.34290470915586,10300700.0
2017-07-12,33.48585891723633,33.68146429086721,33.43319659430833,33.54604606908625,7737400.0
2017-07-13,33.425655364990234,33.50088639154972,33.38051502712673,33.47079570285375,6371900.0
2017-07-14,33.613731384277344,33.64382493889859,33.47831325836104,33.493360035671664,8558700.0
2017-07-17,33.65135955810547,33.69649990702699,33.56108173014283,33.59869725263723,7189200.0
2017-07-18,33.60621643066406,33.741634596352014,33.56860091127967,33.68897229523783,9037200.0
2017-07-19,33.72658920288086,33.73411115847523,33.51593713779797,33.60621495433061,6986900.0
2017-07-20,33.71907043457031,33.83944183486357,33.66640812630955,33.779257569657226,7430300.0
2017-07-21,33.877052307128906,33.90714587018439,33.606215979389866,33.68897184285237,8545600.0
2017-07-24,33.73411178588867,33.89209868522917,33.7265898301544,33.8845767294949,9103600.0
2017-07-25,34.035030364990234,34.07264587092405,33.809331589629075,33.869518695026485,14096300.0
2017-07-26,34.411190032958984,34.44880553765634,33.33536995331612,33.51592552381504,13608900.0
2017-07-27,34.697086334228516,34.93030716384505,34.38111250366455,34.45634354811872,15195200.0
2017-07-28,34.614322662353516,34.6970785145306,34.40367348945165,34.60680070755548,11945300.0
2017-07-31,34.48643493652344,34.66699344964627,34.44881941667124,34.60680632197859,13622900.0
2017-08-01,34.38111114501953,34.65194748616046,34.34349562427891,34.58423840087523,10306800.0
2017-08-02,34.29834747314453,34.60679926484031,34.140360600054414,34.305869427628984,10187900.0
2017-08-03,34.35853958129883,34.56919166350442,34.32844888659541,34.34349566888726,14261400.0
2017-08-04,34.23063659667969,34.42623897162803,34.20806786453781,34.35852990532294,9523600.0
2017-08-07,34.33596420288086,34.42624200929367,34.23063961708596,34.24568639646805,6226300.0
2017-08-08,34.30587387084961,34.471385589740514,34.26825835379622,34.33596743244432,5747900.0
2017-08-09,34.29834747314453,34.35100976417457,34.102745087872904,34.27577873981155,9635300.0
2017-08-10,34.411190032958984,34.4864210423537,34.2005380408715,34.27577192014527,8901600.0
2017-08-11,34.29834747314453,34.53156824047729,34.283300694296,34.501474682780234,8357600.0
2017-08-14,34.45634460449219,34.56166921790925,34.32092642441869,34.358541947799,8421200.0
2017-08-15,34.7497444152832,34.794884758396854,34.456339359744554,34.456339359744554,9638100.0
2017-08-16,34.75727844238281,34.862603067651605,34.69709130229734,34.71966291476979,8087300.0
2017-08-17,34.5014762878418,34.85506843253281,34.49395146312766,34.697078682213146,8477000.0
2017-08-18,34.35853958129883,34.53157614271494,34.32844888659541,34.4563422312557,10879800.0
2017-08-21,34.36606216430664,34.456339982285,34.27578434632827,34.35853733871172,9429700.0
2017-08-22,34.30587387084961,34.41872329188977,34.26073639833754,34.38110777483638,10536700.0
2017-08-23,34.26073455810547,34.351012368160546,34.185500658159704,34.328443633116734,6528400.0
2017-08-24,34.162925720214844,34.313390622906894,34.08769470380848,34.26072833744657,7534400.0
2017-08-25,34.283302307128906,34.42624240809501,34.27578035229059,34.305871041523616,8807100.0
2017-08-28,34.17045593261719,34.373583169863714,34.14036524070956,34.32844569706227,8024000.0
2017-08-29,34.19303512573242,34.28331296124639,34.04257015328872,34.155419600091655,7762200.0
2017-08-30,34.14788818359375,34.26073760862039,34.072657146829386,34.12531944654046,7134900.0
2017-08-31,34.26826477050781,34.34349868858209,34.11027784737263,34.15541819821719,14264600.0
2017-09-01,34.441287994384766,34.45633477341985,34.26073238572316,34.33596341101889,7391200.0
2017-09-05,34.54661178588867,34.55413661017356,34.3434874482702,34.418718471841515,9916700.0
2017-09-06,34.57671356201172,34.63690069107867,34.448820217564844,34.591760344278455,9238900.0
2017-09-07,34.81745910644531,34.847552673371176,34.576716310799405,34.614331834516484,9418400.0
2017-09-08,34.832481384277344,34.88514365440797,34.62183230375486,34.74972556839251,10534900.0
2017-09-11,34.99801254272461,35.05067484223746,34.772316563400935,34.87011633685047,10430300.0
2017-09-12,35.14847946166992,35.17104819990712,34.94535220789446,34.98296772824986,8567600.0
2017-09-13,35.26132583618164,35.34408170245384,35.095816973517465,35.118385711635256,10218000.0
2017-09-14,34.965576171875,35.238567466530135,34.83666233041454,35.18548614731552,13768800.0
2017-09-15,35.0186653137207,35.155160991539304,34.8821696359021,35.10966146802791,16141400.0
2017-09-18,34.965576171875,35.06415700443712,34.81391402009826,34.99590918077333,8535300.0
2017-09-19,34.86700439453125,35.02624839353194,34.798756553142994,34.98833356891973,7297900.0
2017-09-20,34.71533966064453,34.99591570619863,34.5409291660305,34.70017315336737,11026600.0
2017-09-21,34.42718505859375,34.72292472178543,34.39685204372396,34.66225869204585,7555300.0
2017-09-22,34.495418548583984,34.60158116375828,34.40441954182232,34.465085546330094,8024800.0
2017-09-25,34.64708709716797,34.70016841903809,34.389262294063755,34.5030096367655,9215300.0
2017-09-26,34.556095123291016,34.783586943396436,34.54851331613086,34.64709127279009,6480100.0
2017-09-27,33.85087585449219,34.50302133598493,33.65371700536734,34.480273016817165,14816200.0
2017-09-28,34.05562210083008,34.123869956451635,33.858463236099084,33.87362685493383,8789500.0
2017-09-29,34.131439208984375,34.20727173884097,33.964613428730324,34.01769475327233,10082200.0
2017-10-02,33.972206115722656,34.328611888407565,33.9342912850089,34.16178316200762,10707800.0
2017-10-03,34.26795196533203,34.321033316354836,33.941879156068154,34.0177117237555,12038100.0
2017-10-04,34.50300979614258,34.54850931197647,34.078356326504924,34.20727017501006,14060300.0
2017-10-05,34.518184661865234,34.692595175732095,34.50301815291388,34.51059996103166,10215300.0
2017-10-06,34.495418548583984,34.51816685391724,34.33617173310823,34.41958604294926,5437900.0
2017-10-09,34.43476104736328,34.61675621311401,34.38167972666828,34.54092368875328,5268300.0
2017-10-10,34.78358840942383,34.80633961729407,34.525763564380334,34.57884489488497,6310400.0
2017-10-11,34.95800018310547,34.95800018310547,34.78358967755794,34.79117437802973,6638200.0
2017-10-12,34.965576171875,34.98832448219128,34.83666233041454,34.86699533931288,7710200.0
2017-10-13,35.0186653137207,35.17032749937644,34.9959169983228,35.071746644792874,7126000.0
2017-10-16,35.352317810058594,35.45089865907087,34.95799730672489,34.97316381370489,12708600.0
2017-10-17,35.2765007019043,35.359915073574385,35.11725666110673,35.28408251173046,7699400.0
2017-10-18,35.18548583984375,35.29164847734527,35.0641566980256,35.19306764564461,6272200.0
2017-10-19,35.32956314086914,35.48122529067274,35.12481967254152,35.1627344868137,7515500.0
2017-10-20,35.17033004760742,35.32957405236179,35.09449750292739,35.32199224425169,9646800.0
2017-10-23,35.124820709228516,35.375063697697456,35.05657288443835,35.17032022332696,7153600.0
2017-10-24,35.0186653137207,35.10207966046714,34.84425481266706,35.07932845235364,9539500.0
2017-10-25,34.92007827758789,35.45847619327879,34.82908213938882,35.16273657459548,11994200.0
2017-10-26,35.05657958984375,35.45090010930845,35.0489977824013,35.12482742768794,10569100.0
2017-10-27,34.93525695800781,35.132418700986136,34.813927767219646,34.980756489321905,9988000.0
2017-10-30,34.77600860595703,34.9352526066476,34.7456755888591,34.882171273084076,7201900.0
2017-10-31,34.86700439453125,35.011081885143916,34.760841728530785,34.82150486936718,6560500.0
2017-11-01,34.730506896972656,34.95041691803442,34.60159592148403,34.69259207434162,7067600.0
2017-11-02,34.79117965698242,34.84426099747646,34.69259878490089,34.73809831648839,8317800.0
2017-11-03,34.85942459106445,35.00350208996138,34.82150687155633,34.85942459106445,4730400.0
2017-11-06,34.48025894165039,34.82149516073539,34.44234123489438,34.81391335501312,7451300.0
2017-11-07,34.836666107177734,34.844250806582075,34.35893418245362,34.434763820205475,9868000.0
2017-11-08,35.0186653137207,35.02624712128147,34.783588781318535,34.867003128064965,7586900.0
2017-11-09,35.05657958984375,35.17790875793169,34.89733559911249,34.97316524439913,6532400.0
2017-11-10,35.291664123535156,35.3674937860217,34.9883396881566,35.03383922127824,8022900.0
2017-11-13,35.42814636230469,35.50397599596487,35.29165070754428,35.337147330654346,7653600.0
2017-11-14,35.966548919677734,36.00446374139635,35.35231839406042,35.42056623024012,17200700.0
2017-11-15,35.496402740478516,35.98930126343514,35.4736515307278,35.883138593651125,12419100.0
2017-11-16,35.299232482910156,35.625305114250565,35.26889947238661,35.602556802715455,12506400.0
2017-11-17,34.66227340698242,35.170341497233785,34.31345226604372,35.14000846948692,19720700.0
2017-11-20,34.472679138183594,34.7911699853261,34.442346125557584,34.61675950179949,19160900.0
2017-11-21,34.71533966064453,34.84425352614259,34.533347358749666,34.548513866026816,10280800.0
2017-11-22,34.76084899902344,34.82909685468624,34.53335711105286,34.79876383156582,8434400.0
2017-11-24,34.79117965698242,34.9200906574062,34.77601314645326,34.79876146588896,2996300.0
2017-11-27,34.80634307861328,34.87459092357981,34.73809523364675,34.79117656943007,5649200.0
2017-11-28,34.753265380859375,34.99592376776096,34.715347657574135,34.874594574310166,8432800.0
2017-11-29,34.50300979614258,34.74566809515978,34.28309980868477,34.70775327832242,16502100.0
2017-11-30,34.99232482910156,35.04584136907817,34.42657479964972,34.51067305287944,17147600.0
2017-12-01,35.145225524902344,35.18345120286414,34.564184720726814,35.0152547201135,12468800.0
2017-12-04,35.343990325927734,35.45867024225987,34.992309526608594,35.16050595951401,17523600.0
2017-12-05,35.36691665649414,35.50453135650013,35.21401402664812,35.35927269157413,13670800.0
2017-12-06,35.51219177246094,35.53512659239275,35.36693013574127,35.44338439623368,8154000.0
2017-12-07,34.99995422363281,35.41279843132475,34.95408458928803,35.38986361415236,9106500.0
2017-12-08,34.6406364440918,34.96173561506192,34.441858267025665,34.93880079325893,13238600.0
2017-12-11,34.65591812133789,34.717078602095974,34.342460085389234,34.64062727204054,9698700.0
2017-12-12,34.625335693359375,34.80117608192783,34.44949530479092,34.59475399540889,13999300.0
2017-12-13,35.09170150756836,35.20637851699366,34.70943897662069,34.74766464642913,12418700.0
2017-12-14,35.19108581542969,35.29811885183815,35.01524541041128,35.0228922938299,9029000.0
2017-12-15,35.313411712646484,35.489252127675535,35.19873470272233,35.3898659690276,21181600.0
2017-12-18,35.11463165283203,35.4586684681841,35.099340803657356,35.321053742043276,10156800.0
2017-12-19,35.267539978027344,35.45867123296679,35.09934354042255,35.198732609591886,8253200.0
2017-12-20,35.229312896728516,35.39750641115294,35.137567798208224,35.328699045478416,7311000.0
2017-12-21,34.86233901977539,35.33634662213971,34.831760236099825,35.27518322192569,9657100.0
2017-12-22,34.85469436645508,34.961727398290016,34.82411266695042,34.93114569878535,5406300.0
2017-12-26,35.02289962768555,35.06112530348859,34.86999400804125,34.93880139105958,6100400.0
2017-12-27,35.11463165283203,35.122275619203734,34.95408211114482,35.09169683728565,5660600.0
2017-12-28,34.95408630371094,35.16050841768147,34.89292289967598,35.09934501364651,6538900.0
2017-12-29,35.07640838623047,35.30576530666887,34.93114676735535,34.938793650681134,8371500.0
2018-01-02,34.81645965576172,35.122267822072146,34.79352192887623,35.09933301161729,10872200.0
2018-01-03,34.74002456665039,34.93115586955844,34.66357321206007,34.77825316037779,12635600.0
2018-01-04,35.229312896728516,35.3363459285708,34.747661337006846,34.831759552434754,12709400.0
2018-01-05,35.22167205810547,35.32106114034314,35.00760595768454,35.183446385377714,13113100.0
2018-01-08,35.168155670166016,35.244607015919705,35.07641347197521,35.129929997289175,7068600.0
2018-01-09,35.343990325927734,35.44337939232016,35.12227737644902,35.168149926268164,9962400.0
2018-01-10,35.22167205810547,35.366930781043685,35.11463900789501,35.34399596069341,10700700.0
2018-01-11,35.198734283447266,35.3439929941936,35.06111954003215,35.3439929941936,7583200.0
2018-01-12,35.282833099365234,35.46631748271539,35.19108799125846,35.38221925850003,14570100.0
2018-01-16,35.5733528137207,35.64216019101043,35.27518848427584,35.28283536865907,16459300.0
2018-01-17,35.79505920410156,35.93267393333095,35.58863711025747,35.61157484274993,12143100.0
2018-01-18,35.8409423828125,35.98620112166782,35.634520227745135,35.74155328968402,11952900.0
2018-01-19,36.05500793457031,36.12381531850093,35.83329492896807,35.92504005183034,16187400.0
2018-01-22,36.22320556640625,36.31494777576505,36.00149255372626,36.03971823125641,9577400.0
2018-01-23,36.27671813964844,36.46784942287479,36.032070330433264,36.093230824521086,11463700.0
2018-01-24,36.56722640991211,36.658968578910496,36.299640952056265,36.33786661276968,15964500.0
2018-01-25,36.57488250732422,36.69720641204041,36.467849455251546,36.467849455251546,11755000.0
2018-01-26,37.10240173339844,37.1712091082465,36.49842912798964,36.52900791514184,16671200.0
2018-01-29,36.46784591674805,37.04888367866342,36.376103726220705,36.85775241381299,11662600.0
2018-01-30,36.24613571166992,36.81952954991598,36.23849174372334,36.49078351600702,12404800.0
2018-01-31,36.38373947143555,36.62074323620637,36.215543063118766,36.276706453936136,10960100.0
2018-02-01,36.27671813964844,36.49078424360374,36.01677947780332,36.24613643438856,10279400.0
2018-02-02,35.726261138916016,36.246138492120245,35.649809787858025,36.20026593162619,12912300.0
2018-02-05,34.31952667236328,35.871511484085275,33.95255502352203,35.6650923012126,23261500.0
2018-02-06,34.15134048461914,34.2048599336181,33.210974805534754,33.5397208864056,25184300.0
2018-02-07,34.067237854003906,34.78589036324118,33.85316885321043,34.082528705234274,18041600.0
2018-02-08,32.95102310180664,34.11310133780938,32.928088287314,34.11310133780938,23295300.0
2018-02-09,32.973976135253906,33.226267961049736,32.25532050570595,33.149816599640694,22853100.0
2018-02-12,33.61615753173828,33.814932703264375,33.15744088628991,33.30270246974241,14689000.0
2018-02-13,33.784366607666016,33.9525630802922,33.40210401819349,33.577944459379,13163200.0
2018-02-14,33.71554946899414,33.784356831846424,33.35622472203778,33.65438898892059,13457900.0
2018-02-15,34.23542785644531,34.27365643879731,33.73084148357143,33.830230548110166,13467300.0
2018-02-16,34.388328552246094,34.89291485345154,34.189553367832836,34.839398345477555,17202300.0
2018-02-20,33.63145446777344,34.27365555453791,33.59322588640774,34.21249215749782,14137300.0
2018-02-21,33.134521484375,33.83788325149959,33.126877515789786,33.723206224128646,12792900.0
2018-02-22,33.27212905883789,33.501485980438076,33.042772137237705,33.20332169071469,12377800.0
2018-02-23,33.6696891784668,33.68498003183488,33.195681473352224,33.318008300296945,8277200.0
2018-02-26,33.662044525146484,33.93727407115393,33.493850959811475,33.814950152531985,12713300.0
2018-02-27,33.34858322143555,33.87610739391805,33.34858322143555,33.753783497597645,12774400.0
2018-02-28,33.04277420043945,33.570295444701635,33.04277420043945,33.509134956124065,11929400.0
2018-03-01,33.20332336425781,33.36387292582695,32.73696261418699,32.95102869627919,17746800.0
2018-03-02,33.4250373840332,33.48619787380302,33.0580656961191,33.065709663678426,14050100.0
2018-03-05,33.554996490478516,33.5932221511626,33.256832254139326,33.310348762383235,11992700.0
2018-03-06,33.58559036254883,33.67733256473931,33.325651692649124,33.60088121565258,10010500.0
2018-03-07,33.50149917602539,33.577950541194326,33.23391648150148,33.32565870299073,10881700.0
2018-03-08,33.983150482177734,33.99079445201801,33.48620786601461,33.56266214658034,12361100.0
2018-03-09,34.26600646972656,34.26600646972656,33.937260522839836,34.0748752409055,9778600.0
2018-03-12,34.0443000793457,34.47243516400303,33.8913974000832,34.365402121946616,11857700.0
2018-03-13,34.07488250732422,34.273660660888694,33.94491464389736,34.15133384858334,11342100.0
2018-03-14,33.766380310058594,34.2677096690563,33.72781719217661,34.22914655117432,15321200.0
2018-03-15,33.681522369384766,33.936044112472686,33.58897034561451,33.84349208870244,12456700.0
2018-03-16,33.519561767578125,33.95147619503754,33.511850323416496,33.70466879139683,26603300.0
2018-03-19,33.36530303955078,33.71237683534495,33.303602665951836,33.51955838681219,12380300.0
2018-03-20,33.28818130493164,33.534988716805856,33.172489043413414,33.41158501086875,13559800.0
2018-03-21,33.164772033691406,33.51184581782801,33.0028052484863,33.26503844736997,13054000.0
2018-03-22,32.97966766357422,33.45014517044169,32.93339311678474,33.07222264150551,12274100.0
2018-03-23,32.64802169799805,33.28817742857145,32.617170039562296,33.02594421621972,13475200.0
2018-03-26,32.92567443847656,33.01822940434182,32.5863150568313,32.86397407007551,11276100.0
2018-03-27,33.0799446105957,33.403881252072786,32.802285472808805,32.933403595509105,11627000.0
2018-03-28,33.411582946777344,33.70466783358802,33.164775550150324,33.164775550150324,16277400.0
2018-03-29,33.496429443359375,33.87435204883532,33.38845155608054,33.58127005255754,10450500.0
2018-04-02,32.91025924682617,33.55041806115746,32.75600680488408,33.50414056326879,14207900.0
2018-04-03,33.45787048339844,33.581274218766545,33.04138177321465,33.149359673889606,15484600.0
2018-04-04,34.12115478515625,34.24455847756179,33.24961455256808,33.272751825464084,13563300.0
2018-04-05,34.24456024169922,34.40652704466732,33.889772033351996,34.15200526099494,11707800.0
2018-04-06,33.87434768676758,34.33711378402713,33.71238087670611,34.15200675668803,11495100.0
2018-04-09,33.80492401123047,34.17513499395572,33.76635797667911,33.959176380734476,11913400.0
2018-04-10,33.928340911865234,34.074881896948305,33.72009660116202,33.99004129530887,10379500.0
2018-04-11,33.928340911865234,34.04403023413824,33.750945321795584,33.78951137139642,8424300.0
2018-04-12,33.95919418334961,34.2522791349684,33.897493791637544,33.997760238118666,8476400.0
2018-04-13,34.329402923583984,34.46823247280367,34.04403238004427,34.08259548989936,10774200.0
2018-04-16,34.46052169799805,34.62248852784588,34.244565924867594,34.43738442007028,8962100.0
2018-04-17,34.614768981933594,34.730458286675166,34.437376360922336,34.66875791258154,8406400.0
2018-04-18,34.329402923583984,34.68419118391024,34.190576316540984,34.630202241677765,7429000.0
2018-04-19,34.17515182495117,34.29855554663496,33.951481659969055,34.198289103336634,10370400.0
2018-04-20,33.73552322387695,34.252275348272434,33.612119511918586,34.17514913161467,14690700.0
2018-04-23,33.920631408691406,33.92834579659283,33.596697729077846,33.735527289534204,11878500.0
2018-04-24,33.218780517578125,34.01319202501419,32.95654716432093,33.92063994215214,18523900.0
2018-04-25,32.72514343261719,33.079928629646844,32.32408075425404,32.96423933957666,20774700.0
2018-04-26,32.97195816040039,33.24190283981383,32.59403266704523,32.70201348098695,13561000.0
2018-04-27,33.40387725830078,33.427014536291026,32.941111103258635,32.95653693597772,9777900.0
2018-04-30,33.32674789428711,33.69695905078842,33.14164378712482,33.55041805410355,16037700.0
2018-05-01,32.84855270385742,33.157063414291365,32.53233054964191,33.133923198594296,11514200.0
2018-05-02,32.439781188964844,32.848555413155125,32.34722620289516,32.70201443180943,13736400.0
2018-05-03,32.30866241455078,32.702013741603835,32.02329190229999,32.56318420760586,18352200.0
2018-05-04,32.67115020751953,32.77912804090624,32.216098665264646,32.23152449034493,10946200.0
2018-05-07,32.501487731933594,32.77143541254445,32.36265816868846,32.65574312911451,9336000.0
2018-05-08,32.2469596862793,32.46291541580868,32.15440470890143,32.37036338060697,15062200.0
2018-05-09,32.223812103271484,32.570885833644,32.13897153116093,32.37035597952625,9295200.0
2018-05-10,32.532325744628906,32.6711552496015,32.34721875727354,32.385784797013734,7924200.0
2018-05-11,32.501487731933594,32.75600957860866,32.42436150443162,32.57861690161255,6331900.0
2018-05-14,32.42435836791992,32.64031413777693,32.31638048299142,32.586325195312675,10715500.0
2018-05-15,32.17755126953125,32.33180371122627,31.969306942630894,32.223825825169065,16449700.0
2018-05-16,32.04642868041992,32.34722501869346,32.03871723628464,32.19297259857721,11590500.0
2018-05-17,32.62488555908203,32.66344866585657,32.29323754490336,32.40121542074266,14857400.0
2018-05-18,32.532325744628906,32.68658107706242,32.45519954950002,32.62487776721871,11950200.0
2018-05-21,32.7097282409668,32.794568846575984,32.6017503582557,32.63260202250934,9110200.0
2018-05-22,32.58631896972656,32.85626363047514,32.55546731073354,32.77913742516873,8222900.0
2018-05-23,32.70201873779297,32.740581849311525,32.33951901672956,32.58632646106049,8971400.0
2018-05-24,32.64030456542969,32.75599680373954,32.54003815503953,32.7020078771085,9269600.0
2018-05-25,32.70201873779297,32.84084829300122,32.54776334954194,32.65574123866462,8806500.0
2018-05-29,32.91796875,33.04908389463181,32.47062849664753,32.48605432698826,14826900.0
2018-05-30,33.26504135131836,33.38073066134597,32.933393366655395,32.98738229977019,10114200.0
2018-05-31,33.164772033691406,33.32673881889651,32.917964663233356,33.31902737577167,15571300.0
2018-06-01,33.257328033447266,33.41158339394772,33.19562765455286,33.24190220317959,10664700.0
2018-06-04,33.54269790649414,33.61982410743919,33.388442562428054,33.442431491524786,11727600.0
2018-06-05,33.24961853027344,33.58126654494693,33.24190414360115,33.55041488261068,9975900.0
2018-06-06,33.519561767578125,33.519561767578125,33.19562815361581,33.211053984115395,9202900.0
2018-06-07,33.504150390625,33.727820616094874,33.419312699543156,33.419312699543156,11948100.0
2018-06-08,33.89749526977539,33.93605838404913,33.59669885939237,33.604410305376305,12078800.0
2018-06-11,34.03632354736328,34.128875606554566,33.851216486803786,33.897493987487884,7526100.0
2018-06-12,34.25226974487305,34.25998118840666,33.99775091779843,34.03631401981869,8243300.0
2018-06-13,34.07487869262695,34.33711191749974,34.05174141878343,34.205993833975235,16745000.0
2018-06-14,33.911468505859375,34.12156447358166,33.86477886393246,34.043751372083,12696200.0
2018-06-15,34.331661224365234,34.35500752803241,33.81030694707508,33.895903134302856,21562500.0
2018-06-18,33.88811492919922,34.20715332629366,33.77139530199623,34.14490345212784,12161900.0
2018-06-19,33.92702865600586,34.04375127630501,33.61577328250737,33.69358638378711,12936400.0
2018-06-20,33.662452697753906,34.06708726759778,33.6391093660791,33.94258455136727,10893700.0
2018-06-21,33.53017807006836,33.69358736855954,33.42901866074445,33.67024403116927,10465200.0
2018-06-22,33.65468215942383,33.779184911105006,33.522399284428715,33.576869052765495,14924400.0
2018-06-25,33.911468505859375,34.043751372083,33.58464694913001,33.58464694913001,12092400.0
2018-06-26,33.716941833496094,34.1137935070631,33.67803230392374,33.8959143896836,13974700.0
2018-06-27,33.51462936401367,33.93482742921825,33.452379447898686,33.71694827024443,15332600.0
2018-06-28,33.825870513916016,33.98927979939885,33.59242528507838,33.64689801528538,12668900.0
2018-06-29,34.12934875488281,34.31610139234365,33.701370744957096,33.90368659693628,11485600.0
2018-07-02,34.043766021728516,34.362804624568334,33.911483098581165,34.067109368547264,9232500.0
2018-07-03,34.23051452636719,34.49508328558649,34.23051452636719,34.284984303114086,8214300.0
2018-07-05,34.751861572265625,34.75964169512868,34.33944678779352,34.362790124762256,11653000.0
2018-07-06,34.736305236816406,34.96974755786992,34.6896185536338,34.759648578407706,8733900.0
2018-07-09,34.54954528808594,34.80633089662863,34.5028556463602,34.658484817066444,7373100.0
2018-07-10,34.99308395385742,35.01642728883527,34.627355874514876,34.63513599671438,10606100.0
2018-07-11,34.85302734375,35.01643666912804,34.7363047008342,35.00865654484437,7715600.0
2018-07-12,34.75965118408203,34.98531339764806,34.619588155654554,34.88415693091602,6331600.0
2018-07-13,34.81412124633789,34.845244712264595,34.60402226733684,34.782994812031035,5585900.0
2018-07-16,34.806331634521484,34.860801400166494,34.65070246051591,34.806331634521484,5831400.0
2018-07-17,35.210968017578125,35.31990755418346,34.76742677946796,34.82189654777063,11592200.0
2018-07-18,35.10981750488281,35.24210338171029,34.89193837643815,35.16428728699398,7351600.0
2018-07-19,35.1020393371582,35.35104491737584,34.95419023314228,35.00866298667176,10097500.0
2018-07-20,35.23430252075195,35.23430252075195,34.93861041507758,35.03198671327059,8588400.0
2018-07-23,34.97751998901367,35.29655842316145,34.8374540453996,35.234305573386635,9055700.0
2018-07-24,35.21876525878906,35.22654835426081,34.71297388322984,34.84525682243756,13786100.0
2018-07-25,35.86460876464844,36.24590011709045,35.600040042320046,35.794575780256224,21330600.0
2018-07-26,35.98133087158203,36.25367971338072,35.95020444155368,36.07470719328733,12673100.0
2018-07-27,35.95798110961914,36.18364325307087,35.8412614607982,36.04357729978217,10516900.0
2018-07-30,35.973548889160156,36.13695819927823,35.833482918093274,35.87238947263856,8967900.0
2018-07-31,36.28480911254883,36.315932576744224,36.035803588705726,36.105836577810344,12438800.0
2018-08-01,36.098052978515625,36.17586905886124,35.92686057013522,36.144742626722994,9904100.0
2018-08-02,35.93464660644531,36.28481157573934,35.93464660644531,36.16808892984793,12009700.0
2018-08-03,36.27702713012695,36.38596667909387,35.90351883293464,35.97355182418195,11462800.0
2018-08-06,36.30037307739258,36.47156252332734,36.22255699434945,36.26146355168099,10056100.0
2018-08-07,36.18364715576172,36.26924335515697,35.895735095561136,36.199210370959015,8632900.0
2018-08-08,35.91130065917969,36.2303391706384,35.887954350667115,36.1758693980757,6810000.0
2018-08-09,36.06693649291992,36.12140627999356,35.85684043899632,35.98912335949494,8924100.0
2018-08-10,35.85682678222656,36.12139252245879,35.7712305870316,35.95798322347549,7535400.0
2018-08-13,35.662288665771484,35.89573092988056,35.56112926291842,35.83347807631577,8143400.0
2018-08-14,35.708980560302734,35.87238987224112,35.693417344635286,35.72454377597018,6846100.0
2018-08-15,35.85682678222656,35.91129654855433,35.52222509285333,35.615601411075275,9686400.0
2018-08-16,35.96577835083008,36.09028113958407,35.771242557878175,35.88018212699034,10600700.0
2018-08-17,36.2614631652832,36.362622587971295,35.98133417445314,36.02024073137009,8885700.0
2018-08-20,36.36262893676758,36.471568502507544,36.25368937102761,36.32372237305766,6392000.0
2018-08-21,35.96577835083008,36.378193282006315,35.95799525681885,36.36263006236449,13986300.0
2018-08-22,35.740108489990234,36.09027343623828,35.73232539764028,36.059147003598454,7159100.0
2018-08-23,35.561134338378906,35.856829498255834,35.553351246382746,35.70898043412744,13144900.0
2018-08-24,35.506675720214844,35.638958641899656,35.467769153153476,35.52223894071555,10952900.0
2018-08-27,35.553348541259766,35.83348046421004,35.45219210004522,35.83348046421004,9581200.0
2018-08-28,35.30435562133789,35.584487644061355,35.23432261565702,35.522237732556526,8476800.0
2018-08-29,35.27321243286133,35.34324243101634,35.187616255055374,35.210959587773715,12410900.0
2018-08-30,34.97751998901367,35.265431998274046,34.930830351682566,35.234305573386635,9716500.0
2018-08-31,34.681827545166016,35.070898980914684,34.541761590826134,35.01642921738023,19834100.0
2018-09-04,34.82967758178711,34.93862008962076,34.635141841796745,34.70517482692847,11138500.0
2018-09-05,35.31212615966797,35.34324962016354,34.75186231343268,34.75186231343268,10554900.0
2018-09-06,35.61561584472656,35.79458843067423,35.24988757827041,35.3277036819743,11439400.0
2018-09-07,35.57669448852539,35.65450759150304,35.234309711312676,35.483315202896684,10208100.0
2018-09-10,35.841270446777344,36.03580621196493,35.638951588689345,35.72454780031271,8568900.0
2018-09-11,35.81013870239258,35.91129811643775,35.70119916498076,35.87238859446516,9278300.0
2018-09-12,35.98133087158203,36.028017548244804,35.81013847480585,35.91907801152533,13216400.0
2018-09-13,35.965633392333984,36.19321203070591,35.87145982442638,36.10688775693823,8294800.0
2018-09-14,36.09120178222656,36.12258998366336,35.7929914163585,36.03626569404662,7612900.0
2018-09-17,36.350162506103516,36.358011799708464,36.02841032175337,36.099038996056,8527300.0
2018-09-18,36.04411697387695,36.51497295127026,36.04411697387695,36.40510675612044,9847400.0
2018-09-19,36.067657470703125,36.18537295728395,35.997028777480466,36.09904866627524,7119000.0
2018-09-20,36.601280212402344,36.632671394587774,36.216748708328446,36.271681780339,9736700.0
2018-09-21,36.55419921875,36.640520485897106,36.397246289488486,36.60128300198876,19240300.0
2018-09-24,36.15397262573242,36.514962302703374,35.97347778724695,36.483574108692125,10778900.0
2018-09-25,35.84791564941406,36.24029650985543,35.79298256844254,36.14612594156546,7919100.0
2018-09-26,35.9813232421875,36.15397177652198,35.761590921127876,35.91854386201119,10162600.0
2018-09-27,36.10688781738281,36.24029887532763,35.84791798927482,35.88715547915439,10826900.0
2018-09-28,36.24815368652344,36.24815368652344,36.07550809179234,36.09904999252174,9071900.0
2018-10-01,36.2795295715332,36.37370012833558,36.138272239515636,36.232442796318004,9364700.0
2018-10-02,36.49927520751953,36.53851569802024,36.14613474204608,36.31878032700691,7462700.0
2018-10-03,35.99702835083008,36.530666694714384,35.94209525604456,36.46003800232884,10542300.0
2018-10-04,35.9813232421875,36.020563722629596,35.65172476059807,35.83221959484395,9582300.0
2018-10-05,36.004878997802734,36.22461138519194,35.855772311820694,36.051962798740846,8734100.0
2018-10-08,36.47572708129883,36.554205055274046,36.07549989172536,36.0911954865204,9808100.0
2018-10-09,36.40510559082031,36.53066738034801,36.27169749915991,36.39725928868761,10824500.0
2018-10-10,35.84791564941406,36.64837296394987,35.84006635577334,36.334467078145416,13917000.0
2018-10-11,35.03178405761719,36.07551921843235,34.921917828821954,35.94210808801655,17677900.0
2018-10-12,35.06315612792969,35.22010908067707,34.72570832729283,34.90620317518231,12420100.0
2018-10-15,35.24365997314453,35.52617476148706,34.99253638209102,35.03177388188763,11608500.0
2018-10-16,35.698822021484375,35.78514332036564,35.20442116032466,35.329982951168326,10442500.0
2018-10-17,35.98917007446289,36.09118992810426,35.59678924590334,35.63602673003366,11055800.0
2018-10-18,35.792991638183594,36.1618306984213,35.67527615277139,36.020573313378314,12716900.0
2018-10-19,36.35801696777344,36.483578740645015,35.96563605334616,35.96563605334616,13989200.0
2018-10-22,36.07550048828125,36.46003208941842,35.94993872147319,36.38940340848709,14283600.0
2018-10-23,36.381568908691406,36.460043915790266,35.6674355670251,35.800843677819095,17483900.0
2018-10-24,36.67191696166992,37.18985960742441,36.28738537280674,36.35801405148365,21626000.0
2018-10-25,36.49927520751953,36.67977308166127,36.19321854084035,36.60914438984076,14220200.0
2018-10-26,36.03627395629883,36.47574180709387,35.65174220627926,36.38941749768504,21458000.0
2018-10-29,36.46004104614258,36.53851904069433,36.13828875255388,36.21676674710564,20932200.0
2018-10-30,37.378204345703125,37.464528620313004,36.130432998225366,36.585593273038434,20895400.0
2018-10-31,37.57438278198242,37.73133568623747,37.056440293480115,37.276172563260594,25309400.0
2018-11-01,37.464542388916016,37.7862947165819,37.11924516357623,37.51947549410558,16494500.0
2018-11-02,37.668575286865234,37.668575286865234,37.22910749747856,37.52731789004914,17584900.0
2018-11-05,38.21004867553711,38.28067735305165,37.605781766496854,37.668564143678005,16543500.0
2018-11-06,38.539649963378906,38.55534555759066,38.13941979505032,38.178660277393966,14373400.0
2018-11-07,38.74369430541992,38.884951687423,38.47687513870623,38.759389902712385,12239700.0
2018-11-08,38.71231460571289,38.743702813561605,38.53181669402666,38.54751229476589,9762800.0
2018-11-09,38.986968994140625,39.151768264366886,38.73584544133045,38.759387338897376,12398100.0
2018-11-12,39.13607406616211,39.426438116794955,38.87710420278813,38.93203729482591,13918300.0
2018-11-13,39.12821960449219,39.238085765655484,38.908487282165595,39.088982117452204,13872900.0
2018-11-14,39.049747467041016,39.19100483637784,38.91633939246114,39.12037615170943,12106800.0
2018-11-15,39.034061431884766,39.04190773433296,38.66522235060406,38.97127903778196,12080100.0
2018-11-16,39.37150573730469,39.434288130474364,38.9477365579265,38.971278458550486,13405800.0
2018-11-19,39.63832473754883,39.83451522485206,39.43428794795034,39.48137474260965,13575800.0
2018-11-20,38.75154113769531,39.89729272455527,38.618130066004,39.88159712826048,16255300.0
2018-11-21,38.2414436340332,38.79862381511535,38.131577456763914,38.63382454921142,13559200.0
2018-11-23,38.46902847290039,38.63382775246837,38.10018942409,38.25714240190053,4792500.0
2018-11-26,38.3513069152832,38.633821631858616,38.194353962338134,38.461173084256174,9341900.0
2018-11-27,38.74369430541992,38.77508550000484,38.24144716657746,38.35916264945639,9180700.0
2018-11-28,39.01050567626953,39.0183549701617,38.61812480325867,38.61812480325867,11368700.0
2018-11-29,38.74158477783203,39.097520728637306,38.73367643105917,38.97887440593511,11564300.0
2018-11-30,39.86476135253906,39.935948544919725,38.74949735010965,38.757405697129094,25538200.0
2018-12-03,39.303165435791016,39.51672697639289,38.67039217695264,39.445539796192264,14877200.0
2018-12-04,39.21616744995117,39.951764399357266,39.152888605919784,39.52464427135081,19059900.0
2018-12-06,39.0579719543457,39.25571380888955,38.488474447723014,39.160795546251606,17674900.0
2018-12-07,38.828590393066406,39.29526128704631,38.662487960624716,39.20825438891936,15565700.0
2018-12-10,38.947227478027344,39.11332987108861,38.33818235283553,39.11332987108861,12331100.0
2018-12-11,39.184532165527344,39.556284852911304,38.89978337192147,39.22407993857223,18083600.0
2018-12-12,38.93141174316406,39.56418498411882,38.907680672233944,39.50881751411658,12316900.0
2018-12-13,39.129150390625,39.23988532163318,38.417278666571555,38.535924959680656,13766200.0
2018-12-14,39.026329040527344,39.16870340444021,38.77321973074913,38.93932214954715,13835900.0
2018-12-17,38.22745895385742,39.17661749608215,37.98225795397856,39.0263347642669,18482700.0
2018-12-18,38.21954345703125,38.62293850943079,37.84778782389856,38.44892472076423,14765700.0
2018-12-19,37.887332916259766,38.56756222452539,37.66586003195639,38.15626190503478,17903800.0
2018-12-20,37.60259246826172,38.06926337416674,37.25456486686057,37.81615403713025,21130000.0
2018-12-21,37.626312255859375,38.55965386253136,37.357383267203026,37.38111131942838,32477700.0
2018-12-24,36.35286331176758,37.863611021985164,36.250039715628624,37.665869159300655,10733700.0
2018-12-26,37.12800979614258,37.14382950669865,36.11557245896414,36.28958625777965,14342600.0
2018-12-27,37.59467697143555,37.610496680423914,36.40822595301649,36.96981506155025,16966500.0
2018-12-28,37.33366775512695,37.97434951881767,37.199201706982144,37.879434260734165,13218200.0
2018-12-31,37.45231246948242,37.602598235793494,37.14383560623598,37.563050461559655,10576300.0
2019-01-02,37.1201057434082,37.349487047053174,36.827448607520736,37.12801409095041,11603700.0
2019-01-03,36.890708923339844,37.468114604712746,36.803702050463045,37.03308325762909,14714400.0
2019-01-04,37.626312255859375,37.626312255859375,36.89071246386703,36.97771934509418,13013700.0
2019-01-07,37.135921478271484,37.768694819429946,37.09637371019307,37.62632044050663,13135500.0
2019-01-08,37.55513381958008,37.62632101011941,37.20710923099961,37.373211669824286,15420700.0
2019-01-09,36.835357666015625,37.3969438887014,36.72462269447777,37.23875279639114,18032500.0
2019-01-10,37.230831146240234,37.246650854561345,36.653425370373576,36.90653466890962,15976600.0
2019-01-11,37.44438934326172,37.460209050172,37.15173230867303,37.404841584636316,11088600.0
2019-01-14,37.29410171508789,37.49184349933056,37.167547093864584,37.373197221864885,11514300.0
2019-01-15,37.626312255859375,37.650040308084726,37.025178466845524,37.08845427854668,11342900.0
2019-01-16,37.11217498779297,37.54720930785324,37.064718892731875,37.49184185208193,16907800.0
2019-01-17,37.22292709350586,37.286202916786806,37.08055271949724,37.112189122487116,12044600.0
2019-01-18,37.657962799072266,37.721238629472744,37.27038740015128,37.37321401901628,12760700.0
2019-01-22,37.74496841430664,37.80033589550035,37.341573317265095,37.729148702922515,11700400.0
2019-01-23,38.18000030517578,38.195820016720816,37.68960131648545,37.82406433866608,12058300.0
2019-01-24,37.721229553222656,38.05343738912135,37.47603162062921,38.05343738912135,10272000.0
2019-01-25,37.46812057495117,37.99015887809416,37.36529699725845,37.87151559214851,12066500.0
2019-01-28,37.30992126464844,37.41274784518651,37.127999171265955,37.349472038371054,9966900.0
2019-01-29,37.491851806640625,37.673773926377514,37.278290270262325,37.33365774073438,11998600.0
2019-01-30,37.85569381713867,37.879421869572184,37.32574418015176,37.37320330231945,12952500.0
2019-01-31,38.06926345825195,38.58339048017358,37.54722507229848,37.847790524879876,32181500.0
2019-02-01,38.52010726928711,38.58338308290399,38.2828176879475,38.34609350156439,19130100.0
2019-02-04,38.95513916015625,39.113333222134806,38.393553106568106,38.5201077526908,15105700.0
2019-02-05,38.96304702758789,39.12915245014351,38.836492383017394,39.018417513306915,12651900.0
2019-02-06,38.96304702758789,39.0421455662574,38.77321656938251,38.9234992669035,8689100.0
2019-02-07,39.0896110534668,39.121250476527905,38.757406163229525,38.89186918528706,10047800.0
2019-02-08,39.15288543701172,39.15288543701172,38.844408640579196,39.05005883243384,9813300.0
2019-02-11,39.23989486694336,39.45345643610936,39.1370682557224,39.2082554454444,9369300.0
2019-02-12,39.27943420410156,39.390169138278104,39.12124014786337,39.30316225648206,10983300.0
2019-02-13,39.38226318359375,39.500906469998064,39.20034106393313,39.2398888260679,12748800.0
2019-02-14,36.06019592285156,37.14382017669043,35.989008751881094,36.93817002572048,58905400.0
2019-02-15,35.78336715698242,36.59015126448849,35.751727736252434,36.305405529822295,35701600.0
2019-02-19,35.459068298339844,36.060202166043624,35.41160917037598,35.846640616157785,25511300.0
2019-02-20,35.6726188659668,35.783356806490325,35.435329313731394,35.52233618692112,27464000.0
2019-02-21,36.27375793457031,36.31330569291984,35.56188621507656,35.59352562867641,23121200.0
2019-02-22,35.81499099731445,36.34494054809301,35.751715195351444,36.19465486099303,24728400.0
2019-02-25,35.546077728271484,36.04438808920703,35.466982186606195,35.94156147120095,23774400.0
2019-02-26,35.348331451416016,35.704267379153265,35.32460339533391,35.6726279595097,20463200.0
2019-02-27,35.546077728271484,35.60935657544492,35.134774273548665,35.27714866238739,17827500.0
2019-02-28,35.86245346069336,36.07601496969929,35.6805313642736,35.68843970876991,22533900.0
2019-03-01,35.894100189208984,36.099750378333724,35.751725820852975,35.965287373386985,16291600.0
2019-03-04,36.1076545715332,36.123471260608724,35.830814235903965,36.012736333277225,15973800.0
2019-03-05,36.06810760498047,36.147206145211605,35.909916559119786,36.10765838374643,13062300.0
2019-03-06,35.949462890625,36.2183918821121,35.94155152826618,36.123473637610296,14232100.0
2019-03-07,35.81499099731445,36.01273278156164,35.69634773714625,35.981096389230224,12084000.0
2019-03-08,35.46697998046875,35.79127650880677,35.2850578321134,35.712180972061425,15579100.0
2019-03-11,36.5268669128418,36.57432603285707,35.67262085637006,35.70426026971357,22126900.0
2019-03-12,36.42405319213867,36.582247297425695,36.3054098761496,36.34495764814596,19348500.0
2019-03-13,36.55851364135742,36.65342888307949,36.31331266483251,36.487326455740586,16222500.0
2019-03-14,36.4627685546875,36.78989611035635,36.40691773130318,36.574470201456144,18504100.0
2019-03-15,36.14360809326172,36.62233321351225,36.015948669923056,36.478715981801166,47254500.0
2019-03-18,36.231380462646484,36.446806345562045,36.191487456989805,36.2473382736374,24006400.0
2019-03-19,36.3510627746582,36.45478398135465,36.17552989618535,36.34308234728694,14987000.0
2019-03-20,36.32713317871094,36.62234818885687,36.04787902710477,36.22341194733835,13376100.0
2019-03-21,36.31116485595703,36.5106329189935,36.25531404179811,36.32712266623688,20043000.0
2019-03-22,36.646278381347656,36.789895652159124,36.271277391601984,36.271277391601984,19055900.0
2019-03-25,36.72605895996094,36.861698826138294,36.534571323010816,36.590422137424696,11668200.0
2019-03-26,37.2127685546875,37.332450633127245,36.83776754964186,36.83776754964186,11434900.0
2019-03-27,37.1888313293457,37.428192429536274,36.96542804165337,37.22074695434218,11543600.0
2019-03-28,37.164894104003906,37.43616777074365,37.08510504586749,37.24468011849897,11121100.0
2019-03-29,37.388301849365234,37.42819486138207,37.085109479482185,37.236704142602846,16045600.0
2019-04-01,37.27659606933594,37.63563618136026,37.17287181466776,37.492021962735365,11522700.0
2019-04-02,37.15691375732422,37.444148279958405,37.15691375732422,37.30053101864131,8495000.0
2019-04-03,36.84574508666992,37.172872625939924,36.734043445500866,37.03723274477646,12854500.0
2019-04-04,37.085105895996094,37.13297933197538,36.789893983227394,36.97340425568585,7814900.0
2019-04-05,37.077125549316406,37.16489198644508,36.861699670084526,37.093083360034456,7677600.0
2019-04-08,37.140960693359375,37.1569185070613,36.917557388815936,37.13298330832929,9421300.0
2019-04-09,37.236690521240234,37.27658656230462,36.91754349820936,37.061160723847465,8641800.0
2019-04-10,37.2127685546875,37.500003108029546,37.14894034485687,37.3723436447266,8059900.0
2019-04-11,37.26861572265625,37.30053134626068,37.13297888779953,37.27659615037805,7352400.0
2019-04-12,37.29255294799805,37.444147590534314,37.15691307318871,37.236699086388576,10690000.0
2019-04-15,37.499996185302734,37.53191180614707,37.26063511625243,37.40425236641084,10261300.0
2019-04-16,37.460105895996094,37.57978491737444,37.26063781672416,37.53989191024832,10804600.0
2019-04-17,37.723392486572266,37.938818322078696,37.61967130341924,37.6595643002966,11849300.0
2019-04-18,37.88298416137695,37.96277323382708,37.71543167469454,37.763305118164624,12167000.0
2019-04-22,37.81915283203125,37.98670530491296,37.51596046897745,37.81915283203125,9834700.0
2019-04-23,38.46543502807617,38.87235173431754,37.93883926513729,38.369691173989715,25327800.0
2019-04-24,38.28190231323242,38.481370334691725,38.234028892371626,38.32179530879619,15997300.0
2019-04-25,38.170223236083984,38.210116255192425,37.87501124231082,38.090437197867104,11444400.0
2019-04-26,38.50532150268555,38.65691920983629,38.28191819990559,38.289898628514436,10154300.0
2019-04-29,38.63298034667969,38.65691858847971,38.38564184933228,38.43351224564898,9731500.0
2019-04-30,39.143619537353516,39.23936336945914,38.60904346717723,38.72074511190738,17912900.0
2019-05-01,38.768619537353516,39.15957834750969,38.73670391129146,39.055854084628805,10551200.0
2019-05-02,38.60905075073242,38.91224316051228,38.51330690056482,38.72075241653497,8724600.0
2019-05-03,38.872344970703125,39.06383264555804,38.712769879229555,38.77659808963395,7076900.0
2019-05-06,38.672874450683594,38.784576094642574,38.505318941103596,38.56117280672461,8657800.0
2019-05-07,38.297882080078125,38.529265848119394,38.11437176034815,38.4813923998081,12487500.0
2019-05-08,38.17818832397461,38.481380650086415,38.154253128948326,38.33776339264615,9281400.0
2019-05-09,37.81915283203125,38.281917239558126,37.55585348009571,38.13829996461904,11450500.0
2019-05-10,38.44947052001953,38.537236972508126,37.81915362637198,37.82713101130653,9653800.0
2019-05-13,38.3377571105957,38.4015883450614,38.08243826001446,38.22605549392151,11911500.0
2019-05-14,38.84839630126953,39.351056639217006,38.577119631670676,38.720736871084235,16844200.0
2019-05-15,39.23935317993164,39.39892822109753,38.77658586491463,38.83243667277657,11422500.0
2019-05-16,39.55851745605469,39.62234566923847,39.26330245869893,39.31117590131815,17771300.0
2019-05-17,39.25531768798828,39.5345717749574,39.23137944936144,39.311168505382106,11257000.0
2019-05-20,38.9760627746582,39.20744648481922,38.90425414197518,39.12766046790095,13850500.0
2019-05-21,38.77659606933594,39.11968143285444,38.65691703969744,39.09574623565505,10587400.0
2019-05-22,39.6143684387207,39.6622388378851,38.87234681525402,38.92021721441841,16050400.0
2019-05-23,39.77394485473633,39.813840916603134,39.46277505148527,39.49469068352184,12199400.0
2019-05-24,39.58244323730469,39.80584649575417,39.51861199566705,39.7499956811418,6887600.0
2019-05-28,39.175533294677734,39.630320315380224,39.11968247063649,39.57446949133898,18614000.0
2019-05-29,38.78458023071289,39.119685198326145,38.62500513219341,38.88830450129684,12534600.0
2019-05-30,39.29521179199219,39.34308522694205,38.832444385067575,38.87234043601314,9087200.0
2019-05-31,39.19947052001953,39.34308779058604,38.92021336341062,39.0957462593567,11368600.0
2019-06-03,39.877655029296875,39.877655029296875,39.111698393249085,39.22340002221758,14167200.0
2019-06-04,39.893619537353516,40.117022832797375,39.590427176649975,39.893619537353516,12010600.0
2019-06-05,40.515960693359375,40.803195252816195,39.646279629955885,39.90159856199712,15837600.0
2019-06-06,41.01064682006836,41.12234848064139,40.36436901349897,40.61968796442076,15190400.0
2019-06-07,41.082454681396484,41.64096297360541,41.05053905222971,41.0664968668131,15293600.0
2019-06-10,40.99468231201172,41.12234176662975,40.763298599378565,41.12234176662975,9737400.0
2019-06-11,40.95479202270508,41.162237508869126,40.8351099444601,41.050535859116046,9915600.0
2019-06-12,41.20213317871094,41.60106940707745,41.06649632201442,41.090431521751015,11088100.0
2019-06-13,41.113677978515625,41.57201522497168,40.83224083606278,41.379029668221115,10353600.0
2019-06-14,41.258419036865234,41.43531915226336,41.04935108130169,41.04935108130169,8694300.0
2019-06-17,40.90460968017578,41.39511169305198,40.69554480730135,41.210168864285784,12322400.0
2019-06-18,40.71965789794922,41.25036422344758,40.63120633246605,41.2101598029736,9221100.0
2019-06-19,41.10563278198242,41.20212708825976,40.58296909295217,40.639255904580025,9414100.0
2019-06-20,41.53985595703125,41.64438994192706,41.29058355224947,41.4111999246217,10656600.0
2019-06-21,41.45139694213867,41.72479134551194,41.3388233173499,41.4353145575401,21264400.0
2019-06-24,41.74890899658203,41.974059289874226,41.572008919410685,41.604173685223984,10780000.0
2019-06-25,41.62025451660156,41.89364890117024,41.52376328304821,41.81324005110928,11519900.0
2019-06-26,41.10563278198242,41.52376557364733,41.08151073911368,41.42727433477118,12405100.0
2019-06-27,41.073463439941406,41.33077540734553,40.98501187600862,41.24232384341275,12374900.0
2019-06-28,40.9448127746582,41.330783872214916,40.62317428322926,41.22624990548492,16339900.0
2019-07-01,41.49160385131836,41.515728963359614,40.832241380350226,41.06543136987347,14976400.0
2019-07-02,41.79716110229492,41.85344791544316,41.45139749729788,41.63634032155656,8569200.0
2019-07-03,41.89364242553711,42.07858827341147,41.8132335879052,41.8132335879052,7253700.0
2019-07-05,41.90169143676758,41.909731094776845,41.395107094955954,41.724788286553775,8916300.0
2019-07-08,41.81324768066406,42.07860245560565,41.72479608901687,41.974068477531546,9495100.0
2019-07-09,41.48356246948242,41.789121647637174,41.35490645774378,41.58809643758297,10584900.0
2019-07-10,41.66850280761719,41.789119153411114,41.53984680355751,41.652420423684596,7620900.0
2019-07-11,41.845428466796875,41.86151085937814,41.53986914255832,41.805224019045085,10376500.0
2019-07-12,41.90973663330078,42.0464353767315,41.740876186181715,42.014270605641755,7347400.0
2019-07-15,41.91777801513672,42.04643402796728,41.70871007716124,42.038391301752135,5876100.0
2019-07-16,41.92581558227539,42.19117032091313,41.6604639110388,41.78107719163683,7132500.0
2019-07-17,41.957984924316406,42.02231140083364,41.82128617718988,41.990149696275765,8264200.0
2019-07-18,41.83736038208008,41.94993399452313,41.54788362585458,41.84540310719794,11911800.0
2019-07-19,41.32274627685547,41.93386470102976,41.30666389017703,41.925821973989734,10355500.0
2019-07-22,41.186038970947266,41.42726856826004,41.11366978501336,41.42726856826004,12090700.0
2019-07-23,43.68680953979492,43.93607889086543,42.424368126474924,42.81837897278274,33417900.0
2019-07-24,43.244544982910156,44.08081064662571,43.11588896290788,43.517939408840185,15633400.0
2019-07-25,42.67362976074219,43.26062298422137,42.39219570407448,43.123927318811674,19135000.0
2019-07-26,43.55813980102539,43.670716492065004,42.77012136815525,42.89073771771138,11451900.0
2019-07-29,43.41341018676758,43.662679509785484,43.34104098099428,43.55814553091258,12283900.0
2019-07-30,43.1962890625,43.662665857007525,43.07567273479254,43.38927150595117,8127100.0
2019-07-31,42.31981658935547,43.02742292809725,41.84539709973973,43.02742292809725,16865500.0
2019-08-01,41.83736038208008,42.77815983981292,41.821277999245225,42.44043593508289,19527200.0
2019-08-02,42.07859420776367,42.400232671052585,41.7408702937992,41.7408702937992,13102300.0
2019-08-05,41.53181457519531,42.34395517097357,41.33078934117675,42.12684755014533,19986500.0
2019-08-06,42.030357360839844,42.424365111747036,41.499650852290145,41.70871575130597,19903100.0
2019-08-07,42.76209259033203,42.930953068755734,41.62831027214121,42.03036078309402,17937000.0
2019-08-08,43.17217254638672,43.2445417439302,42.49672772511464,42.78620451528857,10799000.0
2019-08-09,42.9550666809082,43.341037794926855,42.68167533186382,43.25258620910597,9260900.0
2019-08-12,42.778167724609375,42.97115021939597,42.60930727482074,42.842494200404424,6588600.0
2019-08-13,43.0194091796875,43.10786079214973,42.51282462393256,42.53694974295099,8581200.0
2019-08-14,42.609310150146484,43.39732870307131,42.59322776326211,42.89074425211905,17088900.0
2019-08-15,43.31690979003906,43.421443754245686,42.802285762254414,42.963106537787404,12393200.0
2019-08-16,43.751129150390625,43.81545869372011,43.38124347845046,43.40536552349828,14288700.0
2019-08-19,43.97627258300781,44.04864177924298,43.670716481038156,43.77524737873248,10936200.0
2019-08-20,43.32495880126953,43.96823892932443,43.29279402801638,43.91999176944471,8176700.0
2019-08-21,43.50184631347656,43.75111863285238,43.3008211399995,43.62246264452309,10886500.0
2019-08-22,43.81546401977539,43.93607732707733,43.501862059025974,43.51794444681327,7467900.0
2019-08-23,43.21238327026367,43.99235904939138,42.93094611772356,43.75916905461853,14160400.0
2019-08-26,43.85566329956055,43.85566329956055,43.20434047405764,43.42144808255861,9226900.0
2019-08-27,44.00039291381836,44.18533571357415,43.75112058332969,43.98431053113514,13537000.0
2019-08-28,44.31399154663086,44.34615631188044,43.75916008197854,43.952145606075185,10046400.0
2019-08-29,44.2657470703125,44.49893703134433,43.90390110791846,44.43460749696271,9262800.0
2019-08-30,44.25770568847656,44.40244406779694,44.07276288543405,44.35419691888985,8746700.0
2019-09-03,44.46677780151367,44.49090291361155,44.12101417965778,44.20946576674669,12991400.0
2019-09-04,44.84469223022461,44.96530548355017,44.46676395485686,44.506968372632045,10718100.0
2019-09-05,44.32203674316406,44.84470350788442,44.24966754600896,44.82862112324981,13677000.0
2019-09-06,44.41050338745117,44.579363882284284,44.032574888860836,44.579363882284284,9093500.0
2019-09-09,43.83958435058594,44.289881988786696,43.71092832072882,44.24967448719246,10814900.0
2019-09-10,43.74308395385742,43.77524565404945,43.30082606795507,43.60638522528732,12038200.0
2019-09-11,44.04060363769531,44.06472568147085,43.39732357533687,43.654635600280244,9740400.0
2019-09-12,44.31399154663086,44.47481230547792,44.209457593270145,44.30594882161804,12357900.0
2019-09-13,43.949501037597656,44.37879241753179,43.795605993366244,44.12769757605438,11486100.0
2019-09-16,43.706512451171875,44.01430566275138,43.43922070440574,43.81990913706223,11172000.0
2019-09-17,43.93330383300781,44.305893783517824,43.7065073976224,43.819904070401314,11347400.0
2019-09-18,43.925209045410156,43.973808951127786,43.59311741424323,43.90091063746538,9700400.0
2019-09-19,44.16010284423828,44.224899627070585,43.84421118958932,43.925207940586695,7560300.0
2019-09-20,43.666011810302734,44.29779507880953,43.65791337165707,44.29779507880953,19211500.0
2019-09-23,43.8523063659668,44.03050291269607,43.64171297514583,43.66601138067155,6485300.0
2019-09-24,43.981903076171875,44.23299792967346,43.771309685042766,43.94140470362718,10093000.0
2019-09-25,43.87661361694336,44.12770852069784,43.73891850476819,44.0953085802466,10248400.0
2019-09-26,44.054805755615234,44.20870391232009,43.84421234358237,44.11960562998108,10031200.0
2019-09-27,43.9900016784668,44.25729339134443,43.73890684166745,44.19249661754859,7939900.0
2019-09-30,44.095306396484375,44.28970293973615,43.8604145644166,43.8604145644166,9808700.0
2019-10-01,44.26540756225586,44.37070273597686,43.747017774689304,44.16820773905863,14261500.0
2019-10-02,42.99374008178711,44.09531029142141,42.84794343392712,43.90901526133998,14343600.0
2019-10-03,43.609310150146484,43.722706821519196,42.783130428938414,43.33391690974379,13817500.0
2019-10-04,44.17630386352539,44.17630386352539,43.64981570003131,43.738913982145206,9295400.0
2019-10-07,43.63361740112305,44.030508921228005,43.552620645099104,44.00621051238646,5964900.0
2019-10-08,43.39871597290039,43.795604315385226,43.29341774149875,43.64170927705014,13301900.0
2019-10-09,43.60121536254883,43.79560878979798,43.3663204722806,43.78751035109086,7135000.0
2019-10-10,43.46352767944336,43.641724272300834,43.220534291801336,43.37442938301462,8942900.0
2019-10-11,43.17193603515625,43.49592929099858,43.09093926611001,43.45543090647546,8981700.0
2019-10-14,43.17193603515625,43.4797293192236,43.107139237884994,43.32583422210426,7306300.0
2019-10-15,43.34201431274414,43.47971247457096,43.14762090641243,43.27721754057606,9564300.0
2019-10-16,43.32582092285156,43.390617700232866,43.03422770006638,43.30151942773431,10454800.0
2019-10-17,43.568817138671875,43.836108884090876,43.39872211069361,43.48781729928132,13190300.0
2019-10-18,44.370689392089844,44.86477753035252,44.10339768325295,44.548885924532776,18122400.0
2019-10-21,43.925209045410156,44.19250389211499,43.479720724063505,44.10340560988005,12778900.0
2019-10-22,43.61740493774414,44.07909311245201,43.5283097675704,43.92519808415849,9533400.0
2019-10-23,44.25729751586914,44.273497483284736,43.74700935667539,43.7875108201283,8556600.0
2019-10-24,44.233001708984375,44.40309674210187,44.13580498860696,44.20060177224922,11051400.0
2019-10-25,43.53642272949219,44.19250760761436,43.47162284975395,44.184406077732916,9782400.0
2019-10-28,43.390625,43.69841824136865,43.228628394551855,43.528323196070815,8866100.0
2019-10-29,43.261024475097656,43.46351944138998,43.139526259391076,43.24482450701491,7999700.0
2019-10-30,43.69031524658203,43.779413531082106,43.058531905331535,43.350125167394275,8620900.0
2019-10-31,44.08720397949219,44.11960391541599,43.617414178080864,43.706512456957356,13982000.0
2019-11-01,43.65791702270508,44.3383002494687,43.617415556606296,44.249201967776266,9889500.0
2019-11-04,43.04233169555664,43.73891490884783,42.90463659470185,43.7065149710603,17515100.0
2019-11-05,42.45914840698242,42.83983998039646,42.21615503473386,42.83983998039646,19284000.0
2019-11-06,42.766944885253906,42.766944885253906,42.45105316852315,42.548249906787554,13288900.0
2019-11-07,42.353851318359375,42.928936327604355,42.08655645810769,42.831739601071114,11725500.0
2019-11-08,42.289039611816406,42.604931202060314,42.19184291247075,42.49153453785249,7141800.0
2019-11-11,41.98936462402344,42.41865304857359,41.94076471018002,42.38625619583989,8198300.0
2019-11-12,41.88405990600586,42.04605650404328,41.77876474363543,42.04605650404328,12656900.0
2019-11-13,42.45104217529297,42.48344210960026,42.08655063890537,42.26474718776771,12257900.0
2019-11-14,42.629241943359375,42.66163879028536,42.40244547590925,42.54824210147432,8660300.0
2019-11-15,42.661643981933594,42.66974551202202,42.426752136452194,42.637345571325135,8982400.0
2019-11-18,42.95322799682617,43.28531959271419,42.66163477315323,42.6697363014929,13782000.0
2019-11-19,42.99374008178711,43.18003511186854,42.82364193273145,43.050438434862826,12679500.0
2019-11-20,43.10713577270508,43.252932417131355,42.93703762765547,43.009935949868606,11970300.0
2019-11-21,42.89652633666992,43.2043195033648,42.750729736121166,43.01802453373639,7856100.0
2019-11-22,42.95322799682617,43.082824641811065,42.72643464055955,42.896529657759515,9113300.0
2019-11-25,43.10713577270508,43.244830886980765,42.74264416163939,43.15573259429488,10963500.0
2019-11-26,43.65791702270508,43.690313869824834,43.10713045390462,43.180028767123154,13219800.0
2019-11-27,43.69841766357422,43.819912798682694,43.41492283533136,43.68221769426078,9595200.0
2019-11-29,43.576011657714844,43.845299990990355,43.42912598032529,43.82082008239477,7222300.0
2019-12-02,43.86162185668945,43.86162185668945,43.12719345485608,43.51072863280329,13173800.0
2019-12-03,43.902427673339844,43.9350696310668,43.57601743479552,43.828984824908396,14498300.0
2019-12-04,44.30228042602539,44.31860140361892,43.83714345978841,43.902424257254346,13624000.0
2019-12-05,44.220672607421875,44.30227748998133,43.926904368931766,44.23699358393376,14068100.0
2019-12-06,44.40835189819336,44.4736357935538,44.2043443945532,44.31859121143396,7843500.0
2019-12-09,44.12275695800781,44.4818091602958,44.08195606661961,44.31044354872029,13887200.0
2019-12-10,43.87793731689453,44.122745715756245,43.845295366937584,44.09826580974238,8993900.0
2019-12-11,44.02482986450195,44.18803652690535,43.788180359662434,44.01666781928229,8879100.0
2019-12-12,44.179874420166016,44.432844902184435,44.016667757989886,44.073789622815305,11233300.0
2019-12-13,44.40835189819336,44.51443667170033,43.93505610846008,44.01665786475316,13072200.0
2019-12-16,44.40835189819336,44.74292719255438,44.367551020046825,44.628680375673625,9538100.0
2019-12-17,44.40835189819336,44.53891968891423,44.30227023759385,44.39203403726072,9230000.0
2019-12-18,43.9921875,44.67765298538803,43.97586652262074,44.49812534712436,15132100.0
2019-12-19,44.32675552368164,44.343076499503304,44.00034223306405,44.098268087994036,13385900.0
2019-12-20,44.8571891784668,45.04487578476016,44.44917400489634,44.83270615127463,23832800.0
2019-12-23,44.80821228027344,45.077503705148104,44.7510904227984,44.88165511315673,9300800.0
2019-12-24,44.64500427246094,44.88165373927495,44.58788241673447,44.718447103096054,3359300.0
2019-12-26,44.897979736328125,44.897979736328125,44.71029317324606,44.81637485265678,6228500.0
2019-12-27,45.167266845703125,45.24887172716218,44.881657542866236,44.88981647455818,6895500.0
2019-12-30,45.101993560791016,45.199916321933465,44.93062795056463,45.02855071170707,6431700.0
2019-12-31,45.167266845703125,45.19174986659481,44.86533656657443,45.04486419287643,7982600.0
2020-01-02,44.873497009277344,45.23254913615595,44.68580734507563,45.14278532620935,11867700.0
2020-01-03,44.62869644165039,44.87350802447477,44.13907950181879,44.326766099184525,11354500.0
2020-01-06,44.612361907958984,44.80821049213473,44.48995926664333,44.596044046109675,14698300.0
2020-01-07,44.26964569091797,44.555255063115254,44.1880439025498,44.432852380563,9973900.0
2020-01-08,44.35123062133789,44.58788007572705,44.188027106635374,44.285949838038384,10676000.0
2020-01-09,45.159114837646484,45.208077774028744,44.75109970651954,44.88166442396383,15398000.0
2020-01-10,45.314151763916016,45.64056505849423,45.2488709727451,45.27335088032071,13040100.0
2020-01-13,45.80376434326172,45.88536609733563,45.224380682870425,45.314144480096154,14302900.0
2020-01-14,45.69770431518555,45.93435388820164,45.55898063556794,45.89355298907347,16345300.0
2020-01-15,46.2689094543457,46.49739689689054,45.697687735075675,45.697687735075675,17735400.0
2020-01-16,46.36682891845703,46.472913700521275,46.19546334867398,46.39130882473812,10234100.0
2020-01-17,46.464759826660156,46.636128539483686,46.35051609338331,46.40763796002173,14264300.0
2020-01-21,46.652442932128906,46.717726839375416,46.162826079412206,46.391313528958925,11968900.0
2020-01-22,47.01149368286133,47.035973589274576,46.660600497368684,46.717722354271416,12869600.0
2020-01-23,47.19102478027344,47.207342643814684,46.709566870199694,46.82381059243618,12858900.0
2020-01-24,47.0686149597168,47.22365955326958,46.88908734714475,47.207338578225965,8594300.0
2020-01-27,46.9054069519043,47.207337199121376,46.619797679254035,46.685078464613696,14359900.0
2020-01-28,46.52187728881836,47.125740966992666,46.489238448763835,46.88093254558988,15240200.0
2020-01-29,46.52187728881836,46.72588482547201,46.23626798266644,46.51371835703172,13163600.0
2020-01-30,48.031532287597656,48.12945502819455,47.13389730791812,47.2726240439292,20225600.0
2020-01-31,47.65616226196289,48.211063015985665,47.45215472336358,48.12129920093669,17685200.0
2020-02-03,47.80303955078125,48.121290757087316,47.75407662946207,47.94176315849109,12333600.0
2020-02-04,48.015220642089844,48.51299959895396,47.83569298868746,47.94177779414418,15417900.0
2020-02-05,48.02336502075195,48.2110546631039,47.77039770897817,48.06416901172866,11414900.0
2020-02-06,48.13761901855469,48.423228320553854,48.015213253179084,48.129456973978755,9347000.0
2020-02-07,48.30082321166992,48.406908002243455,48.023372837567734,48.047855858720375,8757800.0
2020-02-10,48.7578125,48.83125535464187,48.382439293123184,48.40691920703425,7984900.0
2020-02-11,48.62723922729492,48.798604820381286,48.406910702080395,48.73332402378521,7431200.0
2020-02-12,48.4803466796875,48.77411800504635,48.40690384834779,48.53746853596198,9179100.0
2020-02-13,48.6435546875,48.83124123667494,48.317141402817114,48.455868138325066,8173200.0
2020-02-14,48.92101287841797,49.01893563433826,48.65172140850179,48.659883454024985,9965500.0
2020-02-18,48.57827377319336,48.90468707795221,48.51299297998637,48.806764331687745,10075700.0
2020-02-19,48.77412414550781,48.96181071302544,48.52931571452431,48.561954555856175,6265700.0
2020-02-20,48.73332595825195,48.8475696915111,48.235547023701464,48.70068400220413,7597200.0
2020-02-21,49.06789779663086,49.06789779663086,48.49667602241922,48.56195682103608,10842400.0
2020-02-24,47.86017608642578,48.7986090194898,47.7948921713039,48.23554925965139,14415500.0
2020-02-25,47.182865142822266,48.30898767200762,47.0196584829115,47.900972578684765,15915100.0
2020-02-26,47.003334045410156,47.71328249682187,46.90541130183567,47.3134263651219,15837800.0
2020-02-27,44.82453918457031,47.23998783214178,44.78373829710686,46.636127226703,23754000.0
2020-02-28,43.649452209472656,43.97586238764153,42.09083481475164,43.92690257301551,40890600.0
2020-03-02,45.63241195678711,45.665053915223474,43.82082684428766,44.00851343593403,25698600.0
2020-03-03,45.74666213989258,46.91358577917717,45.40392777718998,46.317880889549045,27099200.0
2020-03-04,48.08050537109375,48.1457892914478,46.03227062006959,46.03227062006959,20526100.0
2020-03-05,46.30155563354492,47.46847597371109,45.85273652627922,47.16654566665725,17948500.0
2020-03-06,45.09382629394531,45.6242471551302,44.04930866160251,44.83269688585961,22353900.0
2020-03-09,42.31932067871094,43.72289342013086,42.009228374997946,42.47436527411357,27898300.0
2020-03-10,43.788185119628906,43.90242886185763,41.75626833329017,43.42913291363743,27457400.0
2020-03-11,42.604923248291016,42.96397842112953,41.73177144455466,42.719166944046094,22653900.0
2020-03-12,38.483985900878906,40.74439003376516,38.100450692875135,39.61010850097172,31913100.0
2020-03-13,39.899871826171875,40.797145712771,38.368743621497316,40.75598385376939,33697200.0
2020-03-16,37.25743103027344,39.41418258241534,33.89059708749902,34.77140980151939,28682300.0
2020-03-17,38.83795166015625,39.10137117262887,37.34798249131372,37.76780949821017,32106700.0
2020-03-18,36.919925689697266,37.16688423494609,34.23633817856297,36.82937778200883,35408300.0
2020-03-19,34.433902740478516,36.76351957493567,33.78358446413644,36.516564181701824,41956900.0
2020-03-20,31.528051376342773,34.63146574942178,30.87773310093135,34.532684220311246,51513500.0
2020-03-23,30.918903350830078,32.01374037481892,29.856991418685293,31.906725190750855,44978500.0
2020-03-24,32.47471618652344,34.07993089160028,31.964341307955113,33.93175703327268,49096200.0
2020-03-25,34.252811431884766,35.76747563127805,32.853392909585125,33.44608855202008,42511700.0
2020-03-26,36.458946228027344,37.26566896172138,34.94428230307707,35.26532467115638,37821700.0
2020-03-27,35.240631103515625,36.24491695152127,34.903124611769464,35.94033868828905,23297900.0
2020-03-30,37.043399810791016,37.50438547224459,35.42995470601535,35.42995470601535,23446000.0
2020-03-31,36.4260139465332,37.46322787721743,36.26960959339595,37.101026835116706,25373900.0
2020-04-01,34.67262649536133,35.93210441140502,34.40920697545078,34.96897424031278,21936400.0
2020-04-02,36.1790657043457,36.37662880631366,34.45860491868103,34.75495271184185,17621900.0
2020-04-03,36.080284118652344,36.50010806508705,35.65222654452171,35.87448738917851,14207100.0
2020-04-06,38.418128967285156,38.69801262324188,36.788219373257846,37.364450799075655,22850000.0
2020-04-07,38.28641128540039,40.00687158031041,38.261716689750656,39.92455416800597,21279600.0
2020-04-08,39.36478805541992,39.58704884301009,38.13824162119516,38.3934274904887,18937100.0
2020-04-09,40.336143493652344,40.937069336222656,39.801070946326945,39.875157866107266,19165300.0
2020-04-13,38.63216018676758,40.03980898542501,38.27818958029226,39.801084038693524,19586000.0
2020-04-14,40.270286560058594,40.54193964262867,38.63214700103516,39.46356407698958,21801900.0
2020-04-15,39.19192123413086,39.84223951304949,39.02728325791994,39.27423865213222,12893200.0
2020-04-16,38.77210235595703,39.389492540862136,38.49221867985836,39.01906094208617,17606800.0
2020-04-17,39.56235122680664,39.7599142627788,38.99435043291905,39.7599142627788,19844600.0
2020-04-20,38.30287551879883,39.512960952846306,38.12177658310639,39.34009250232752,18957900.0
2020-04-21,37.35620880126953,38.607452810563764,36.4342375479742,37.76780210142391,26863700.0
2020-04-22,37.603179931640625,37.99007880099523,37.45500603019457,37.90775822229798,15811600.0
2020-04-23,37.101016998291016,37.94889812714979,37.01869960061426,37.82542203063467,17668200.0
2020-04-24,37.39737319946289,37.66079270046809,37.14218418402304,37.45499601904477,15175000.0
2020-04-27,38.50867462158203,38.673312597321186,37.62786506261698,37.86658997042835,19175500.0
2020-04-28,38.47574996948242,39.51296388990069,38.33580658946408,39.43064647121336,17246700.0
2020-04-29,38.788551330566406,39.397710790255864,38.59098830702925,38.912030575432865,15780000.0
2020-04-30,37.77605056762695,38.689788631354105,37.61964616959253,38.689788631354105,20801100.0
2020-05-01,37.53731918334961,38.187637549875824,37.21627681360363,37.553783297209485,14290400.0
2020-05-04,37.158653259277344,37.438536909010224,36.714131614370665,37.3068271409129,22544200.0
2020-05-05,37.372684478759766,37.94891276518037,37.166887764978505,37.339756250904685,13370500.0
2020-05-06,36.837608337402344,37.56201358173139,36.81291373891433,37.37268099950382,11892900.0
2020-05-07,36.71413040161133,37.24097259680627,36.63181297684787,37.166885658435774,16466000.0
2020-05-08,37.957149505615234,38.04770056953966,36.944629967586394,37.10926798015726,13985100.0
2020-05-11,37.487918853759766,37.957134968750054,37.47145474478723,37.611394960742224,10874600.0
2020-05-12,36.895233154296875,37.74311457708921,36.878769041012454,37.537317871346715,13424400.0
2020-05-13,36.17081832885742,36.86229520334691,35.82508146171653,36.80467239215676,15854800.0
2020-05-14,35.973262786865234,36.269610529050894,35.586363996766366,35.70984326941317,18000800.0
2020-05-15,35.61105728149414,36.788214580523,35.5616680864241,36.18728863224106,31579400.0
2020-05-18,37.01870346069336,37.36444033523591,36.327226571400494,36.895224211095154,26118500.0
2020-05-19,36.664737701416016,37.31505597165186,36.42601279610795,37.05163332910657,17839900.0
2020-05-20,37.77605056762695,38.00654192056383,37.05987876370939,37.20805267351429,22295900.0
2020-05-21,37.183349609375,37.940683166732086,37.06810394939231,37.93245267967991,13193500.0
2020-05-22,37.06810760498047,37.298602087885506,36.7552988228099,37.22451513627478,13008400.0
2020-05-26,37.940677642822266,38.63215464225268,37.80896788770258,38.62392101619055,22223100.0
2020-05-27,38.467525482177734,38.76387328418834,38.00653966347135,38.68978633368569,18447600.0
2020-05-28,38.763858795166016,39.06843697107318,38.54159802673393,38.93672723498837,16230600.0
2020-05-29,38.42635726928711,38.846181124939456,37.98183567609648,38.42635726928711,51125000.0
2020-06-01,38.681549072265625,38.87911214553732,38.35227309653489,38.4098959212565,17010700.0
2020-06-02,38.60746383666992,38.920272573174394,38.32758018702321,38.82149103218396,15255100.0
2020-06-03,39.43064880371094,39.611747763577526,38.78856096717611,38.91204024271969,15508300.0
2020-06-04,39.44711685180664,39.73523416635122,39.00259828857586,39.46358096751281,13604700.0
2020-06-05,40.410240173339844,40.73951614971437,39.89163160962292,39.9574880609812,20504800.0
2020-06-08,41.035858154296875,41.13464282506116,40.72304945083468,40.780672272009724,19896700.0
2020-06-09,40.336143493652344,40.8218237143883,40.072724032257355,40.8218237143883,16713700.0
2020-06-10,40.023345947265625,40.55841868498717,39.982187230566,40.46786762412271,15716600.0
2020-06-11,37.487918853759766,39.447100718375914,37.422062417869626,39.35655282933852,26070400.0
2020-06-12,37.87834548950195,38.41827933138393,37.388252718308856,38.38505195092468,21822700.0
2020-06-15,38.459815979003906,38.58441708433729,36.93969960512042,37.022764896184185,15622300.0
2020-06-16,38.8502197265625,39.61443034579989,38.36843229107525,39.50644612921433,18803500.0
2020-06-17,38.69239044189453,39.09110939788557,38.5760946404193,38.85852096367169,12602800.0
2020-06-18,39.03296661376953,39.07449924797228,38.2687528357441,38.45980548806624,9380800.0
2020-06-19,38.22722625732422,39.69750455592177,38.22722625732422,39.68089086586143,30464600.0
2020-06-22,37.99463653564453,38.335209220612896,37.69559648665046,38.235527091790196,20876200.0
2020-06-23,37.91156768798828,38.45150145606898,37.861729792848934,38.21060773377224,14675300.0
2020-06-24,37.089202880859375,37.74542598828738,36.96460183190898,37.68727967710688,17631800.0
2020-06-25,37.32179260253906,37.363325234259165,36.5741925566305,36.93968732073543,13829700.0
2020-06-26,36.19208908081055,37.38824604521575,36.14224801901735,37.31348603689437,21955100.0
2020-06-29,36.84831619262695,37.02275515922618,36.17547610451108,36.54927615346434,17603900.0
2020-06-30,37.11412048339844,37.23872152785094,36.58249527537528,36.756934202619846,23679800.0
2020-07-01,37.23041915893555,37.820190771995826,37.13904546730207,37.321792850569025,14316500.0
2020-07-02,37.28025436401367,37.73711958169741,37.2137996282667,37.62082696287641,15111900.0
2020-07-06,37.57099151611328,37.60421888894381,37.055979912186785,37.496231511612926,15146000.0
2020-07-07,37.554386138916016,37.79527989213207,37.21381341389026,37.37994714606469,13043600.0
2020-07-08,37.43807601928711,37.52944968781151,36.93967822390879,37.49622232312338,13851200.0
2020-07-09,36.474525451660156,37.42148370483946,36.40807385307553,37.42148370483946,16087100.0
2020-07-10,37.50453567504883,37.587600928944234,36.432976788621986,36.449590473148334,15627800.0
2020-07-13,37.58760452270508,37.94479085233137,37.34671082714565,37.8201897908388,16705300.0
2020-07-14,38.10261535644531,38.16076167231762,37.10581639061974,37.30517745127948,17080100.0
2020-07-15,38.542877197265625,39.19910047834692,38.37674347761401,38.45980875307124,23738000.0
2020-07-16,38.335208892822266,38.78376579374092,38.16076675324264,38.42657942368961,13306100.0
2020-07-17,38.89175033569336,38.96651034183256,38.3185924011173,38.60101873889465,13899800.0
2020-07-20,38.310279846191406,38.90005457274722,38.08599985193549,38.80868088967225,16633200.0
2020-07-21,39.20741271972656,39.86363923335752,38.9831326516981,39.47322542952234,25681500.0
2020-07-22,40.270660400390625,40.30388777869336,39.066194871182645,39.813795039308204,29831200.0
2020-07-23,40.104530334472656,40.34542409602715,39.896863954250676,40.26235881143336,15935000.0
2020-07-24,40.27896499633789,40.53646923183666,39.93008389483352,40.20420498663959,16196800.0
2020-07-27,40.270660400390625,40.295579349749076,40.021461400594504,40.021461400594504,17346500.0
2020-07-28,40.021461486816406,40.93519221094977,39.955006730067765,40.15436783157648,13872700.0
2020-07-29,39.888545989990234,40.287264932788005,39.72241230497371,39.988224933505556,13758100.0
2020-07-30,39.61442947387695,40.06298952420177,39.20740522611828,39.59781578659787,17276500.0
2020-07-31,39.240638732910156,39.680890424026245,38.81699756293207,39.406769294188976,14849200.0
2020-08-03,38.459815979003906,39.34032264047339,38.401669641511724,39.15757519764782,14137500.0
2020-08-04,38.78376007080078,38.92497481355261,38.3933495511054,38.45149586613953,11717200.0
2020-08-05,39.22401428222656,39.26554691115211,38.883441655058725,38.9582016546193,10498700.0
2020-08-06,39.43999481201172,39.4815274503707,38.70900833569224,38.75884940296534,10745000.0
2020-08-07,39.70579528808594,39.93838369508835,39.215702701213445,39.43167742423452,11669700.0
2020-08-10,39.63935852050781,40.10452917071468,39.58951744995534,39.92178491616372,11888000.0
2020-08-11,39.81378936767578,40.411869416977346,39.62273672275706,40.25404097689124,16531600.0
2020-08-12,40.22911834716797,40.4450899181181,39.971610978691324,40.12113097732467,9562200.0
2020-08-13,40.18758773803711,40.478319322914864,39.921775097938415,40.08790562144763,9882900.0
2020-08-14,40.245731353759766,40.445089236084776,39.89685030658639,40.154357670720636,10075800.0
2020-08-17,40.04636764526367,40.494927603833595,40.038062387691426,40.13774132223934,9102400.0
2020-08-18,40.220821380615234,40.28727614060398,39.838716016892036,40.03807712812091,9829000.0
2020-08-19,39.34861755371094,40.187591349005096,39.22401964988355,39.97161657905858,17371000.0
2020-08-20,39.332008361816406,39.53967472733547,39.11603673592097,39.26555677259368,11308700.0
2020-08-21,39.273860931396484,39.4566083419234,39.016356673367305,39.32370199846851,14734100.0
2020-08-24,39.847015380859375,39.855320639599796,39.1907890345835,39.398455359197136,9257700.0
2020-08-25,39.797176361083984,39.91346900182762,39.58120476666534,39.87193636852444,7827800.0
2020-08-26,40.00484085083008,40.021454537132286,39.43168293271876,39.67257346225917,10124200.0
2020-08-27,40.06299591064453,40.55308867292433,40.03807696012199,40.079609600572006,10931600.0
2020-08-28,41.392059326171875,41.408669846053755,40.31219174709768,40.49493915316939,16420300.0
2020-08-31,41.142852783203125,41.59141282192501,40.99333277029583,41.367132802564065,18510800.0
2020-09-01,40.80228042602539,40.99333307309889,40.561389886772496,40.960108867891556,12588400.0
2020-09-02,42.52175521850586,42.66296996609404,41.00163937968064,41.00163937968064,26332600.0
2020-09-03,41.931983947753906,43.31088821847837,41.616330246628074,42.696197671205404,22289400.0
2020-09-04,42.397159576416016,42.75434592495503,41.76585214557352,42.3140911414437,21019500.0
2020-09-08,41.37543487548828,42.39715269427093,41.00163490063212,42.30577901500206,17776700.0
2020-09-09,41.69108963012695,42.16456859040362,41.15946435323642,41.20099698385538,15252300.0
2020-09-10,41.53326416015625,42.09811680623331,41.49173152974341,41.82399574178271,15439500.0
2020-09-11,42.41377258300781,42.530065221366705,41.61633146375003,41.865533595932504,18272300.0
2020-09-14,42.46400833129883,42.899451126988346,42.34677434676444,42.68173132633684,10911700.0
2020-09-15,42.74873733520508,43.02507742936226,42.57288629040745,42.70686849516579,12838400.0
2020-09-16,42.531005859375,43.083682702680385,42.48913703074625,42.66498802761913,15353900.0
2020-09-17,42.33003234863281,42.397025032067155,41.819224317800305,42.05369551543355,13287100.0
2020-09-18,42.24629592895508,42.840841637147676,42.04532106713897,42.49751211043492,23816600.0
2020-09-21,41.10744857788086,41.88622102855504,40.70550202178891,41.66012549180571,17514800.0
2020-09-22,41.584754943847656,41.90296379089814,41.09069510015882,41.124191440771895,13034600.0
2020-09-23,40.37054443359375,41.802479619905384,40.33704808909369,41.643376775110944,17121200.0
2020-09-24,40.78086471557617,41.11581856138088,39.82624130373279,40.37054250106059,16788100.0
2020-09-25,40.79761505126953,40.8311082015558,40.17794545235842,40.36217215367553,12603400.0
2020-09-28,41.26655197143555,41.626629698319014,41.1493179569874,41.29167582766537,11215700.0
2020-09-29,40.965084075927734,41.50101592499162,40.95671158824261,41.35865807925046,12426600.0
2020-09-30,41.34191131591797,41.55125865342225,40.939964811236166,41.258173658671,15755900.0
2020-10-01,41.18281936645508,41.58476597729761,40.68875939168011,41.400539249432725,17577300.0
2020-10-02,41.33354568481445,41.51777239458359,40.65525904879959,40.83111007482246,13610100.0
2020-10-05,41.35028839111328,41.49264305210556,41.132565363918424,41.392157221147066,10628700.0
2020-10-06,40.98183059692383,41.64336890097044,40.889720458546165,41.492638573608254,10077400.0
2020-10-07,41.501014709472656,41.66849001336403,40.990206727198654,41.048823722437966,10135600.0
2020-10-08,42.25466537475586,42.32165805533289,41.48426871444092,41.62662336908688,12143900.0
2020-10-09,42.54775619506836,42.899458206713135,42.371901994858945,42.43051899679974,11407800.0
2020-10-12,42.7822265625,43.150676765648,42.56450671390963,42.57287920276852,11386500.0
2020-10-13,42.05369186401367,42.698482011342335,41.78572754231691,42.698482011342335,14365300.0
2020-10-14,41.9699592590332,42.279795662279795,41.57638838109433,41.91134225180002,10582100.0
2020-10-15,41.8610954284668,41.97832942753115,41.28329472681121,41.36703557927638,9961700.0
2020-10-16,41.89459228515625,42.16255664800134,41.760610103733704,41.861099135591,13569800.0
2020-10-19,41.5512580871582,42.2714134294605,41.41727592075685,41.89458758821083,9930400.0
2020-10-20,42.07881164550781,42.38864478707634,41.69361334038083,41.777350991273956,10970700.0
2020-10-21,41.8610954284668,42.22954559615289,41.6768687474303,41.8359715755338,12517400.0
2020-10-22,42.43889236450195,42.874335208299065,42.18767619926162,42.849211355704234,20189200.0
2020-10-23,42.30491638183594,42.85759330392221,42.263047547239026,42.70686294386347,13491300.0
2020-10-26,41.701988220214844,42.296533881071156,41.19955589725761,42.154179227508436,14696400.0
2020-10-27,41.785728454589844,42.11230977913858,41.49264027519442,41.71036328781808,13892100.0
2020-10-28,40.16120147705078,41.157697071709194,40.01047110465518,41.032087363250334,19886200.0
2020-10-29,40.211429595947266,40.596627859652855,39.60850835231327,39.96858596232954,15369900.0
2020-10-30,40.244937896728516,40.29517921904572,39.667137134982845,40.035590535374226,15804000.0
2020-11-02,40.71387481689453,40.99021487312797,40.39566912075502,40.82273634156715,15156100.0
2020-11-03,41.325172424316406,41.83598055362032,41.032087363758876,41.2163140843308,15285100.0
2020-11-04,41.174442291259766,42.045328182532444,41.099080299010545,41.392165361271736,12930800.0
2020-11-05,41.400535583496094,42.04532587954055,41.31679791154743,41.66849996699672,12452400.0
2020-11-06,41.408897399902344,41.86108834352076,41.24141891770444,41.57637588210024,9294900.0
2020-11-09,44.02156066894531,44.59935820715129,43.602865967361744,43.962943666274576,33442000.0
2020-11-10,45.20227813720703,45.45349431115216,43.92107341401597,44.02155924471663,29706700.0
2020-11-11,44.8673210144043,45.470239148798235,44.657973685731754,45.160405996791155,17399900.0
2020-11-12,44.3900146484375,44.55749318225542,44.05506077518899,44.42351099407855,15024400.0
2020-11-13,44.75846481323242,44.80033364505131,44.28952559145439,44.59098629156976,12447900.0
2020-11-16,45.09341049194336,45.738200607167,44.616098868037874,45.63771479013072,14908200.0
2020-11-17,44.95105743408203,45.0096744289502,44.40675311672147,44.93430926492161,14248400.0
2020-11-18,44.0550537109375,45.23577255316332,44.013184882793546,45.00967704792176,15278200.0
2020-11-19,44.49050521850586,44.574242891106756,43.50238534875552,43.95457644733024,17189500.0
2020-11-20,44.10530471801758,44.59099217548854,44.03831521714531,44.540747654043685,15645600.0
2020-11-23,44.11366271972656,44.523981633365445,43.71171629244539,44.339758184019644,13191900.0
2020-11-24,44.56586456298828,44.87569774428502,44.398386045340544,44.49887187817437,13827600.0
2020-11-25,44.32302474975586,44.61610978548992,44.20579073546224,44.44025876404948,10194800.0
2020-11-27,44.13042068481445,44.54073968955375,44.05505551331726,44.47375020066011,8499300.0
2020-11-30,43.54808807373047,44.04602178241648,43.109234192336324,43.961627548171535,43203600.0
2020-12-01,43.91943359375,44.164181397892136,43.70844477351035,44.003827834072304,18968800.0
2020-12-02,43.978515625,43.99539511903117,43.5818555638532,43.801285766824144,14913100.0
2020-12-03,44.54396057128906,44.67899329314151,43.801282210817625,43.801282210817625,17318900.0
2020-12-04,45.44698715209961,45.46386664277329,44.527075836702736,44.543955327376416,18122400.0
2020-12-07,44.72119140625,45.387913626244966,44.47644360401401,45.37103413442519,16210900.0
2020-12-08,44.881553649902344,45.13473965546452,44.55241152072804,44.67900291379176,12485800.0
2020-12-09,45.00814437866211,45.236009510401345,44.72963754297167,45.04190014890549,11508400.0
2020-12-10,44.77183151245117,45.160050208060575,44.712754894399055,45.067217822145984,12097300.0
2020-12-11,45.025020599365234,45.1853741904229,44.54396626506115,44.560845759879555,10638100.0
2020-12-14,44.957496643066406,45.43855087896653,44.881540541638294,45.27820054014442,22292000.0
2020-12-15,45.43854522705078,45.759249084237744,45.23599457529233,45.396348113602514,16193700.0
2020-12-16,44.78026580810547,45.40479087744914,44.67898886218456,45.23599918701468,15679600.0
2020-12-17,44.957496643066406,45.3288357948073,44.85622291430685,44.982814270397846,12677300.0
2020-12-18,45.35416030883789,45.43855455305587,44.408928032539436,44.79714992647068,35480100.0
2020-12-21,44.569278717041016,44.729629058443024,43.86879430155225,44.459563631116566,14926600.0
2020-12-22,44.527076721191406,44.88153959351248,44.214814186109635,44.569277058430714,9689500.0
2020-12-23,44.797157287597656,45.05878141932425,44.67900081906919,44.68744217653851,7040300.0
2020-12-24,45.10095977783203,45.193795354749945,44.746500178072644,44.746500178072644,3265500.0
2020-12-28,45.7086181640625,45.94492461393956,45.345717133503335,45.44699086638866,9020500.0
2020-12-29,45.68330001831055,45.98712443295946,45.590464422786276,45.953365449235385,8320600.0
2020-12-30,45.9449348449707,46.1052884454668,45.59891322941255,45.61579272522449,8142700.0
2020-12-31,46.282508850097656,46.35846495598878,45.80145458593187,45.95336679771412,8495000.0
2021-01-04,44.527076721191406,46.10527532647667,43.9109897868155,45.801450927182536,25611100.0
2021-01-05,44.03759765625,44.40893691226742,43.911003045175924,44.164192267324076,20323800.0
2021-01-06,42.63662338256836,43.90255636939248,42.358116580138706,43.860359247051825,38724500.0
2021-01-07,42.16400909423828,42.417195058839646,41.79266989411856,42.27372419269142,53225700.0
2021-01-08,43.1092414855957,43.151438609857124,42.06273541896768,42.22308577893477,29674000.0
2021-01-11,42.366554260253906,42.92356459734911,42.15556544742339,42.72101392048095,19304400.0
2021-01-12,42.29060363769531,42.51003061491541,41.9952173298044,42.23152702000397,18538700.0
2021-01-13,42.332801818847656,42.50159353908071,42.155571961348386,42.180889592581345,18864100.0
2021-01-14,41.54792022705078,42.34967842898581,41.53948209035916,42.3327989361685,34303600.0
2021-01-15,41.100624084472656,41.50572224539892,40.957150008212984,41.48884275293108,24366800.0
2021-01-19,40.940269470214844,41.387567960604635,40.712404376303155,41.13438201892082,29114500.0
2021-01-20,41.083740234375,41.20189344968375,40.77147770542564,40.96558701906625,23115800.0
2021-01-21,41.311607360839844,41.429760572806536,40.89806789952284,41.16813330385631,19702500.0
2021-01-22,40.923397064208984,41.303174402900545,40.923397064208984,41.19346252344638,15400300.0
2021-01-25,41.16814041137695,41.218778890719605,40.71240697502959,40.864315974189296,16604200.0
2021-01-26,41.59855651855469,41.69139211445226,41.02466667067323,41.27785261075413,12922600.0
2021-01-27,40.957149505615234,41.62387496246049,40.70396356057249,41.260973927440105,21242400.0
2021-01-28,41.480403900146484,41.7757869646482,41.02466726968618,41.092182018957736,17498900.0
2021-01-29,40.63644790649414,41.455082336597044,40.60268892272411,41.379126232831425,18670300.0
2021-02-01,40.914955139160156,41.09218499067816,40.661769177072415,40.73772528764216,12183600.0
2021-02-02,41.320045471191406,41.64918748130883,41.04154193164342,41.18501276910648,13319800.0
2021-02-03,41.159698486328125,41.42976391243138,41.07530102852472,41.311610690940434,12274100.0
2021-02-04,41.362239837646484,41.41287830485004,41.058418692725226,41.320042724693536,20597400.0
2021-02-05,41.90237808227539,42.012089943201275,41.581674196304036,41.77578351113485,12742000.0
2021-02-08,42.130245208740234,42.34123402461598,41.76734740731308,42.16400419194447,17833200.0
2021-02-09,41.944576263427734,42.214641683906294,41.88549965391266,42.07116761834557,14592900.0
2021-02-10,41.86018371582031,42.68726278488046,41.80110709937804,42.543788702496265,22965400.0
2021-02-11,42.450958251953125,42.69570610373856,42.02898052933046,42.03742188666625,21928600.0
2021-02-12,42.780086517333984,42.91511921610079,42.52690060957541,42.67881279811725,13137100.0
2021-02-16,42.42563247680664,42.805412998169324,42.33279688053644,42.721015538181,15093400.0
2021-02-17,42.30747604370117,42.611300437749584,42.104925374524335,42.197760963753986,12794300.0
2021-02-18,42.84760665893555,42.915121402041166,42.223078383181935,42.33279346259142,12747100.0
2021-02-19,42.29060363769531,42.89825252758821,42.17245040231263,42.86449354049767,15968800.0
2021-02-22,42.72945785522461,42.94044668079138,41.91925831827837,42.07117053024117,14370900.0
2021-02-23,42.65350341796875,43.47213790398002,42.55222645974199,43.04172209953567,16222300.0
2021-02-24,42.796966552734375,42.95732009792486,42.307474220751644,42.526901151757656,14442000.0
2021-02-25,42.34123992919922,42.83073559562048,42.18088956576861,42.594429119104994,14211100.0
2021-02-26,41.34537887573242,42.37500233461248,41.3284993804151,42.3665641966711,23638400.0
2021-03-01,42.11336135864258,42.56909467215926,41.691383802822244,41.7251395605186,13901200.0
2021-03-02,42.282161712646484,42.67038362009895,41.94458150458307,42.062734738376975,11755100.0
2021-03-03,42.18088150024414,42.670377073067584,41.95301320456085,41.9614545596419,15410700.0
2021-03-04,42.14711380004883,43.117663389842484,41.87704844312821,42.45937948477761,22036400.0
2021-03-05,42.86448669433594,42.99951940169695,42.11336705842568,42.23995841064518,21310800.0
2021-03-08,43.58185577392578,44.29921978625407,43.1767575735279,43.43838490312071,25084900.0
2021-03-09,42.92356872558594,43.78440355105853,42.88980973962212,43.64937082663739,23082700.0
2021-03-10,43.413055419921875,43.57340897238887,42.80540984986732,43.19362847895872,21331600.0
2021-03-11,42.94044876098633,43.404623555832785,42.881372144520455,43.38774406263766,17417700.0
2021-03-12,42.855350494384766,43.12766381673546,42.71919383320942,43.0510754919349,17598600.0
2021-03-15,43.425498962402344,43.50208727567518,42.948952343131666,42.974480698812485,13411900.0
2021-03-16,43.58719253540039,43.8424858621203,43.43401589012229,43.57017254745496,14214200.0
2021-03-17,43.604209899902344,43.927579912717675,43.52762158187122,43.61271827024777,17502700.0
2021-03-18,43.034053802490234,43.561660437911,42.96597709770888,43.45103538686246,18007300.0
2021-03-19,43.238285064697266,43.468050001616184,42.69365526261335,42.94044018518148,67845700.0
2021-03-22,43.39997482299805,43.46805477306799,42.82130823232628,42.82130823232628,17911400.0
2021-03-23,43.73186492919922,43.95312156352455,43.25531817138711,43.39147485165219,16936700.0
2021-03-24,43.842472076416016,44.157333638825364,43.527610514006675,43.54462725037064,14997400.0
2021-03-25,44.26797103881836,44.302011011031134,43.544636237333854,43.99565775357703,17091900.0
2021-03-26,45.13597106933594,45.19553939787877,44.046714676916054,44.37008792202746,17126700.0
2021-03-29,45.82526779174805,45.90185611506286,44.85515119391426,44.872171182009865,17514100.0
2021-03-30,45.229583740234375,45.774210365949685,45.04236712030821,45.74017039028479,14871800.0
2021-03-31,44.85515594482422,45.24660597379179,44.67645092023874,45.1274692907348,15826500.0
2021-04-01,44.68495559692383,45.22958548993887,44.642407248812106,45.06789722239109,15834700.0
2021-04-05,44.940250396728516,45.2891520313844,44.49774045219873,44.54879716941667,16368700.0
2021-04-06,45.26361846923828,45.65507167962276,45.01683677215122,45.13597343548234,15614300.0
2021-04-07,45.34020233154297,45.52741892479376,45.20404569451429,45.34020233154297,10062700.0
2021-04-08,45.20405197143555,45.42530856622422,45.076406932501236,45.24660031774699,9695600.0
2021-04-09,45.2551155090332,45.34021220837708,44.94025382598364,45.246603891360216,10828200.0
2021-04-12,45.39977264404297,45.56996925933417,45.18702768648657,45.38275590412124,8565300.0
2021-04-13,45.17852020263672,45.34871682126608,44.940246884293906,45.135971859537,11071700.0
2021-04-14,45.17001724243164,45.26362230996971,44.80409560473348,45.08491729980946,9787600.0
2021-04-15,45.38276290893555,45.663584608214904,45.204054649869484,45.21256626737455,13078100.0
2021-04-16,45.680599212646484,45.78271588705427,45.425305903511735,45.73165917296566,17974100.0
2021-04-19,45.952911376953125,46.25926463886302,45.35722483948727,45.952911376953125,19352900.0
2021-04-20,46.097572326660156,46.454985516114604,45.79122233799515,45.81675069215969,14419200.0
2021-04-21,46.472015380859375,46.58264368280878,46.15715370971354,46.15715370971354,13866500.0
2021-04-22,46.32734298706055,46.69326459111888,46.22522631153258,46.35287459061548,12558900.0
2021-04-23,46.35287094116211,46.45498760865023,46.097574403096324,46.29330261460818,9020500.0
2021-04-26,45.663578033447266,46.38690959814558,45.5955013343633,46.35287287171882,11684600.0
2021-04-27,45.59550094604492,45.69761761691642,45.374244371887826,45.57848095986127,9852400.0
2021-04-28,45.6040153503418,45.99546534567122,45.47636706018918,45.935897009261566,10868100.0
2021-04-29,46.174163818359375,46.259263748491094,45.467852252533326,45.56146055256301,15391000.0
2021-04-30,45.93589782714844,46.18268279451436,45.689112859782504,46.16566280577558,14912600.0
2021-05-03,46.361385345458984,46.633698658359684,46.089072032558285,46.182680342536166,10417900.0
2021-05-04,46.07205581665039,46.480525819442946,45.901859170595735,46.43797746948704,14151000.0
2021-05-05,45.952911376953125,46.15714796696988,45.70612644416677,46.072048035200204,9665900.0
2021-05-06,46.412445068359375,46.47201340235817,45.99546348413704,46.055031818135845,11572700.0
2021-05-07,46.38691329956055,46.60816989325703,46.08907163061997,46.32734496577243,10637500.0
2021-05-10,46.7273063659668,47.22938463882334,46.65922966173459,46.70177800765856,15545800.0
2021-05-11,46.2252311706543,46.92303447820341,45.99546619189091,46.82942616320008,12986700.0
2021-05-12,45.98695755004883,46.429467516223035,45.85080088708991,46.25927087596666,15836500.0
2021-05-13,46.38691329956055,46.61667826398502,45.80824994936609,45.92738661694233,15475800.0
2021-05-14,46.57412338256836,46.888984995014034,46.54008341197145,46.71879163449006,11725300.0
2021-05-17,46.49754333496094,46.82091662063793,46.37840666293016,46.66773997196098,12119800.0
2021-05-18,46.242252349853516,46.42946898467985,46.03801572584016,46.28480069970559,13232500.0
2021-05-19,46.097572326660156,46.10608394220179,45.62102573569447,46.05502398764253,15126100.0
2021-05-20,46.50605010986328,46.633695139649326,46.0550285818405,46.0550285818405,10948400.0
2021-05-21,46.480525970458984,46.90601596386254,46.140135923474766,46.633702627782746,16033200.0
2021-05-24,46.63369369506836,46.74432198110705,46.369892027277395,46.48902868321272,10326100.0
2021-05-25,46.62519836425781,46.65072672731732,46.25076505948467,46.65072672731732,11916500.0
2021-05-26,46.82942199707031,46.846441984305024,46.45499201659867,46.78687365209887,16064300.0
2021-05-27,47.22087860107422,47.288955308669756,46.616680372672946,46.98260200891268,59109600.0
2021-05-28,47.05067443847656,47.40808440021618,46.97408612578516,47.10173114945059,17011600.0
2021-06-01,47.04216384887695,47.35702872249495,46.888987220152096,47.09322380719538,13304000.0
2021-06-02,47.2293815612793,47.280441520799336,47.02514496942965,47.2293815612793,11328500.0
2021-06-03,47.34851837158203,47.4336183043868,46.88898847312782,46.95706841937163,17364300.0
2021-06-04,47.85911560058594,48.06334897831071,47.467662341856624,47.569782276950015,18935100.0
2021-06-07,47.68891525268555,47.94420857813741,47.49319026163142,47.91868021946145,14010800.0
2021-06-08,47.35703659057617,47.867623273669594,47.27193664590663,47.867623273669594,10968300.0
2021-06-09,47.21235656738281,47.58678649212585,47.21235656738281,47.44212149150814,9838800.0
2021-06-10,47.578285217285156,47.756990213952605,47.450636936105184,47.578285217285156,12444400.0
2021-06-11,47.7910270690918,47.83357541129776,47.365537154571314,47.64636205634544,11825800.0
2021-06-14,47.62812805175781,47.76531064987604,47.328042140465165,47.74816241627487,9710800.0
2021-06-15,47.50809097290039,47.833900851325446,47.31946368475573,47.825325099669264,11154200.0
2021-06-16,46.87361526489258,47.550955674872256,46.84789455360167,47.533807443781434,15211700.0
2021-06-17,47.11369323730469,47.28517229938891,46.85647627952388,46.873621242110346,10658400.0
2021-06-18,46.10197067260742,46.830752602904646,46.0591017244766,46.736438954602185,31445600.0
2021-06-21,46.60783004760742,46.66784722647276,46.299168401619404,46.487795689876734,14404300.0
2021-06-22,46.77931213378906,47.02795334632879,46.52209189834131,46.590684833311684,13072800.0
2021-06-23,46.402061462402344,46.813609295003154,46.393488980150664,46.77931609530499,12339200.0
2021-06-24,46.6335563659668,46.65927708266012,46.29917396618827,46.52209447581017,11488400.0
2021-06-25,46.57353591918945,46.7021460350345,46.30774320609887,46.50494625591224,18880300.0
2021-06-28,46.5220832824707,46.61639691524255,46.299162826484064,46.5135108025326,10556900.0
2021-06-29,46.179134368896484,46.590682142879984,46.059100010321,46.41063060501676,12300900.0
2021-06-30,46.39349365234375,46.45351084622403,46.084831929135596,46.12770088609412,14614200.0
2021-07-01,46.26486587524414,46.71071005318492,46.17912799400921,46.590675711179806,13214700.0
2021-07-02,46.4535026550293,46.68499890661543,46.299171820638534,46.299171820638534,10604600.0
2021-07-06,46.196266174316406,46.37631764815356,45.91332534055247,46.29057978557105,15278200.0
2021-07-07,46.57353591918945,46.6249806196657,46.05910199719147,46.05910199719147,14377700.0
2021-07-08,46.4106330871582,46.444926283806005,46.0762507073313,46.307743685141354,11943900.0
2021-07-09,46.693565368652344,46.74501006371426,46.4534966664116,46.513513841971786,10847000.0
2021-07-12,46.710716247558594,46.81360237282249,46.530664710674046,46.573533656976416,15107600.0
2021-07-13,47.17371368408203,47.413782425204325,46.942217424846405,47.11369649880146,15170800.0
2021-07-14,48.236873626708984,48.314039039369604,47.12226465437088,47.17370935304162,22002700.0
2021-07-15,48.39120101928711,48.41692500214319,47.93678432734916,48.21972524393067,15068200.0
2021-07-16,48.356910705566406,48.59697942191057,48.23687307670337,48.40835213295961,14860500.0
2021-07-19,47.78245162963867,48.31403370781112,47.29373849361567,48.08254076606602,19527000.0
2021-07-20,47.86819076538086,48.29688671017263,47.60239810216138,47.78244961400821,16257900.0
2021-07-21,48.485511779785156,49.35147943910419,48.38262566654101,49.154279692598514,20918200.0
2021-07-22,48.41693878173828,48.64843506918289,48.05683235548278,48.54554564985749,13402700.0
2021-07-23,48.879913330078125,49.154281761427875,48.39977593427015,48.51981028322214,12144000.0
2021-07-26,48.92279052734375,48.97423195602566,48.494094511308916,48.77703218113257,8681100.0
2021-07-27,49.09426498413086,49.33433697066152,48.8027515703151,48.965658145227145,12794400.0
2021-07-28,48.64842224121094,49.00852530182014,48.554108600377816,48.86277023558046,9858000.0
2021-07-29,48.91420364379883,49.08568266532667,48.751300372227035,48.93135187302064,9599100.0
2021-07-30,48.897064208984375,49.085691493659695,48.785605605031584,48.99995360282049,11727000.0
2021-08-02,48.76845169067383,49.07711329483798,48.622693368400526,49.04281683422185,9778000.0
2021-08-03,48.802757263183594,48.87135020181974,48.657002174618775,48.87135020181974,8825500.0
2021-08-04,48.099700927734375,48.82848625736166,48.02253549920187,48.657007163879264,11888400.0
2021-08-05,48.44264221191406,48.51980761352172,48.262590698393026,48.39119752061211,9806800.0
2021-08-06,48.562686920166016,48.648428090637736,48.3912078499138,48.52839045197732,10409300.0
2021-08-09,48.57126235961914,48.76846214439672,48.38263505648789,48.69986920846129,8859900.0
2021-08-10,48.699867248535156,49.01710138774147,48.579832886170124,48.73416371512262,10906900.0
2021-08-11,48.63984298706055,49.0256700032786,48.622694756263016,48.77702556275023,8370700.0
2021-08-12,48.73416519165039,48.85419955765217,48.63985154102294,48.63985154102294,6169200.0
2021-08-13,49.068546295166016,49.12856347660238,48.674146739815285,48.708443206547805,7714200.0
2021-08-16,49.28289794921875,49.291473701881344,48.89707084668512,49.0428292057273,7972000.0
2021-08-17,49.11140823364258,49.35148019581405,48.87991202227578,49.26573904122044,10346400.0
2021-08-18,48.44264221191406,49.06853790464708,48.37404929017813,49.03424144377911,13873700.0
2021-08-19,48.751312255859375,48.854198385579515,47.971085624875215,48.06539927323996,9223700.0
2021-08-20,48.562686920166016,48.89706930827766,48.511245488574204,48.73416599041823,10543600.0
2021-08-23,48.39120101928711,48.656993704194825,48.33975959495648,48.588400777499636,8912800.0
2021-08-24,48.022525787353516,48.56268367784202,47.928215412168164,48.56268367784202,12067200.0
2021-08-25,48.073974609375,48.159712510784644,47.78246116561441,48.06540212751055,11270700.0
2021-08-26,47.61955642700195,47.99680776094124,47.59383244079184,47.971087045422315,10331500.0
2021-08-27,47.713871002197266,47.83390537119841,47.5423919304708,47.722443483972526,8844100.0
2021-08-30,48.168277740478516,48.18542597115249,47.70528532435286,47.74815426569251,10034700.0
2021-08-31,48.27974319458008,48.45979472400955,48.013950505405035,48.151133090307134,14185700.0
2021-09-01,48.60554885864258,48.699862497210994,48.25401828714533,48.339759445248774,9518900.0
2021-09-02,48.67414093017578,48.897061395947695,48.365479307806446,48.67414093017578,11653200.0
2021-09-03,48.63984298706055,48.674139448655616,48.22829525999149,48.40834677732972,13220400.0
2021-09-07,47.73101043701172,48.6055506578956,47.59382784965881,48.5283852480914,20035300.0
2021-09-08,48.374053955078125,48.425498651341094,47.67956854432775,47.67956854432775,12040100.0
2021-09-09,47.89391326904297,48.374050651948664,47.84246857629281,48.16827842232926,12545400.0
2021-09-10,47.67957305908203,48.12541732350529,47.602407642726256,48.022527921236815,10573700.0
2021-09-13,48.073974609375,48.35691557127115,47.79103691817014,47.79103691817014,20274300.0
2021-09-14,48.108516693115234,48.35903768844122,47.98757643202682,48.307204735671206,13918900.0
2021-09-15,48.27265167236328,48.37631428025887,47.87527230057624,48.09987846228738,15746000.0
2021-09-16,47.814815521240234,48.36769060692068,47.35696918777717,48.13444720250295,17430400.0
2021-09-17,47.02870178222656,47.676599049427544,46.96823163425121,47.5297439173091,33370200.0
2021-09-20,46.7004280090332,46.994141517091606,46.415351679722704,46.743620493523345,27542500.0
2021-09-21,46.691795349121094,47.356970266792125,46.596769890114395,46.98550890633459,16418200.0
2021-09-22,46.76089096069336,47.132352201902044,46.70042083262449,47.08915642867443,12719700.0
2021-09-23,46.68315124511719,47.18419000641931,46.64859593871693,46.8731988395678,13836200.0
2021-09-24,46.553558349609375,46.85591225867496,46.52764352425715,46.64858376973357,9682200.0
2021-09-27,46.31169128417969,46.86456302113204,46.27713597677629,46.519016537849076,12429500.0
2021-09-28,45.47373962402344,46.182106893145175,45.29232921750146,46.182106893145175,19926100.0
2021-09-29,45.750179290771484,45.92295253323655,45.404636101216866,45.47374342097759,13941500.0
2021-09-30,45.326881408691406,46.0698039314648,45.29232610638218,45.93158272222788,17672000.0
2021-10-01,45.80200958251953,45.957505162137366,45.41327063347496,45.594681044570656,16277400.0
2021-10-04,45.77609634399414,46.242579803705375,45.26641710314955,45.836566483130326,18973400.0
2021-10-05,45.853843688964844,46.19074968811402,45.72426293758037,45.802010729335976,17173100.0
2021-10-06,46.398067474365234,46.44990042565858,45.361431516122394,45.58603767635202,21284500.0
2021-10-07,46.544925689697266,46.890468810965245,46.484455561091,46.63995111904279,13774400.0
2021-10-08,46.752262115478516,46.98550550834247,46.56221450658524,46.64859948377531,13786800.0
2021-10-11,46.847286224365234,46.985504161131615,46.65723532554562,46.83000857034749,12378500.0
2021-10-12,46.847286224365234,47.365605958770836,46.838649045044136,47.01141899447045,19474400.0
2021-10-13,46.85592269897461,47.020055455067826,46.467183755200914,46.795449267387355,12143300.0
2021-10-14,47.1755485534668,47.34832177443966,46.91639036969505,46.98549768085914,13704000.0
2021-10-15,47.06325149536133,47.40879798157913,46.89911872686441,47.201469430773344,17867000.0
2021-10-18,46.59675598144531,46.98549488163081,46.52764867439839,46.9509395804199,15861800.0
2021-10-19,46.778175354003906,46.821367838082914,46.44990654332792,46.68314991180491,11068500.0
2021-10-20,47.192832946777344,47.30513275538333,46.7436238262267,46.804093967899334,12474800.0
2021-10-21,46.95095443725586,47.22739034366681,46.83001414012306,47.16692019510042,14388300.0
2021-10-22,47.03733444213867,47.106441758895095,46.70906562526343,46.98550148303983,12828600.0
2021-10-25,46.847286224365234,47.05461477720259,46.66587580024227,46.976866981810524,11855000.0
2021-10-26,47.05460739135742,47.149632825851725,46.84727887106303,46.925026654251546,12086700.0
2021-10-27,47.961669921875,48.445434345508474,47.74570419093826,48.350408896636225,24019800.0
2021-10-28,48.41088104248047,48.471351186016925,48.04805688588605,48.160359993329045,15928000.0
2021-10-29,48.695945739746094,48.78233399808248,48.1862665493743,48.2640143341895,24463700.0
2021-11-01,48.52317810058594,48.72186946992964,48.28993801468337,48.71322899541445,11651100.0
2021-11-02,48.462711334228516,48.80825784063105,48.350411520717046,48.78234300603236,11498900.0
2021-11-03,48.62684631347656,48.66140162241439,48.186274362958386,48.376325266740785,10788300.0
2021-11-04,48.89463424682617,48.92055237225634,48.40223270352974,48.471343310843345,10820200.0
2021-11-05,49.101966857910156,49.37840271940944,48.886001135152874,49.101966857910156,12886700.0
2021-11-08,48.661399841308594,49.14516096722896,48.48862659831896,49.024220685748865,12828000.0
2021-11-09,48.79961395263672,48.82552878367302,48.454067493734826,48.730503342706236,10155800.0
2021-11-10,48.9983024597168,49.17107239536719,48.626841166392936,48.842806881331214,8813600.0
2021-11-11,49.01558303833008,49.13652331865497,48.868724629810224,49.09333083216401,7257700.0
2021-11-12,48.90328598022461,49.2315548497966,48.85145301280506,49.02422627549432,10162500.0
2021-11-15,48.91192626953125,48.963759240245565,48.60957551213802,48.834178461147836,10289200.0
2021-11-16,48.56637191772461,49.1883509472626,48.54045379060299,48.91191509071786,13756500.0
2021-11-17,48.29857635498047,48.4195166380969,48.07397344281789,48.41087945874954,13288700.0
2021-11-18,47.86663818359375,48.31584724036366,47.63339482938389,48.22946227748968,15380100.0
2021-11-19,47.624755859375,47.93574698662051,47.426067815940364,47.89255121143365,15813700.0
2021-11-22,47.91847610473633,48.39360004053449,47.58157010108628,47.59884445915128,16905600.0
2021-11-23,48.27265167236328,48.47133971056936,47.94438290275656,48.082600811742296,13835900.0
2021-11-24,47.8839225769043,48.23810624715391,47.53837608600809,48.12580314330631,12598900.0
2021-11-26,46.41535949707031,47.296500169648596,46.28578202177626,47.15828221877607,14754300.0
2021-11-29,47.149635314941406,47.27921276351281,46.58812315167306,46.69178576960522,22712500.0
2021-11-30,45.66098403930664,46.68824761065589,45.65227655835077,46.66212848871925,30485200.0
2021-12-01,45.530391693115234,46.592478390151555,45.512980054696385,46.12237411563412,18719600.0
2021-12-02,46.200714111328125,46.43576619406412,45.71319831147609,45.79154900572142,17074200.0
2021-12-03,46.60988998413086,46.67082905807349,46.122374071659394,46.427072762302984,21064400.0
2021-12-06,47.80255126953125,48.09854243272367,47.13221824345048,47.28021548551165,26624100.0
2021-12-07,48.0637321472168,48.24654938892353,47.75032926375908,47.89832654580559,23832700.0
2021-12-08,47.88091278076172,48.18560817008521,47.32375359975268,47.98537929696825,18026300.0
2021-12-09,47.7590446472168,47.99409684870494,47.52399244572865,47.663282270210736,13846400.0
2021-12-10,48.99523162841797,49.03005490780887,47.94185233382353,48.098553770151874,23153600.0
2021-12-13,50.283660888671875,50.431658159175576,49.587211935823625,49.60462357476115,31362800.0
2021-12-14,50.318485260009766,50.64059228502726,49.97026243648374,49.97026243648374,24806600.0
2021-12-15,50.544830322265625,50.7102359047892,50.18790003929231,50.431656333733464,24923800.0
2021-12-16,51.05846405029297,51.25869291735746,50.405542532109834,50.47518576716547,24696900.0
2021-12-17,50.25754928588867,51.293516982167816,50.231433485767695,50.919178337020725,51874400.0
2021-12-20,50.09213638305664,50.30106939543589,49.622032123807806,49.79614518141075,20879500.0
2021-12-21,50.292362213134766,50.46647526026912,50.08342589238751,50.15307243961331,15864900.0
2021-12-22,50.6493034362793,50.65800759610281,50.04861678053017,50.24013818502548,12447400.0
2021-12-23,50.68411636352539,51.023634983109616,50.44035676616143,50.94528427698017,11027300.0
2021-12-27,51.05846405029297,51.0932840073555,50.49259740616203,50.49259740616203,9860000.0
2021-12-28,51.25868606567383,51.31091765475118,50.753758565058554,50.84081674840436,8979900.0
2021-12-29,51.31962966918945,51.450211974353856,51.067165896569016,51.31962966918945,9996000.0
2021-12-30,51.171630859375,51.56338440489711,51.15421922169287,51.41539046599449,7703900.0
2021-12-31,51.54597091674805,51.66784905521728,51.10198579504865,51.1455132272262,10021300.0
2022-01-03,51.62432861328125,51.63303609345393,50.82341312578884,51.206459230120345,20187300.0
2022-01-04,52.486183166503906,52.703823663972315,51.87678910940629,51.99866725663972,26141600.0
2022-01-05,52.92146682739258,53.27839712838413,52.27724946122385,52.312072739596346,22507300.0
2022-01-06,52.64288330078125,53.20874658777908,52.61676418349217,52.64288330078125,17902300.0
2022-01-07,52.5210075378418,52.86052618962038,52.28595539716496,52.47747678069643,12307900.0
2022-01-10,52.60806655883789,52.947585237390236,52.39042603967041,52.712533078177664,20954300.0
2022-01-11,52.62546920776367,52.66029248190426,52.09442590037543,52.608057570693376,19369600.0
2022-01-12,52.70383071899414,52.83441304239688,52.39913198919263,52.69512323820876,15753800.0
2022-01-13,53.01722717285156,53.13910532160494,52.573238692758004,52.70382432123975,14318000.0
2022-01-14,53.44380187988281,53.49603679662117,52.547124061923014,53.052048306671544,19729600.0
2022-01-18,53.01722717285156,53.2696876291562,52.6254736083368,53.1565169601312,21976700.0
2022-01-19,53.10428237915039,53.26098380594364,52.72123629195052,52.80829116419988,18654700.0
2022-01-20,52.886634826660156,53.487321335329376,52.86051903265325,53.10427529919785,23002400.0
2022-01-21,52.62546920776367,53.365445518135026,52.58194177555304,53.173924152222206,26643200.0
2022-01-24,52.198890686035156,52.53840929542004,50.988810177333086,52.146659097471385,30185100.0
2022-01-25,52.07701110839844,52.277239941181335,51.09327525956943,51.67655344283265,19027100.0
2022-01-26,51.88548278808594,52.53840414861183,51.545964211961234,52.05089165814755,19190200.0
2022-01-27,51.92902755737305,53.04334591752722,51.798441921635316,52.12925643015508,18893800.0
2022-01-28,52.96499252319336,53.00851995926232,51.31092338512891,51.70267695161054,19101500.0
2022-01-31,53.11298370361328,53.22615768824229,52.36430320780306,52.49488550920854,22045300.0
2022-02-01,52.72123718261719,53.2261614278685,52.37301104587586,53.02593256156793,20841700.0
2022-02-02,53.2609748840332,53.33932558430506,52.72122746045484,52.77345904668278,20225600.0
2022-02-03,53.635318756103516,53.783312683858874,52.747345226781164,53.05204056094224,19440500.0
2022-02-04,53.069461822509766,53.69626756181624,52.72994315402899,53.53086196769067,17403700.0
2022-02-07,53.62660598754883,53.73107579546745,52.98239211003278,53.4350846482242,17846400.0
2022-02-08,53.9748420715332,54.26212911531535,53.74849742082968,53.82684813086751,18771700.0
2022-02-09,53.13910675048828,54.25342507868884,53.01722859845766,54.122839446695714,23595600.0
2022-02-10,53.435096740722656,54.23601219043609,52.40783331022552,52.54712309804223,23561500.0
2022-02-11,52.486183166503906,53.957431733855366,52.364305019270475,53.77461451300521,22781400.0
2022-02-14,52.825706481933594,52.921468840635654,51.60691825997589,52.37301380866161,23641300.0
2022-02-15,53.02592468261719,53.78331259842161,52.78216841567556,53.06945211300962,13408700.0
2022-02-16,53.01722717285156,53.45250817321674,52.72123595976601,52.98240389579903,15484700.0
2022-02-17,54.079307556152344,54.21859733570667,52.59064741449111,52.71252555648485,21468700.0
2022-02-18,54.4449462890625,54.68870257746442,53.96613787073144,54.079308535529265,21975000.0
2022-02-22,54.218597412109375,54.53200024678081,53.73108484344742,54.349183033532576,21731400.0
2022-02-23,53.6179084777832,54.262125756093624,53.40026799903281,54.18377505090628,19248500.0
2022-02-24,52.67770767211914,52.773470028036975,51.5546851624453,52.20760669359712,27207400.0
2022-02-25,54.71482467651367,54.758355436683,53.034639618644626,53.052051258526205,21487800.0
2022-02-28,54.18378448486328,54.270839363148525,53.461216375558934,53.67015273274655,25879100.0
2022-03-01,53.948726654052734,54.627763931862624,53.54826562164115,54.09672059575781,15871100.0
2022-03-02,54.349178314208984,54.74093182353099,53.783311765084974,54.17506527440698,17319100.0
2022-03-03,54.38399887084961,54.86280721569971,54.22729747494523,54.50587699634638,21262800.0
2022-03-04,54.471065521240234,54.4884771602144,53.278396479419904,53.50474114422289,17163000.0
2022-03-07,53.17392349243164,54.035777930670825,52.86052067091552,53.98354302010808,29151400.0
2022-03-08,51.067161560058594,53.57438079328658,51.006222491970604,53.49603008846913,30242100.0
2022-03-09,51.32833480834961,52.09443029948437,51.06716687210132,52.07701866094375,23022700.0
2022-03-10,50.38813400268555,51.067171360803236,50.05731948319685,50.910469921094425,20887300.0
2022-03-11,50.422950744628906,51.2325736911557,50.37071914867916,50.45777402254912,19855600.0
2022-03-14,51.35280227661133,51.7914152034433,50.85278380773097,50.85278380773097,17799400.0
2022-03-15,52.30020523071289,52.537056616261545,51.73878121149434,51.82650580596668,18607200.0
2022-03-16,52.159854888916016,52.58092294904539,51.41421415987782,52.44056692900226,17347300.0
2022-03-17,52.71250534057617,52.75636596703459,51.95809051862675,52.159852077416495,15586200.0
2022-03-18,52.721282958984375,52.89672883390372,52.3791653433851,52.89672883390372,30197800.0
2022-03-21,53.14234924316406,53.59850378882045,52.85286307567105,53.07216956146222,17440100.0
2022-03-22,53.3353385925293,53.466923827275004,52.68619324520767,53.44937890621881,17559500.0
2022-03-23,52.98445129394531,53.493240629573194,52.63355955834901,53.29147905282838,15529200.0
2022-03-24,53.49324035644531,53.5283301990961,53.03708244103983,53.19498338661679,13151300.0
2022-03-25,53.9757194519043,54.04589914431962,53.55465133646809,53.61605689415554,12259800.0
2022-03-28,54.317832946777344,54.33537786854401,53.695003282643206,53.97571533820653,11485200.0
2022-03-29,54.52836608886719,54.85293876035735,54.15993278820564,54.572226718038586,14720600.0
2022-03-30,54.572227478027344,54.572227478027344,54.002032598155445,54.39678161254693,13641000.0
2022-03-31,54.388004302978516,54.94942832810921,54.388004302978516,54.58099506649887,16822900.0
2022-04-01,55.15120315551758,55.22138284873009,54.46696787845539,54.67750361174096,12644900.0
2022-04-04,54.86171340942383,55.08101990369269,54.14238837593007,54.91434482638337,11505800.0
2022-04-05,54.8003044128418,55.47576877427825,54.712579812839536,54.73889886601587,15721200.0
2022-04-06,55.352962493896484,55.49331852823876,54.65118232218507,55.063479637094446,19267400.0
2022-04-07,55.65121078491211,55.85297234358968,55.010836269191685,55.37927289321037,13960800.0
2022-04-08,55.99333953857422,56.17755620318892,55.405596353779806,55.686308417864616,12703500.0
2022-04-11,55.97578811645508,56.40563029699522,55.82665796740391,56.063509371413616,12720100.0
2022-04-12,56.63371276855469,56.853019285400336,56.04597290965725,56.47581180871767,18089900.0
2022-04-13,56.7828483581543,56.905659476652254,56.344235308460455,56.52845198620739,11883000.0
2022-04-14,57.0372314453125,57.51970842129499,56.86178892279335,56.9846000270974,16388400.0
2022-04-18,56.5284538269043,57.177599287631736,56.300373159679545,56.81793336267331,11679400.0
2022-04-19,57.08110046386719,57.239001425161995,56.52845044568728,56.58108186855094,11993800.0
2022-04-20,57.86183166503906,58.10745389758858,57.37058719994003,57.405677046404804,14827100.0
2022-04-21,58.08113479614258,58.774144164792155,57.65129591426749,57.879376556625154,15120400.0
2022-04-22,57.23899459838867,58.19516769412484,57.17758904813684,57.96709376044832,14902200.0
2022-04-25,57.84429168701172,58.949591764035745,56.82670618951829,58.774149219566425,25082000.0
2022-04-26,57.06354904174805,58.22148699389175,57.054774908549994,57.47583960421898,21982600.0
2022-04-27,57.51092529296875,58.142528983583524,57.019680952580444,57.019680952580444,16971000.0
2022-04-28,58.06359100341797,58.142538130814025,56.58107692375078,56.72143629605919,22010600.0
2022-04-29,56.677574157714844,57.92323351019785,56.57230462506849,57.7828808260395,20137100.0
2022-05-02,55.65121078491211,57.29162230727406,54.896799309733474,57.26530660068391,24970300.0
2022-05-03,55.335418701171875,56.08983026407339,54.975752822077574,55.89684281605285,21686300.0
2022-05-04,57.04600524902344,57.12495906859227,55.21260278995795,55.26523755421997,19780200.0
2022-05-05,56.58985137939453,57.04600595658351,56.151238377492206,56.747752327787495,20155200.0
2022-05-06,56.79161071777344,57.29162928196654,56.20387089003307,56.31790786337417,18984000.0
2022-05-09,56.677574157714844,57.3354936781718,56.177555589875695,56.55476304931249,20055300.0
2022-05-10,56.1512336730957,57.300397500136846,56.01087431174881,56.58107250499081,21322200.0
2022-05-11,56.41439437866211,57.19512487890275,56.10736665823641,56.43194264423063,19648400.0
2022-05-12,56.58985137939453,56.60739295468118,55.44945489736718,56.28282361660356,22574700.0
2022-05-13,57.65129470825195,57.72147439561752,56.2477344244574,56.85301582305118,16167000.0
2022-05-16,57.86183166503906,58.23026501386334,57.405677046404804,57.405677046404804,13223200.0
2022-05-17,57.703914642333984,57.984626643221425,57.02845369081491,57.984626643221425,21300600.0
2022-05-18,53.68622970581055,57.47584225903613,53.475694001900045,57.38812100111179,31437300.0
2022-05-19,52.6335563659668,53.47569246469793,52.335299412705595,53.47569246469793,31493900.0
2022-05-20,53.49324035644531,53.72132098732384,52.33530231978201,53.06340149620371,29133800.0
2022-05-23,55.14242935180664,55.35296172722816,54.028351880616434,54.0809866476477,19406900.0
2022-05-24,56.15999984741211,56.309133338656345,55.04592588582673,55.159966191174135,16154200.0
2022-05-25,56.2038688659668,56.554760600222586,55.791571580168984,56.142463314424774,15360500.0
2022-05-26,56.4056396484375,57.10741649715554,56.10737930088685,56.20387470514995,16159800.0
2022-05-27,56.73897171020508,56.87055693428013,56.265268919156405,56.37053843695695,17709000.0
2022-05-31,55.59858703613281,56.42317830435885,55.30910083832952,56.2126459299126,43159000.0
2022-06-01,55.3266487121582,55.86175715747967,54.50205739994187,55.63367650225154,15408300.0
2022-06-02,55.905609130859375,55.9143832642752,54.484504035474316,55.423135529882806,14586000.0
2022-06-03,55.23891830444336,55.817887288807235,55.0985622884264,55.7652525279191,13539900.0
2022-06-06,55.15120315551758,55.94070797239853,54.96698648036268,55.55472969878559,15112800.0
2022-06-07,55.48454284667969,55.58980902656453,54.58100116443581,54.72135718639944,17886300.0
2022-06-08,55.16874313354492,55.449455188528276,54.87926029087219,55.25646774219701,10211500.0
2022-06-09,54.21257400512695,55.57227383335355,54.19502908101635,55.151205693755436,13382200.0
2022-06-10,53.87044906616211,54.29151714882085,53.03708368853784,53.519557324104,14967600.0
2022-06-13,53.809043884277344,54.642409267647814,53.22130071423017,53.291480401666355,23064200.0
2022-06-14,52.3334846496582,53.80020045591155,51.82985354194358,53.65883037954479,24620000.0
2022-06-15,52.72225570678711,53.5793137587919,52.103763680112266,53.013833408387036,19684700.0
2022-06-16,52.19211959838867,52.589724029742,51.467597465935405,51.81218684959869,15053800.0
2022-06-17,52.51020812988281,53.12870359621762,52.245139607319075,52.74877081134891,34781900.0
2022-06-21,53.6323356628418,53.791377453043815,52.13911034044836,52.56322402800652,17705000.0
2022-06-22,54.02994155883789,54.295010092633724,53.29658179912252,53.54397864792806,15207100.0
2022-06-23,54.674930572509766,54.70143640875743,54.100612736601285,54.16246193486484,17190900.0
2022-06-24,55.69987106323242,55.71754274632987,54.87815633711003,54.87815633711003,18147100.0
2022-06-27,55.584999084472656,55.920754275611046,55.33760229654355,55.64684828145493,12142100.0
2022-06-28,55.028358459472656,56.33603262335059,54.878154214746715,55.73521227391805,13150100.0
2022-06-29,55.42596435546875,55.7617195891702,55.16089585329556,55.25808842388246,11795500.0
2022-06-30,55.584999084472656,55.76171252036278,54.92232622778103,55.063696302387434,15514200.0
2022-07-01,56.88383483886719,56.94568403503099,55.505477472327044,55.770545937390274,15143200.0
2022-07-05,55.911930084228516,56.70713905011591,55.152064488053725,56.70713905011591,15921200.0
2022-07-06,56.02679443359375,56.62761486695258,55.832409270415475,56.194670384183645,13450500.0
2022-07-07,55.584999084472656,56.1769885891253,55.399451493525824,55.894245069384034,14828400.0
2022-07-08,55.78822326660156,56.035620076306806,55.55849813909366,55.691030699780576,11311500.0
2022-07-11,55.61151123046875,56.07096486770639,55.30226521046689,55.65569212235087,12702100.0
2022-07-12,55.372947692871094,56.0621298230685,55.19623761025877,55.66452539613322,14731100.0
2022-07-13,55.11671829223633,55.66452697907598,54.76329137590366,55.07254077032697,13145300.0
2022-07-14,54.94000244140625,55.00185164349158,54.16246528165383,54.188974490068055,14433000.0
2022-07-15,55.222740173339844,55.6380162580125,54.84280745130498,55.443631134033204,21968400.0
2022-07-18,54.471717834472656,55.27576087892964,54.34801605257019,55.24041751267179,10780800.0
2022-07-19,55.24924850463867,55.35527859733948,54.71911152324958,54.86048160965525,10998200.0
2022-07-20,54.339176177978516,55.29342674334795,54.029930182087625,55.13438498245304,11010500.0
2022-07-21,54.21548080444336,54.6749344314929,53.71184965702014,54.12712239316724,11959600.0
2022-07-22,54.41869354248047,54.66609032320908,54.18013091655144,54.233145956934,11644700.0
2022-07-25,54.94884490966797,55.046037490656076,54.17131100282156,54.38336447904177,14941700.0
2022-07-26,55.85007095336914,56.371373767192885,55.24924725707977,55.44363238544653,20118000.0
2022-07-27,55.67335510253906,55.83239686060227,54.595409528534354,55.55849423212669,12142900.0
2022-07-28,56.601104736328125,56.768984044727354,55.5673365279979,55.593842368048726,10837000.0
2022-07-29,56.69829177856445,56.80432186948052,56.22116985155683,56.29185320830554,13734200.0
2022-08-01,57.00754165649414,57.46699867394979,56.57459721936146,56.627608897891804,12831500.0
2022-08-02,56.23000717163086,57.07822772352227,56.044459557878774,57.06939019685091,15241900.0
2022-08-03,56.4774055480957,56.63644732727918,55.938434374783874,56.15048783334254,11317000.0
2022-08-04,56.25650405883789,56.30951909884347,55.59383122614559,56.22999822409926,11795600.0
2022-08-05,56.000282287597656,56.22117326796942,55.372949341739904,56.22117326796942,10445400.0
2022-08-08,55.63801574707031,56.38020950300533,55.443630624876114,56.106303500870645,9165200.0
2022-08-09,55.708702087402344,55.93843058422424,55.53198863689214,55.82356633581329,7910900.0
2022-08-10,56.23883819580078,56.362536590666465,55.75287540093065,56.22116651503019,8857300.0
2022-08-11,55.85890579223633,56.53925033826133,55.73520739669151,56.27417849577559,8507800.0
2022-08-12,56.28302001953125,56.33603169537129,55.74404551163269,56.0444573666649,9489300.0
2022-08-15,56.9898681640625,57.15774745222672,56.16815351624071,56.23000271592376,9863300.0
2022-08-16,57.458160400390625,57.634877228291316,56.8396683553825,57.05172180780561,9569600.0
2022-08-17,57.325626373291016,57.62604162019516,57.219603014078444,57.28145222063842,8144000.0
2022-08-18,57.626041412353516,57.74090229810551,57.175421914151535,57.39631289979162,6532000.0
2022-08-19,57.58186340332031,57.84693529579014,57.396315775014735,57.61720677172017,8921100.0
2022-08-22,56.724796295166016,57.3609633437343,56.53925206670506,57.290276618102894,9087900.0
2022-08-23,56.786651611328125,56.87501339841344,56.26535212102593,56.38905053367587,8443800.0
2022-08-24,56.866172790527344,57.06055792589073,56.59227014036487,56.760142696404344,6844700.0
2022-08-25,57.140079498291016,57.175422865508466,56.45973821726467,56.866176828678306,7913900.0
2022-08-26,55.761722564697266,57.25494782788795,55.646858305098974,57.193098619764804,10089500.0
2022-08-29,55.42596435546875,55.69103285764194,55.1432241704135,55.39062098970462,9115900.0
2022-08-30,54.91349411010742,55.5850011467698,54.772124030255945,55.5850011467698,8456800.0
2022-08-31,54.524723052978516,55.24924512277494,54.515888897725226,55.11671257080448,14633600.0
2022-09-01,54.78096008300781,54.816303446826964,54.15363054259703,54.40986487449282,14939700.0
2022-09-02,54.02994155883789,55.46131433775878,53.80905055225316,55.125559064001784,11809800.0
2022-09-06,54.05643844604492,54.75445472014603,53.888562522241465,54.15363101212593,12181800.0
2022-09-07,55.05487823486328,55.213920036584994,54.18014832539384,54.18014832539384,13290700.0
2022-09-08,54.88698959350586,55.04603136824645,54.197810816649174,54.85164959841928,17193500.0
2022-09-09,55.06370162963867,55.55849862389548,54.657263047139566,54.93116569726651,11855900.0
2022-09-12,55.222740173339844,55.496646177989895,55.01952089396538,55.16089097398799,13026900.0
2022-09-13,53.429107666015625,54.97534442024138,53.26122837556136,54.95767273858679,18532800.0
2022-09-14,53.71184539794922,53.96807971453877,53.40259603879781,53.57930947680883,12881600.0
2022-09-15,52.98204803466797,53.75635558136546,52.8307486673312,53.75635558136546,11451900.0
2022-09-16,52.99094009399414,53.222340081717554,52.608237372099715,53.09773982716631,20493500.0
2022-09-19,53.39144515991211,53.489342938185565,52.715038904825605,52.857439685617116,12596200.0
2022-09-20,53.31134796142578,53.42704626917959,52.79514297568364,53.11554560199219,11984600.0
2022-09-21,52.866336822509766,54.023343485304316,52.85743486477708,53.52493910043957,14165300.0
2022-09-22,52.74174499511719,53.16004882960634,52.688346817167336,52.999847505551045,11657600.0
2022-09-23,52.154335021972656,52.59933789210929,51.620332935849675,52.474737631687425,14824000.0
2022-09-26,51.504634857177734,52.1276395981555,51.34443354106623,52.05644089938522,18670100.0
2022-09-27,50.178524017333984,51.94963351910507,50.11622388783063,51.69153443763505,23829300.0
2022-09-28,50.712528228759766,50.95283019341613,49.760222329067446,50.427726654745385,21480100.0
2022-09-29,50.347633361816406,50.988438694600205,49.84033027173025,50.810436836037695,14570700.0
2022-09-30,49.858116149902344,50.84602294935152,49.84031562976518,50.61461958267045,16124600.0
2022-10-03,50.418827056884766,50.59682549066629,49.89372352898326,50.16072457475805,16277600.0
2022-10-04,50.53451919555664,51.451227314202264,50.24971766212366,50.68582191993784,18861400.0
2022-10-05,50.053924560546875,50.41882677995878,49.40421737942333,50.28532456025339,14324900.0
2022-10-06,48.977012634277344,49.92931846263572,48.834611857936906,49.84031925058631,17192800.0
2022-10-07,48.51420974731445,49.03041468864717,48.28280975661167,48.94141547570818,11479800.0
2022-10-10,48.407413482666016,48.91471650200749,48.078112297064244,48.59431388029654,10239100.0
2022-10-11,48.487518310546875,49.14612413352742,48.273918807760616,48.46971778613087,14303900.0
2022-10-12,49.074920654296875,49.875927254952465,48.98592142982527,49.155021314362436,18377400.0
2022-10-13,49.72461700439453,49.91152077977795,48.29170729870122,48.48750963714943,16220700.0
2022-10-14,48.93251419067383,50.258624210367344,48.896913146967414,50.09842290879088,15997900.0
2022-10-17,49.56441879272461,50.03612414696675,49.457619053789735,49.51102062080842,13721400.0
2022-10-18,50.2319221496582,50.53452423348576,49.929320065830645,50.116223849299445,11823100.0
2022-10-19,49.80472183227539,50.320926806015365,49.600020913582746,50.11622588732272,10182300.0
2022-10-20,49.02151107788086,49.769112537837024,48.91470795922827,49.63561373217428,16905100.0
2022-10-21,49.80472183227539,49.93822405516747,48.94141854824165,48.950317112053256,15034100.0
2022-10-24,51.23762893676758,51.380029715907725,50.34762321836605,50.40992334704597,17416700.0
2022-10-25,52.465843200683594,52.60824399453964,51.39783554921189,52.54594385942154,28829900.0
2022-10-26,52.857444763183594,53.20454648751213,52.385742768080995,52.51924160315203,15831400.0
2022-10-27,52.98204803466797,53.257951074938646,52.848549192036046,53.195650936023156,16026100.0
2022-10-28,54.076751708984375,54.21025393898769,52.928646790387376,53.01764601365443,12888900.0
2022-10-31,53.266841888427734,53.90764710414135,53.10664058449933,53.85424553779773,14016400.0
2022-11-01,53.079933166503906,53.658438161555374,52.83963124833339,53.427034805494024,10659500.0
2022-11-02,52.34123229980469,53.60503866420683,52.30563125979566,53.079935206930806,14549200.0
2022-11-03,52.31454086303711,52.51034322930809,51.70933663556568,51.71823859499768,9194000.0
2022-11-04,52.74174499511719,53.03544855425286,52.118743618349775,52.777346043819,9725900.0
2022-11-07,52.946449279785156,53.19564983026707,52.72394781825406,52.741744947486026,8849700.0
2022-11-08,53.044342041015625,53.213445308609785,52.45693837407849,53.17784426331601,10081600.0
2022-11-09,52.30563735961914,53.07994139705273,52.28783683753875,53.035441789402974,10115200.0
2022-11-10,54.18354797363281,54.32594874984713,53.11554045447429,53.622843431931685,16804800.0
2022-11-11,54.57515335083008,54.69085505114759,53.58724640642471,54.619652960151406,18972100.0
2022-11-14,54.05005645751953,54.931163768856734,54.03225593258208,54.57516006031377,16361000.0
2022-11-15,53.9610595703125,54.69086414891274,53.400354893303934,54.406062527756696,13295800.0
2022-11-16,53.86315155029297,54.317053015517004,53.658450623223096,54.10345352427135,14199500.0
2022-11-17,54.032249450683594,54.058951932437935,53.51604786983493,53.569446043138456,11212600.0
2022-11-18,54.41495895385742,54.619659898822015,54.11235681888736,54.28146010893425,10415600.0
2022-11-21,55.25157165527344,55.36726998565941,54.46836545943592,54.655265896308634,15399400.0
2022-11-22,55.491859436035156,55.625361662065174,55.22485837907777,55.598662574900224,12319600.0
2022-11-23,55.741050720214844,55.883451477962325,55.447347247615866,55.61645048157353,8990400.0
2022-11-25,55.794464111328125,55.90126725511667,55.51856447763138,55.83006515925764,5165500.0
2022-11-28,55.80335998535156,56.159360240515504,55.678759726289066,55.79445802678857,12267500.0
2022-11-29,55.60755920410156,55.687659857912,55.16255632628855,55.64316024915121,10969600.0
2022-11-30,57.01477813720703,57.07752011223895,55.347626413944724,55.58066754703739,30433900.0
2022-12-01,57.176116943359375,57.4629383841889,56.85344196763083,57.0147794554951,12001400.0
2022-12-02,57.67805480957031,57.83042720954632,56.826555550068804,57.01478148622083,13643500.0
2022-12-05,56.8892936706543,57.185076776093524,56.70106432808625,56.835513370037546,9185100.0
2022-12-06,56.862403869628906,57.25678591673588,56.67417793942674,56.93411093971428,10099500.0
2022-12-07,56.9520378112793,57.11337530008483,56.692104810516895,56.871369066876525,12307600.0
2022-12-08,57.19404220581055,57.22989232058492,56.78173340368392,57.00581286213442,9946200.0
2022-12-09,56.593505859375,57.22092900891459,56.548690652803835,57.01477632334236,13914900.0
2022-12-12,57.337459564208984,57.37331310231769,56.47699174550798,56.73692476802372,11647900.0
2022-12-13,57.35538101196289,57.99176244885168,57.185078431337615,57.893166937791,17521600.0
2022-12-14,57.35538101196289,57.94695065914571,56.97892573511131,57.534645266693104,12826700.0
2022-12-15,56.56662368774414,57.26575056143568,56.01090754248116,56.996855873029816,12212300.0
2022-12-16,56.24395751953125,56.59352101122894,55.8675055805282,56.24395751953125,33631500.0
2022-12-19,56.324607849121094,56.83550869582917,55.99297123721149,56.31564617601257,10919700.0
2022-12-20,56.27980041503906,56.60247539838769,56.243946879293354,56.30668885725766,10286500.0
2022-12-21,57.18507766723633,57.40916054704088,56.53076605251796,56.53076605251796,10411300.0
2022-12-22,56.772769927978516,56.99684937931737,56.154311873188476,56.84447357443278,9666700.0
2022-12-23,57.202999114990234,57.24781431911122,56.64728306169205,56.916177705598855,6463300.0
2022-12-27,57.55256652832031,57.624273595285146,57.10440761733352,57.30159863230568,7320700.0
2022-12-28,56.97893142700195,57.94695644773688,56.907227769455815,57.77665385009929,7159400.0
2022-12-29,57.31953048706055,57.49879475120403,57.09545101167656,57.185081434157574,7169300.0
2022-12-30,57.01477813720703,57.29263447829661,56.620396100799304,57.29263447829661,7650200.0
2023-01-03,56.4232063293457,56.969960735727796,55.733041211386436,56.969960735727796,12180500.0
2023-01-04,56.39631652832031,56.763810123027746,56.02882635279408,56.602472639218064,13387900.0
2023-01-05,55.750972747802734,56.28876210743533,55.64341555971249,56.109497847830674,9814700.0
2023-01-06,56.82655334472656,57.068556156569514,56.091572977548374,56.38735609156824,9990000.0
2023-01-09,56.118465423583984,57.11337886017437,56.09157698016744,56.73692355643515,9442600.0
2023-01-10,55.688236236572266,56.2260256489981,55.500006864959694,56.10950335593922,10134600.0
2023-01-11,55.58067321777344,56.07365081358017,55.04288382857897,55.91231331298552,10823000.0
2023-01-12,54.863609313964844,55.73303863601535,54.64849496612984,55.6702966662984,13907300.0
2023-01-13,55.06080627441406,55.087694716008215,54.30789913714643,54.40649464856667,13986400.0
2023-01-17,55.284881591796875,55.9123047289856,55.17732441430713,55.32969679748585,18327800.0
2023-01-18,53.60877227783203,55.204216969742,53.49224999900833,55.13250989994856,19679400.0
2023-01-19,53.528106689453125,54.35271752560184,53.5191415956098,53.537068364114965,14894500.0
2023-01-20,53.850772857666016,53.85973453085898,53.24127650511702,53.528097915824674,14237700.0
2023-01-23,53.985225677490234,54.289973894447584,53.82388818503156,54.03004088779956,12613400.0
2023-01-24,54.272037506103516,55.43724986350471,53.599799213081965,53.85077050085294,10103300.0
2023-01-25,54.61264419555664,54.621605869177365,53.68047285667149,53.95833260744911,11265800.0
2023-01-26,54.50508499145508,54.765014546973255,54.28996722155695,54.50508499145508,11884800.0
2023-01-27,54.21826934814453,54.63953642112638,54.11070874215734,54.53197923432052,14087000.0
2023-01-30,54.352718353271484,54.82776575875708,54.191380853449665,54.263087928562264,15632000.0
2023-01-31,54.96220779418945,54.980134560677655,54.23618913773213,54.65745960225218,14344400.0
2023-02-01,54.971168518066406,55.19524795258809,54.3347803254474,54.8008659595542,12535400.0
2023-02-02,54.03003692626953,54.69331361543221,53.69840029127875,54.49612260151174,16947200.0
2023-02-03,53.62670135498047,54.15552563116777,53.088908565910785,54.092783651986856,15404400.0
2023-02-06,53.93143844604492,54.08381424454141,53.528098185889206,53.59084015609925,11330900.0
2023-02-07,53.84180450439453,53.99418029289369,53.366757212777365,53.48327605313357,14922700.0
2023-02-08,53.528106689453125,53.70736753614181,53.41158440376029,53.70736753614181,11012000.0
2023-02-09,53.43846893310547,54.06589210810799,53.420542165913254,53.91351971574603,12515300.0
2023-02-10,53.43846893310547,53.689440254615214,52.77519564289975,53.528102769066535,14420700.0
2023-02-13,54.316856384277344,54.460267093059805,53.53706086897152,53.6894366703422,16191800.0
2023-02-14,53.41157531738281,54.58575281085894,53.38468687879007,53.96729136977859,20505700.0
2023-02-15,53.41157531738281,53.7163234917639,53.08890037754627,53.68943505317115,13171400.0
2023-02-16,53.079933166503906,53.6177223973359,52.83792698687534,53.0888948387062,16538300.0
2023-02-17,53.886634826660156,53.98523034938197,53.22336145064702,53.3309186485337,16814700.0
2023-02-21,53.59981155395508,53.98522853756068,53.52810789749766,53.770114149006865,14278300.0
2023-02-22,53.76115036010742,54.10175213929815,53.55499764141299,53.64462806895608,12409600.0
2023-02-23,53.859745025634766,54.15552816716985,53.60877709715874,53.788037949395,12222800.0
2023-02-24,53.63566207885742,53.69840405692629,53.232318348999414,53.49225135481695,9736200.0
2023-02-27,53.61772918701172,54.04796130999423,53.546025542771794,53.940404134043845,8849800.0
2023-02-28,53.339874267578125,53.51017684900964,53.00823761722503,53.51017684900964,16082200.0
2023-03-01,52.75727081298828,53.04409226023349,52.318073548604545,52.99927705019793,13275800.0
2023-03-02,53.528106689453125,53.58188357578714,52.70349243412293,52.73934597113326,11758300.0
2023-03-03,53.27713394165039,53.49225173884615,53.070981238061044,53.375729456232555,13101800.0
2023-03-06,54.101749420166016,54.11967618860997,53.07994755313083,53.115797670837274,16282700.0
2023-03-07,53.78803634643555,54.28997560761067,53.55499519396442,54.218271952689356,13961200.0
2023-03-08,53.81492233276367,54.074855319232,53.53706257972706,53.81492233276367,10851600.0
2023-03-09,53.29506301879883,54.263088019349304,53.13372551870709,54.263088019349304,13900900.0
2023-03-10,53.07097625732422,53.90455208705652,52.873788665847435,53.51017348492188,13745800.0
2023-03-13,53.60877227783203,54.558867018326154,53.10683304682179,53.14268658171851,21956000.0
2023-03-14,53.80595779418945,54.19137473142511,53.19646140131359,53.7790693536506,19496900.0
2023-03-15,54.16448974609375,54.20930495624437,53.097872700110976,53.26817186635588,21089900.0
2023-03-16,54.4625358581543,54.49866440415481,53.92062144977775,54.27286615976328,15658300.0
2023-03-17,54.209651947021484,54.507703887599725,53.86643759372405,54.47157878099607,27351200.0
2023-03-20,54.73349380493164,54.73349380493164,54.16448470203865,54.336090129757636,12904100.0
2023-03-21,54.48060607910156,54.86897937748845,54.083202365932536,54.70640434814472,13716500.0
2023-03-22,54.23674392700195,54.9773619791826,54.21867965189899,54.552863573191566,10494200.0
2023-03-23,54.119327545166016,54.54382939408368,53.938691686008696,54.27287215993953,15479000.0
2023-03-24,55.004459381103516,55.11284158486794,54.11029672517466,54.41738250701397,12975600.0
2023-03-27,55.4109001159668,55.52831619387169,55.049624911856554,55.22123037540328,12777400.0
2023-03-28,55.47412109375,55.7631460687881,55.33864418977831,55.44702640203734,10925700.0
2023-03-29,55.87152099609375,55.952808506041244,55.62765846625126,55.74507452404386,9441000.0
2023-03-30,55.86248779296875,56.07925563717901,55.69088235679962,55.88958592687503,9870700.0
2023-03-31,56.02506637573242,56.22376995843745,55.880555618876464,56.05216451136106,14440900.0
2023-04-03,56.35924530029297,56.46762749696747,55.87152024714587,56.26892393189096,12300700.0
2023-04-04,56.18764114379883,56.66633582302859,56.07022852312333,56.35021617517374,11433400.0
2023-04-05,56.720523834228516,56.91922741120383,56.4495666036128,56.47666129305193,12789600.0
2023-04-06,56.75664138793945,56.93728065515628,56.341173485125964,56.77470565920188,9644200.0
2023-04-10,56.621177673339844,56.621177673339844,56.01603991300016,56.440541798581314,7952600.0
2023-04-11,56.521827697753906,56.63924032389457,56.35925265881167,56.58505094118606,9913000.0
2023-04-12,56.621177673339844,56.92826348400119,56.27796675497187,56.43150793759831,9593700.0
2023-04-13,57.03663635253906,57.04566676608848,56.43149528249742,56.684388206773384,9871400.0
2023-04-14,56.94632339477539,57.03664477063864,56.702460848056916,56.94632339477539,8946000.0
2023-04-17,57.31663513183594,57.379858375224885,57.027613606226964,57.19018864505806,9452400.0
2023-04-18,57.406944274902344,57.44306937384664,57.07276040775848,57.36178187175862,9035700.0
2023-04-19,57.51533126831055,57.65081159824666,57.28953301535562,57.56049022981995,9769500.0
2023-04-20,57.76823043823242,57.804358989498844,57.29856960799375,57.47017850380512,10706400.0
2023-04-21,57.84952163696289,58.04821833351286,57.62371991333197,57.80435922499173,12931100.0
2023-04-24,57.75920104980469,58.69851928157037,57.46114566467109,58.48175486093535,15532300.0
2023-04-25,57.66887664794922,57.95789815725558,57.4701765136812,57.95789815725558,12818900.0
2023-04-26,57.397918701171875,57.59662227838155,57.2534079483125,57.40695256126765,13179600.0
2023-04-27,57.51533126831055,57.587584917644,57.00051152720595,57.379850938374425,13795800.0
2023-04-28,57.9398307800293,57.948864639216325,57.33468969458639,57.45210574616327,13687600.0
2023-05-01,58.0753173828125,58.427562130214845,57.85854608378314,57.93983704362323,9091500.0
2023-05-02,57.813385009765625,57.930797617346386,57.14502068360888,57.930797617346386,10948400.0
2023-05-03,57.48823928833008,57.96693050461157,57.42501605015735,57.82241630832183,11084600.0
2023-05-04,57.55146408081055,57.74113380045117,57.36179091576175,57.56952835583463,11938300.0
2023-05-05,57.822418212890625,57.99402710393314,57.47017690676044,57.47920732162196,9039000.0
2023-05-08,57.73210144042969,57.858547923475875,57.4521137838012,57.632753093327864,7240700.0
2023-05-09,57.25341033935547,57.578560408220156,57.154058546601455,57.47920861546614,9067700.0
2023-05-10,57.35276412963867,57.47921061739931,56.89213714630945,57.190189089544035,10134000.0
2023-05-11,57.67790985107422,57.74113309017672,56.910193676331104,57.42501689466422,9581500.0
2023-05-12,57.90370559692383,57.975962692985334,57.533396593128536,57.67790733984358,8740800.0
2023-05-15,57.750160217285156,58.03015129266276,57.54242623700162,58.00305660470645,8150000.0
2023-05-16,57.09986114501953,57.714032645405275,57.045668326018045,57.714032645405275,9129600.0
2023-05-17,57.03663635253906,57.280495417857914,56.65729352071744,57.26243459075908,11583000.0
2023-05-18,56.720523834228516,56.93729168596596,56.5127898425762,56.91019355111871,13595100.0
2023-05-19,56.747623443603516,56.99148254570841,56.5489198614651,56.937293165422076,14251400.0
2023-05-22,55.55540466308594,56.78374779935415,55.49218142331403,56.71149414478976,15055400.0
2023-05-23,55.456058502197266,55.69991761068567,55.24832105430103,55.555406850458915,13932700.0
2023-05-24,54.98639678955078,55.483152304537136,54.84188603163824,55.437993338703514,11090100.0
2023-05-25,54.56188201904297,54.8509034664727,54.3270533850341,54.61607483246383,14463600.0
2023-05-26,54.42641067504883,54.76962499244462,54.29093378728774,54.59801955645072,12570300.0
2023-05-30,53.992881774902344,54.37222466401414,53.75805308766796,54.27287287292752,15634200.0
2023-05-31,53.88450622558594,54.444485045405706,53.622579370438004,54.119334941830154,59432200.0
2023-06-01,54.19158172607422,54.345122887168934,53.983847742906555,54.13738890400127,13402700.0
2023-06-02,55.239280700683594,55.38379143491045,54.26383410600422,54.43543952620871,15259800.0
2023-06-05,54.868980407714844,55.49218240162835,54.68834110000697,55.09477868099762,12915600.0
2023-06-06,54.47157669067383,55.08574826967612,54.29996779790635,55.04961971905052,10943500.0
2023-06-07,54.390289306640625,54.51673578872927,54.02901069032317,54.200616138099434,16817900.0
2023-06-08,54.525760650634766,54.56188919766871,54.17351593057344,54.30899625924682,15585900.0
2023-06-09,54.616085052490234,54.796720906879706,54.34512438008989,54.4354457526927,12581500.0
2023-06-12,54.381256103515625,54.77866327534959,54.20965065366532,54.724470448624515,14208900.0
2023-06-13,54.5980224609375,54.7967225959724,54.22771343537151,54.381254605417034,13397800.0
2023-06-14,54.96833038330078,55.167033959755926,54.73349825741596,54.85091432035837,14099700.0
2023-06-15,55.723690032958984,55.78739477452273,54.91372677166446,55.15944654840236,15271400.0
2023-06-16,56.124114990234375,56.579150799028156,55.95120263268591,56.06041025473506,26738000.0
2023-06-20,55.75099182128906,56.38804271712325,55.732793442010674,56.05131715410373,13971800.0
2023-06-21,55.905696868896484,56.16961845760936,55.49616396772954,55.79648925246781,13948700.0
2023-06-22,56.287933349609375,56.515451274986376,56.05131623474244,56.25153312000156,15193400.0
2023-06-23,55.69638442993164,56.39714000137273,55.67818258074058,56.36983549176226,25112100.0
2023-06-26,55.71459197998047,55.77829672284374,54.959230783675714,55.705489318629645,12856100.0
2023-06-27,55.59627914428711,55.8419989148129,55.496170703889796,55.71458943490648,9068500.0
2023-06-28,55.07754135131836,55.55077906609946,54.96833371610676,55.405167728601285,11173200.0
2023-06-29,54.62250518798828,54.92282705108446,54.394987257417675,54.804520226774386,17142300.0
2023-06-30,54.80451583862305,54.92282265346039,54.48598867833954,54.60429896482472,19739200.0
2023-07-03,55.13214111328125,55.17764400053546,54.631598938541615,54.78631292118325,9694500.0
2023-07-05,55.54166793823242,55.60537267169906,54.74990662825592,54.859114246820496,14716600.0
2023-07-06,55.11394500732422,55.53257716832392,55.05933945394021,55.26865553444006,12603900.0
2023-07-07,54.38588333129883,55.05933791765143,54.35858229119265,54.88642554423226,14574000.0
2023-07-10,53.97635269165039,54.74081304314757,53.8216387005038,54.57699986270904,15480600.0
2023-07-11,54.16746139526367,54.20386509202003,53.54861243699603,54.112855850129144,15967700.0
2023-07-12,54.45869445800781,54.649808695116704,54.103767025763226,54.37678786043997,14241300.0
2023-07-13,54.92282485961914,55.0229333005395,54.58609930787174,54.71350878844384,11269800.0
2023-07-14,55.423362731933594,55.550772202546455,54.68620347412643,54.731706360538496,11634200.0
2023-07-17,55.341453552246094,55.60537166971752,55.05023092688983,55.295947196320554,10014300.0
2023-07-18,55.123043060302734,55.74189209930028,54.97743172592967,55.477970470859084,11152900.0
2023-07-19,56.0968132019043,56.23332533137461,55.22314529390776,55.30505187726042,12936000.0
2023-07-20,56.77936935424805,56.797571203738784,56.12411665917277,56.13321931974205,11563000.0
2023-07-21,56.82488250732422,57.04330126902167,56.642870922832856,56.84308436010304,12815100.0
2023-07-24,56.84307098388672,57.16159812508821,56.788468910047555,56.806667286895525,10251100.0
2023-07-25,56.651954650878906,56.77936411390724,56.46993964441807,56.69745753458224,13422700.0
2023-07-26,57.3800163269043,57.48922395186984,55.86929754023098,56.297032322847095,17145500.0
2023-07-27,56.82488250732422,57.580243775227444,56.77028042063618,57.38002686630882,11517100.0
2023-07-28,56.86128234863281,57.12520398851719,56.6246652218853,56.96139079628883,9721800.0
2023-07-31,56.360740661621094,56.833978362243116,56.178725627282155,56.833978362243116,15577900.0
2023-08-01,56.21512985229492,56.752072299191624,56.078617707356685,56.50635252129164,9281600.0
2023-08-02,56.38804626464844,56.96139245413478,56.02401963816135,56.02401963816135,11059400.0
2023-08-03,56.0968132019043,56.533647155902564,55.996704769845756,56.306129254550484,8037400.0
2023-08-04,55.25045394897461,56.32433886915352,55.16854735432882,56.133224638862735,9359300.0
2023-08-07,55.687286376953125,55.81469933183244,55.27775688703777,55.32325977795636,6982600.0
2023-08-08,55.441566467285156,55.83289757721465,55.1685456507792,55.68728624363494,7956100.0
2023-08-09,55.5689811706543,56.087721779835164,55.28685768411896,55.43246902228116,7904100.0
2023-08-10,55.441566467285156,56.17872579633449,55.323259645509665,55.83289757721465,7870300.0
2023-08-11,55.6690788269043,55.696383335978474,55.23224486984203,55.36875700026985,8483900.0
2023-08-14,55.40517044067383,55.95121211510859,55.28686013827526,55.80560077048276,7176300.0
2023-08-15,55.03203201293945,55.42336308756006,54.94102276788366,55.23224540876675,7187400.0
2023-08-16,55.041133880615234,55.35055838556998,54.968329952674765,55.0957394303065,8372300.0
2023-08-17,55.15943908691406,55.53256829630579,55.013827772801385,55.132138050407804,12873500.0
2023-08-18,55.468868255615234,55.596277732285785,54.9410250275254,55.09573901465954,11083800.0
2023-08-21,54.995635986328125,55.45067186013746,54.89552753862636,55.38696711553601,8648500.0
2023-08-22,54.658905029296875,55.13214270805482,54.58609763026587,54.91372398260967,9411500.0
2023-08-23,54.85002136230469,55.004731883747894,54.749912920595314,54.78631662151654,7749500.0
2023-08-24,54.704410552978516,55.40516617999196,54.686208702343976,54.85002188640676,8955100.0
2023-08-25,54.9592170715332,55.12303021849597,54.613388931095436,54.97741891804542,7629200.0
2023-08-28,55.11394500732422,55.26865553444006,54.941029157432254,55.104842345936156,6254300.0
2023-08-29,55.0593376159668,55.17764790852536,54.74081391097991,55.113943167527985,8189600.0
2023-08-30,55.03203201293945,55.27775176711851,54.868218843486744,55.186742522062715,9447900.0
2023-08-31,54.44959259033203,55.03203793477344,54.43139073936223,54.877323937354134,14663500.0
2023-09-01,53.97635269165039,54.722611192915736,53.803436850271964,54.60430090223281,11262300.0
2023-09-05,53.530418395996094,53.985454256874434,53.393906249073346,53.92174951408331,12474600.0
2023-09-06,53.4940185546875,53.539524921378096,53.16639215574603,53.34840720756333,13923500.0
2023-09-07,53.0844841003418,53.8398418085458,53.05717958853218,53.648727584118674,17628600.0
2023-09-08,53.0844841003418,53.15728803132202,52.79325796147679,53.05717958853218,14312300.0
2023-09-11,53.58502197265625,53.685130413820765,52.99347398667391,53.14818797892307,14767400.0
2023-09-12,53.05717468261719,53.69422551011762,52.957066249083844,53.68512632145446,12292700.0
2023-09-13,53.18458557128906,53.40300429315119,53.09357979564106,53.14818534401855,12641400.0
2023-09-14,53.62489318847656,53.74414213649646,53.37722391144672,53.423091313971575,12311600.0
2023-09-15,53.14790344238281,53.79000861739313,52.973619201688,53.57903185259677,55727500.0
2023-09-18,53.478118896484375,53.52398279321249,52.86353498210745,53.184585758395244,13617400.0
2023-09-19,53.36804962158203,53.56068010459745,53.12955173854179,53.44143116307733,11998900.0
2023-09-20,53.60655212402344,53.96429900276377,53.27632988849615,53.47813178256418,14766600.0
2023-09-21,52.780975341796875,53.58818967260112,52.67089779734928,53.542325778676684,15941800.0
2023-09-22,52.83601760864258,53.17541816682901,52.74428980865187,53.06534060781063,14644100.0
2023-09-25,52.28564453125,52.735119155461064,52.047150148470934,52.652562734654595,12358800.0
2023-09-26,51.854515075683594,52.193915631406036,51.73526963639962,52.037974173524404,11194700.0
2023-09-27,51.322486877441406,51.85451440519013,51.074817623437426,51.75361172772282,13766300.0
2023-09-28,51.19406509399414,51.6618824498076,51.093162419417034,51.579326034170975,12484800.0
2023-09-29,51.350006103515625,51.6160216252042,51.01978042130792,51.49677268458668,12271600.0
2023-10-02,50.891361236572266,51.37752489112684,50.524446525297805,51.285797088106065,11792500.0
2023-10-03,50.34098434448242,50.84549422865639,50.24925304787459,50.597824976602006,13604200.0
2023-10-04,50.487754821777344,50.7079029522678,50.18504676836366,50.35015961582722,12100500.0
2023-10-05,48.04775619506836,50.405196367658974,47.91933587425662,50.21256588644137,29878100.0
2023-10-06,48.74489974975586,48.88249495911339,47.28640522717047,47.73587987843907,30298900.0
2023-10-09,48.506404876708984,48.75407415160766,47.80008957404049,48.57978642157258,15704700.0
2023-10-10,49.561283111572266,49.83647349688469,49.130158273018935,49.653014406406776,20909700.0
2023-10-11,49.26774978637695,49.7906059178534,48.634819600692595,49.73557064034499,21138900.0
2023-10-12,48.44219207763672,49.37783034329401,48.09362013571938,49.3136166836431,19330400.0
2023-10-13,48.515567779541016,49.00173136427881,48.28624480573022,48.37797609476907,14494600.0
2023-10-16,49.01091384887695,49.13016279353849,48.46971140672559,48.63482425342881,12816800.0
2023-10-17,49.597984313964844,49.6255019576379,48.80911253621449,48.90084384711088,16457200.0
2023-10-18,49.57963562011719,50.01993539324989,49.46038667139639,49.625499523720094,12809500.0
2023-10-19,49.854820251464844,50.23090984244416,49.40534911792905,49.680536026100754,16202200.0
2023-10-20,50.05662536621094,50.46940747599544,49.937376423564,50.0199328455209,15686400.0
2023-10-23,49.60715103149414,50.350155281934605,49.579629893158135,49.88233792051621,21212700.0
2023-10-24,51.038124084472656,51.524287703435704,50.726244678166466,51.047298963617884,25290800.0
2023-10-25,51.47842788696289,51.57015918973279,50.96474658821709,51.148202195374076,16701000.0
2023-10-26,51.16654968261719,51.94625002849287,51.11151439882722,51.70775213476469,16228400.0
2023-10-27,50.67121505737305,51.49677581386747,50.542791229339606,50.95557335718258,13626500.0
2023-10-30,51.505943298339844,51.62518872988983,50.836317109772594,50.84549198862476,15014300.0
2023-10-31,51.817832946777344,52.028809712635365,51.50595348872815,51.89121449615801,16639400.0
2023-11-01,51.77195739746094,52.1755681027327,51.60684456333907,52.10218306570468,14110800.0
2023-11-02,52.36819839477539,52.42323717235578,51.69857568057411,51.826995995737214,13087200.0
2023-11-03,52.04714584350586,52.82684258726058,52.010453326362075,52.652558379614156,13958700.0
2023-11-06,52.25812911987305,52.54248741540965,52.04715236863279,52.083841391185224,12673200.0
2023-11-07,52.45075607299805,52.652561429788456,52.037973979195506,52.21225819693826,10449300.0
2023-11-08,52.36819839477539,52.716770321068914,52.212256941226514,52.5791751267135,13744000.0
2023-11-09,51.9737663269043,52.4140660818001,51.707750798157434,52.313163398538094,12021100.0
2023-11-10,52.028804779052734,52.22143526450166,51.42339218250513,52.16639648329137,11678900.0
2023-11-13,52.221435546875,52.377373512360265,51.9187274973687,51.937073757871325,12798200.0
2023-11-14,52.37738037109375,52.50580421142906,52.111368306950254,52.303998818665434,12697100.0
2023-11-15,52.47827911376953,52.59752806407219,52.056325596319006,52.56083554102651,10201900.0
2023-11-16,52.42323684692383,52.77180527186237,52.11135744095331,52.514964643130575,16010400.0
2023-11-17,52.52414321899414,52.59752826536634,52.01046189115512,52.45993305301426,14475800.0
2023-11-20,52.652565002441406,52.81767785116588,52.24895426147425,52.33151068583649,13051000.0
2023-11-21,53.23045349121094,53.23962837073236,52.58835189236188,52.70759733261026,13891600.0
2023-11-22,53.58819580078125,53.69827335781698,53.32218378592292,53.441429223924814,11320600.0
2023-11-24,53.725791931152344,53.89090477038414,53.51481519195421,53.62488925171166,4816000.0
2023-11-27,53.62489318847656,53.835869943163125,53.45060895613327,53.698278233163116,16246500.0
2023-11-28,53.73496627807617,53.96428927482619,53.53316092119496,53.56985344048086,13739600.0
2023-11-29,53.413917541503906,53.817524798075524,53.29466859101099,53.73497186987843,11263600.0
2023-11-30,54.033390045166016,54.051882388780356,53.25672924863348,53.5895843795837,22727500.0
2023-12-01,54.21830749511719,54.26453658852929,53.848471220766584,53.8762079714031,15371200.0
2023-12-04,54.15359115600586,54.514183056435385,54.033392680178,54.172083500522,14942200.0
2023-12-05,54.23680114746094,54.393984301321844,54.01489655584961,54.135095023266324,11891500.0
2023-12-06,54.18132019042969,54.30151864913374,53.820728341371094,54.14433903371992,14868500.0
2023-12-07,54.31077194213867,54.44945922935432,53.987161217861,54.24604697564,11587900.0
2023-12-08,54.190574645996094,54.320017527690894,53.96867004376645,54.3107731191644,11178700.0
2023-12-11,54.58815383911133,54.634382938064164,54.08887110549072,54.39398950727692,14524800.0
2023-12-12,54.93949508666992,54.93949508666992,54.45870824895234,54.73608635595986,12899000.0
2023-12-13,55.411033630371094,55.4942474040469,54.79155253143928,54.967228013117946,16196800.0
2023-12-14,54.58815383911133,55.51274992638467,54.33851247230102,55.448028482439874,22478300.0
2023-12-15,54.18132019042969,54.70833958936972,53.441644150430825,54.39398035854208,65177400.0
2023-12-18,54.569664001464844,55.0042253111077,54.19982413874059,54.36625172426107,16717700.0
2023-12-19,54.393985748291016,54.73608528936563,54.218310246534756,54.551165379279325,14612200.0
2023-12-20,53.26597213745117,54.24604156678,53.228987453726496,54.0888619515305,17701000.0
2023-12-21,53.61732864379883,53.691294496699996,53.136538255251665,53.487882228877,11725100.0
2023-12-22,53.922447204589844,54.051890101306164,53.645069064904256,53.73752726911465,9029400.0
2023-12-26,54.144344329833984,54.283031616931794,53.68204631873345,53.68204631873345,6422500.0
2023-12-27,54.28303527832031,54.33851231313371,53.99641274941981,54.218313834565095,8560100.0
2023-12-28,54.32001876831055,54.43096930843238,54.11660650554212,54.22756057271803,8400100.0
2023-12-29,54.4864387512207,54.53266784257654,54.20906067603212,54.3107667932471,9244300.0
2024-01-02,55.30933380126953,55.36481083237648,54.24604696423685,54.366245434774946,16322600.0
2024-01-03,55.43877410888672,55.66067869596868,55.25385420749405,55.411037358146636,14830600.0
2024-01-04,55.25385284423828,55.71615082278699,55.16139465935001,55.52198651828941,12912900.0
2024-01-05,55.1706428527832,55.429532136931755,54.634378994936604,55.29084132302882,10412800.0
2024-01-08,55.57746887207031,55.64219031310582,54.939495343214546,55.179892290249875,11554600.0
2024-01-09,55.47576141357422,55.60520429254393,55.124413937046484,55.466517005242345,10493700.0
2024-01-10,55.66067886352539,55.854843173398,55.45726661867574,55.6791712064257,12258000.0
2024-01-11,55.300086975097656,55.7161523455197,55.18913291773493,55.70690793759969,13754200.0
2024-01-12,55.83635711669922,55.901078560609925,55.355566728323815,55.54973458711011,13218000.0
2024-01-16,55.46652603149414,55.87334707832428,55.33707960440526,55.83636238487031,11826900.0
2024-01-17,55.46652603149414,55.66993479138196,55.30934284784203,55.346327541296,8982100.0
2024-01-18,55.62369918823242,55.68842063068665,55.041202679090325,55.189137908564845,10397700.0
2024-01-19,55.318580627441406,55.734646007712165,55.142905129318876,55.71615366438064,14392600.0
2024-01-22,55.078189849853516,55.540487903672705,54.95799136828534,55.25386184056528,14314300.0
2024-01-23,55.33707046508789,55.475761279107225,54.97647858110232,55.0412000204303,14481600.0
2024-01-24,54.46795654296875,55.3000944504064,54.44946419757522,55.29084651418251,16370500.0
2024-01-25,54.69910430908203,54.70834871803861,54.23680626606171,54.560413485354275,14899700.0
2024-01-26,54.89326477050781,55.00421883248907,54.67136370065312,54.782314235580465,13025100.0
2024-01-29,55.22611999511719,55.28159702620101,54.70834495282992,54.865528110707125,14547100.0
2024-01-30,55.383296966552734,55.494247489273036,54.9672280975347,55.33706434895355,22061500.0
2024-01-31,55.00421905517578,55.8918303922959,54.81929914484561,55.56821966745462,22837000.0
2024-02-01,56.38187026977539,56.409607024371404,54.88402556166846,55.078189897949045,15870900.0
2024-02-02,55.97504806518555,56.28016294043631,55.68842200790401,56.233933841404884,17544900.0
2024-02-05,55.51274490356445,55.82710768587586,55.364809684068135,55.82710768587586,12759600.0
2024-02-06,55.4202880859375,55.521994219654296,55.17989465565121,55.43878043089094,12775200.0
2024-02-07,55.46652603149414,55.66993479138196,55.420293401149436,55.54049189134758,10259900.0
2024-02-08,55.318580627441406,55.44802350370821,54.930248471587156,55.37405413038212,12874800.0
2024-02-09,55.06894302368164,55.087435368269276,54.57890470974441,54.9857292365643,15235300.0
2024-02-12,55.19838333129883,55.253856835417366,54.51418072172078,55.16139864385052,13516800.0
2024-02-13,54.87477493286133,56.08599704523306,54.35700339485222,55.013465753144665,24195700.0
2024-02-14,54.81930160522461,55.09667971964208,54.58815258870103,54.70834753781435,15872500.0
2024-02-15,54.92100143432617,55.09667339698527,54.67136010188199,54.93949024971877,13695800.0
2024-02-16,54.91176223754883,55.12441891894,54.51418562932274,54.874777546771,13947100.0
2024-02-20,56.12297821044922,56.25242108682415,55.02270670715459,55.10592048868903,18339300.0
2024-02-21,56.62226486206055,56.65924602428856,56.243180614554134,56.39111584462849,14373000.0
2024-02-22,56.53904342651367,56.631501610157784,55.93805465166606,56.39110821645092,12982800.0
2024-02-23,56.58527755737305,56.97360619572415,56.40035764656369,56.4835714300752,13612900.0
2024-02-26,56.13222885131836,56.65000394136384,56.08599975134475,56.62226718679052,10336100.0
2024-02-27,55.790122985839844,56.196943957593554,55.58671073643606,55.97504289192929,9931100.0
2024-02-28,55.84559631347656,55.92881008934744,55.53123355208146,55.8178560368172,8076500.0
2024-02-29,55.4942512512207,56.06749977236514,55.38330072097908,55.799366091148606,18152700.0
2024-03-01,55.04119873046875,55.38330178981777,54.865526760274754,55.38330178981777,10927600.0
2024-03-04,55.300086975097656,55.429529848300405,54.75457520441909,54.763819612339105,10150200.0
2024-03-05,55.031951904296875,55.57746366120261,54.93949019216237,55.39254376398726,12310000.0
2024-03-06,55.059688568115234,55.47575745443423,54.90250894831343,55.031951818045194,12378800.0
2024-03-07,54.95798873901367,55.263107132923054,54.77307234797606,55.18913775486475,13686900.0
2024-03-08,55.031951904296875,55.28159323647953,54.52342483224494,54.82853966465463,13239000.0
2024-03-11,55.69766616821289,55.74389526411046,55.08743293202473,55.27234931561502,14114300.0
2024-03-12,55.93806076049805,56.16920977190506,55.66992706077294,55.771633190120674,12684600.0
2024-03-13,56.51131820678711,56.594532005059946,56.215447707829156,56.289417096095924,13909500.0
2024-03-14,56.38549041748047,56.665087179571856,56.29229268187191,56.46005145017989,13996600.0
2024-03-15,55.80765914916992,56.338894087654566,55.58397959626097,55.938137407006025,36849900.0
2024-03-18,56.040653228759766,56.292291375381446,55.73309430891138,55.81697369111861,15856700.0
2024-03-19,56.133853912353516,56.24569190941899,55.97541704611625,56.14317581934737,15030600.0
2024-03-20,56.61848831176758,56.674409086292144,56.06861313903937,56.087253397214226,15258800.0
2024-03-21,56.35753631591797,56.84217240143332,56.21773614605673,56.441415706781505,13067100.0
2024-03-22,56.37617492675781,56.655771703036955,56.32025414939562,56.404133537805954,11502800.0
2024-03-25,56.292293548583984,56.581208666578256,56.031333485383826,56.366851027165616,13144700.0
2024-03-26,56.42277526855469,56.58121214231441,56.273656746965415,56.38549474934087,13277400.0
2024-03-27,56.87944793701172,57.25224601043512,56.571892548413445,56.655771937170414,12551200.0
2024-03-28,57.01924514770508,57.093802625365434,56.8514863788871,56.98196463124203,13683500.0
2024-04-01,56.55324935913086,57.131083143259616,56.50665049118375,57.01924514913341,11668700.0
2024-04-02,56.059295654296875,56.599848928662084,56.022015137370786,56.338892420711005,13017300.0
2024-04-03,55.76105499267578,56.28296797453871,55.714452571924696,55.96609071186527,13672900.0
2024-04-04,55.2671012878418,56.05929628270551,55.14594138410672,56.00337550668952,14320700.0
2024-04-05,55.46281433105469,55.62125473973585,54.90362083571471,55.22049809781151,10157800.0
2024-04-08,55.2391471862793,55.425546232947994,55.05274813961059,55.360307099903864,10284500.0
2024-04-09,55.658538818359375,55.67717907676644,55.10866363878107,55.43485927274033,10779100.0
2024-04-10,54.91294860839844,55.350985839906,54.6985909465641,55.28574670609842,11861900.0
2024-04-11,55.03410339355469,55.33234042180869,54.79178714132299,55.1273046869252,11109000.0
2024-04-12,54.316471099853516,54.9968245636369,54.176674488407194,54.94090734116474,12250900.0
2024-04-15,54.18599319458008,54.81042943997288,54.09279545300668,54.624030401560134,12425000.0
2024-04-16,54.11143112182617,54.409668135879215,53.990271223846605,54.288508237899656,11236800.0
2024-04-17,54.53082275390625,54.57742517453145,54.14870636953216,54.31646512903937,13805100.0
2024-04-18,54.90363311767578,54.96887225488395,54.55879717025173,54.63335466051835,11125900.0
2024-04-19,56.07793045043945,56.255011122183475,54.98750203192706,55.08069976580712,21207900.0
2024-04-22,56.43208694458008,56.50664797418683,55.6585358163706,56.04997055600937,15624500.0
2024-04-23,56.515968322753906,56.55324883887493,56.04065418564083,56.41344868105395,13689100.0
2024-04-24,57.364078521728516,57.457279808799775,55.77037384309857,56.217729355243875,19548300.0
2024-04-25,57.54116439819336,58.333355856048044,57.19632493771299,57.66232074945478,19048500.0
2024-04-26,57.54116439819336,57.71824152675952,57.17768467861141,57.36408371436131,10994300.0
2024-04-29,57.820762634277344,57.83008098643049,57.34544490334907,57.70892107684364,13409300.0
2024-04-30,57.569122314453125,58.557034703319054,57.28952554183548,57.91395821550603,19349200.0
2024-05-01,57.718238830566406,58.314712872890254,57.04720375531922,57.59707892969884,16729800.0
2024-05-02,57.774166107177734,58.15628255574904,57.52252792564061,57.95124324740039,10991300.0
2024-05-03,57.941917419433594,58.09103949197339,57.44796299757615,57.774162198358106,11628700.0
2024-05-06,58.10967254638672,58.1376347108648,57.6902791871378,58.063073679277466,9310700.0
2024-05-07,58.36131286621094,58.547711896847886,58.016476970455344,58.491791121077064,9807000.0
2024-05-08,58.57566833496094,58.68750988235521,58.23083245199276,58.57566833496094,10484400.0
2024-05-09,58.603633880615234,58.85527204387226,58.48247397491387,58.538394751837394,9113700.0
2024-05-10,58.957786560058594,59.05098785244091,58.519752929291926,58.64090927649027,8371700.0
2024-05-13,59.25602722167969,59.29330418341796,58.88322916217072,58.9391499376768,10137600.0
2024-05-14,58.80867004394531,59.42378437348736,58.529073267838186,59.2560291520358,10852200.0
2024-05-15,58.836631774902344,59.07894803099802,58.71547186922157,58.77139264613559,9838900.0
2024-05-16,59.013710021972656,59.395826449970826,58.78071211330875,58.9391525399385,10228000.0
2024-05-17,58.743431091308594,59.06030838658694,58.659551702697684,59.03234977547194,11539000.0
2024-05-20,58.31471252441406,58.72478753724475,58.212192882389964,58.650230060032676,11000900.0
2024-05-21,58.631591796875,58.69683092488,58.19355460432791,58.54771241011632,9796200.0
2024-05-22,58.71546936035156,58.73410961852642,58.398592081910465,58.44519094971474,7419400.0
2024-05-23,57.86735916137695,58.603633385958865,57.83007864374261,58.24015722718866,9834300.0
2024-05-24,57.78347396850586,58.17490869853927,57.75551536072218,57.988513239627444,8203100.0
2024-05-28,57.61572265625,57.90464134332154,57.22428787563624,57.58776404485357,12347000.0
2024-05-29,57.50387954711914,57.67163831112697,56.91672387309174,57.2895219165015,11861800.0
2024-05-30,57.75551986694336,57.85803951050298,57.41068041946723,57.64367831655154,9433800.0
2024-05-31,58.65023422241211,58.74343196435783,57.49456302384896,57.774163360218054,19816600.0
2024-06-03,58.65023422241211,58.799352742684846,58.202878661593914,58.44519492381237,9369000.0
2024-06-04,59.59154510498047,59.619507272194554,58.65955345054074,58.90187327164404,11895600.0
2024-06-05,59.57289505004883,59.7126951973347,59.041660178787204,59.63813772597689,9632500.0
2024-06-06,59.787261962890625,59.982979343665264,59.49834328989061,59.57290076840514,8658500.0
2024-06-07,59.5635871887207,59.852505884867284,59.47038944429461,59.73134241763446,9523100.0
2024-06-10,59.26534652709961,59.6381445926083,59.06030723554325,59.59154216797033,15685300.0
2024-06-11,59.22806930541992,59.32127060461648,58.78071373507455,59.265349825098546,8396000.0
2024-06-12,58.603633880615234,59.35854481512045,58.42655319799035,59.35854481512045,9569600.0
2024-06-13,58.70615768432617,58.75275655742917,58.2028813221751,58.58499777004548,9668900.0
2024-06-14,58.7484130859375,58.87990376659561,58.31637125438875,58.58874685452474,8179200.0
2024-06-17,58.81415939331055,59.077144341803205,58.40090244975408,58.5793535788882,10532700.0
2024-06-18,58.82355499267578,59.00200612593688,58.64510027656221,58.72963051502325,10651700.0
2024-06-20,58.40090560913086,58.926871951717544,58.184884678118266,58.60753588351359,13306300.0
2024-06-21,58.95504379272461,59.26498560193257,58.40090193228384,58.40090193228384,28278100.0
2024-06-24,60.08211135864258,60.16663801007032,59.086533441883475,59.16167302028898,13212500.0
2024-06-25,59.960018157958984,60.17603909617719,59.65007273604632,60.053939058800744,10235300.0
2024-06-26,60.157249450683594,60.2136005502431,59.387083122465654,59.54675293120608,9402500.0
2024-06-27,60.025760650634766,60.36387802729777,59.75338503515252,60.15725492155389,8494100.0
2024-06-28,59.781558990478516,60.166636781963554,59.65945896948801,60.01636479392446,17358800.0
2024-07-01,59.43404006958008,60.392051699953555,59.28376450817584,60.138457435447165,10033400.0
2024-07-02,59.31195068359375,59.52797160484076,59.03957507655744,59.41526223326216,8878200.0
2024-07-03,59.481014251708984,59.80034673923284,59.10532349261222,59.34951997802829,9154200.0
2024-07-05,59.88487243652344,59.91305157017152,59.17106434783005,59.481009737992565,11735500.0
2024-07-08,59.13349533081055,59.72520698521852,59.020789543302676,59.72520698521852,11235100.0
2024-07-09,58.879905700683594,59.387087128041074,58.785984806514776,59.2274208913836,11657500.0
2024-07-10,59.01139831542969,59.03957386632056,58.50421690227986,58.90808318502668,11930400.0
2024-07-11,59.264984130859375,59.603105065495136,58.60753073890347,58.83294230675913,11431600.0
2024-07-12,59.828521728515625,60.2136031176175,59.537361231252305,59.60310657210977,9201500.0
2024-07-15,59.55614471435547,60.05393187843358,59.49979003087686,59.91305054401546,8207500.0
2024-07-16,60.36387634277344,60.401446133416194,59.53736244574753,59.57493223639029,9025100.0
2024-07-17,61.24674606323242,61.41580653152233,60.49537177749195,60.55172287835372,12508200.0
2024-07-18,61.22796630859375,61.81028014085306,60.78653023207152,60.86166981226781,11128200.0
2024-07-19,61.32188415527344,61.65061084517416,60.8804481006763,61.65061084517416,13775700.0
2024-07-22,60.8334846496582,61.321884735593606,60.410837068029615,61.284314947005925,11794200.0
2024-07-23,61.01194763183594,62.0263105642139,60.90863249062862,61.45338375050258,11810300.0
2024-07-24,61.810279846191406,61.96055900586757,60.889845073141466,61.13403795905813,13244600.0
2024-07-25,62.054481506347656,62.82464430538982,61.85724547843862,62.02630595460421,16328600.0
2024-07-26,62.974910736083984,63.031261828177264,61.99811786748078,62.05446895957406,13530100.0
2024-07-29,62.76829147338867,62.95613325697546,62.355030950652065,62.81524833643301,12140200.0
2024-07-30,63.566627502441406,63.707512417886846,62.32685314478954,62.439562510286784,13258000.0
2024-07-31,62.68375015258789,63.50087686137399,62.56165372443984,63.39756174305493,15576800.0
2024-08-01,63.8296012878418,63.97048618658227,62.6461781704069,62.92794796788784,16495900.0
2024-08-02,65.1163558959961,65.43568839212628,63.57603019132072,64.36497435755207,22514800.0
2024-08-05,63.961090087890625,65.32296784848,63.613582135573964,64.79699805286809,25484300.0
2024-08-06,63.91413879394531,64.65611878324486,63.65115029040792,64.00805967664238,12969100.0
2024-08-07,64.29922485351562,64.97546676125611,63.70751676709517,63.91414703509421,13365300.0
2024-08-08,64.55281066894531,64.67490709957973,63.72628970556154,63.86717461211141,15240900.0
2024-08-09,64.505859375,64.60917451581207,64.1019930515634,64.52464068891791,12080400.0
2024-08-12,64.02685546875,64.37437069560592,63.707522962211314,64.28983686606556,11012300.0
2024-08-13,64.29922485351562,64.44010977857906,63.876577244030294,63.9423225869659,9877600.0
2024-08-14,64.41194152832031,64.70309848493942,63.9892867052187,64.08321477637845,14328000.0
2024-08-15,64.47767639160156,64.73126351165271,64.33679147348222,64.4495008411186,11285100.0
2024-08-16,64.97547912597656,65.0881885206167,64.46829759865543,64.656139424016,12651200.0
2024-08-19,64.78762817382812,65.20088156454666,64.66552455540909,65.13513621836152,9843900.0
2024-08-20,65.16331481933594,65.17270905943185,64.59038799048157,64.79701827835765,11957400.0
2024-08-21,65.34175872802734,65.86772143497615,65.11634716300706,65.2572320782839,8792400.0
2024-08-22,65.1163558959961,65.67049422717686,64.60917443240218,65.67049422717686,12509200.0
2024-08-23,65.54839324951172,65.60474435300968,64.75005489856926,65.18209674536513,11834700.0
2024-08-26,66.53456115722656,66.60970072521312,65.49203010565343,65.58595098278482,12912200.0
2024-08-27,67.15445709228516,67.18263264105597,66.73180952931467,66.98539663395613,16988400.0
2024-08-28,67.3892593383789,67.44561043295373,66.96661179766014,67.25776867390178,13272600.0
2024-08-29,67.6710433959961,67.83070964139061,66.90088055654012,67.5301584641811,17201700.0
2024-08-30,68.06550598144531,68.1594268676572,67.41743968488602,67.8119117063985,18624200.0
2024-09-03,68.57269287109375,68.83567423988183,67.85888118030837,68.03733589443092,14755800.0
2024-09-04,68.15003204345703,69.06107967985929,67.53954270547585,68.84506235999943,18140800.0
2024-09-05,66.84452056884766,68.26274975883102,66.6660730144534,68.20639865383338,23866100.0
2024-09-06,66.81633758544922,67.31412473278125,66.58153178646586,66.67545267291834,17485700.0
2024-09-09,67.48318481445312,67.91522662226372,66.66606522464573,66.9008710223061,12939300.0
2024-09-10,67.201416015625,68.01853553076167,67.17323330328958,67.59588799987743,10277600.0
2024-09-11,66.75999450683594,67.0323701262626,66.28098861296797,67.0229758867775,11418200.0
2024-09-12,66.90088653564453,67.04176431434485,66.36552947946555,66.68486199879416,12337800.0
2024-09-13,67.52975463867188,67.58649207324653,66.65028832860735,66.99072015088676,11073800.0
2024-09-16,68.18223571777344,68.31462783410309,67.72832195173723,67.87016549435528,10786500.0
2024-09-17,67.8985595703125,68.41866953356435,67.82290485080385,67.99312436228273,12974400.0
2024-09-18,67.85126495361328,68.44702956074514,67.39734390901502,67.98365708853147,10719700.0
2024-09-19,66.78266906738281,68.03094291841659,66.76375178253808,67.671586654669,13635600.0
2024-09-20,67.74723815917969,67.89854757145797,66.55570178939274,66.58407771531733,48578500.0
2024-09-23,67.83235931396484,68.27681453031641,67.31224216793647,67.66213981297653,11613000.0
2024-09-24,67.45408630371094,67.91745876050167,66.76374972476025,67.3500628847618,13330600.0
2024-09-25,67.56755065917969,68.01201297752995,67.43515854922371,67.813424812596,12329100.0
2024-09-26,67.5202865600586,67.71887476815274,66.99071079031042,67.0096280757463,10815200.0
2024-09-27,67.88909149169922,68.27680924934297,67.57702122821975,67.6526759372142,11175700.0
2024-09-30,67.95529174804688,68.276813458851,67.79453089264481,68.08768388953452,18015300.0
2024-10-01,67.81342315673828,68.79691253155995,67.73776846294538,68.18223077044283,13294500.0
2024-10-02,67.15147399902344,67.54865038647743,66.58407812911345,67.51082303317278,11155500.0
2024-10-03,66.68810272216797,67.13256516087792,66.38549107248919,67.00963165829401,9374800.0
2024-10-04,66.35710906982422,66.4611324799613,65.93156400277574,66.15852089087964,12684800.0
2024-10-07,65.26016998291016,66.2909386264333,65.12777781245455,66.2436598311747,14512000.0
2024-10-08,65.42091369628906,65.66678789750544,65.1183020697267,65.28852156059493,13549700.0
2024-10-09,65.78971862792969,65.95047946954584,65.31688753035513,65.43036959111183,9037700.0
2024-10-10,65.48710632324219,66.11124682857483,65.24123213494478,66.0355921222018,8635200.0
2024-10-11,65.78971862792969,65.80862869730748,65.2506914652879,65.68569520927689,8786300.0
2024-10-14,66.51786804199219,66.64080873135754,65.69514664001392,65.78971140618245,7659300.0
2024-10-15,66.51786804199219,67.34059665879964,66.34765579178635,66.63135009029193,10358700.0
2024-10-16,66.73538208007812,66.85831557042424,66.16798619526743,66.2814610433315,7937300.0
2024-10-17,66.1017837524414,66.84885769439384,65.79917216207848,66.79211306100557,14674600.0
2024-10-18,66.6124496459961,66.71647306825771,65.827548265233,66.07342246465414,15087500.0
2024-10-21,65.6762466430664,66.50843411996102,65.54385449262064,66.19636381612554,11981200.0
2024-10-22,65.6762466430664,65.95994823106795,64.94808981561471,65.25070147589518,18603300.0
2024-10-23,64.31448364257812,64.96698560782878,62.962186504697065,63.34990422725708,24655200.0
2024-10-24,63.643062591552734,64.3428505295307,63.312075082735845,63.97404288554033,17568800.0
2024-10-25,63.283714294433594,64.02132967473312,63.160780802660405,63.42556507099047,11138100.0
2024-10-28,63.04729461669922,63.73763116956881,62.9810985539443,63.32153750949236,10761400.0
2024-10-29,61.99761199951172,62.735227366805184,61.95978464544154,62.68794858534,16525900.0
2024-10-30,62.33804702758789,62.92436015633844,61.77065118209071,61.9503292988495,14177800.0
2024-10-31,61.76119613647461,62.40424672276724,61.71391735524767,62.23402723772419,13383700.0
2024-11-01,61.47750473022461,62.09218663406666,61.364022663185494,61.91250849829565,12163100.0
2024-11-04,61.57206726074219,61.86522023800334,61.13706350857623,61.54369854872725,10984500.0
2024-11-05,61.81794738769531,61.91251217509531,61.127610731496816,61.127610731496816,8780200.0
2024-11-06,60.23868179321289,61.335649781462706,59.74693702504367,60.91955611209609,22899300.0
2024-11-07,60.20085525512695,60.89118822534081,60.144114224695606,60.79662344870357,14856100.0
2024-11-08,60.44672393798828,60.749335542609344,60.27650806687695,60.437268903587885,14719300.0
2024-11-11,59.91716003417969,60.63586535589965,59.813136610713755,60.512928254765804,13980900.0
2024-11-12,59.76585388183594,60.285967388805346,59.690199171592674,60.21977132105006,15021000.0
2024-11-13,59.576717376708984,59.82258795639791,59.09443125187438,59.62399976425513,13177600.0
2024-11-14,59.15116500854492,59.68073709552461,59.037686563983094,59.68073709552461,15910800.0
2024-11-15,58.38518142700195,59.22682014455754,58.05419751742987,59.094428023694604,26284300.0
2024-11-18,58.49866485595703,58.763449120240146,58.2149669145944,58.48920621370975,16062100.0
2024-11-19,59.18899917602539,59.2173678885794,58.281164300145655,58.53649353537717,16254800.0
2024-11-20,59.567264556884766,59.58617462667436,58.649971053241686,59.29302164853981,18904900.0
2024-11-21,60.2954216003418,60.34270759730555,59.52943751037416,59.71857067598391,17292300.0
2024-11-22,60.44672393798828,60.976299657197465,60.19139832761385,60.749335542609344,19562200.0
2024-11-25,60.88172912597656,61.193799379882655,60.37107428558972,60.82499170338634,36805300.0
2024-11-26,61.04249572753906,61.12760185939746,60.579116071321934,60.81553161292382,14473300.0
2024-11-27,60.92901611328125,61.562608058620086,60.75879662790947,61.430215927200926,13263400.0
2024-11-29,61.057647705078125,61.21962785509961,60.76226764737469,61.00047268129575,10648400.0
2024-12-02,60.64793014526367,61.16246175591831,60.362076827271586,61.0290654794025,16500100.0
2024-12-03,60.5240592956543,61.05764802484913,60.05716870326184,60.71462695856501,24874500.0
2024-12-04,59.27585220336914,60.36208329687832,58.98047574079024,60.295385151471706,28137700.0
2024-12-05,59.952362060546875,60.14292974174636,59.17103783892756,59.523589321318276,21040400.0
2024-12-06,59.58075714111328,60.37161174671295,59.56170000949659,59.866610480587404,15581100.0
2024-12-09,59.6474494934082,59.96188668239159,58.98046812546015,59.7332047599695,22348300.0
2024-12-10,59.942832946777344,60.066702479885514,58.87565906285785,59.74273852506295,14949400.0
2024-12-11,59.6855583190918,60.62886616538615,59.45688005226473,60.028579354107926,32819000.0
2024-12-12,60.8289680480957,60.905192934832634,60.23821154547463,60.552645109775405,17542100.0
2024-12-13,60.142921447753906,60.82896355155313,60.13339470065701,60.571697762628425,13429000.0
2024-12-16,59.59980392456055,60.84801856790766,59.40923627625766,60.247731747925016,24559700.0
2024-12-17,60.409725189208984,60.55264822222807,59.380661904546045,59.504531440983506,21902400.0
2024-12-18,59.88566207885742,60.6384023973594,59.828494320595965,59.84755145160848,20946100.0
2024-12-19,59.50453186035156,60.19057042018567,59.45689084900944,59.74274055183834,21300600.0
2024-12-20,59.59980392456055,60.08575160947168,59.34253814456798,59.52357904610473,42458100.0
2024-12-23,59.43783187866211,59.79990646148149,58.627920171797975,59.55217102930107,13010800.0
2024-12-24,59.87613296508789,59.87613296508789,59.08527841580683,59.26631933588492,5019100.0
2024-12-26,59.61886978149414,59.78085357843862,59.456889619325764,59.66651079185095,7943800.0
2024-12-27,59.50453186035156,59.980949243325114,59.27584991722274,59.50453186035156,8542800.0
2024-12-30,59.104339599609375,59.39971968672704,58.77084888413474,59.39971968672704,8972200.0
2024-12-31,59.323490142822266,59.4854739409714,58.88518702863823,59.094811837498476,9256700.0
2025-01-02,58.92329406738281,59.790373441219025,58.71366928422163,59.40923813270337,12991000.0
2025-01-03,58.83754348754883,59.15198068731645,58.71367395720619,58.98047014831156,10403200.0
2025-01-06,57.94187927246094,58.6660320433716,57.79895261390345,58.59933390531835,17924200.0
2025-01-07,57.970462799072266,58.808958345659605,57.76083800373146,58.22772860205165,17799600.0
2025-01-08,58.79943084716797,58.85660224000385,58.05622091418189,58.11339230701777,14412400.0
2025-01-10,58.18961715698242,58.74226304969694,57.86565320068193,58.675564908821194,22425000.0
2025-01-13,58.74225997924805,58.93282400906023,57.84659304611691,58.24678550522943,18016200.0
2025-01-14,59.11386489868164,59.14244877618505,58.408765630465226,58.751786699609646,16658300.0
2025-01-15,58.856597900390625,59.66650591458108,58.770842634847746,59.39018662318807,16187200.0
2025-01-16,59.313961029052734,59.36160203786385,58.427824453017344,58.52310647063956,12585500.0
2025-01-17,59.75225830078125,59.809429686646794,59.23772673231823,59.37112663267117,17948900.0
2025-01-21,59.4759407043457,60.24773812602943,59.36160155716973,59.93330456260151,19817100.0
2025-01-22,58.866127014160156,59.352074750029914,58.75178786709854,59.190090959814675,18191900.0
2025-01-23,58.62792205810547,59.05669843026719,58.47546864075643,58.8851878814025,16528400.0
2025-01-24,58.99951934814453,59.08527461140306,58.542159155690975,58.80895532737066,19244600.0
2025-01-27,60.85755157470703,61.15293164169917,59.523585168921244,59.90471686995607,20742900.0
2025-01-28,59.41876983642578,61.01953235216242,59.342541319116535,60.514527511928044,14956000.0
2025-01-29,59.86660385131836,60.37160506152309,59.59980767300433,59.609338055145436,11325600.0
2025-01-30,61.02906799316406,61.25774629524578,60.24774016251931,60.83849668346917,13201000.0
2025-01-31,60.48594665527344,60.91472299960655,60.40019138640681,60.695571453564284,12096800.0
2025-02-03,60.36207580566406,60.62887198895618,59.48546964066732,60.200095654000876,12067900.0
2025-02-04,59.714149475097656,60.62887355827094,59.40924265896522,60.60981642791567,15678000.0
2025-02-05,60.142921447753906,60.30490522660681,59.63792025177709,59.76178977269099,10686800.0
2025-02-06,60.37160873413086,60.7336869472276,59.94283238109208,60.61934416323325,13423400.0
2025-02-07,60.8289680480957,60.905192934832634,60.2858525540322,60.43830596228203,13184700.0
2025-02-10,61.5054817199707,61.60076373439831,60.657455798551176,61.07670175071887,16154300.0
2025-02-11,64.41162109375,64.47831922868296,63.277752799889456,64.31633908235311,30589100.0
2025-02-12,65.46927642822266,65.57408883489327,63.7160639340094,63.7160639340094,26033800.0
2025-02-13,66.22201538085938,66.32682778532852,65.51691969860975,65.74559800401866,24393100.0
2025-02-14,65.6217269897461,66.72701143772413,65.51691459344407,66.0886139471949,20779100.0
2025-02-18,65.79324340820312,66.09815024211505,65.19295285394827,65.31682602586872,15569100.0
2025-02-19,66.76512908935547,66.82229684676955,65.90757638038406,65.94569064184412,16032300.0
2025-02-20,66.73654174804688,66.76512562527084,66.14578163039526,66.4221045594798,13398000.0
2025-02-21,67.98474884033203,68.222957495883,66.82228943811518,67.0033303425903,21662300.0
2025-02-24,67.2605972290039,68.34683546280486,67.01286544386059,67.4988059013314,21418400.0
2025-02-25,68.11814880371094,68.3849413492828,67.39399968560207,67.51786557617426,21555600.0
2025-02-26,67.46070098876953,67.918057582776,67.2034315437829,67.90852720011488,14531200.0
2025-02-27,67.52740478515625,68.16580235544372,67.09862476410972,67.38447811147407,16789500.0
2025-02-28,67.85136413574219,68.19438523974581,67.2320200718716,68.08004244856045,22167400.0
2025-03-03,68.90900421142578,68.9471184712179,66.44116586368786,66.92710631954597,21717600.0
2025-03-04,66.87945556640625,69.22342755302545,66.58407192950261,68.67078180093507,25411900.0
2025-03-05,66.774658203125,67.40352533138501,66.54597263871051,66.6031476645901,23933600.0
2025-03-06,67.13672637939453,67.2034245119395,66.17436137877318,67.0890890101774,21694000.0
2025-03-07,68.06097412109375,68.43257902453348,66.36492973728147,66.36492973728147,28393300.0
2025-03-10,68.08003234863281,69.76655373804098,67.95616646205566,68.56598005213787,25251200.0
2025-03-11,67.68938446044922,68.64221925194842,67.27966520932246,68.48976219592332,28076400.0
2025-03-12,66.64126586914062,67.3940062067268,66.45069455418393,67.0509851093571,18923300.0
2025-03-13,66.33635711669922,66.93664038496333,66.01238952541627,66.93664038496333,15746600.0
2025-03-14,66.38434600830078,66.48033115802387,65.63564426478669,65.76043155030446,14205100.0
2025-03-17,67.3058090209961,67.35379792883553,66.30754746565758,66.46112222321914,15634800.0
2025-03-18,66.59550476074219,67.37300125091741,66.51872104139392,67.29621020837226,12657600.0
2025-03-19,66.49952697753906,66.59551212974313,65.78922806339173,65.79882877557145,14780000.0
2025-03-20,66.91227722167969,67.00826238464072,66.31715749420374,66.5283292466371,16295300.0
2025-03-21,65.91400909423828,67.16183806265164,65.44367671459847,66.91227080432941,47479500.0
2025-03-24,66.18276977539062,66.30755706487108,65.5876574342909,66.03879570783279,12575400.0
2025-03-25,66.04839324951172,66.3075612338059,65.84682221905969,66.18277393647973,12513900.0
2025-03-26,67.20983123779297,67.52658885614034,66.1347857304782,66.1539798331667,14478200.0
2025-03-27,67.90093231201172,68.14089885980118,67.25782372150344,67.36340958838663,11663400.0
2025-03-28,67.54578399658203,68.45765391499688,66.73949261792679,67.96812012521326,17412900.0
2025-03-31,68.74562072753906,69.05277762239639,67.66096722132563,67.89134038486716,24016900.0
2025-04-01,68.98558807373047,69.02398360142888,68.33287874925367,68.80321114796253,15309100.0
2025-04-02,68.46725463867188,69.4559156072594,68.19849328680702,69.07196768036779,14606500.0
2025-04-03,70.24300384521484,70.98209754477979,69.41751838569184,69.57110048197399,24959600.0
2025-04-04,67.1234359741211,70.07982528921842,66.98905530736185,69.51350048799272,26517300.0
2025-04-07,65.62606048583984,66.59552016016018,63.39917099946673,63.57194722354735,34258400.0
2025-04-08,65.6740493774414,67.17144575988546,65.04054143822162,66.19237804945682,22774400.0
2025-04-09,67.14263916015625,67.64177369555041,64.57979811030717,65.19411190525531,27918700.0
2025-04-10,67.92012786865234,68.35206468807569,66.21156736771948,67.37300447989072,22450200.0
2025-04-11,68.563232421875,68.96637440635114,67.7089522210198,68.0641052967898,19988200.0
2025-04-14,69.54229736328125,69.74387569260085,68.08330408521627,68.43845718544925,13930200.0
2025-04-15,68.97599029541016,69.71508409625262,68.8416096043479,69.70549070631849,14965500.0
2025-04-16,68.80320739746094,69.7534728558033,68.5248453292197,69.45591668635818,15276200.0
2025-04-17,70.07022857666016,70.48297131188893,68.84160108291799,69.01437728192533,20754500.0
2025-04-21,69.84945678710938,70.52136748866185,68.93758687031378,70.43497572676047,16037200.0
2025-04-22,70.93411254882812,71.39484421671976,69.99344046515282,70.07023151753403,15613500.0
2025-04-23,70.35819244384766,70.98209958917045,69.47511001118603,70.34859173175415,16353900.0
2025-04-24,69.60948944091797,70.482971145841,69.39832504102648,70.08942251223019,16893900.0
2025-04-25,69.02397918701172,69.9934387374021,68.27527742957292,69.73427809601003,16316000.0
2025-04-28,68.9087905883789,69.35992884274141,68.44805162218812,69.18715264581955,15997500.0
2025-04-29,69.44631958007812,69.79187200527188,67.45939679681301,68.33287857249672,16244100.0
2025-04-30,69.63829040527344,70.53096619582608,68.81280495064638,70.40617891253758,21074700.0
2025-05-01,68.42886352539062,69.14876318852649,68.37127389576314,69.11036766104213,18034200.0
2025-05-02,68.7744140625,68.93758955743267,68.24648472807328,68.63043266918382,12629600.0
2025-05-05,68.82240295410156,68.91839543174407,68.16010026219504,68.79360814008795,11932700.0
2025-05-06,68.84160614013672,69.01438235183649,68.30408340293658,68.80321061273699,12705500.0
2025-05-07,69.49430847167969,69.77267052493909,68.79360298268918,68.84159921791219,15018200.0
2025-05-08,68.31367492675781,69.56150390197799,68.27527940040666,69.30233592990713,14371100.0
2025-05-09,67.68975830078125,68.29447866771115,67.63216867467273,68.14089656715828,11228900.0
2025-05-12,66.73948669433594,67.50738247983273,65.94279609844249,67.33460629425579,21539000.0
2025-05-13,66.19237518310547,66.89308076211634,66.10599073644292,66.79708827933806,14389100.0
2025-05-14,66.38434600830078,66.55711488388384,65.82762188743037,66.11557733659963,16286800.0
2025-05-15,68.73600769042969,68.85119425154728,66.8066749000911,66.90266003942408,19817100.0
2025-05-16,69.1103744506836,69.35994174225117,68.56325094587696,68.97599375288539,18441200.0
2025-05-19,69.04317474365234,69.27354057676844,68.7648126721714,69.13915989718423,13282800.0
2025-05-20,68.81281280517578,69.23514896925887,68.56324553330973,68.9183986769961,12137800.0
2025-05-21,68.96639251708984,69.18716498934319,68.7072318370695,68.81281771642561,12094400.0
2025-05-22,68.28488159179688,69.10076640563639,68.11210538107338,68.95678500950048,11101800.0
2025-05-23,68.88959503173828,69.0911733813125,67.85294508511771,68.66882990326832,12822100.0
2025-05-27,68.89918518066406,69.32152859395397,68.6880134740191,68.86078965916526,10666100.0
2025-05-28,68.29448699951172,69.01438670648507,68.19850183655497,68.82240905737306,8710900.0
2025-05-29,68.62083435058594,68.78401717440904,67.63217331089585,68.15050195099707,10291100.0
2025-05-30,69.20634460449219,69.56149769917299,68.73601226422632,68.73601226422632,28019500.0
2025-06-02,69.1103744506836,69.14876998194005,68.49606059697787,69.13916926832624,10202700.0
2025-06-03,68.30408477783203,68.89919715651178,67.6417747324516,68.83200681300927,20139800.0
2025-06-04,68.50564575195312,68.9663773759941,67.84333580379744,68.40005989577766,13565900.0
2025-06-05,68.0641098022461,68.59203177213975,67.987318755397,68.51524072529065,13531400.0
2025-06-06,68.4864501953125,68.61123748504335,68.09290887120181,68.22728954999062,9524000.0
2025-06-09,68.88959503173828,68.9471919844158,68.23688571257819,68.48645297898595,12281300.0
2025-06-10,69.44631958007812,69.77267790307138,68.88000202518718,69.01438271018496,12265000.0
2025-06-11,69.17755889892578,69.45592098439248,68.88000271106746,69.36952921563473,12718500.0
2025-06-12,69.34073638916016,69.49431850549063,68.72642257023503,69.35033710223041,12806900.0
2025-06-13,68.65438079833984,69.4857355178651,68.37404694257829,69.37939893453517,17467200.0
2025-06-16,68.17103576660156,69.23440160602148,67.90036350757319,68.828385842213,15045900.0
2025-06-17,67.30101776123047,68.11303451253002,67.26234924327349,68.03569747661606,15437000.0
2025-06-18,66.9046630859375,67.6683496310916,66.7886575457603,67.6683496310916,16227600.0
2025-06-20,66.54698944091797,67.24300797927467,66.48899035447668,66.78866213477708,40859400.0
2025-06-23,67.4170150756836,67.48468313742453,66.6726663965334,66.83700206429486,21822800.0
2025-06-24,67.87136840820312,68.00670454658308,67.36869237640136,67.61036510568933,15216100.0
2025-06-25,67.31067657470703,67.68768539010908,67.11734136818586,67.60068675975417,12540400.0
2025-06-26,67.15602111816406,67.59102909323597,66.84668031082552,67.37835590532825,14454100.0
2025-06-27,67.98737335205078,68.20970813081472,67.15601858087622,67.2720167697039,23470700.0
2025-06-30,68.39337921142578,68.43204773134757,67.75535969561551,67.7940282155373,15429000.0
2025-07-01,69.28273010253906,70.03674777083798,68.53838140762663,68.6253800423077,21729300.0
2025-07-02,68.54804992675781,69.43740371551085,68.38370688133973,69.30206759005999,13050200.0
2025-07-03,68.973388671875,69.02172616307934,68.10336545705684,68.67371687715206,9440500.0
2025-07-07,68.64471435546875,68.99272362630313,68.44171017669292,68.99272362630313,16984700.0
2025-07-08,67.90035247802734,68.32569874470323,67.55234323715884,68.32569874470323,17115500.0
2025-07-09,67.16567993164062,67.91002860144354,66.6726655592818,67.82302996969725,33704100.0
2025-07-10,67.44601440429688,67.52335143897223,66.85633979687755,66.98200694677584,14608400.0
2025-07-11,67.54267883300781,67.82302000845881,66.94332797080935,67.25266868591659,12916700.0
2025-07-14,67.15602111816406,67.74570318453856,66.96267850403585,67.47503090002566,13983200.0
2025-07-15,67.04967498779297,67.23334860127437,66.84667080328141,67.19468008394853,12639800.0
2025-07-16,66.9626693725586,67.18501150466933,66.49866191245926,67.04000640766368,13178300.0
2025-07-17,68.23870086669922,68.33537584809433,67.19468039512854,67.4846832135171,20464700.0
2025-07-18,67.52335357666016,68.34503931411889,67.50402300501212,68.09370500636545,14928000.0
2025-07-21,67.73603057861328,68.26771351987851,67.60069444361235,67.85203614087102,17811700.0
2025-07-22,67.33968353271484,67.91969652788217,66.40199229248275,67.13667197790417,22339900.0
2025-07-23,66.85633850097656,67.41701355334125,66.31498664400783,67.33968389543035,21030000.0
2025-07-24,66.79833221435547,67.23334749566862,66.69199563727439,66.95300628111538,12511400.0
2025-07-25,66.86599731445312,66.92400377455274,66.45998897008134,66.82732879947508,12574800.0
2025-07-28,65.82196807861328,66.60499258286937,65.79296853683805,66.45031852638152,13668800.0
2025-07-29,67.06900024414062,67.10766875840231,65.87997477547003,66.0636409991318,16223400.0
2025-07-30,66.45999908447266,67.02068157408556,66.24732590735974,66.80800839697264,10448200.0
2025-07-31,65.62863159179688,66.36331859512676,65.48362651050923,65.87997324101114,17193400.0
2025-08-01,66.56633758544922,66.74034224669829,65.9959861054181,66.31499588025247,16107500.0
2025-08-04,66.66300201416016,66.77900757453297,66.03465146885642,66.43099826868063,10701500.0
2025-08-05,66.75000762939453,67.17534659768772,66.4599974178285,66.60500252361152,11993400.0
2025-08-06,67.1946792602539,67.47502047598066,66.34398664004432,66.81767044003028,10783000.0
2025-08-07,68.08403778076172,68.36437901608284,67.02067930644212,67.14634646354497,15790800.0
2025-08-08,67.99702453613281,68.50937683429015,67.74569024865774,68.0163624814864,9232700.0
2025-08-11,68.39337921142578,68.49971579739416,67.62969253731927,67.95837126902137,10909400.0
2025-08-12,68.35470581054688,68.69304611662024,67.88102938204416,68.46104238892215,11061100.0
2025-08-13,68.11302947998047,68.41270125292364,67.8906947372372,68.33537159798888,10356500.0
2025-08-14,67.23334503173828,68.11302978458437,67.07867097064678,68.03569275403862,10722400.0
2025-08-15,67.59101867675781,68.04536453085645,67.25267837325846,67.41701403849164,12381100.0
2025-08-18,66.82733917236328,67.716700404374,66.75000950566925,67.64903233647532,14094900.0
2025-08-19,67.79402923583984,67.88103525078981,66.93367493661356,66.99168140500225,13862200.0
2025-08-20,68.34503936767578,69.3213991801471,68.0647055145977,68.38370788626794,17530800.0
2025-08-21,68.30638122558594,68.54805394595623,67.98737146463328,68.2483747575161,8840400.0
2025-08-22,67.79402923583984,68.65438353506613,67.59102503464483,68.5963844419436,12999600.0
2025-08-25,66.63400268554688,67.8907037802594,66.4309984856809,67.77469821950766,13634600.0
2025-08-26,66.44065856933594,66.77899885717359,66.29565348161547,66.74033034209712,17964200.0
2025-08-27,66.5373306274414,66.5759991451087,66.1893213437015,66.52766165420819,11562700.0
2025-08-28,66.08299255371094,66.60500654085516,66.00565550925998,66.58566859210917,16209900.0
2025-08-29,66.69200134277344,66.83700644894967,66.15065681333263,66.38266055805497,14601100.0
2025-09-02,66.7596664428711,67.03033869556573,65.98631820306724,66.66299883480383,24770100.0
2025-09-03,66.69200134277344,66.7983379289516,65.12596684681509,66.372998959505,33581500.0
2025-09-04,65.97665405273438,67.14634915896701,65.84131791649365,66.80800881836522,16736000.0
2025-09-05,65.69629669189453,66.29564755913945,65.6092980721933,65.7446341752382,23978000.0
2025-09-08,65.18396759033203,65.6189755446137,64.92296429281627,65.59964497175805,21671700.0
2025-09-09,65.5996322631836,65.8413049410246,65.0389498805289,65.0389498805289,14120600.0
2025-09-10,65.56096649169922,65.8219697495671,64.9712845430833,65.5319669491878,16041900.0
2025-09-11,65.36763763427734,65.89931317419547,65.32896911542161,65.65764046279655,15128700.0
2025-09-12,64.77794647216797,65.46429599049445,64.71027841755169,65.34829045032448,18712400.0
2025-09-15,64.49546813964844,65.0507074942094,64.38831603334468,64.95329851534109,15986100.0
2025-09-16,64.52468872070312,64.78770113307718,64.34934958972994,64.63184082473276,18555900.0
2025-09-17,65.30397033691406,65.3916361796912,64.69028714199013,64.69028714199013,17372300.0
2025-09-18,64.7389907836914,65.30397323497685,64.63183868321215,65.07019021203499,17722900.0
2025-09-19,64.70976257324219,65.00199689751305,64.33960553674967,64.76820646536532,31192900.0
2025-09-22,64.49546813964844,64.86562523207951,64.3688372103025,64.44676736612864,13298700.0
2025-09-23,64.98251342773438,65.03122162780743,64.19349112298063,64.6318351963265,15072800.0
2025-09-24,64.729248046875,65.05070435025,64.25193887120895,64.6902904026735,14759300.0
2025-09-25,64.27141571044922,65.18706885162358,64.24218633383718,65.02147287662503,14395000.0
2025-09-26,63.96944046020508,64.61235299475709,63.803844479545624,64.35908374491895,17821600.0
2025-09-29,64.32986450195312,64.3883083959761,63.657729993377664,63.96944314787988,14818500.0
2025-09-30,64.60260772705078,64.91432085812184,64.25192952561744,64.35908161115692,13815000.0
2025-10-01,65.05069732666016,65.09940552439548,64.57338820252966,64.78769238164102,14877500.0
2025-10-02,64.3883056640625,64.92406610930084,64.15452266606191,64.8071708943868,14350700.0
2025-10-03,64.92406463623047,65.2552565898979,64.32986031293083,64.38830420314805,12249200.0
2025-10-06,64.3883056640625,64.77794894861516,64.13503641432914,64.76820582274878,14333300.0
2025-10-07,65.06044006347656,65.51827036487138,64.16426571239552,64.5052007990212,13328300.0
2025-10-08,64.40779876708984,65.13837721640509,64.34934743750138,64.9435518374907,12606700.0
2025-10-09,64.65132141113281,65.07018666330032,64.40779527456631,64.57339126379284,12705200.0
2025-10-10,65.30397033691406,65.65464857167859,64.66105776256977,64.7974318058862,17991700.0
2025-10-13,65.0701904296875,65.0701904296875,64.29090377483693,64.51495110345067,13690000.0
2025-10-14,65.76179504394531,65.82023893413239,65.02147356365718,65.13836877585868,14245600.0
2025-10-15,65.34293365478516,65.96635995942698,65.18707336271082,65.52800846183872,11193700.0
2025-10-16,65.83971405029297,66.34625250951413,65.42085628507533,65.44033510343294,15707200.0
2025-10-17,66.66771697998047,66.72616087409403,66.04429067000962,66.23910860494007,15541800.0
2025-10-20,66.66771697998047,66.86253491491092,66.16117845823675,66.6579738536856,17786800.0
2025-10-21,69.37572479248047,69.54132077649946,68.41136340291547,68.74255537095344,33651300.0
2025-10-22,68.9763412475586,69.76537099173758,68.6841143397902,69.51210172620927,18293000.0
2025-10-23,68.12887573242188,69.09323717196605,67.9145715387836,68.97634194857389,13989400.0
2025-10-24,67.90483093261719,68.23603036194066,67.84638703466588,68.09965631216875,15688200.0
2025-10-27,68.24576568603516,68.30421701549703,67.45674334066871,67.97301758797408,13800000.0
2025-10-28,68.34318542480469,69.0640207808164,68.13861690945225,68.23603331936432,12730500.0
2025-10-29,66.58003997802734,68.2165358080024,66.39496517975726,68.10938372024359,19789600.0
2025-10-30,67.19374084472656,67.4957109027282,66.61901524678798,66.67745914657448,14751700.0
2025-10-31,67.11579895019531,67.2813949251758,66.14169448773043,66.77486387469806,16742700.0
2025-11-03,66.20988464355469,67.10605900789466,65.90791462405109,67.0183931693914,15660400.0
2025-11-04,66.88201904296875,66.9502060612112,66.39496678928617,66.69693680838454,12743800.0
2025-11-05,66.73590087890625,67.04761401931171,66.41444461266163,66.88201803918358,12850100.0
2025-11-06,67.27165222167969,67.34958236280433,66.16117372204913,66.53133817647752,15906700.0
2025-11-07,68.72307586669922,69.03478901132647,67.61259732447542,68.00223318138879,25108300.0
2025-11-10,68.69384765625,68.8302291266806,67.64182042014589,68.19705970069418,15318000.0
2025-11-11,69.75562286376953,69.89199689731565,68.83022657444545,69.14193971281195,16160200.0
2025-11-12,69.65821838378906,70.02837543697167,69.4926149622606,69.63873213098434,13612600.0
2025-11-13,69.22960662841797,69.81406784298696,69.16141961058204,69.57054171759758,14002800.0
2025-11-14,69.31729125976562,69.7848573353276,68.77178759583829,69.56081742507088,13172000.0
2025-11-17,68.8497085571289,69.67769592221889,68.79126466344636,69.35623964330925,14772300.0
2025-11-18,69.37572479248047,69.49261257798673,68.74255537095344,69.15167748388069,12838900.0
2025-11-19,69.2685775756836,69.59976956702774,68.97634322769791,69.3562434209824,12401500.0
2025-11-20,69.36598205566406,69.62899443818439,68.78152082937,69.11271279926648,15396500.0
2025-11-21,71.06092071533203,71.29471114760685,69.63872902888441,69.82381126314507,26492500.0
2025-11-24,70.71025085449219,71.26549762288701,69.71666741131025,71.26549762288701,39818600.0
2025-11-25,70.729736328125,71.04144950605838,70.27190597232288,70.91481858221395,17451200.0
2025-11-26,70.99273681640625,71.1972978797638,70.515427668572,70.71998873192953,11795100.0
2025-11-28,71.22652435302734,71.3336764435327,70.87584613534212,71.10962913652307,7423000.0
2025-12-01,70.5791015625,71.52081684022899,70.5594859243936,71.21671831936781,14388100.0
2025-12-02,69.323486328125,70.43196064642193,69.08806126715312,70.43196064642193,19871300.0
2025-12-03,69.4608154296875,70.03957772438277,69.26462913414561,69.5294813815299,17001700.0
2025-12-04,69.10768127441406,69.98072310292449,69.02921123847932,69.48044575222406,17710000.0
2025-12-05,68.66625213623047,69.36272322410035,68.53873179079882,68.98015470377784,13978200.0
2025-12-08,68.91149139404297,69.03901174436555,68.16596996101379,68.50929973805755,17775100.0
2025-12-09,68.75453186035156,69.28424383197529,68.49949117640585,69.02920314802958,13010600.0
2025-12-10,68.87225341796875,69.1861560011192,68.45044612023273,69.04882408874262,29789400.0
2025-12-11,67.79320526123047,69.34310234558625,67.47930271741396,69.20577045041821,23124200.0
2025-12-12,69.17634582519531,69.27444646516616,67.72454915557479,67.79321511313755,18444500.0
2025-12-15,69.6177749633789,69.96110474483282,68.98015823551995,69.0880629502666,18660100.0
2025-12-16,69.02920532226562,69.94148583256967,68.98015500548561,69.94148583256967,17370000.0
2025-12-17,69.323486328125,69.5687229494788,68.97034499465332,69.22539317638903,13672700.0
2025-12-18,69.0193862915039,69.45100508356167,68.83300408874683,68.93109722766174,15524800.0
2025-12-19,68.72511291503906,69.42158406762722,68.69568571597634,68.72511291503906,36911100.0
2025-12-22,68.87225341796875,68.88206497857506,68.33273732906876,68.5975895932156,12828500.0
2025-12-23,68.53873443603516,68.9213029711228,68.36216376722332,68.86244109216697,9471000.0
2025-12-24,68.77415466308594,68.82320497809492,68.4210133502977,68.56815681129734,4515300.0
2025-12-26,68.53873443603516,68.82320981823354,68.40140252518461,68.61720446792987,5711400.0
2025-12-29,68.82321166992188,69.07825237749029,68.51911315854717,68.66625663385389,9686900.0
2025-12-30,68.73491668701172,68.90167578548883,68.47006444143203,68.66625073563718,8610900.0
2025-12-31,68.57797241210938,68.82320903355043,68.54853773095313,68.73491995813721,8127800.0
2026-01-02,67.80302429199219,68.53873416175935,67.6656923816912,68.51911104084333,12151300.0
2026-01-05,66.6455078125,67.60683119443907,66.62588469138326,67.60683119443907,21186600.0
2026-01-06,66.54740142822266,66.94959305207736,66.30216482363629,66.71416800720209,21019900.0
2026-01-07,66.25312805175781,66.77302850357967,65.98826830352877,66.69455098676899,20223400.0
2026-01-08,68.04826354980469,68.13654514526131,66.16484052242099,66.25312960190571,19237000.0
2026-01-09,69.16653442382812,69.31367788417414,67.80301949374109,68.10711049016953,19638600.0
2026-01-12,69.15673065185547,69.61777672031234,68.90168245746969,69.54911076228863,20582500.0
2026-01-13,69.88262176513672,69.88262176513672,68.93110252803984,69.07824598974003,18324800.0
2026-01-14,70.07881927490234,70.34367153284843,69.46081819964854,69.81395953292851,16739100.0
2026-01-15,69.1371078491211,70.23576306364107,69.02920314283398,70.22595150378933,15464100.0
2026-01-16,69.09786987304688,69.39214931567197,68.70548979885264,68.95072640972062,20027500.0
2026-01-20,70.3829116821289,70.41233887981285,68.46025743182238,68.66625529963795,22152200.0
2026-01-21,70.63795471191406,70.86356820037227,69.48043762200533,70.60852751637842,21660600.0
2026-01-22,70.50062561035156,70.66738471436216,70.07881832818924,70.46138685340301,13962800.0
2026-01-23,71.49137878417969,71.66794945492002,70.41233912255672,70.64776418886787,18307100.0
2026-01-26,71.17747497558594,71.90338076725783,71.15785933874271,71.47176191642889,14017400.0
2026-01-27,72.14861297607422,72.15841705188214,70.89299525811732,71.05976183920744,13239200.0
2026-01-28,71.66793823242188,72.21727327983126,71.18727661446206,71.81508168233559,14633700.0
2026-01-29,72.03089904785156,72.67831982147118,71.74642367561515,71.78566243220233,20862100.0
2026-01-30,73.38460540771484,73.47289448457488,72.1388066433511,72.3055657524971,26420500.0
2026-02-02,73.89470672607422,74.25765216627171,72.98242611893644,73.5808041238348,19301500.0
2026-02-03,75.42497253417969,76.02335047210165,73.69850467309199,73.83583657844842,27007100.0
2026-02-04,75.87620544433594,76.62172683236868,75.61135319918118,75.79772793316883,28607300.0
2026-02-05,77.01410675048828,77.357436506125,76.1116303419223,76.33725131507063,21633500.0
2026-02-06,77.52420043945312,77.69095954773124,76.7688749299401,77.00429999362849,18512400.0
2026-02-09,76.4843978881836,77.60267627147296,76.06259060437952,77.17105742738666,23415600.0
2026-02-10,75.34649658203125,76.03316360706373,74.56174389002975,75.16992591662607,28848200.0
2026-02-11,77.1023941040039,77.54382452343293,75.12088544896557,75.41516491122366,22649700.0
2026-02-12,77.4947738647461,78.8779120285895,77.28877599685985,77.47515822762603,26043500.0
2026-02-13,77.18087005615234,77.88715272569758,76.64134649357536,76.95524907070349,16711900.0
2026-02-17,78.04409790039062,78.12257541329457,77.23972210319404,77.48495871799821,16260200.0
2026-02-18,77.97543334960938,78.3187631197028,77.41629415716362,77.98524490990567,16304900.0
2026-02-19,77.40648651123047,78.15200041075971,77.09257646844678,77.94600255820342,14924700.0
2026-02-20,78.31876373291016,78.31876373291016,77.38686756621337,77.81848641429748,17175100.0
2026-02-23,79.0250473022461,79.30952268409519,77.98524641164639,78.00486204858902,17157700.0
2026-02-24,79.18199920654297,79.5449446058556,78.32857309470242,79.00542854492173,16448500.0
2026-02-25,78.93675994873047,79.15256935948766,78.0440951104216,78.86809399840112,18086900.0
2026-02-26,78.96619415283203,79.34876269348376,78.4953365344764,79.21143078063585,12843200.0
2026-02-27,80.00598907470703,80.43760790224196,79.28009080623886,79.39780707302857,28483500.0
2026-03-02,78.69152069091797,79.84903773176869,78.62285474290255,79.70189427629934,18137200.0
2026-03-03,77.82828521728516,78.55419095515605,77.06314820863547,78.33838154573644,20549300.0
2026-03-04,76.61192321777344,77.95582267078123,76.26859342584537,77.77925199435705,21011800.0
2026-03-05,75.56230926513672,76.23916475906736,75.04240880679556,76.19992600017,23165700.0
2026-03-06,75.5721206665039,75.71926414105175,74.89526517400058,75.33669559764414,15516000.0
2026-03-09,76.31764221191406,76.58249447921091,75.07183594107374,75.1601250195247,18554100.0
2026-03-10,76.39611053466797,76.91601846495098,75.63097346402618,76.00373792287166,17243900.0
2026-03-11,76.15087127685547,76.22934879011198,75.1404976167675,76.22934879011198,11546800.0
2026-03-12,76.13126373291016,76.67078733886274,75.43479256778942,75.94488149012138,16842200.0
2026-03-13,76.38805389404297,77.08932146182339,76.23990620344355,76.51645860654624,11974500.0
2026-03-16,76.86214447021484,77.46463682723909,76.78312734967358,77.039929223689,11761200.0
2026-03-17,76.62510681152344,77.33624588265866,76.49670209643693,77.039935424523,14900100.0
2026-03-18,75.034912109375,76.18063014232749,74.91638643610948,76.13125009674869,13134600.0
2026-03-19,74.6200942993164,75.50901060258201,74.60033624985078,75.06455245094921,13023300.0
2026-03-20,73.8299331665039,75.11393501837722,73.47436365476938,74.63983982423535,33298700.0
2026-03-23,74.18550872802734,74.52132021900218,73.63240390266265,74.41267355180723,15054900.0
2026-03-24,73.75092315673828,74.75837271563083,73.711414592126,73.93858695477455,15653700.0
2026-03-25,74.32378387451172,74.7188619736333,73.15830762662145,73.67190388063793,14787900.0
2026-03-26,73.77067565917969,74.81762616846487,73.73116709753849,74.26452137646328,11202100.0
2026-03-27,74.77811431884766,75.11393331028819,73.78054390386119,73.89906958357325,17461000.0
2026-03-30,75.33122253417969,76.05224059832382,74.78799676548425,74.99541106285753,18502800.0
2026-03-31,75.11393737792969,76.07199174940631,74.58058309357364,75.58802505147659,18301800.0
2026-04-01,75.14356231689453,75.42011469878683,74.33365568328682,75.21270041236761,15834300.0
2026-04-02,75.77568817138672,76.012732006077,75.18307481691718,75.63741197319341,14573400.0
2026-04-06,76.26953125,76.32879032274997,75.28183984823463,75.69666842845912,8259900.0
2026-04-07,74.97566223144531,76.64485567217139,74.69910229325674,76.24977758167553,12769200.0
2026-04-08,76.33867645263672,76.41769358065018,74.39292300436185,74.87688972634012,12331300.0
2026-04-09,77.21771240234375,77.32635905700035,75.4299934156097,75.7065457963766,14311000.0
2026-04-10,76.5164566040039,77.2078375936662,76.35842235751673,77.02018134532221,11081400.0
2026-04-13,75.46951293945312,76.49670549282379,74.89665004721648,76.36830830752454,12696200.0
2026-04-14,74.96577453613281,75.67691350967509,74.8670069088046,75.03491262881126,12397600.0
2026-04-15,74.3830337524414,74.80774133775988,73.80029946831147,74.80774133775988,16212100.0
2026-04-16,74.25464630126953,74.90651876429888,73.97809389056084,74.10649107110758,11501900.0
2026-04-17,74.80774688720703,75.12380784376332,73.87932206603473,74.0274697523208,15033900.0
2026-04-20,74.55094909667969,75.28183861204782,74.43242341763867,74.88676055073168,10141800.0
2026-04-21,73.7805404663086,74.60032609127549,73.70153088566903,74.55094604531163,11806900.0
2026-04-22,73.71141052246094,74.45217911319425,73.63240093308676,73.97809143499809,9352300.0
2026-04-23,75.34110260009766,75.7164301738087,74.23489299881311,74.51144539913425,12060300.0
2026-04-24,75.68679809570312,76.06212569418517,75.2324609029775,75.76581522543495,12008700.0
2026-04-27,74.51144409179688,75.76580889567012,74.47193553023166,75.76580889567012,15812200.0
2026-04-28,77.3856201171875,79.33137339178496,77.11894675330538,78.5412172531557,30710700.0
2026-04-29,77.89922332763672,78.30417288264714,77.22759287510647,77.40537762829057,18294700.0
2026-04-30,77.79058074951172,78.14615027452248,77.36587312438706,77.83008931178934,15142200.0
2026-05-01,77.61279296875,78.65974345418515,77.07943870197528,78.31405296705915,12610400.0
2026-05-04,77.22759246826172,77.80044774951499,76.77325533151526,77.09918776439626,12672400.0
2026-05-05,77.51402282714844,77.81032571989103,76.78312578031152,77.22759142265622,11637500.0
2026-05-06,78.25479125976562,78.35355889055049,77.60291133270854,77.81032561800292,14060300.0
2026-05-07,77.46463775634766,78.17577677877368,77.13869778182115,77.82020726756068,16531400.0
2026-05-08,77.45475769042969,78.22515577586594,77.15845479206278,77.60291290735682,12447200.0
2026-05-11,77.69181060791016,77.76094870579604,76.88189641055054,77.197964898586,10967900.0
2026-05-12,79.0449447631836,79.3313761851351,77.31648474262246,78.02762378533136,19883100.0
2026-05-13,79.27210998535156,80.03262901043091,78.85727389073038,78.88691096108596,12357000.0
2026-05-14,79.45977783203125,79.92399404078861,78.92643105546759,79.73633778069699,10642000.0
2026-05-15,79.82522583007812,80.35858013833334,79.45977726641584,80.35858013833334,17527200.0
2026-05-18,80.2005386352539,80.38820241253838,79.40051101291462,79.87460620034847,12375500.0
2026-05-19,80.91168212890625,81.64257923064999,80.25980968751249,80.40796491275718,16595200.0
2026-05-20,80.5462417602539,81.38577799606436,80.51660468657677,81.15860564413343,16999700.0
2026-05-21,80.17090606689453,80.79315644783601,79.7264479680681,80.78327742427693,15708400.0
2026-05-22,80.47710418701172,80.67463946656079,79.92399184039613,80.18079373220023,8240200.0
2026-05-26,79.46965026855469,80.59561787770932,79.2523569517902,79.8449702931104,13004200.0
2026-05-27,80.6153793334961,81.4944241263008,79.80547264117644,80.10177555661761,13209600.0
2026-05-28,79.42027282714844,80.75365477277636,79.3511271918278,80.31906812497644,14691400.0
2026-05-29,78.0374984741211,79.34125080149192,77.93873084267382,79.05481939545376,32477000.0
2026-06-01,77.67205810546875,78.22516292804762,77.46464379700167,77.61279902747475,12776300.0
2026-06-02,77.44489288330078,78.22516252449005,77.28685862881466,77.90910155100578,12533200.0
2026-06-03,77.79058074951172,78.05725412552592,77.14857979960406,77.32636456210945,14964300.0
2026-06-04,75.87445831298828,79.05482604741398,75.86457928836613,78.79802415565302,19361600.0
2026-06-05,78.50171661376953,79.74620236531564,76.52633379298052,76.55596332961437,25708100.0
2026-06-08,78.56098175048828,78.94618082743337,78.12639508501668,78.33380939294958,12828900.0
2026-06-09,80.33881378173828,80.75364989114632,78.40293956795405,78.57085283067298,20591600.0
2026-06-10,82.56111907958984,82.8179209490803,81.1092190765359,81.66232383960407,20880500.0
2026-06-11,81.51417541503906,83.0055916373867,81.47466685217361,82.88706594879034,14264500.0
2026-06-12,81.60306549072266,81.86973885085317,80.86229694698676,81.69195409893706,11757700.0
2026-06-15,80.43006896972656,80.7183420997319,79.77398025805853,80.59905875880257,20055200.0
2026-06-16,79.80380249023438,80.90721891798076,79.36641000813258,80.66864464780673,17565100.0
2026-06-17,79.45587921142578,79.85350804669757,78.52145258615798,79.47575724032673,17055400.0
2026-06-18,78.91908264160156,79.53540772500882,78.27293672231222,79.39623876813289,46857900.0
2026-06-22,79.0582504272461,79.58510541106253,78.59103711431025,78.77991251761773,21205900.0
2026-06-23,79.8336181640625,80.84757201898508,79.3564696545662,80.84757201898508,16854000.0
2026-06-24,80.12190246582031,81.09609272471494,80.08213882421857,80.41018317932853,20632600.0
2026-06-25,79.9429702758789,80.89727492674004,79.4956425778356,80.05231839480312,16021400.0
2026-06-26,82.13985443115234,82.31878701442906,80.22130245985042,80.4797623210587,53357500.0
2026-06-29,82.15974426269531,83.12399170076121,81.72235179574442,82.33867685516257,15015800.0
2026-06-30,80.78792572021484,82.05039668202069,80.5294734281817,82.01063304075272,16422100.0
2026-07-01,80.80780792236328,81.49371743304293,80.47976358385225,81.21537195591496,21734800.0
2026-07-02,83.64089965820312,83.64089965820312,80.91715485133743,81.14578629545979,18308400.0
2026-07-06,82.46790313720703,84.05841085947863,81.8317000482984,83.60114036333422,18992600.0
2026-07-07,83.55143737792969,85.1717658550302,83.14386576513202,84.09817035141258,17835200.0
2026-07-08,82.9052963256836,84.32681427385329,82.77606259503419,83.67072556663383,14160000.0
2026-07-09,82.13985443115234,82.32872982020517,81.22531348735522,81.60305668132222,15782500.0
2026-07-10,82.99475860595703,83.2432756760538,81.92117062708472,82.23927217344301,10694600.0
2026-07-13,83.75025177001953,84.17770142960003,83.17369035307114,83.40232939225379,12085800.0
2026-07-14,82.58719635009766,84.12799766770932,82.58719635009766,83.67072715888746,13775400.0
2026-07-15,81.96092224121094,82.74623705024202,81.7422336020576,82.43807832695161,18383800.0
2026-07-16,84.41627502441406,84.44609585882439,82.7860036807783,83.00469991197266,17889900.0
2026-07-17,81.07620239257812,85.05247531163171,80.35053683196853,84.86360750519098,32903000.0
2026-07-20,81.63288879394531,81.88140586062717,80.8177531185944,81.06627018527625,14967200.0
2026-07-21,81.48377990722656,81.91122958034106,80.83763399426662,81.48377990722656,12949400.0
2026-07-22,81.71240997314453,82.42814035162986,81.47383570836246,82.35855587506262,11701300.0
2026-07-23,80.68852233886719,81.38437470149,80.40024162088422,81.18555649039521,13755600.0
2026-07-24,81.76211547851562,81.8416427605726,80.42012482639515,81.08614874930944,11980400.0
2026-07-27,83.57131958007812,83.64090405596605,82.01063269161537,82.58719411133768,19937600.0
2026-07-28,87.74639892578125,89.68483651594346,85.73838444733994,87.77622734322203,34982900.0
2026-07-29,88.55160522460938,90.38068724053291,88.1142127494367,88.1241555559104,21711700.0
2026-07-30,87.96509552001953,88.11420727129791,86.69268939950297,87.11019623577145,17616100.0
2026-07-31,87.0704345703125,87.47800619410351,86.3050053531352,87.14002662874023,14725900.0
2026-08-03,86.34477233886719,87.95516570012737,86.11613329497983,87.95516570012737,23197100.0
2026-08-04,86.04654693603516,86.16583785860287,84.65485742677355,85.28111770594127,17085700.0
2026-08-05,86.31494903564453,86.63305057621476,85.67874595450408,86.53364526681261,15868600.0
2026-08-06,86.33482360839844,87.44818274790256,85.90737396935245,87.33883463669507,13568500.0
2026-08-07,86.53364562988281,86.65292896801027,85.67874631398736,85.99684785589226,11221700.0
2026-08-10,86.3547134399414,87.01079455510899,85.91732097373699,86.59328770144425,13710800.0
2026-08-11,85.96702575683594,86.53364435702373,85.59921777336217,86.10619470536355,16018000.0
2026-08-12,86.1956558227539,86.77221721975558,85.15188872556685,85.27117206002322,12651900.0
2026-08-13,86.90144348144531,87.22948781993581,86.39447414102047,86.62310558847354,10140600.0
2026-08-14,87.18972778320312,87.44818765913077,86.68275083769021,86.7821637328356,9166400.0
2026-08-17,86.46405792236328,87.49788220680313,86.33482419870427,86.78215945237679,12056400.0
2026-08-18,88.29314422607422,88.43231317838521,87.35871761700973,87.87563736914123,12524500.0
2026-08-19,89.8140640258789,90.22163564493194,88.06450179877645,88.06450179877645,15993900.0
2026-08-20,89.96318054199219,91.32505683407821,89.19775129318654,89.64507899150762,14928000.0
2026-08-21,90.55961608886719,90.6590213970731,89.7842440670666,90.31109902628296,15595800.0
2026-08-24,91.4443359375,91.94137006110614,90.9075381739087,91.57356966348647,14787700.0
2026-08-25,91.0964126586914,91.53380511002422,90.7584330983988,91.02682818544653,11940100.0
2026-08-26,89.54566955566406,91.66303219256494,89.46614227567014,91.66303219256494,17133900.0
2026-08-27,88.5317153930664,89.49596280331046,88.43231008548368,88.87964534581421,13452600.0
2026-08-28,89.12816619873047,89.50590941727118,88.54166196600396,88.68083091936839,9887200.0
2026-08-31,88.14402770996094,88.99892699038024,88.07444323756117,88.97904896289688,23764800.0
2026-09-01,87.4780044555664,89.24744469586453,87.28912906447658,89.05856930477471,14824100.0
2026-09-02,87.71658325195312,88.42237082345903,87.20961388772017,87.37860367579782,18492800.0
2026-09-03,88.283203125,88.70071757413677,87.4879530370246,87.58735835000411,13763000.0
2026-09-04,87.54759216308594,88.38261345294723,87.32889593040467,88.064504326037,17290700.0
2026-09-08,87.83586883544922,88.02474422483915,87.03067600133623,87.03067600133623,19426900.0
2026-09-09,87.03067779541016,87.87563428597807,86.89150884798197,87.78616420026633,12337500.0
2026-09-10,87.30902099609375,88.43231544978137,87.27920016042388,88.05457222439757,12019900.0
2026-09-11,87.76628875732422,88.12415394243344,87.28913264913226,87.9154005151429,9988700.0
2026-09-14,88.81999969482422,89.82401078563296,88.34285116542739,89.46614559651577,14066100.0
2026-09-15,88.70999908447266,88.9000015258789,87.80000305175781,88.52999877929688,13148900.0
2026-09-16,87.87000274658203,88.66000366210938,87.73999786376953,88.4800033569336,17074800.0
2026-09-17,88.05999755859375,88.33000183105469,87.51000213623047,88.08000183105469,16563600.0
2026-09-18,88.25,88.29000091552734,87.5199966430664,87.80000305175781,28048200.0
2026-09-21,87.12000274658203,88.5,87.12000274658203,88.31999969482422,18100400.0
2026-09-22,,,,,
2026-09-23,88.08999633789062,89.0,87.61000061035156,88.94999694824219,13016400.0
