Date,Close,High,Low,Open,Volume
2015-01-02,39.607177734375,40.16621820057352,39.42083306642058,39.52247590632005,27913900
2015-01-05,39.24295425415039,39.58176477133764,39.17519021201252,39.276833044051955,39673900
2015-01-06,38.6669807434082,39.59871389554198,38.57380678196122,39.285313214357785,36447900
2015-01-07,39.15825653076172,39.35307334162107,38.53145517950431,38.94649870619703,29114100
2015-01-08,40.31020736694336,40.44573220424493,39.57329126606398,39.59870116331834,29645200
2015-01-09,39.971405029296875,40.5050356416163,39.7257684132356,40.32715984789913,23944200
2015-01-12,39.4716682434082,40.26787995435464,39.268382484437666,40.16623384370049,23651900
2015-01-13,39.26837921142578,40.58127733517438,39.01427041830809,39.78506892176064,35270600
2015-01-14,38.9295539855957,39.16672492371881,38.64156324236367,38.9295539855957,29719600
2015-01-15,38.52297592163086,39.28530524132811,38.46368400022856,39.149780387956085,32750800
2015-01-16,39.166717529296875,39.20059631591751,38.26039132489493,38.378978387151854,35695300
2015-01-20,39.293766021728516,39.51399588248746,38.59920088764271,39.217533105491455,36161900
2015-01-21,38.895668029785156,39.08201591279538,38.522975494932055,38.91260904016494,39081100
2015-01-22,39.92059326171875,39.929062154529724,39.03121088281261,39.285319672333145,35898000
2015-01-23,39.96293258666992,40.1408083645792,39.641059823428634,40.11539846235434,26211600
2015-01-26,39.81894302368164,39.92058911386341,39.16673171644058,39.81047413175061,42525500
2015-01-27,36.13436508178711,36.59176288525541,35.66849838470001,36.38000500192774,169164000
2015-01-28,34.88920974731445,36.24446144218995,34.863799848359676,36.20211053354292,84507100
2015-01-29,35.583770751953125,35.67694467858284,34.55039513310579,34.66897895566476,63585300
2015-01-30,34.22007369995117,35.21957112282167,34.17771954025445,35.19415798076989,78004900
2015-02-02,34.9654541015625,35.04168705450589,34.076071804668416,34.381003616441994,50352500
2015-02-03,35.236488342285156,35.51601012352092,34.770621938059065,35.26190146950367,52082400
2015-02-04,35.439796447753906,35.75319718351063,35.03322173432579,35.5244983013632,41614800
2015-02-05,35.95647430419922,36.11740906547864,35.45672577782178,35.7616575201765,36548200
2015-02-06,35.92259216308594,36.244464915751685,35.70236547831517,36.151290969098376,34616600
2015-02-09,35.88023376464844,36.202106450161544,35.75317782187128,35.77859094912682,31381100
2015-02-10,36.083526611328125,36.22752359068182,35.72777507027927,36.202113689511904,29670700
2015-02-11,35.897178649902344,36.12587743290426,35.75318168378979,36.12587743290426,38262500
2015-02-12,36.498573303222656,36.498573303222656,36.00729367287247,36.13434964104372,33268800
2015-02-13,37.15925979614258,37.15925979614258,36.54939949722027,36.74421629573954,40264900
2015-02-17,37.17633056640625,37.53461395580413,36.84363466375528,37.50902321489383,33695700
2015-02-18,37.133670806884766,37.27869258207726,37.01424302388096,37.21897869057536,27111700
2015-02-19,37.10807800292969,37.133668739530634,36.724200683101294,36.83509929864346,27603400
2015-02-20,37.415184020996094,37.43224559868233,36.928940446509536,37.11661129273174,29721100
2015-02-23,37.66256332397461,37.69668321730927,37.236033742748,37.27868605003817,32518800
2015-02-24,37.61137771606445,37.79051935495749,37.46635596970172,37.662562436103485,25271700
2015-02-25,37.52608108520508,37.611385715918516,37.36399773102126,37.491957931254476,29759800
2015-02-26,37.58579635620117,37.73081488456597,37.44077457367319,37.526082461678826,28957300
2015-02-27,37.406646728515625,37.70521941785624,37.244566642870915,37.64550553082068,33807700
2015-03-02,37.432247161865234,37.69669349163727,37.15073599953112,37.253102215760194,31924000
2015-03-03,36.9203987121582,37.38958384470298,36.75831864629152,37.159257485316196,31748600
2015-03-04,36.73273468017578,36.860691622854524,36.5791837456309,36.69007911178655,25748700
2015-03-05,36.77537536621094,36.886273951463984,36.52798746609334,36.74125222395431,23193500
2015-03-06,36.13557434082031,36.775368494859876,35.95643275868796,36.68153149826826,36248800
2015-03-09,36.553585052490234,36.7924438389302,35.99056611629168,35.99056611629168,32108000
2015-03-10,35.85408020019531,36.43416076612526,35.85408020019531,36.127058907202006,39159700
2015-03-11,35.811439514160156,36.144132217953604,35.69201169784086,36.092950727624725,32215300
2015-03-12,34.992496490478516,35.52992481614904,34.8560071185486,35.256946072289196,59992500
2015-03-13,35.29959487915039,35.376370346608326,34.64273882515764,34.71951429261557,58007700
2015-03-16,35.45315170288086,35.521394766310394,35.21429284546864,35.37637622267042,35273500
2015-03-17,35.57257080078125,35.68346941265409,35.10338887169841,35.291059690833904,31673400
2015-03-18,36.2550163269043,36.536527427440674,35.256938615902875,35.34224323500701,44194800
2015-03-19,36.075889587402344,36.33180680466889,36.01617567851228,36.050295587760914,33879100
2015-03-20,36.57918167114258,36.66448629475725,36.24648908321741,36.30620297058025,71904500
2015-03-23,36.56211471557617,36.792441070439295,36.493868423396435,36.579176288621106,26246100
2015-03-24,36.59624099731445,36.82656411774986,36.468280815594696,36.49387155027361,25513300
2015-03-25,35.36783218383789,36.621830197150345,35.35077061004615,36.613297783173245,43469900
2015-03-26,35.15457534790039,35.495800392627054,34.90718735318171,35.16310776380831,37495600
2015-03-27,34.94983673095703,35.342243184940365,34.830408962715374,35.07779365943197,34401400
2015-03-30,34.941307067871094,35.436083008588625,34.898654755020964,35.0607348455166,35049700
2015-03-31,34.685386657714844,35.001017647963884,34.58302046571888,34.787752849710806,34887200
2015-04-01,34.73656463623047,34.77068452416258,34.386810565171295,34.63419520994832,36865300
2015-04-02,34.36975860595703,34.75363592646523,34.224736838581556,34.6853896231914,37487500
2015-04-06,35.44460678100586,35.64080999361883,34.275916664936226,34.412405997804484,39223700
2015-04-07,35.42756271362305,35.75172625967659,35.239891822045934,35.49580904086126,28809400
2015-04-08,35.333709716796875,35.56403608617795,35.009549570997606,35.36783286503759,24753400
2015-04-09,35.384891510009766,35.50431926480358,35.18868830511104,35.18868830511104,25723900
2015-04-10,35.58962631225586,35.785829512655546,35.32517682258906,35.512850863911446,28022000
2015-04-13,35.62373733520508,35.87965760209047,35.3081064613175,35.316638872433074,30276700
2015-04-14,35.52989959716797,35.85405959156199,35.30810249136047,35.657856462062135,24244400
2015-04-15,36.05027770996094,36.22089018825102,35.5555051024983,35.62374814131692,27343600
2015-04-16,35.9649772644043,36.11852818723786,35.67493699395899,35.785835605819386,22509700
2015-04-17,35.50432586669922,35.60669532198249,35.111919383935266,35.546978179319154,42387600
2015-04-20,36.60477066040039,36.82656462371093,35.55550822003537,35.598160529807096,46057700
2015-04-21,36.374454498291016,36.8095166409713,36.2806174379418,36.681556421556266,26013800
2015-04-22,36.67302322387695,36.79245101330357,36.29767502377822,36.400041235549146,25064300
2015-04-23,36.971588134765625,37.20191452344794,36.51093535740099,36.587710820295094,46309500
2015-04-24,40.83594512939453,41.06627151594485,38.94215581914096,38.950684979755664,130933700
2015-04-27,40.97242736816406,41.057735230320965,40.28145158258528,40.289980741719866,59248200
2015-04-28,41.9363899230957,41.97904223204071,40.690924278591005,40.759167322070496,60730800
2015-04-29,41.8510856628418,42.06435046355186,41.37337133775271,41.5610454037096,47804600
2015-04-30,41.492801666259766,42.26055629786389,41.45867851504118,41.54398639308764,64725500
2015-05-01,41.509849548339844,41.697523563968176,41.28805564691142,41.44160652257791,38937300
2015-05-04,41.15158462524414,41.68900967469793,41.10039989255956,41.262479998149296,34039500
2015-05-05,40.60561752319336,41.08333185733731,40.358232822844194,40.79329159270753,50369200
2015-05-06,39.479576110839844,40.75063566619627,39.257782165411896,40.580023186702725,52433000
2015-05-07,39.837860107421875,40.17055263146835,39.3772074183596,39.471044438816236,32971700
2015-05-08,40.73357391357422,40.92977712517153,40.537370701976904,40.562961434831486,35364900
2015-05-11,40.409420013427734,40.87007283789913,40.409420013427734,40.5629709549182,24609400
2015-05-12,40.39235305786133,40.67386416449815,39.59900771718281,39.96582344477235,29928300
2015-05-13,40.631221771240234,41.21983160947162,40.58003703367788,41.108932971834925,34184600
2015-05-14,41.5610466003418,41.646351221416886,40.97243365077051,40.97243365077051,32980900
2015-05-15,41.2027473449707,41.72311383411359,40.98948260379159,41.688990694526126,28642700
2015-05-18,40.95537185668945,41.13451676664938,40.61415012005129,40.92978112133633,24136500
2015-05-19,40.852352142333984,41.049830535154925,40.508909465498895,40.83517968096102,28574800
2015-05-20,40.852352142333984,41.15286202808061,40.58618390402118,40.68921539694687,25047900
2015-05-21,40.714969635009766,40.86951850136388,40.36294238949471,40.59476568902588,22410700
2015-05-22,40.26848220825195,40.65485093990454,40.199792395764945,40.611921444755424,25720600
2015-05-26,40.00232696533203,40.25132270272582,39.65888434304325,40.20839319376762,29581900
2015-05-27,40.878089904785156,41.01546625562356,40.028071482196545,40.19979273957218,27335600
2015-05-28,40.740726470947266,41.23013008068323,40.68920909480763,40.7836559800745,19283700
2015-05-29,40.2341423034668,40.84374972617122,40.00231907047126,40.72354581468707,36519600
2015-06-01,40.551822662353516,41.015469106906,40.02807426483802,40.40586171238928,28837300
2015-06-02,40.28565979003906,40.65485942089902,40.0280794901001,40.294247656046714,21498300
2015-06-03,40.22556686401367,40.98972662007791,40.19980981082803,40.67204101266587,28002200
2015-06-04,39.80485534667969,40.49173743230112,39.6674789295554,40.17405508182224,27745500
2015-06-05,39.61594772338867,39.942217828469396,39.35836744056115,39.76191195802123,25438100
2015-06-08,39.263938903808594,39.86496202788033,39.21242151306672,39.75334265226254,22121600
2015-06-09,39.195255279541016,39.4442478319491,39.03211850088325,39.28969892338531,24406100
2015-06-10,40.01950454711914,40.20839834109058,39.22958772485748,39.31545002907723,28417400
2015-06-11,39.87351989746094,40.28564892123582,39.60735507863506,40.062413594932465,27347800
2015-06-12,39.46998596191406,39.899287516338845,39.409884006319466,39.684636739126454,23931000
2015-06-15,39.049278259277344,39.19524252556374,38.65432152160403,39.023521208002215,33254500
2015-06-16,39.34978485107422,39.70181201974231,38.894722943787784,38.93765244722317,27070300
2015-06-17,39.46998596191406,39.55584496267465,38.94623754146608,39.26391977465336,28704100
2015-06-18,40.11394119262695,40.18262774313728,39.641706828382084,39.6846396071761,32658300
2015-06-19,39.58160400390625,40.20838718724818,39.48716040843127,40.17404227508759,63837000
2015-06-22,39.6932373046875,40.11395443848951,39.63313532490325,39.77909961531661,20318100
2015-06-23,39.41847229003906,39.736154552995245,39.169476579065545,39.607366039786044,25896500
2015-06-24,39.186649322509766,39.710397795867216,39.10937490389455,39.21240637027775,34890900
2015-06-25,39.195255279541016,39.54728262120015,39.0664634306336,39.521522286231,20616000
2015-06-26,38.860389709472656,39.73616559905502,38.66291131407352,39.19524779764909,49835300
2015-06-29,38.09620666503906,38.83460562317988,38.08762207787202,38.67147226452709,34081700
2015-06-30,37.907325744628906,38.39672921822506,37.72701661595347,38.38814135360159,35945400
2015-07-01,38.16490936279297,38.83461874870988,37.864396305419525,38.17349395286148,28343900
2015-07-02,38.121986389160156,38.422496222676585,37.83006114718211,38.19067294740182,21752000
2015-07-06,38.113399505615234,38.19067393270046,37.73561523726059,37.744199829020445,23034000
2015-07-07,38.03611373901367,38.19925041162048,37.19468315899916,38.07045864643728,36435800
2015-07-08,37.98461151123047,38.551289559383044,37.8043023286229,38.15632955133418,39785900
2015-07-09,38.22501754760742,38.826040484974286,38.20784508936134,38.42249590447011,32424700
2015-07-10,38.30229568481445,38.75735440885556,38.26795076499313,38.64573505709218,25465800
2015-07-13,39.10077667236328,39.16946320088633,38.59420083267915,38.61995787146153,28178300
2015-07-14,39.169471740722656,39.461396920039675,38.90330688111446,39.02351078871956,22880300
2015-07-15,39.2896728515625,39.401292161526456,39.00633555742089,39.220986312953556,26629600
2015-07-16,40.062435150146484,40.08819220445627,39.46999997383664,39.50434162114566,26271700
2015-07-17,40.028076171875,40.16545253880838,39.71897852744716,39.96797421604858,29467100
2015-07-20,40.28565979003906,40.46596894777643,39.87353065507448,40.053839812811844,30631900
2015-07-21,40.59476852416992,40.63770131528707,39.90788644535299,40.16546681549533,42781900
2015-07-22,39.10077667236328,40.29423417382841,38.808851556692595,39.01491441757184,59152400
2015-07-23,39.59020233154297,39.69323381994031,38.723011084538776,38.86897536213765,33934000
2015-07-24,39.44422912597656,39.77049925324946,39.32402520416844,39.41847207853517,32333200
2015-07-27,38.937652587890625,39.50433055109405,38.85179358070966,39.44422859100514,39701400
2015-07-28,38.92906951904297,39.186649825965915,38.45683841046569,39.13513572976811,34328900
2015-07-29,39.7447509765625,40.16546479573279,38.86038727395176,38.98059449759807,40945900
2015-07-30,40.251319885253906,40.69779395285285,39.43564617089645,39.71898353043708,39777900
2015-07-31,40.096763610839844,40.672026089662225,39.92504234354738,40.60333954793169,31201500
2015-08-03,40.191226959228516,40.35436042865754,39.88212920636333,40.337187967352584,24125900
2015-08-04,40.8179931640625,40.963954122503424,40.07959395585057,40.139695912304006,33403900
2015-08-05,40.852352142333984,41.56499127509546,40.818007219588054,41.19579154385697,26959700
2015-08-06,40.028076171875,41.01547106098493,39.77908375858453,40.96395369514331,27368000
2015-08-07,40.13111114501953,40.16545278047629,39.718978766428734,39.83059808876836,19163000
2015-08-10,40.637691497802734,40.775067880377954,40.21697448380351,40.31142136094485,23079900
2015-08-11,39.84778594970703,40.30284472972134,39.409899631715625,40.19981323289611,29237400
2015-08-12,40.13111114501953,40.26848751277948,39.24674770696085,39.65887681024069,30181400
2015-08-13,40.12252426147461,40.4402065055724,39.91646134244779,40.40586486927529,22627200
2015-08-14,40.354366302490234,40.44022534620029,39.94223699711933,39.950821591365305,21473400
2015-08-17,40.62910079956055,40.7407201261575,39.985148437003716,40.19121463415878,21099700
2015-08-18,40.85380935668945,40.99209163297405,40.361178541368716,40.48217512100405,23574100
2015-08-19,40.28341293334961,40.68961874765628,40.01548945841591,40.43033647653481,31485500
2015-08-20,39.462345123291016,40.16240105517822,39.462345123291016,39.81669368950089,36238200
2015-08-21,37.22390365600586,39.306782754373664,37.22390365600586,39.1512147472831,70053100
2015-08-24,36.022579193115234,36.89548572516786,34.32861993875117,34.95953323358338,88753700
2015-08-25,34.97681427001953,37.37082930873184,34.907671470373906,36.79176990088526,70616600
2015-08-26,36.912757873535156,37.0251132482367,35.486722581792954,36.30777170571602,63408000
2015-08-27,37.94124221801758,37.984454817062975,37.102903949514904,37.36218284069729,50943200
2015-08-28,37.96717071533203,38.15731011542288,37.50046671342364,37.50911121174238,28246700
2015-08-31,37.6128044128418,37.9671528482232,37.2498114832097,37.64737579602744,34441700
2015-09-01,36.14356994628906,36.80905453755988,36.00528764790227,36.446061443725775,49688900
2015-09-02,37.47454071044922,37.49182641059087,36.19542857215878,36.61027548482783,37671500
2015-09-03,37.59552764892578,38.01037445493998,37.4053882931616,37.51774366674128,28285200
2015-09-04,36.82633972167969,37.19797401156473,36.47199113096488,36.99919341647204,37138800
2015-09-08,37.9326057434082,38.027675459562815,37.33626383786199,37.422689054233096,32469800
2015-09-09,37.22390365600586,38.37337800874054,37.08562134935983,38.20916550297259,33469500
2015-09-10,37.41404724121094,37.84617990984056,36.9473431678324,37.26712041948335,31366600
2015-09-11,37.578243255615234,37.67331293679225,37.11153934633323,37.28439301239058,27132500
2015-09-14,37.197967529296875,37.543671561727784,37.042399560784666,37.53503036210352,23656000
2015-09-15,38.010379791259766,38.278303166822504,37.2325431571228,37.327609551442016,28882200
2015-09-16,38.28693771362305,38.356080494104276,37.8893766165837,38.00173198641107,23372200
2015-09-17,38.24374008178711,38.891939066224175,38.09681656116509,38.27831148554895,32768200
2015-09-18,37.578243255615234,38.01902026890695,37.44860547875432,37.595528951911916,63143700
2015-09-21,38.12273406982422,38.43387003317731,37.681957022770774,37.69924272039147,26177200
2015-09-22,37.94124221801758,38.070880015153776,37.431325636697906,37.491823934743465,28085900
2015-09-23,37.915313720703125,38.174592623508275,37.60417771857289,37.9671708200282,17145200
2015-09-24,37.94988250732422,38.14002189484789,37.39675334024797,37.5523213306019,27905600
2015-09-25,37.975807189941406,38.65857740809311,37.820239208668625,38.442511133759766,29384600
2015-09-28,37.41404724121094,38.10545885163621,37.344904431713104,37.880751314589475,27613800
2015-09-29,37.543670654296875,37.65602602815327,37.20660782963704,37.48317236766098,32763600
2015-09-30,38.252384185791016,38.28695559217516,37.73382627767193,37.923965715873955,34958900
2015-10-01,38.55486297607422,38.67585955107487,37.81159453317375,38.67585955107487,28657900
2015-10-02,39.384559631347656,39.384559631347656,37.958520923360275,38.26101568103833,41839000
2015-10-05,40.300689697265625,40.525397212554196,39.49692274768948,39.54013535098609,34369300
2015-10-06,40.40439224243164,40.77602648830731,39.94633280784938,40.0414024935724,27017200
2015-10-07,40.447608947753906,40.922954127772016,39.71298487835409,40.7068878371356,27711500
2015-10-08,41.0093879699707,41.06988627548534,40.18833529910161,40.24019240250431,33772700
2015-10-09,40.71552658081055,41.08716081193587,40.551314113112234,41.00937682642337,28600600
2015-10-12,40.620460510253906,40.680958804707885,40.18832795163418,40.60317481227994,19769100
2015-10-13,40.5253791809082,40.73280420011323,40.24017348852373,40.24017348852373,19987800
2015-10-14,40.34389877319336,40.70688856544016,40.214257677728064,40.317971872864305,24697800
2015-10-15,40.62909698486328,40.6463826808266,40.21425017247195,40.62909698486328,27189400
2015-10-16,41.061241149902344,41.087171349663215,40.534042109449494,40.63775301776198,26450300
2015-10-19,41.15629577636719,41.38100650843786,40.63773812789646,40.98344212790724,29387600
2015-10-20,41.285945892333984,41.320517288990466,40.63774704111923,41.000736815282764,30802200
2015-10-21,40.79330825805664,41.47607839259778,40.71552427694551,41.415576810036406,25144300
2015-10-22,41.51065444946289,42.3057801085597,40.69824638850109,41.07852187081961,56637100
2015-10-23,45.693702697753906,46.7308216538083,45.15785916760807,45.20107177058736,135227100
2015-10-26,46.886375427246094,46.94687371243173,45.37391170378654,45.39983859832059,64633300
2015-10-27,46.40239334106445,46.99009388939551,46.307326946786915,46.66167551590624,50999900
2015-10-28,46.65303421020508,46.65303421020508,45.68505812780943,46.27275871634858,47000800
2015-10-29,46.1171760559082,46.52338161800958,45.9961794961952,46.2727440032275,30202100
2015-10-30,45.49492263793945,46.661682713983645,45.47763693715617,46.082623276929795,46619800
2015-11-02,46.01347351074219,46.11718439540638,45.477626796673086,45.676407365991786,30285000
2015-11-03,46.799964904785156,47.00738671983847,45.71963333539409,45.74556023804818,36596900
2015-11-04,47.01603698730469,47.43088396522135,46.722186632499884,46.82589755275137,37087800
2015-11-05,46.998722076416016,47.2752865564855,46.67030051999275,47.09379173461027,31468500
2015-11-06,47.4654426574707,47.51729975576399,46.63574886623844,46.74810426408553,32851200
2015-11-09,46.80860137939453,47.422228857578574,46.29004359722125,47.145664267498155,32513100
2015-11-10,46.246826171875,46.78267293223129,46.03940438462922,46.730815836964915,55283700
2015-11-11,46.367828369140625,46.843173560228465,46.203615874410445,46.411040968892245,36516300
2015-11-12,46.08260726928711,46.653022009350096,45.97025190167964,46.22088953060816,35361100
2015-11-13,45.66776657104492,46.05668651312226,45.39984321163396,45.86654714212676,36848200
2015-11-16,46.471534729003906,46.575245617660244,45.67640912421278,45.87519299809284,32165200
2015-11-17,46.08870315551758,46.57595179910934,45.984289886920095,46.262718631581805,31551300
2015-11-18,46.85437774658203,46.967490454576954,46.09739984967008,46.11480206006409,29710000
2015-11-19,46.932674407958984,47.55914055043049,46.79346007842437,46.97618158273284,28149200
2015-11-20,47.15019226074219,47.24590272500337,46.34971077625065,47.20239887373859,37147600
2015-11-23,47.15019226074219,47.38511704052934,46.76735372282855,47.20239887373859,28235900
2015-11-24,47.2024040222168,47.36772000270682,46.619445049595555,46.915272598115145,24600000
2015-11-25,46.71515655517578,47.18500620974904,46.71515655517578,47.06319407392599,21005100
2015-11-27,46.923980712890625,47.05449561493802,46.8021685745167,46.81086801905833,9009100
2015-11-30,47.289432525634766,47.82018843205032,46.98490208054367,47.45475189794101,56241400
2015-12-01,48.04640579223633,48.05510523814372,47.24592068432979,47.34163118497287,39952800
2015-12-02,48.03769302368164,48.690260862210984,47.907181447454775,48.13340350439368,47274900
2015-12-03,47.15892028808594,48.524962528276475,46.92399538243667,48.28133817536592,38627800
2015-12-04,48.64676284790039,48.92519156025952,47.07189774682424,47.0892999562382,43963700
2015-12-07,48.559757232666016,48.69897159490242,48.10730972561464,48.54235502249494,30709800
2015-12-08,48.5423469543457,48.81207286933614,47.846275258856686,48.26391827615009,32878000
2015-12-09,47.837581634521484,48.61196175113597,47.428637983177175,48.176916443453024,36373200
2015-12-10,48.08990478515625,48.42923956639611,47.86367938490832,48.194314721122666,31775800
2015-12-11,47.037113189697266,47.94200516354154,46.99360599129522,47.60267025845828,39549500
2015-12-14,47.9767951965332,48.03770127305797,46.70646371597065,47.27202393413744,46768900
2015-12-15,48.02899932861328,48.63806338130475,47.93328883644479,48.429240187561476,39843000
2015-12-16,48.83818435668945,48.942594295162145,47.6461578925255,48.324830790428244,37503300
2015-12-17,48.46405029296875,49.412449242534144,48.316133155225366,49.038309994229195,41280900
2015-12-18,47.0980110168457,48.72507971364048,47.0109999544489,48.524959248826804,84684200
2015-12-21,47.707061767578125,48.15950588833779,47.18500549733497,47.75056562698212,37246300
2015-12-22,48.15951156616211,48.27262426925344,47.41993591170578,47.84628175004566,28322200
2015-12-23,48.568443298339844,48.620649914470974,48.23780803443864,48.464033385208886,27279800
2015-12-24,48.43793869018555,48.69026574296866,48.22911881963759,48.60325801676235,9558500
2015-12-28,48.68156051635742,48.68156051635742,47.837571732037716,48.15950426372531,22458300
2015-12-29,49.2036247253418,49.46465125190879,48.77728217307993,48.97740262075237,27731400
2015-12-30,48.99480438232422,49.4037447198462,48.977402171495065,49.134018749825124,21704500
2015-12-31,48.27261734008789,48.89038075752392,48.22041071866296,48.75986918265904,27334100
2016-01-04,47.680965423583984,47.680965423583984,46.45413777928269,47.263322323304,53778000
2016-01-05,47.89848327636719,48.19431419096109,47.45473856404232,47.79407334154933,34079700
2016-01-06,47.02839660644531,47.33293031012809,46.67165959062945,47.26332146844097,39518900
2016-01-07,45.39262771606445,46.5411504301648,45.30561997852814,45.85377801857769,56564900
2016-01-08,45.53184509277344,46.35842855106603,45.375228510982076,45.56664619606853,48754000
2016-01-11,45.505733489990234,45.98428261172024,44.77485732110247,45.68845170242919,36943800
2016-01-12,45.923362731933594,46.20179134882255,45.29690000349889,45.905960528486666,36095500
2016-01-13,44.93147277832031,47.04579295364553,44.63564187628336,46.81086812092808,66883600
2016-01-14,46.21052932739258,46.48025538855222,44.87058851298187,45.24472787439698,52381900
2016-01-15,44.36592102050781,45.21860940763826,43.800360804561954,44.64434974613685,71820700
2016-01-19,43.99177551269531,44.96627591316328,43.556730276166356,44.79225715472535,43564500
2016-01-20,44.191898345947266,44.70525188596042,42.72144324161992,43.48712382924489,63273000
2016-01-21,43.92216110229492,44.879262492558375,43.76554457150874,44.37460848910706,40191200
2016-01-22,45.49704360961914,45.53184803429514,44.600847929441656,44.731362862410336,37555800
2016-01-25,45.061988830566406,45.810267208880234,44.94017668881893,45.19250041709644,34707700
2016-01-26,45.39262771606445,45.6275525903714,44.85317244124799,45.06199565812053,28900800
2016-01-27,44.56603240966797,45.41872062364464,44.392013661704425,45.25340131947007,36775200
2016-01-28,45.29692077636719,45.4274323833745,44.59214614965087,45.122901981224985,62513800
2016-01-29,47.933284759521484,47.933284759521484,46.984886001902986,47.62005165511438,83611700
2016-02-01,47.60264587402344,47.93328116153844,47.4199276832118,47.750562970726804,44208500
2016-02-02,46.11479949951172,47.211112140402754,45.810269132356446,47.13280385754396,56313800
2016-02-03,45.38392639160156,46.454137450839646,44.600843509655505,46.332325295677435,57559800
2016-02-04,45.24470520019531,45.94947968762426,44.69654726552835,45.33171292100451,46987100
2016-02-05,43.64373016357422,45.24469647945878,43.12167730107908,45.1924898655568,62009000
2016-02-08,42.991180419921875,43.13039479613107,41.92966872686891,43.11299258421335,59290500
2016-02-09,42.8780632019043,43.713352690627104,42.34730741108145,42.651841108981415,46740500
2016-02-10,43.252197265625,43.84385906167872,43.08688126816038,43.408813818646976,38237000
2016-02-11,43.23478698730469,43.6002266491861,42.20808013986664,42.35599722083543,48878600
2016-02-12,43.939579010009766,44.09619559676416,43.28701100491061,43.72205634164338,34243300
2016-02-16,44.772090911865234,44.772090911865234,43.93080756567327,44.60558796094063,37291200
2016-02-17,45.9376335144043,46.244353801213954,45.08758798019026,45.12264230033376,40789000
2016-02-18,45.73606491088867,46.40208345753914,45.65719438149488,45.85875500113924,27176000
2016-02-19,45.41181945800781,45.814933998685966,45.157680722073,45.54327145051562,33559100
2016-02-22,46.13919448852539,46.44591143439714,45.81494703950214,45.81494703950214,25008300
2016-02-23,44.85095977783203,45.893800344927584,44.67569158477526,45.86751128600602,28895300
2016-02-24,45.00870895385742,45.13139570828737,43.992157261913555,44.42156090241838,33014500
2016-02-25,45.65720748901367,45.65720748901367,44.35146576892314,45.33296337195929,26939500
2016-02-26,44.956119537353516,46.16546639705181,44.780851343591586,46.095357782361944,35975900
2016-02-29,44.588077545166016,45.262858193747704,44.39528211901007,44.99995412427538,31654000
2016-03-01,46.077842712402344,46.0866046194193,44.623118768297964,44.66693833227286,33024500
2016-03-02,46.402076721191406,46.41083862631288,45.70976921290203,45.92885361352809,29289900
2016-03-03,45.876285552978516,46.41961743215496,45.37677324109577,46.41961743215496,24427800
2016-03-04,45.59585189819336,45.96391549020586,45.3154240866425,45.92009927145664,33034200
2016-03-07,44.719505310058594,45.39428564287099,44.32515607631746,45.183966497270724,38407800
2016-03-08,45.26285171508789,45.683493485885656,44.34269428956892,44.5179625298089,33835100
2016-03-09,46.30567932128906,46.31444122646187,45.44686886695974,45.473157925440816,28251600
2016-03-10,45.613372802734375,46.393312755650555,44.833432849818195,46.384550850286864,38387800
2016-03-11,46.50723648071289,46.50723648071289,45.90256473606897,46.4458931157329,32275700
2016-03-14,46.594879150390625,46.962942764170855,46.12165927976376,46.191764565315985,24083600
2016-03-15,46.96294403076172,46.96294403076172,46.21805821899234,46.226820126311395,21104800
2016-03-16,47.628963470458984,47.84804794519516,46.79644514083255,46.840261367187026,31691700
2016-03-17,47.9006233215332,48.19857830294266,47.32224051561643,47.50627064864373,28223900
2016-03-18,46.87531280517578,48.172292414764634,46.840258489060616,48.12847284813889,67625500
2016-03-21,47.19955825805664,47.26090164157801,46.38456377074284,46.664991621972995,23925700
2016-03-22,47.38357162475586,47.541312653069404,46.849005178022466,46.980457149271245,23124100
2016-03-23,47.295955657958984,47.532567282735464,47.09439835010428,47.41864242422153,20129000
2016-03-24,47.50625991821289,47.611422835872084,47.08561827646393,47.182015946170225,19950000
2016-03-28,46.91912078857422,47.576374056966024,46.735090675735634,47.50626543704866,17025100
2016-03-29,47.944427490234375,48.075879462474795,46.84024362667239,47.024273713438966,23924300
2016-03-30,48.24238586425781,48.759425199690796,48.11093722553179,48.137226284684445,23008300
2016-03-31,48.40013885498047,48.71562101455515,48.07589478784586,48.15476532773953,26360500
2016-04-01,48.69808578491211,48.73314009526884,47.82174808377212,48.24238977916375,24399200
2016-04-04,48.57541275024414,48.776970077232896,48.19858716497179,48.57541275024414,18928800
2016-04-05,47.8129768371582,48.46146473725711,47.72534107838647,48.365067074089396,19272300
2016-04-06,48.30373764038086,48.37384626761054,47.506270391941676,47.63772239651565,21188700
2016-04-07,47.725341796875,48.119694359878686,47.52378456310922,48.08464005584226,19225100
2016-04-08,47.690303802490234,48.44395488220301,47.602671355392104,47.90938826319913,22167200
2016-04-11,47.593894958496094,48.33001865609279,47.58512971067661,47.751635989621285,21414200
2016-04-12,47.89185333251953,48.00577481871338,47.11191002533019,47.64647652026195,24944300
2016-04-13,48.50528335571289,48.58415387104586,48.102168874216616,48.30372611496475,20818000
2016-04-14,48.514060974121094,48.70685635919875,48.25992221069388,48.391374217422,20877100
2016-04-15,48.768192291259766,49.004800518501845,48.29496915084984,48.461472103380935,28793800
2016-04-18,49.478023529052734,49.59194836099231,48.38260145299526,48.62797827124689,23786000
2016-04-19,49.41667938232422,49.749688624233144,48.794480455229184,49.62700188852007,29596800
2016-04-20,48.71561813354492,49.51308539287985,48.62798569127385,49.329055258332566,36195700
2016-04-21,48.88212203979492,49.27647472343413,48.56663989288356,48.899649197174824,38909100
2016-04-22,45.376766204833984,45.94638706168857,44.49166657594386,45.49069104479752,126834100
2016-04-25,45.66595458984375,45.68348174365903,45.245312927165365,45.3767615663358,33226900
2016-04-26,45.07880401611328,45.876271082041306,44.77208719958811,45.79740056594018,33532600
2016-04-27,44.6406364440918,45.131386706895476,44.298865312641766,45.11385955362077,43369300
2016-04-28,43.7292594909668,44.491672474652226,43.43130449207219,44.36022046165383,43134800
2016-04-29,43.70295715332031,44.03596639241693,43.24726117954673,43.24726117954673,48411700
2016-05-02,44.351463317871094,44.4741500935999,43.624101228959,43.81689664394079,33114500
2016-05-03,43.62408447265625,44.17617809433695,43.46634343789034,44.11483473003494,26460200
2016-05-04,43.70295715332031,43.86946344435002,43.34365885478229,43.6766680938789,24257600
2016-05-05,43.7642936706543,44.079775706423,43.580263597443306,43.7029503129173,25390700
2016-05-06,44.158668518066406,44.158668518066406,43.51894221930847,43.746788614126984,24787300
2016-05-09,43.87823486328125,44.33393093585636,43.81689148264263,44.246298490076484,17951600
2016-05-10,44.71076202392578,44.78086732066532,43.98339993033996,44.106090049821034,22891000
2016-05-11,44.73704147338867,45.37676762979717,44.69322525447693,44.80715009801804,24039100
2016-05-12,45.14015197753906,45.403055953298114,44.623112617756064,44.86848943893366,24102800
2016-05-13,44.76333999633789,45.48193678217422,44.72828567923278,45.07881882139283,22592300
2016-05-16,45.42059326171875,45.53451477752122,44.47414676051769,44.517962985285074,20032000
2016-05-17,44.57341384887695,45.650024839049024,44.44104579742063,45.64120164882327,27803500
2016-05-18,44.83816146850586,45.1293739058568,44.38810129303802,44.54694566480956,24907500
2016-05-19,44.40574264526367,44.670482092709584,43.964509110738916,44.53811405215898,23842400
2016-05-20,44.67048645019531,45.199968763081415,44.47634596518094,44.546941587092064,23905800
2016-05-23,44.149837493896484,44.723442579615856,44.1057148026132,44.65284358048615,26118700
2016-05-24,45.52648162841797,45.63237674669134,44.47634690353967,44.74108638239566,34757900
2016-05-25,45.99417495727539,46.32069014165226,45.70296262398787,45.817680899893546,24040200
2016-05-26,45.791221618652344,45.87064379983061,45.3235150885721,45.826521113919384,24335200
2016-05-27,46.17068862915039,46.17068862915039,45.6853322899166,45.81770036442823,17721400
2016-05-31,46.7707633972168,46.7707633972168,45.95889515786559,46.11773616293163,37653100
2016-06-01,46.63837432861328,46.72662303843893,46.27656303418829,46.27656303418829,25324800
2016-06-02,46.31187057495117,46.54131389406983,45.74709219918934,46.453065168891634,22840800
2016-06-03,45.70297622680664,46.25892812846576,45.53530530753424,46.22363199955934,23368300
2016-06-06,46.00300979614258,46.197150264514896,45.79121621587442,45.8794649436298,18243300
2016-06-07,45.97653579711914,46.53249102761326,45.97653579711914,46.100084022163884,20866800
2016-06-08,45.92359161376953,46.27657645642097,45.77357044672526,45.905941866685204,21149400
2016-06-09,45.55295181274414,45.88829026107473,45.438233510859796,45.88829026107473,20305700
2016-06-10,45.429405212402344,45.93241118243678,45.04112090619788,45.04994409587183,25833200
2016-06-13,44.24691390991211,44.75874660633544,43.293850889681835,43.7527343314023,83217800
2016-06-14,43.97333526611328,44.211598410203415,43.74389194509693,44.035107691076604,42577100
2016-06-15,43.849796295166016,44.22925748071498,43.849796295166016,43.929218482056385,33757600
2016-06-16,44.46753692626953,44.53813594233787,43.690964581249624,43.699791141431355,31188600
2016-06-17,44.238075256347656,44.50281470464526,43.96450925217811,44.48516495924613,45710500
2016-06-20,44.18513488769531,44.85581188208226,44.14983538981276,44.68814095031282,35607900
2016-06-21,45.173492431640625,45.385286029934335,44.26455233964207,44.299851833748534,34097800
2016-06-22,44.997005462646484,45.411762770928874,44.96170596558342,45.07642764786572,28816800
2016-06-23,45.808876037597656,45.94124747517492,45.138202390858424,45.25292071265685,29028800
2016-06-24,43.97333526611328,44.95287087610795,43.699769265315226,43.95568552093166,133503000
2016-06-27,42.737876892089844,43.373254206536735,42.39371530221259,43.32912816365447,50216300
2016-06-28,43.62917709350586,43.65565339858261,42.949676946519546,43.17029374620295,38140700
2016-06-29,44.59989547729492,44.758739851083895,43.946868233235215,44.04394016903352,31304000
2016-06-30,45.15584182739258,45.27056349788828,44.56459046088582,44.758734308440864,28527800
2016-07-01,45.14702224731445,45.64120509590519,45.067600063904244,45.1205493082928,21400400
2016-07-05,45.15584182739258,45.2529137511701,44.77638405515905,44.855806232218384,24806400
2016-07-06,45.34116744995117,45.48236207281351,44.467523406628025,44.81168508945839,28167500
2016-07-07,45.34116744995117,45.5441345099192,45.067601395379306,45.376463580907746,19585200
2016-07-08,46.15302276611328,46.20597199723939,45.49117252558677,45.65001685262068,28391000
2016-07-11,46.40895080566406,46.62074441769915,46.30305568281915,46.32952862194406,22269200
2016-07-12,46.95606994628906,47.1237408367635,46.585435408840546,46.71780344378163,27317600
2016-07-13,47.22081756591797,47.52968310032959,46.9296051455046,47.26494361822331,25356800
2016-07-14,47.42378234863281,47.64439911857811,47.282587750521614,47.51202771007303,24545500
2016-07-15,47.388484954833984,47.6532244172162,46.956074585411926,47.609101734543316,32024400
2016-07-18,47.617923736572266,47.953262175941035,47.2561123615292,47.38848377259037,31433900
2016-07-19,46.850189208984375,47.56498893565892,46.70899457528459,47.397317993777826,53336500
2016-07-20,49.338741302490234,50.1594360725409,49.00340282197555,49.550534912906144,89893300
2016-07-21,49.24166488647461,49.62112601941464,49.20636539356276,49.40050923823299,32776700
2016-07-22,49.92115783691406,49.97410706870921,49.22400810016136,49.48875089279263,32157200
2016-07-25,50.0623664855957,50.07119304321335,49.64760580254653,49.83292648271779,25610600
2016-07-26,50.08885192871094,50.55656197517748,49.868235062035886,49.87706162185678,28079000
2016-07-27,49.5858268737793,50.12413236224775,49.51523125380611,49.9564648192596,32327500
2016-07-28,49.60348129272461,49.74467591231566,49.17107424300307,49.41816398570109,37550400
2016-07-29,50.01824188232422,50.088837508836704,49.46228659577788,49.64760390251157,30558700
2016-08-01,49.929988861083984,50.080006648414376,49.5417011925211,49.94763524025071,26003400
2016-08-02,49.929988861083984,50.21237805657804,49.691722346196244,50.16825200962698,35122000
2016-08-03,50.27415084838867,50.397695701522885,49.85056705206645,50.018234586127925,22075600
2016-08-04,50.64480209350586,50.759523794789374,50.00942450651516,50.12414620779868,26587700
2016-08-05,51.147796630859375,51.368413424504915,50.697739853014326,50.87423396119978,29335200
2016-08-08,51.236045837402344,51.26251877565184,50.9889527371415,51.236045837402344,19473500
2016-08-09,51.35958480834961,51.62432425948829,51.20074046439745,51.33310850679441,16920700
2016-08-10,51.20075225830078,51.465491770421224,51.02425812810531,51.324297139533954,15756900
2016-08-11,51.44783401489258,51.580205433527055,51.20956748115753,51.20956748115753,18162300
2016-08-12,51.13014221191406,51.350758985403004,50.847753011155795,51.209564385023874,21655200
2016-08-15,51.28899383544922,51.624332321309616,51.1477992150362,51.191921902725525,19283900
2016-08-16,51.004825592041016,51.164659930333215,50.85387282105697,51.15578175035051,20523500
2016-08-17,51.111392974853516,51.217948089825605,50.81836217452271,51.093633224470494,18856400
2016-08-18,51.14692687988281,51.235725662686804,50.85389936494768,50.98709245816285,14214300
2016-08-19,51.1646728515625,51.262349792666974,50.79172822624681,50.995960290680586,17271000
2016-08-22,51.20907211303711,51.28011112232671,50.84500565874395,51.14691467357192,15221900
2016-08-23,51.404422760009766,51.66193407145786,51.368903257604615,51.41330432927415,18732400
2016-08-24,51.457706451416016,51.53762364505671,51.25347437596234,51.32450999957269,18151500
2016-08-25,51.653076171875,51.75963472792022,51.306769333047384,51.39556812975174,18552600
2016-08-26,51.52874755859375,52.12368748285914,51.226838504636724,51.75073941040548,20971200
2016-08-29,51.59089660644531,52.03488023778245,51.59089660644531,51.661935613375874,16417200
2016-08-30,51.404422760009766,51.67081225339605,51.15579301782606,51.484339946758276,16930200
2016-08-31,51.02260971069336,51.32451878419622,50.8805350518289,51.19132569688226,20860300
2016-09-01,51.138038635253906,51.34227071453518,50.623015958289045,50.623015958289045,26075400
2016-09-02,51.20907211303711,51.67081551144026,50.98708028999674,51.20907211303711,18900500
2016-09-06,51.155792236328125,51.32450478918594,50.8006039923551,51.30674503825467,16278400
2016-09-07,51.200191497802734,51.36002587378351,50.97819968531012,51.031478939745796,17493400
2016-09-08,50.99595642089844,51.315625153954855,50.773964621534375,51.173550537854894,20146100
2016-09-09,49.91263961791992,51.07587796534976,49.91263961791992,50.427662262336995,35113900
2016-09-12,50.658531188964844,50.80060581418395,49.379859561992845,49.726166249256536,29303000
2016-09-13,50.19677734375,50.303335830940746,49.77055355696366,50.17013941561509,30130200
2016-09-14,49.95703887939453,50.28558921974189,49.752806806580104,50.072475577011886,24062500
2016-09-15,50.78285598754883,50.92493064053482,49.70841621263435,49.859372436803355,26847000
2016-09-16,50.836124420166016,51.173552919353824,50.39214080077592,51.173552919353824,44607000
2016-09-19,50.55196762084961,51.28010037685966,50.48092862644585,50.853876572414194,20937100
2016-09-20,50.445430755615234,50.92493059190575,50.39215149054877,50.92493059190575,17384000
2016-09-21,51.28899002075195,51.368907213655085,50.68517536999396,51.06699819461286,33707300
2016-09-22,51.3422737121582,51.502108111767065,51.17356112916073,51.43106909535124,19822200
2016-09-23,50.99595642089844,51.42218026919831,50.95155873849083,51.38666076834181,19955300
2016-09-26,50.52534484863281,50.73845512112333,50.46318740354585,50.685179246664056,21688700
2016-09-27,51.457706451416016,51.55538339779092,50.3299875577424,50.55197938593028,28065100
2016-09-28,51.52874755859375,51.555388884193405,51.209078750012566,51.39555447990281,20536400
2016-09-29,50.96931838989258,51.65305014975858,50.80060245481502,51.33338480464927,25463500
2016-09-30,51.14692687988281,51.29788311698599,50.91605681924686,51.12028893870522,29910800
2016-10-03,50.98709487915039,51.10253160861318,50.66742940785919,50.978216694112035,19189500
2016-10-04,50.827239990234375,51.1469053115462,50.58748845875617,50.85387792017892,20085900
2016-10-05,51.18242263793945,51.46657183637692,50.844994194547844,50.87163551068773,16726400
2016-10-06,51.27122116088867,51.37777626301692,50.86275372596675,51.27122116088867,16212600
2016-10-07,51.32450866699219,51.48434305012367,50.98708014845613,51.368906354011735,20089000
2016-10-10,51.53763198852539,51.848419243371424,51.38667575950944,51.42219527072813,18196500
2016-10-11,50.78285598754883,51.51987057870091,50.516466436615964,51.404433864610134,26497400
2016-10-12,50.71181106567383,50.85388569263555,50.08135512023907,50.71181106567383,22177500
2016-10-13,50.543094635009766,50.88052314107096,50.010315635819474,50.34774414188067,25313700
2016-10-14,50.98709487915039,51.271247610288185,50.720705292744036,50.720705292744036,27402500
2016-10-17,50.80949020385742,51.02260045985184,50.49869961515311,50.93380508440857,23830000
2016-10-18,51.200191497802734,51.45770281325246,50.97819968531012,51.08475480685523,19149500
2016-10-19,51.08475875854492,51.36002984676695,50.969325445994244,51.031482887314304,22878400
2016-10-20,50.836124420166016,51.075875981115814,50.31222361379265,51.058116229861064,49455600
2016-10-21,52.97612380981445,53.67761872127746,52.825171009470466,53.52666253360737,80032200
2016-10-24,54.16600036621094,54.16600036621094,53.21587571274054,53.224753894508225,54067000
2016-10-25,54.157127380371094,54.49455251713436,53.98841142466302,54.0328091124133,35137200
2016-10-26,53.83745574951172,54.34359681510164,53.69538112386062,53.99729012678499,29911600
2016-10-27,53.36684036254883,54.01505955726936,53.35796217881001,53.81970564174663,28479900
2016-10-28,53.162601470947266,53.73978157270612,52.905093527499666,53.286916351368816,33574700
2016-10-31,53.20699691772461,53.650980550431896,53.20699691772461,53.42011055184768,26434700
2016-11-01,53.100433349609375,53.29578720087731,52.61205210876531,53.25138952213253,24533000
2016-11-02,52.77189254760742,53.2158761609056,52.656455859698575,53.11819922400782,22147000
2016-11-03,52.57655715942383,52.95838347209426,52.487761760474704,52.86070650085382,21600400
2016-11-04,52.1325569152832,52.638697981464496,51.96384435566486,52.07928104768071,28697000
2016-11-07,53.65098190307617,53.7397806642522,53.08268338085516,53.08268338085516,31664800
2016-11-08,53.69538116455078,53.97064884658735,53.41123191303326,53.76641678376703,22935400
2016-11-09,53.42898941040039,53.80193742800509,52.56766345542718,53.27803659928572,49632500
2016-11-10,52.12367630004883,53.713138430970034,51.17355164912411,53.70425686190002,57822400
2016-11-11,52.4078254699707,52.4966208365982,51.51097668533297,51.70633055670478,38767800
2016-11-14,51.60865020751953,52.46110125246071,50.86275766027468,52.407822003612544,41328400
2016-11-15,52.62777328491211,53.182034616238035,52.13609270600828,52.145034275015455,35904100
2016-11-16,53.3250732421875,53.33401140169158,52.57414166608746,52.690354790688794,27332500
2016-11-17,54.2100944519043,54.48722512300378,53.61113890463019,54.00448269342768,32132700
2016-11-18,53.95085525512695,54.657089325096486,53.90615763011082,54.33526096864403,27686300
2016-11-21,54.40676498413086,54.50510177833869,54.013417807299554,54.08493671589043,19652600
2016-11-22,54.63919448852539,54.764349168056725,54.36206724390864,54.51403980899405,23206700
2016-11-23,53.99555206298828,54.62132558464208,53.86145578822823,54.54086850182803,21848900
2016-11-25,54.111759185791016,54.111759185791016,53.75417484317029,53.90614742148695,8409600
2016-11-28,54.18328094482422,54.549806876121956,53.82569317322216,53.941909710524286,20732600
2016-11-29,54.61237335205078,54.89844214829619,54.10281309560059,54.21902960976561,22366700
2016-11-30,53.87038803100586,54.6928384994522,53.8346319838461,54.40676966091684,34655400
2016-12-01,52.922794342041016,53.772062827748556,52.69036124395176,53.73630336493328,34542100
2016-12-02,52.967491149902344,53.16416478214809,52.565205724949685,52.81551855059246,25515700
2016-12-05,53.834632873535156,54.16539933414374,53.244615458028946,53.369770150680324,23552700
2016-12-06,53.59325408935547,54.04917517831683,53.45915784602083,54.022357293733556,19907000
2016-12-07,54.86268997192383,54.87163154123489,53.45916368852341,53.64689572154167,30809000
2016-12-08,54.540855407714844,55.05041908334157,54.38888284900146,54.800106324564965,21220800
2016-12-09,55.39906692504883,55.416946651954675,54.64813544604926,54.692833058209274,27349400
2016-12-12,55.577877044677734,55.69409360559432,55.17559498264645,55.26499023860664,20198100
2016-12-13,56.30197525024414,56.695319041466256,55.64044235545196,55.87287200249015,35718900
2016-12-14,56.03379821777344,56.72215255835822,55.899701931995935,56.319867111235915,30352700
2016-12-15,55.944400787353516,56.453961197115134,55.694087957670384,56.0516757656691,27669900
2016-12-16,55.69407653808594,56.275155754386105,55.53316239850156,56.275155754386105,42453100
2016-12-19,56.87412643432617,57.00822272309399,55.80136635481442,55.92652448242919,34338200
2016-12-20,56.80260467529297,57.03503435205555,56.34668007172918,56.936697539121795,26028400
2016-12-21,56.80260467529297,56.945639109503,56.42713715411045,56.70426786235921,17096300
2016-12-22,56.81153869628906,57.30321931492505,56.68638400175004,57.07078965509683,22176600
2016-12-23,56.53440856933594,56.80259767414814,56.141061366082525,56.72214060168353,12403800
2016-12-27,56.57017517089844,57.276409226502956,56.50759781510666,56.50759781510666,11763200
2016-12-28,56.310909271240234,56.67743512603693,56.167874874495396,56.67743512603693,14653300
2016-12-29,56.2304573059082,56.4986463978337,56.07848132735118,56.19469785092898,10250600
2016-12-30,55.551048278808594,56.31092144660769,55.452711470370254,56.28410014690012,25579900
2017-01-03,55.944400787353516,56.17683047540563,55.54211535590748,56.13213285195831,20694100
2017-01-04,55.69407653808594,56.09636188704687,55.53316239850156,55.85499067767031,21340000
2017-01-05,55.69407653808594,56.015904817254686,55.45270532870937,55.59573974053889,24876000
2017-01-06,56.17681121826172,56.453941844972164,55.46163925763191,55.69406886600826,19922900
2017-01-09,55.99803924560547,56.39138653523046,55.90864399444174,56.105314229044,20382700
2017-01-10,55.98014450073242,56.38242984350593,55.676195953993464,56.07848129676698,18593000
2017-01-11,56.48970031738281,56.52545976950607,55.810287778086156,55.971201902431766,21517300
2017-01-12,55.97121047973633,56.67744442145673,55.38119307012158,56.37349585224855,20968200
2017-01-13,56.051666259765625,56.20363883575523,55.738776128277834,55.98014734621087,19422300
2017-01-17,55.89970016479492,56.05167617788557,55.45271710661435,56.033796446333135,20664000
2017-01-18,55.872867584228516,56.05166144253988,55.53315959445783,56.0248401471572,19670100
2017-01-19,55.69407653808594,56.30197364091371,55.604681309521006,55.640440765030725,18451700
2017-01-20,56.087425231933594,56.15894073466094,55.75665537491505,56.02484447800915,30213500
2017-01-23,56.284088134765625,56.42712253191054,55.93544200486295,56.051658518233516,23097600
2017-01-24,56.78472137451172,56.981394988013754,56.26621945171897,56.498652524077684,24672900
2017-01-25,56.92775344848633,57.303217520344866,56.72214168386719,57.169124670485196,23672700
2017-01-26,57.455196380615234,57.69657103921376,56.811543128455575,57.32110692630478,43554600
2017-01-27,58.80508041381836,58.92130035498358,58.00945124617238,58.45643423116087,44818000
2017-01-30,58.2240104675293,58.81403137574064,57.9290068338438,58.724636128550486,31651400
2017-01-31,57.79490280151367,58.24188579793617,57.446256609937656,57.98263484156081,25270500
2017-02-01,56.83836364746094,57.768089166933365,56.7400268353731,57.53565608196032,39671500
2017-02-02,56.47183609008789,56.68638945150283,56.09637197037423,56.54335501396287,45827000
2017-02-03,56.92775344848633,56.94563317717619,56.38243365917883,56.76683930048708,30301800
2017-02-06,56.89198303222656,56.900924599953896,56.44500013170912,56.76682836571511,19796400
2017-02-07,56.70425796508789,57.01714466961988,56.5254641009799,56.98138862496573,20277200
2017-02-08,56.62380599975586,57.04397110674402,56.51653103570704,56.82941776843676,18096400
2017-02-09,57.26744842529297,57.60715980302007,56.60591562614656,56.784709472746044,22644400
2017-02-10,57.213829040527344,57.48202159232278,57.195949309726984,57.437320560216904,18170700
2017-02-13,57.85747146606445,57.98262614064842,57.3300280628164,57.42836485290641,22920100
2017-02-14,58.073333740234375,58.20824296611452,57.57866886592992,57.92943559792561,23108400
2017-02-15,58.0373649597168,58.073341215366874,57.70459660304958,58.010384483421525,17005200
2017-02-16,58.028358459472656,58.67591721799762,57.95641282323379,58.22622439810727,20546300
2017-02-17,58.11830520629883,58.18126192953043,57.830502062701775,57.98339598172591,21248800
2017-02-21,58.00138473510742,58.415101354119514,57.96540848191915,58.109313494672236,20655900
2017-02-22,57.88446044921875,57.911440920587104,57.605653096055235,57.857479977850396,19292700
2017-02-23,58.11830520629883,58.21723818020108,57.73156908879952,57.93842395294554,20273100
2017-02-24,58.11830520629883,58.28019490343268,57.686597060019146,58.0373569268478,21796800
2017-02-27,57.76753616333008,58.04634348452999,57.60564649191174,58.04634348452999,15871500
2017-02-28,57.542694091796875,57.740556603915635,57.3448281487941,57.63263471629087,23239800
2017-03-01,58.40609359741211,58.451058753066775,57.57865376452203,57.67758671343534,26937500
2017-03-02,57.569679260253906,58.235222741721344,57.452758161283214,58.18126179672264,24539600
2017-03-03,57.7855224609375,57.81250292996256,57.21890859522563,57.55168372399177,18135900
2017-03-06,57.803524017333984,58.06434673028401,57.389810791674584,57.533712386597934,18750300
2017-03-07,57.920440673828125,58.26220477089834,57.73157049951813,57.73157049951813,18521000
2017-03-08,58.45106887817383,58.532017151200726,57.785525448005366,57.79452122540117,21510900
2017-03-09,58.21723175048828,58.63993721020499,57.992385354955644,58.630948294856246,19846800
2017-03-10,58.397117614746094,58.693916562083324,58.235227903632044,58.55900732586015,19538200
2017-03-13,58.19924545288086,58.630953590473595,58.073332008951326,58.469063896597326,20100000
2017-03-14,57.929439544677734,58.055353000939526,57.69559732800495,58.037361443319995,14280200
2017-03-15,58.23522186279297,58.388115779160515,57.78552902987565,58.055347474333274,24833800
2017-03-16,58.13629150390625,58.244220258894444,57.83050365742562,58.235224480536665,20674300
2017-03-17,58.343170166015625,58.675938582366626,58.172284636470806,58.37914642811823,49219700
2017-03-20,58.397117614746094,58.62196405452846,58.20824742874117,58.379132918741774,14598100
2017-03-21,57.74955749511719,58.90976592218777,57.67760498915111,58.63095853878003,26640500
2017-03-22,58.48704528808594,58.58597825441097,57.66860794875885,57.66860794875885,20680000
2017-03-23,58.343170166015625,58.675938582366626,58.253226079873905,58.4061269092526,19269200
2017-03-24,58.44209289550781,58.86479846190602,58.24422691961932,58.78385703273482,22617100
2017-03-27,58.54999923706055,58.65792797570124,57.875460059532735,58.12728692126034,18614700
2017-03-28,58.72088623046875,58.88277591178996,58.145279999497205,58.42408733775193,20080400
2017-03-29,58.88278579711914,58.90976627157428,58.4151013673345,58.56800215886141,13618400
2017-03-30,59.09862518310547,59.341463130424465,58.78384160488398,58.8378025435027,15122800
2017-03-31,59.233558654785156,59.53035766229825,58.86480712512885,59.04468843048687,21040300
2017-04-03,58.954734802246094,59.30549467286894,58.63095540447604,59.18857014148247,20400900
2017-04-04,59.11661911010742,59.188564743897835,58.71189146891906,58.81082443486949,12997400
2017-04-05,58.96372985839844,59.67424545183497,58.85580795574969,59.629280279654324,21448600
2017-04-06,59.11661911010742,59.413411146191045,58.89177270781422,58.999694589383665,18103500
2017-04-07,59.07164001464844,59.32346685719281,58.85578941557709,59.22453390308369,14108500
2017-04-10,58.93674850463867,59.197571201768795,58.783854570318255,59.008701013178474,17952700
2017-04-11,58.89177703857422,59.008694706128175,58.32515967159636,58.99969892807998,18791500
2017-04-12,58.666934967041016,58.918761876906025,58.55900620776944,58.83781359201018,17108500
2017-04-13,58.41511154174805,59.233556005538844,58.41511154174805,58.72090631629479,17896500
2017-04-17,58.89177703857422,58.900765954854265,58.469064673294916,58.49604514567135,16689300
2017-04-18,58.81082534790039,59.0986284728331,58.60397049716913,58.756864406277934,15155600
2017-04-19,58.49604415893555,59.13460715422298,58.3611349375609,59.04466996056256,26992800
2017-04-20,58.90977096557617,59.134617419643256,58.58599152277803,58.87379470951313,22299500
2017-04-21,59.719200134277344,59.98901167427403,58.864779769870346,59.062645682928114,32522600
2017-04-24,60.735504150390625,60.852428661605785,60.348768095425974,60.69053899064925,29770000
2017-04-25,61.086273193359375,61.19420194423227,60.79847005279979,61.06828849909796,30242700
2017-04-26,61.005340576171875,61.437041918397426,60.816470381227056,61.23018702659701,26190800
2017-04-27,61.40105438232422,61.49998735127686,60.78048295916514,61.29313249747978,34971000
2017-04-28,61.57194137573242,62.18352389816427,60.879417437660265,61.9766690392381,39548800
2017-05-01,62.42637252807617,62.55228599286205,61.60792814519877,61.7698178658905,31954400
2017-05-02,62.327423095703125,62.69616761335477,62.174522333001335,62.69616761335477,23906100
2017-05-03,62.12957000732422,62.3993816185222,61.79679480556769,62.3993816185222,28928000
2017-05-04,61.886714935302734,62.12955286632976,61.733821044962404,62.084580845986416,21749400
2017-05-05,62.05762481689453,62.08460529501873,61.598936103474166,61.9676876025573,19128800
2017-05-08,62.003658294677734,62.102591280098515,61.53597384327604,62.030638770379944,18566100
2017-05-09,62.093563079833984,62.309413634517966,61.76978381692531,61.93167344837965,22858400
2017-05-10,62.33640670776367,62.56125308239766,61.98564691227598,62.04860362270283,17977800
2017-05-11,61.57194137573242,61.81477934618943,61.26615354540052,61.482004182209394,28789400
2017-05-12,61.49997329711914,61.70683496541142,61.19418554424896,61.70683496541142,18714100
2017-05-15,61.544952392578125,61.589924414004315,60.77148028406388,61.28412976419383,31530300
2017-05-16,62.78419876098633,62.81133388881503,61.65352242745265,61.71684002608651,34956000
2017-05-17,61.03843688964844,62.50378906515078,60.99320707389302,62.31383626095977,30548800
2017-05-18,61.24647903442383,61.626384652450994,60.73089086678663,60.966073492703934,25201300
2017-05-19,61.22838592529297,61.59924416747775,60.993203319821795,61.05652091732166,26961100
2017-05-22,61.91581726074219,61.961047062833444,61.056506229799375,61.40927660259475,16237600
2017-05-23,62.123870849609375,62.187188438156966,61.8525058123485,62.160053314650796,15425800
2017-05-24,62.20527648925781,62.30477654327732,61.915823668773704,62.29573610280252,14593900
2017-05-25,62.9741325378418,63.20930817539807,62.331909402486886,62.386179641753934,21854100
2017-05-26,63.28167724609375,63.51685980017533,62.88367706243246,63.13695429818903,19827900
2017-05-30,63.6887092590332,63.6887092590332,63.10979690511291,63.12789158238089,17072800
2017-05-31,63.17313766479492,63.98722591327937,63.14600254002875,63.79727313881631,30436400
2017-06-01,63.40829849243164,63.86961615847721,62.820345686859454,63.53493363195827,21603600
2017-06-02,64.90985870361328,65.00031141588404,63.53495263313932,63.71586495878041,34770300
2017-06-05,65.38019561767578,65.93196595394079,64.95506041749482,65.09979023078932,33316800
2017-06-06,65.5973129272461,65.68777255177196,65.37117766813229,65.39831969615031,31511100
2017-06-07,65.47969055175781,65.82341347998158,65.08169049721687,65.70582569163848,22301800
2017-06-08,65.08171081542969,65.59729881927795,64.67467019700699,65.58825837965004,24588300
2017-06-09,63.60732650756836,65.19932069157102,62.04246745095258,65.16313822135498,49187400
2017-06-12,63.11886978149414,63.263599653805926,61.62637575350461,62.63946415638663,47761700
2017-06-13,63.90581130981445,64.05958159534876,63.28167592592961,63.335946167624336,25258600
2017-06-14,63.562103271484375,64.3128740786753,62.802292021629405,64.14101595374217,25510700
2017-06-15,63.22739028930664,63.50779567125334,62.23239699427578,62.65752528587016,26068700
2017-06-16,63.31785583496094,63.344990954714426,62.61231511697572,63.073632856080906,48345100
2017-06-19,64.10482025146484,64.16813784255356,63.63445508814883,63.7701376122246,23798300
2017-06-20,63.2364387512207,64.10479692782577,63.200256297891656,64.05956713589013,21512200
2017-06-21,63.562103271484375,63.878698193358545,63.26360993824208,63.507833011095094,19891100
2017-06-22,63.55305480957031,63.85154810514814,63.05555448177328,63.80632519423048,22965700
2017-06-23,64.412353515625,64.44853597799015,63.24549498347055,63.39926527269812,27617300
2017-06-26,63.797271728515625,64.86463031935581,63.71586635601667,64.58422483483754,19607000
2017-06-27,62.603271484375,63.48067721422823,62.57613636301443,63.41735963068722,25215100
2017-06-28,63.13694763183594,63.173123189168216,62.22335953448385,62.603264996357595,25806200
2017-06-29,61.95199966430664,62.85654049649549,61.59018195121132,62.7570404528668,28918700
2017-06-30,62.35001754760742,62.757058277261436,62.17815253232643,62.21433500402247,24161100
2017-07-03,61.66254425048828,62.956037861527896,61.52686175121307,62.71181488371139,16165500
2017-07-05,62.48569107055664,62.81132636771042,61.7077852941448,61.74396776061742,21176300
2017-07-06,62.02437210083008,62.21432487046891,61.61733143747539,61.75300705786048,21117600
2017-07-07,62.82940673828125,63.1731297775717,62.14195375860131,62.14195375860131,16878300
2017-07-10,63.299774169921875,63.54399717239258,62.59422648268579,62.82940904509782,15014500
2017-07-11,63.3088264465332,63.93296198223787,63.091738525849195,63.3178737893827,17460000
2017-07-12,64.35808563232422,64.47567346349801,63.81536247914615,63.941997651517724,17750900
2017-07-13,64.91889190673828,65.16312179385146,64.50280395579975,64.67466892072392,20269800
2017-07-14,65.83248901367188,66.27571214536154,65.09076571323008,65.34403607419561,25868100
2017-07-17,66.34807586669922,66.43852857952213,65.77821756492523,65.8505824956234,21803900
2017-07-18,66.30282592773438,66.38423126575438,65.72392052038052,66.11286633682741,26435300
2017-07-19,66.80940246582031,66.97222013076863,66.43853732301002,66.48376713592366,22416200
2017-07-20,67.13505554199219,67.20742050134251,66.28478452238173,67.09887306231703,42361000
2017-07-21,66.7460708618164,67.19834129164215,66.18525304443679,66.43852338096336,46717100
2017-07-24,66.57422637939453,66.70990893032051,66.14909094034036,66.5109087757759,21394800
2017-07-25,67.10790252685547,67.21644303585838,66.48376699568665,66.75513207039496,22018700
2017-07-26,66.98124694824219,67.27974015826187,66.7641521941026,67.24355769923861,16252200
2017-07-27,66.17620849609375,67.31592493970422,65.41639063258812,66.71893159796997,36844200
2017-07-28,66.06766510009766,66.31188809528754,65.6153946710727,65.73298249822352,18306700
2017-07-31,65.76013946533203,66.42950489144374,65.49782860232497,66.30286968133642,23600100
2017-08-01,65.65157318115234,66.41138414364436,65.57016092025754,66.12193136253806,22132300
2017-08-02,65.36212921142578,65.63348734842636,64.62040592853153,65.62444690796272,26499200
2017-08-03,65.26261138916016,65.52492901427861,64.99124642494169,65.29879384446247,18214400
2017-08-04,65.74203491210938,66.06767019822298,65.34403469550394,65.4887645564876,22579000
2017-08-07,65.48876953125,65.9410400295306,65.36213434381945,65.8505873100945,18705700
2017-08-08,65.8415298461914,66.1490704252168,64.90080652625045,65.20834710527586,22044600
2017-08-09,65.55207824707031,65.58826071016449,65.17217273623028,65.35307815060195,22213400
2017-08-10,64.59326171875,65.29880243724406,64.53898457810526,65.03648477760677,24734500
2017-08-11,65.57920837402344,65.76011377461576,64.47566748755374,64.77416760951988,21443700
2017-08-14,66.5651626586914,66.68275739440935,65.98625702486308,66.0857570776554,20096600
2017-08-15,66.58334350585938,66.91980228177401,66.41965842048833,66.91980228177401,19181400
2017-08-16,66.974365234375,67.38357445829249,66.53786938271232,66.69245891727081,18150400
2017-08-17,65.83768463134766,67.17444533212961,65.83768463134766,66.91073002250401,22977500
2017-08-18,65.91952514648438,66.23779985880283,65.41028560677485,65.71946477363609,18761500
2017-08-21,65.61032104492188,65.91041149014721,65.20110490928757,65.9013159481467,17734800
2017-08-22,66.52880096435547,66.6015445134828,65.79221442479414,65.79221442479414,14343700
2017-08-23,66.12867736816406,66.5197025465449,65.95589670347753,66.34692188185839,13766500
2017-08-24,66.10136413574219,66.25595363210273,65.53755857871232,66.14682796168468,17098300
2017-08-25,66.21961212158203,66.70157193670197,65.91043297145528,66.25598736357365,12794300
2017-08-28,66.22869873046875,66.4651273647115,65.97407900875065,66.43784767136559,14569700
2017-08-29,66.42874908447266,66.5287792369561,65.51938910761672,65.70125832784149,11478400
2017-08-30,67.30176544189453,67.48363474754478,66.2287198876717,66.39240503790465,16897800
2017-08-31,67.99285125732422,68.16563189550901,67.11077779289377,67.31992672955931,27652800
2017-09-01,67.23809814453125,67.9655821714173,66.96528729828147,67.93830247436591,21736200
2017-09-05,66.93798828125,67.1926079640639,66.36509399491874,66.69245720291802,21556000
2017-09-06,66.74706268310547,67.32905285326851,66.70159188255177,67.05624192568642,16535800
2017-09-07,67.60183715820312,67.83827276406929,66.92891252074968,67.00166300530357,17471200
2017-09-08,67.27445983886719,67.69276463110901,67.14714304848638,67.59273447015264,14703800
2017-09-11,67.98377990722656,68.14746504340413,67.5745635978483,67.5745635978483,17910400
2017-09-12,67.91099548339844,68.42023479133854,67.62909614334092,67.98374593820851,14394900
2017-09-13,68.39295959472656,68.4111506785558,67.79278564780964,68.13833992404268,13380800
2017-09-14,67.99285125732422,68.64759163584876,67.76551123355136,68.2020071318567,15733900
2017-09-15,68.48389434814453,68.5566448078872,67.35628997359589,68.04740546541989,38578400
2017-09-18,68.3475112915039,69.0840907830505,68.23838557732886,68.4111662236392,23307000
2017-09-19,68.60214233398438,68.84766655903628,68.21111713270291,68.39298641512147,16093300
2017-09-20,68.14745330810547,68.70216356641313,67.57455196120584,68.52028736983091,21587900
2017-09-21,67.48362731933594,68.42026732228649,67.39269267652037,68.30205298041311,19186100
2017-09-22,67.66551208496094,67.75644673925613,67.15626553274289,67.28357543633005,14111400
2017-09-25,66.61973571777344,67.52000044780775,66.31054961644885,67.37449947356833,24149200
2017-09-26,66.61973571777344,67.1198797065177,66.37420455821152,66.99256982299237,18019600
2017-09-27,67.15624237060547,67.4472373267078,66.53787722165461,66.8834385018097,19565100
2017-09-28,67.1744384765625,67.26537310628821,66.66519206193698,66.87434795438688,10883800
2017-09-29,67.73825073242188,67.78372152520605,67.18354036222568,67.23810670114048,17079100
2017-10-02,67.84738159179688,68.21112714790992,67.56548208129725,67.93831624635779,15304800
2017-10-03,67.52910614013672,68.09290515536048,67.46545118880921,67.90194030137798,12190400
2017-10-04,67.92011260986328,67.9473923046203,67.02893659988536,67.37449096325325,13317700
2017-10-05,69.08409118652344,69.22049659557207,68.16563549932101,68.40207107914752,21195300
2017-10-06,69.11133575439453,69.1386154347657,68.69303113368791,68.81124539458419,13959800
2017-10-09,69.37508392333984,69.61151949556127,68.98405879684046,69.0840889644008,11386500
2017-10-10,69.37508392333984,69.68426303189572,69.23867851867874,69.4114591604406,13944500
2017-10-11,69.49330139160156,69.52967663035172,69.06590100862151,69.43874200241004,15388900
2017-10-12,70.12983703613281,70.2844265519521,69.44781712036678,69.55693586665552,16876500
2017-10-13,70.46630096435547,70.81186218746024,70.28443174851728,70.55723557227456,15335700
2017-10-16,70.61180877685547,70.75730277614858,70.3389979886144,70.40265291415511,12380100
2017-10-17,70.5572509765625,70.58453760897481,70.24807185456342,70.44813219838277,16824000
2017-10-18,70.57544708251953,70.79369159226285,70.35720257277622,70.6300064754884,13300700
2017-10-19,70.84827423095703,70.866458386843,70.33902767384708,70.53908807793998,15092800
2017-10-20,71.66666412353516,71.81216506334172,71.13014501819848,71.22107963664423,22866400
2017-10-23,71.68482971191406,72.14859818238672,71.62117480785717,71.83032366210229,20627200
2017-10-24,71.7121353149414,72.02131440701203,71.34838990119555,71.74851055010267,17517200
2017-10-25,71.50299072265625,71.93039113086512,70.93919183341715,71.45752687493544,20410800
2017-10-26,71.6212158203125,72.22138998254599,71.61212027513479,72.02132961584543,32120700
2017-10-27,76.21348571777344,78.38685631381853,76.03161643006945,76.72273221150809,71066700
2017-10-30,76.28621673583984,76.68633739209959,75.57691698182799,76.11343610011554,31756700
2017-10-31,75.64058685302734,76.71363223945173,75.57693191221692,76.71363223945173,27086600
2017-11-01,75.64058685302734,76.16801746995266,75.3677759993437,76.09526698392126,22307400
2017-11-02,76.43172454833984,76.80455860783508,75.58601931842695,75.79516827091105,23992900
2017-11-03,76.51356506347656,76.87731052339858,75.84064047223477,76.45900567274191,17633500
2017-11-06,76.81366729736328,77.0228162856395,76.45901732779174,76.56813612589458,19860900
2017-11-07,76.63177490234375,77.20467622298284,76.3225957891273,77.08645496615652,17939700
2017-11-08,76.89546203613281,76.94093280102338,76.23163327106428,76.51353258736478,18034200
2017-11-09,76.46808624267578,76.6317713355444,75.38595245891861,76.48627732958722,21178400
2017-11-10,76.26800537109375,76.47715423014745,75.68601568123181,76.19525492539492,19397800
2017-11-13,76.32259368896484,76.33168923259363,75.89519333068282,76.07706951392358,14196900
2017-11-14,76.43172454833984,76.47718839381282,75.45870945051468,75.9315736830649,18801300
2017-11-15,75.837646484375,76.48653365470756,75.57260688420402,76.28546864956351,19383100
2017-11-16,76.0387191772461,76.23978422115593,75.80110319145197,75.94732787711688,20962800
2017-11-17,75.30757904052734,75.96560753364997,75.16134738751832,75.96560753364997,22079000
2017-11-20,75.42640686035156,75.48124025829237,75.17050837301333,75.30759884057619,16315000
2017-11-21,76.51398468017578,76.62365147931946,75.6183329751398,75.6183329751398,21237500
2017-11-22,75.95648193359375,76.67848518021991,75.89250731542234,76.6145105620485,20553100
2017-11-24,76.09356689453125,76.24893281704735,75.65487884969234,75.86508513575701,7425600
2017-11-27,76.6510238647461,76.75155634516905,76.13008599923911,76.13922024458202,18265200
2017-11-28,77.57415008544922,77.73865728550771,76.78817201547109,76.83387117154211,21926000
2017-11-29,76.16667175292969,77.61067806590161,76.02044706081242,77.41875423534856,27381100
2017-11-30,76.92523193359375,77.24510498080622,76.1666708696974,76.32204375495158,33054600
2017-12-01,77.00749969482422,77.51015541813311,76.05701467043977,76.40430445960102,29532100
2017-12-04,74.1011962890625,77.1628500741248,73.75389959720049,77.15370885257342,39094900
2017-12-05,74.56729888916016,75.56348292233895,74.00980984671747,74.33881714435056,26152300
2017-12-06,75.65489959716797,75.98391397784803,74.42109915597365,74.53077294043761,26162100
2017-12-07,75.38984680175781,75.673168952751,74.94202446160234,75.43554594722109,23184500
2017-12-08,76.91609191894531,77.29993954682904,76.15753091190679,76.43170480066276,24489100
2017-12-11,77.89400482177734,78.02195404978163,76.87954524780777,77.03491117142582,22857900
2017-12-12,78.2138900756836,78.64343696777271,77.7569264837098,77.96712583129955,23924100
2017-12-13,78.003662109375,78.59771600863323,77.8391549830067,78.36009305438812,22062700
2017-12-14,77.4004898071289,78.47892408461469,77.25425812143769,78.0767939216744,19306000
2017-12-15,79.37456512451172,79.59390567030567,77.57412766987363,77.92142442115016,53936700
2017-12-18,78.94501495361328,79.96861574532907,78.80793147621782,79.62132598141065,22283800
2017-12-19,78.44236755371094,78.91760659521067,77.93056361742967,78.91760659521067,23524800
2017-12-20,78.1590347290039,78.87190365298439,77.41875608310116,78.78050537393145,23674900
2017-12-21,78.14076232910156,78.68911716143045,78.04937101916508,78.6434249928172,17990700
2017-12-22,78.1499252319336,78.25959204519668,77.61070450011299,78.04939267130113,14145800
2017-12-26,78.04936981201172,78.1681778158206,77.71121430049584,77.96711275344413,9891200
2017-12-27,78.33271026611328,78.57947454882492,77.88488782878197,78.27787685782721,14678000
2017-12-28,78.34182739257812,78.53375123525281,78.18646146841908,78.50633453954357,10594300
2017-12-29,78.17733764648438,78.64344249541804,78.14077971983158,78.2595877519195,18717400
2018-01-02,78.55204010009766,78.88105445012054,78.14077564892463,78.7165472751091,22483800
2018-01-03,78.91758728027344,79.0638189327669,78.57029756466488,78.65254763966074,26061400
2018-01-04,79.6121826171875,80.11484526314953,79.11866119370926,79.13693666596708,21912000
2018-01-05,80.5992431640625,80.80030826660203,79.90465652966543,80.11486285669618,23407100
2018-01-08,80.68146514892578,80.95564600642082,80.05999458161801,80.60834932389925,22113000
2018-01-09,80.62664794921875,81.09275271142944,80.29763364327123,81.01963687172771,19484300
2018-01-10,80.26107788085938,80.59923341903689,79.88637139455875,80.29763580169293,18652200
2018-01-11,80.49870300292969,80.54439517564384,79.73100059059925,80.54439517564384,17808900
2018-01-12,81.88787841796875,82.05238559828628,80.83686070886857,81.03792581511347,24271500
2018-01-16,80.74545288085938,82.97543709777433,80.43472103303876,82.34482520663133,36599700
2018-01-17,82.38139343261719,82.5093426768711,81.11103524130267,81.41263287677727,25621200
2018-01-18,82.3448486328125,82.86578691678518,81.94272536080452,82.0706746254496,24159700
2018-01-19,82.25346374511719,82.8109600016511,81.94273178453764,82.38141301979259,36875000
2018-01-22,83.72486877441406,83.73400999849201,82.01582245280883,82.2534454698586,23601600
2018-01-23,83.98990631103516,84.35547856484388,83.66089197987839,83.98990631103516,23412800
2018-01-24,83.91680145263672,85.38822491164933,83.69746086071838,84.58397142614095,33277500
2018-01-25,84.38288116455078,85.21455110461312,84.01730897182365,84.51083038609883,26383200
2018-01-26,85.96397399902344,85.96397399902344,84.611365902669,85.1048873343799,29172200
2018-01-29,85.83601379394531,87.2343208519183,85.65323120085813,86.95100574082048,31569900
2018-01-30,84.7575912475586,85.59840941876038,84.17267850315469,85.26939512844444,38635100
2018-01-31,86.83222198486328,87.18865302174882,85.46133123600784,85.68067180346564,48756300
2018-02-01,86.14678955078125,87.80099573828218,85.5253187057055,86.63116990583653,47227900
2018-02-02,83.88021850585938,85.88172085666305,83.6243200628307,85.58012327478943,47867800
2018-02-05,80.42560577392578,85.2145830744683,80.42560577392578,82.76525752880843,51031500
2018-02-06,83.46896362304688,83.60605408243555,77.91228518781442,79.41112507232036,67998600
2018-02-07,81.89700317382812,83.87108196795626,81.52228973795773,82.70125646436773,41107600
2018-02-08,77.69293975830078,82.14375998833124,77.46445799790217,81.98839406471059,55628700
2018-02-09,80.590087890625,81.27553318103992,76.61450660076049,78.8719075394939,63499100
2018-02-12,81.45831298828125,82.05236694732447,80.36160335059363,81.10188200739728,35720300
2018-02-13,82.09806823730469,82.2534341617153,80.24279744906849,81.27553250114553,26407700
2018-02-14,83.38357543945312,83.54885535828657,81.17985252895963,81.27167314931947,34960900
2018-02-15,85.082275390625,85.1373663532981,83.2091055996443,83.75085208049835,27823900
2018-02-16,84.47628021240234,85.85361086803934,84.29263892717047,84.88947660690705,30596900
2018-02-20,85.13738250732422,85.4495740289915,83.56722672404953,83.99879136144276,30911700
2018-02-21,84.00796508789062,85.72503940330421,84.00796508789062,85.37611824531966,26922500
2018-02-22,84.22833251953125,85.14655261586972,83.8885885619192,84.52216267014103,24392800
2018-02-23,86.36779022216797,86.376974385746,84.80681867618591,85.94540976861359,26329200
2018-02-26,87.61656188964844,87.64410737228641,86.54224603398607,86.6799804526395,30199800
2018-02-27,86.49635314941406,88.00223394524674,86.49635314941406,87.91041331242089,25869100
2018-02-28,86.10150909423828,87.88285860721105,85.97295882066958,87.08400447392167,31167300
2018-03-01,85.25675201416016,86.83609202436394,84.32934756529123,86.30352257804596,37135600
2018-03-02,85.44037628173828,85.53219688331046,83.42947218163206,84.09059172169235,32830400
2018-03-05,85.98213958740234,86.56061579560543,84.7149982242347,84.78845051661145,23901600
2018-03-06,85.68830108642578,86.76261694260889,85.33937996373636,86.6248825238887,22175800
2018-03-07,86.18414306640625,86.25760235905867,84.87108798346519,85.54139176935695,26716100
2018-03-08,86.70752716064453,87.32273296646538,86.10149851219036,86.56060857721432,25887800
2018-03-09,88.64498138427734,88.64498138427734,87.23092139676874,87.49720610274092,36937300
2018-03-12,88.85615539550781,89.26017447853212,88.18585865008662,88.60823905258323,26073700
2018-03-13,86.68917083740234,89.28772863107221,86.28515171514434,89.06735774868787,35387800
2018-03-14,86.17496490478516,87.60739318940833,85.85358923387952,87.34110848909674,32132000
2018-03-15,86.47799682617188,86.84528638418135,85.23840069767235,85.88115217008969,27611000
2018-03-16,86.86363220214844,87.57984285939811,86.2392421666423,86.93709150172901,49081300
2018-03-19,85.29346466064453,86.22086892461041,84.57725410240958,86.07395034576047,33344100
2018-03-20,85.51383972167969,86.10150005500329,85.3944736246015,85.44038743411205,23075200
2018-03-21,84.91699981689453,86.35860512570227,84.66907646132722,85.33019606888861,24457100
2018-03-22,82.44698333740234,84.24669388658552,82.32761724677782,83.80594515769049,38604700
2018-03-23,80.0504379272461,83.06219908536069,79.95861730763806,82.18070852728795,44068900
2018-03-26,86.11068725585938,86.31269681609042,83.00710557316275,83.19993097007492,56396800
2018-03-27,82.15318298339844,87.35949113957975,81.2716922113571,87.17584985578752,56569000
2018-03-28,82.07969665527344,83.76922533309502,81.6022252712699,82.4745315904059,52501100
2018-03-29,83.80595397949219,84.74254249993496,81.17066650760802,82.80509733118622,45867500
2018-04-02,81.28083801269531,83.44783795162802,80.35344078023876,83.07137136345905,48515400
2018-04-03,82.37353515625,82.68573367412152,80.702374634837,82.25416904952918,37213800
2018-04-04,84.7792739868164,85.17410895880761,80.55546240615551,80.66564434826935,35560000
2018-04-05,84.82518768310547,85.45876192357147,83.92533572392968,84.88028566410132,29771900
2018-04-06,82.85102844238281,84.89865597840166,82.1623631534547,84.00798108384681,38026000
2018-04-09,83.34686279296875,85.55059315848733,83.20913533706472,83.59478622452741,31533900
2018-04-10,85.2843017578125,85.65159129103206,84.1457105097505,84.83437575748775,26812000
2018-04-11,84.34770202636719,85.66075709753153,83.99878089759328,84.4854364474892,24872100
2018-04-12,85.92704010009766,86.45960944846273,84.87108556605342,84.87108556605342,26758900
2018-04-13,85.46796417236328,86.47800530178309,84.88030362413843,86.35863916105396,23346100
2018-04-16,86.46880340576172,86.91873639376213,85.78013818525301,86.37698277745353,20288100
2018-04-17,88.21343231201172,88.6449970148405,87.12074780956995,87.23093677799399,26771000
2018-04-18,88.55314636230469,88.81024686268478,87.70837856831737,88.35113682473083,21043300
2018-04-19,88.2501449584961,89.1316355195898,87.54311147361628,88.55315930915889,23552500
2018-04-20,87.23091888427734,88.25014386536235,86.35861249762024,88.06650262779164,31154400
2018-04-23,87.55229187011719,88.41542107227401,86.89117222637698,87.91039717623248,22331800
2018-04-24,85.50467681884766,88.58071342134734,84.85274124680171,88.36951967003938,34524800
2018-04-25,84.76089477539062,85.6699377138857,82.89690910236604,85.6699377138857,33729300
2018-04-26,86.55143737792969,87.36865278949124,85.48629859112886,85.89950188137296,42529000
2018-04-27,87.98385620117188,89.89375583156789,86.23005932345941,89.61828697903356,48272800
2018-04-30,85.87194061279297,88.51641898254026,85.53220365951428,88.45214385580131,41523600
2018-05-01,87.23091888427734,87.49720358257979,85.20165308562513,85.58730388780211,31408900
2018-05-02,85.8627700805664,87.38701192032167,85.56893990630853,87.22173200946011,27471000
2018-05-03,86.37698364257812,87.16665366377438,84.88946422941343,85.35775854557981,31142500
2018-05-04,87.37784576416016,87.570671183533,85.32102727992029,85.68831679535346,22531300
2018-05-07,88.35113525390625,88.80106112157203,87.32272626520708,87.38700138915934,24242000
2018-05-08,87.97469329833984,88.29607603911805,87.28602800604189,88.01142295458494,23484600
2018-05-09,89.01226043701172,89.03980591966405,87.27682497527996,88.158315447472,27327400
2018-05-10,89.9029541015625,89.9396767492296,89.11328407288417,89.48975075792475,22388100
2018-05-11,89.71011352539062,89.866216288394,89.10409181740098,89.80194115261534,16778300
2018-05-14,90.01312255859375,90.61915123620625,89.3520029122761,89.91211777899167,19454100
2018-05-15,89.36119079589844,89.84784638762528,88.46133190528829,89.28773149759061,24594000
2018-05-16,89.59173583984375,89.82228585125053,89.10297094139383,89.78539700512609,17384700
2018-05-17,88.69721984863281,89.95141274474301,88.37445117003743,89.23209767935059,17246700
2018-05-18,88.86320495605469,89.38885874793118,88.54043631820572,88.54043631820572,17865800
2018-05-21,90.0067367553711,90.38484220886659,89.26898082799528,89.45341805088196,19422500
2018-05-22,89.91451263427734,90.53238503249864,89.6378497810712,90.08050893903531,15441200
2018-05-23,90.98424530029297,91.04879901171026,88.82629388066519,89.18595127796534,21251200
2018-05-24,90.6614761352539,91.24246661502843,89.27817619038484,91.04880546704604,26649300
2018-05-25,90.70758819580078,91.27935470117136,90.24648821800018,90.65225844992943,18363900
2018-05-29,90.38484954833984,91.18715927245844,89.6655344705109,90.22807015674331,28671000
2018-05-30,91.2516860961914,91.52834890721931,90.29260429917045,90.66147866610426,22158500
2018-05-31,91.15023803710938,92.21076936765049,90.93813599249744,91.56523222862222,34140900
2018-06-01,92.94853973388672,93.01309345307145,91.45457318669038,91.55601575052748,28655600
2018-06-04,93.76008605957031,93.93530633672795,93.00388223012023,93.3819876627596,27281600
2018-06-05,94.23963928222656,94.36874674543232,93.63098378211734,94.06441899537772,23514400
2018-06-06,94.51630401611328,94.6177466090165,93.97220923220485,94.50708707918005,21122900
2018-06-07,93.03153991699219,94.70072681707995,92.57043988502406,94.66383797022313,28232200
2018-06-08,93.72317504882812,94.01827874088862,92.71798051631258,93.22518624925847,22165100
2018-06-11,93.18834686279297,93.68632885321358,92.8379062318219,93.15145800501547,23490900
2018-06-12,93.42809295654297,93.55720041192879,92.9116631349997,93.23443177346424,18325200
2018-06-13,93.00386047363281,94.07361575744085,92.7364216526808,93.80617693648884,29492900
2018-06-14,93.52953338623047,94.09207601570733,93.14221102896627,93.74164250711047,25691800
2018-06-15,92.33989715576172,93.63097875431988,92.28456739902437,93.61253784735032,65738600
2018-06-18,93.01310729980469,93.24365733633289,91.68513683793704,92.22923858277454,23586000
2018-06-19,93.01310729980469,93.14221475739417,91.75891453822496,91.89724596730763,28653100
2018-06-20,93.94453430175781,94.54395878647206,93.2528841709377,93.4834342145444,26180800
2018-06-21,93.27130126953125,94.48860490760345,93.03152731535467,94.13817146367396,23198200
2018-06-22,92.59814453125,92.93013019866487,91.87882231699773,92.59814453125,38923100
2018-06-25,90.73528289794922,92.32146846877397,89.73008799308332,92.22002587744241,35433300
2018-06-26,91.37158966064453,92.29378978147665,91.06726193217108,91.13181565919619,26897200
2018-06-27,89.951416015625,92.23846876640395,89.82230853949214,91.83270542819916,31298400
2018-06-28,90.95659637451172,91.39925553309246,89.69318669815428,89.80384621092799,26650700
2018-06-29,90.93815612792969,92.13701912109275,90.67994121514471,91.23325989051662,28053200
2018-07-02,92.22926330566406,92.27536910383152,90.37563854506435,90.46785717722992,19564500
2018-07-03,91.34392547607422,92.80099633081876,91.24248289914642,92.66267194030688,14670300
2018-07-05,91.9986801147461,92.14622846597067,91.32547097401739,91.75890612869954,18977400
2018-07-06,93.28976440429688,93.5387553326261,91.91568120553906,92.11856635090348,19234600
2018-07-09,93.92607116699219,94.29495258426735,93.37275255899334,93.74163397626852,18212000
2018-07-10,94.17510223388672,94.53475980736367,93.93532817295865,94.064435659036,19293100
2018-07-11,94.04596710205078,94.37795265735183,93.23442653003333,93.28053934829003,19644600
2018-07-12,96.08403778076172,96.28692294350793,94.73762637942559,94.7745081946259,24335900
2018-07-13,97.2275619506836,97.38433428735048,95.99181009289873,96.25003204460914,24635200
2018-07-16,96.74801635742188,97.58721479403467,96.38835184364103,97.19989243867491,21786900
2018-07-17,97.70711517333984,98.2143281329593,96.20393127565896,96.47137019656469,25901700
2018-07-18,96.94168853759766,97.79933501370711,96.57280704670008,97.69789242781454,29493900
2018-07-19,96.2776870727539,97.11688546350729,95.80736307504533,96.76645197578351,40171600
2018-07-20,98.00220489501953,99.78205143054332,97.8269916543689,99.67139191767527,56004000
2018-07-23,99.56996154785156,99.72673390085441,97.87310943894052,98.02988882777288,29707000
2018-07-24,99.28407287597656,100.35382140588897,98.91519140379583,100.12327136525461,26316600
2018-07-25,102.20744323730469,102.50254700076539,99.22873368839272,99.5607263017646,30702100
2018-07-26,101.09158325195312,102.36421692952999,100.98091670075256,102.12444291984318,31372100
2018-07-27,99.30252838134766,101.60802912660941,97.88233907796682,101.60802912660941,37005300
2018-07-30,97.17220306396484,99.16415112923272,96.60966057907203,98.85060654989006,34668300
2018-07-31,97.82701110839844,98.41721874715978,97.18146666637006,98.2051095789346,27655200
2018-08-01,98.01142120361328,98.16819352513863,97.21832858953103,97.7808711887249,23628700
2018-08-02,99.20108032226562,99.68062135510456,96.68347055133007,97.19990747419068,26104300
2018-08-03,99.6344985961914,99.64372256712595,98.5094133603394,99.41317254456048,18659600
2018-08-06,99.71749114990234,99.98493001480666,99.1918373908361,99.70827421498812,20265900
2018-08-07,100.40914916992188,100.61203432738317,99.75438791182417,100.1140454052042,16080200
2018-08-08,100.97168731689453,101.21146131372895,100.2984851817054,100.8241389590315,15487500
2018-08-09,101.13768005371094,101.58956315409948,101.07312633020231,101.17456890083417,13677200
2018-08-10,100.51981353759766,101.15613387475953,99.94804692769652,100.90713590116202,18183700
2018-08-13,99.7912826538086,101.05469945888534,99.68984006908853,100.7411477327063,18472500
2018-08-14,101.0362548828125,101.211475177866,99.63451362987259,100.11405465340142,16788300
2018-08-15,99.6661376953125,100.89737846001331,98.88850488628152,100.43450397410807,29982800
2018-08-16,99.64761352539062,100.77702834172722,99.33286228170536,100.25861120487912,21384300
2018-08-17,99.59207916259766,99.88831856022277,98.76816311723704,99.38841325243581,18061500
2018-08-20,98.93480682373047,99.88832724704376,98.57376524719251,99.52728567050582,17914200
2018-08-21,98.11092376708984,99.37919591510044,97.9905718257523,98.98112339363767,22881900
2018-08-22,99.11068725585938,99.36989584991643,97.92572964708171,97.99053179559597,18000600
2018-08-23,99.57357025146484,100.1475372321656,98.93480817963076,99.19401679578431,18167700
2018-08-24,100.35120391845703,100.4993201018436,99.57357100123589,99.67540396733514,17234000
2018-08-27,101.46207427978516,101.49910508196581,100.45301140624993,101.15657545897228,19662300
2018-08-28,102.07308959960938,102.29526738826925,101.63798642725969,101.77685019376133,19151500
2018-08-29,103.7024154663086,103.71167493531418,102.08235447269605,102.24898960026955,20818000
2018-08-30,103.63760375976562,104.24860152553876,103.1654768275643,103.37839515473632,22798700
2018-08-31,103.9894027709961,104.40598705955381,103.2395411635246,103.3969238854047,23222700
2018-09-04,103.41542053222656,103.64685778354644,102.03605649197331,102.61927582265382,22634600
2018-09-05,100.43450164794922,103.14694635504733,100.07346012233752,102.767392958106,32872400
2018-09-06,100.66594696044922,100.89738421660626,99.52727961538318,100.21233191599471,23477600
2018-09-07,100.17529296875,100.64742691056524,99.26806295354861,100.19381190296455,22498600
2018-09-10,101.25840759277344,101.49910427357898,100.31414686484906,100.75850236167113,20727900
2018-09-11,102.98031616210938,103.3043268975769,100.8048074377939,100.81406690535135,24301800
2018-09-12,103.41542053222656,103.54502482793335,102.30452455105289,103.156211940813,18891100
2018-09-13,104.52631378173828,105.28542761241907,103.79497128854888,103.79497128854888,26055600
2018-09-14,104.95216369628906,105.28543389187014,104.09121686818862,104.94290422893843,19122300
2018-09-17,103.8134994506836,105.25766573009852,103.55429084288141,105.2484133247519,20736500
2018-09-18,104.80404663085938,105.25766167704629,103.4246825565088,103.85978572981045,22170900
2018-09-19,103.4061508178711,104.90586660046014,102.79516020764099,104.65591750148049,21728400
2018-09-20,105.1373062133789,105.35023157600118,103.61907852576292,103.94308924027172,23714500
2018-09-21,105.77606964111328,106.72958986317025,105.08175797694713,105.53537295325604,71229700
2018-09-24,106.15562438964844,106.3685497437679,103.88754241575496,104.6373967626603,27334500
2018-09-25,105.95196533203125,106.55370356682415,105.3039438871183,106.27598311739176,22668000
2018-09-26,105.51687622070312,106.51667979272784,105.29469137100475,105.97049126208778,19352000
2018-09-27,105.91495513916016,106.37782967700198,105.72054161791026,106.25747777690395,19091300
2018-09-28,105.87791442871094,106.06306140137394,105.23914536608629,105.71127932815253,21647800
2018-10-01,107.02583312988281,107.09063527172044,106.21117662350932,106.22968849421846,18883100
2018-10-02,106.60001373291016,107.23877582983948,105.94273269815369,106.73887751499231,20787200
2018-10-03,106.61852264404297,107.5535312169723,106.39634483663085,106.84995992011126,16648000
2018-10-04,104.41522216796875,106.23894868150022,103.3413500240584,106.1000849300768,34821700
2018-10-05,103.80422973632812,104.7670095152075,102.4248657450153,104.2671042225449,29068900
2018-10-08,102.61925506591797,103.71163895370813,101.22137237308156,103.36911641129537,29640600
2018-10-09,103.92457580566406,104.68368963805082,102.57298322911707,102.8877344719318,26198600
2018-10-10,98.27751922607422,103.22101559627568,97.93498954647234,102.98031887377424,61376300
2018-10-11,98.04606628417969,100.84182476596342,96.4630294999576,97.52764211382318,63904300
2018-10-12,101.43433380126953,102.9803331823785,99.1662512152309,100.9159165388391,47742100
2018-10-15,99.61058044433594,101.35099290038424,99.00884224544484,100.82331630875129,32068100
2018-10-16,102.75814056396484,103.1377010499358,100.86035225991903,101.40654785094232,31610200
2018-10-17,102.48965454101562,103.50797686547247,101.41578954557667,103.38763205737683,26548200
2018-10-18,100.44377899169922,102.32304856535004,99.82352877965879,101.92497616332756,32506200
2018-10-19,100.59188079833984,102.6285255923383,100.17528954758761,100.84182989846819,32785500
2018-10-22,101.48986053466797,102.3322955165829,100.20306998707179,101.20288060421115,26545600
2018-10-23,100.07347106933594,100.87887528690548,97.30548338255582,99.76797218719871,43770400
2018-10-24,94.72264862060547,100.43451893227386,94.04684866285604,100.36046437130689,63897800
2018-10-25,100.25862884521484,101.15659952585064,98.2682668976097,98.63856794461381,61646800
2018-10-26,99.01810455322266,100.67519598292687,96.98145973551117,97.84240652160545,55523100
2018-10-29,96.13902282714844,100.62890362508948,94.08385911824708,100.08271515874553,55162000
2018-10-30,96.0279541015625,96.62968534650538,92.6767399268155,95.9631519492038,65350900
2018-10-31,98.8792495727539,100.11049745208217,97.56468767265675,97.61097794835354,51062400
2018-11-01,98.05532836914062,99.35137832864301,97.69428683895909,99.10142921655735,33384200
2018-11-02,98.27751922607422,99.35138441517266,97.18513510137323,98.57375862957426,37680200
2018-11-05,99.52728271484375,99.74020104191233,98.03682617374457,98.47192935893442,27922100
2018-11-06,99.72168731689453,100.75852171725614,98.38860644453858,99.40692897185286,24340200
2018-11-07,103.64683532714844,103.90604386240119,101.27692064723428,101.31395144697079,37901700
2018-11-08,103.45244598388672,103.87828965671933,102.67482024990646,103.49873625691583,25644100
2018-11-09,101.43433380126953,103.17473965578992,100.68447925198187,102.61929157991366,32039200
2018-11-12,98.93480682373047,101.79536809367036,98.22197607617248,101.29546274240899,33621800
2018-11-13,98.99959564208984,100.66593952560729,98.72186813005159,99.56430307043802,35374600
2018-11-14,97.59568786621094,100.65456086513805,97.13081367962779,100.5057977205912,39495100
2018-11-15,99.7433853149414,100.2268583490919,96.6101384347413,97.61426109525422,38505200
2018-11-16,100.68244934082031,101.23099746067193,99.29712629004365,99.55745469223878,33502100
2018-11-19,97.27027130126953,100.93347484006408,96.27544088762545,100.66384697741442,44773900
2018-11-20,94.56472778320312,95.73621298713013,92.37052055387518,94.64840884447872,64052500
2018-11-21,95.8663558959961,97.09362347215321,95.05747225289043,96.32193061540592,28130600
2018-11-23,95.82917785644531,96.51718976204855,94.83434724263672,94.99240278562077,13823100
2018-11-26,98.99030303955078,99.13905907958066,97.23307931285954,97.42832560544561,32336200
2018-11-27,99.61322784423828,99.78988228323944,97.95827707912099,98.80434430574573,29124500
2018-11-28,103.31364440917969,103.50889072130353,100.2826626493629,100.31055396632098,46788500
2018-11-29,102.44895935058594,103.31362548499001,101.37044800297826,102.57912353482604,28123200
2018-11-30,103.09979248046875,103.1741740498185,101.67727866038477,102.9231380266173,33665600
2018-12-03,104.21549987792969,105.45206701318145,102.95104851767033,105.06157436839175,34732800
2018-12-04,100.89629364013672,104.72685961669649,100.60807390490695,104.07603857152688,45197000
2018-12-06,101.51922607421875,101.56570923634064,97.62357816149972,98.38597153578618,49107400
2018-12-07,97.45620727539062,101.76093894231765,96.9727413263663,100.76610863944614,45044900
2018-12-10,100.03162384033203,100.39423223099945,96.59155770467967,97.43763212720842,40801500
2018-12-11,100.96137237548828,103.15557910229101,99.89216742173524,102.08637414853797,42381900
2018-12-12,101.41695404052734,103.4530981500845,101.3797632544665,103.09979632263216,36183000
2018-12-13,101.76095581054688,103.08120388112394,100.99856243424438,101.88182763790101,31333400
2018-12-14,98.58122253417969,101.58431301217553,98.08845701304199,100.64526513423503,47043100
2018-12-17,95.66180419921875,98.36737521870621,94.56470089648415,98.00477394091753,56957300
2018-12-18,96.66592407226562,97.1679889648928,95.3177848901882,96.46137832785277,49319200
2018-12-19,96.40558624267578,99.37147796533117,94.22997192148034,96.36839546612201,68198200
2018-12-20,94.37874603271484,96.98203685429655,91.84053021092112,95.81055917662205,70334200
2018-12-21,91.32917785644531,95.7640740887736,90.61326769919656,94.49031637493374,111242100
2018-12-24,87.51721954345703,91.08745730037397,87.37776294989673,90.81782939712777,43935200
2018-12-26,93.49549865722656,93.61637049137062,87.3591605162542,88.45626393338392,51634800
2018-12-27,94.07192993164062,94.0812294004665,89.6277343506653,92.32400574344346,49498500
2018-12-28,93.33744049072266,95.21553621458088,92.52855683617967,94.91800991950707,38196300
2018-12-31,94.43452453613281,95.20621724574463,93.38391162213968,94.17419617467723,33173800
2019-01-02,94.01615142822266,94.60189030844347,91.98929983370067,92.55644686887081,35329300
2019-01-03,90.55748748779297,93.15148614324133,90.37153356835667,93.06780510614082,42579100
2019-01-04,94.76923370361328,95.30848935858411,91.97998912145268,92.71449104596486,44060600
2019-01-07,94.8901138305664,96.01510847692208,93.88599100886,94.49962122804631,35656100
2019-01-08,95.5781478881836,96.66595192223656,94.56471834254988,95.80128554027748,31514400
2019-01-09,96.94486236572266,97.51200945613614,95.9872226504591,96.56366921101207,32280800
2019-01-10,96.32192993164062,96.46139360614016,95.18763578272288,95.96862810386999,30067600
2019-01-11,95.5781478881836,96.17318635604597,94.49963623179674,95.94074923286792,28314200
2019-01-14,94.88082122802734,95.64321458545031,94.146319185944,94.74135755791232,28437100
2019-01-15,97.63285827636719,97.67004905474218,94.72274193591113,95.30848782854767,31587600
2019-01-16,97.97688293457031,98.79506605881,97.58639031259263,97.86531766738658,29853900
2019-01-17,98.66490936279297,99.13907597125653,97.40045088672116,97.62358853149328,28393000
2019-01-18,100.14318084716797,100.31983528048782,98.46963829180659,99.91074379002755,37427600
2019-01-22,98.25580596923828,99.57604692459084,97.49341260552879,99.2506364205838,32371300
2019-01-23,99.21344757080078,99.52026623488581,97.93968975207686,98.66489943811888,25874300
2019-01-24,98.7392578125,99.48305922350004,97.93967377837055,99.35289504058741,23164800
2019-01-25,99.64112091064453,100.30124133456077,98.73926394911703,99.70620300614567,31225600
2019-01-28,97.69795989990234,98.9996090296295,97.30746728900934,98.79506325437589,29476700
2019-01-29,95.70829010009766,97.59567797132273,94.99237995302967,97.51199693764498,31490500
2019-01-30,98.90662384033203,98.90662384033203,97.0006440382168,97.27027190253312,49471900
2019-01-31,97.09362030029297,97.82812234668714,95.93143486487503,96.50788139447243,55636400
2019-02-01,95.55952453613281,96.78679194928101,95.15973250265337,96.48927279134861,35535700
2019-02-04,98.31159210205078,98.36738182859409,95.55023826763384,95.64321878073363,31315100
2019-02-05,99.6876220703125,99.73410523309047,98.51613712968302,98.60911054865613,27325400
2019-02-06,98.58122253417969,99.48307962460183,98.1163483303264,99.48307962460183,20609800
2019-02-07,97.87460327148438,98.17212245241596,96.96345388325122,97.80022879631407,29760700
2019-02-08,98.24650573730469,98.34877862254439,96.93556426178561,97.05642899278847,21461100
2019-02-11,97.85600280761719,99.09256967615708,97.59567443390694,98.73926080319359,18914100
2019-02-12,99.38081359863281,99.61325071661884,98.06987194176892,98.68350224467473,25056600
2019-02-13,99.30642700195312,100.2082841091281,99.21345357813888,99.94795568508121,18394900
2019-02-14,99.39009094238281,99.75269219824199,98.23720507999506,98.84153577748282,21784700
2019-02-15,100.61737060546875,100.69175217813137,99.81778643288865,100.32915087817263,26606900
2019-02-19,100.57086944580078,101.02645120890445,100.2082681851535,100.21756765408242,18038500
2019-02-20,100.04798126220703,100.78562004585854,99.2449824406983,100.71092082439031,21607700
2019-02-21,102.15819549560547,102.22355553828099,99.78654846697711,99.81455889616514,29063200
2019-02-22,103.61479949951172,103.8295508821607,102.54102121513476,102.75577972149443,27763200
2019-02-25,104.1937026977539,104.74460062745418,103.885580833177,104.35244034620297,23750600
2019-02-26,104.91266632080078,105.73433646773522,103.80153844274797,103.8855768562051,21536700
2019-02-27,104.73526763916016,104.91267654419379,103.53076916944435,104.28708646941689,21487100
2019-02-28,104.60452270507812,105.39818231102568,104.32441132141346,104.61386188831314,29083900
2019-03-01,105.07140350341797,105.52892384304685,104.26840455092834,105.40754293114438,23501200
2019-03-04,104.81929779052734,105.74367761343628,103.45606889424135,105.52891910725002,26608000
2019-03-05,104.29639434814453,104.94066264444032,103.85755246560683,104.80994257326576,19538300
2019-03-06,104.34309387207031,105.19278154580101,104.04430408955507,104.4551427119049,17687000
2019-03-07,103.07323455810547,104.15635196198211,102.58770383741921,104.01629269441734,25339000
2019-03-08,103.18525695800781,103.37199785110586,101.58859881378159,101.92473812032485,22818400
2019-03-11,105.35151672363281,105.46355844471744,103.62413799437518,103.63347005532513,26491600
2019-03-12,106.08914947509766,106.43462092680946,105.18344095541275,105.34217146694036,26132700
2019-03-13,106.91081237792969,107.37767182062807,106.23853364065046,106.56533382579737,35513800
2019-03-14,106.99486541748047,107.56443462330097,106.75210358697855,106.94818373794297,30763400
2019-03-15,108.22736358642578,109.47854352157728,106.9948477715577,107.69513696252727,54681100
2019-03-18,109.77733612060547,109.81468573326495,108.35808645809621,108.47012817236444,31207600
2019-03-19,109.85204315185547,110.58968202594784,109.2357851847489,110.26287467288245,37588700
2019-03-20,109.73065948486328,110.87913704936534,108.97434933489302,109.60927857305046,28113300
2019-03-21,112.25169372558594,112.81192367292404,109.32914884205992,109.37583763921738,29854400
2019-03-22,109.29178619384766,111.66342562933819,109.28244701139673,111.57939435840672,33624500
2019-03-25,109.86137390136719,110.18817410562987,108.61018681741983,108.83427736838422,27067100
2019-03-26,110.09483337402344,110.84180445357205,109.10508618614617,110.75777314565407,26097700
2019-03-27,109.03038024902344,110.37493808288177,107.86323133038577,110.06680905867063,22733400
2019-03-28,109.17976379394531,109.78668257335133,108.43278573872087,109.65596248224365,18334800
2019-03-29,110.1228256225586,110.4776362924667,109.2077778308754,110.24420653296404,25399800
2019-04-01,111.1312255859375,111.21526399523096,110.27220586710551,111.06586554480268,22789100
2019-04-02,111.28999328613281,111.56077270790416,110.66439601059314,111.16860523143855,18142300
2019-04-03,112.01826477050781,112.44777463726071,111.25261550825955,111.91555511501143,22860700
2019-04-04,111.44872283935547,112.26106109737731,110.53367490076609,112.13967304377272,20112800
2019-04-05,111.94357299804688,112.26104116991424,111.4580422409513,111.47671348696194,15826200
2019-04-08,111.98092651367188,112.06495780921249,110.77642807827912,111.86887766257335,15116200
2019-04-09,111.3740005493164,111.6167694825802,110.72040010250305,110.76708177801224,17612000
2019-04-10,112.22369384765625,112.37308518992687,111.61677504610032,111.82219437496948,16477200
2019-04-11,112.35440063476562,112.83993134427101,111.97157245381841,112.55048075535684,14209100
2019-04-12,112.93330383300781,112.96132138534503,112.39175225756215,112.64385323891528,19745100
2019-04-15,113.02667999267578,113.52154988870117,112.57849176919969,112.92397033987314,15792600
2019-04-16,112.76525115966797,113.586928516548,112.13966108019707,113.57758933102583,14071800
2019-04-17,113.6989517211914,113.77365094577425,112.55048141899813,113.20408182482275,19300900
2019-04-18,115.19291687011719,115.33296902269954,113.2601188036629,114.09112815296818,27991000
2019-04-22,115.55706024169922,115.78115079698999,114.44593240204404,114.49262119943018,15648700
2019-04-23,117.12572479248047,117.256444895031,115.62243648943817,115.87453750901095,24025500
2019-04-24,116.7242202758789,117.50854085742748,116.26669281293124,117.45251999409145,31257000
2019-04-25,120.58980560302734,122.6626629649692,120.29102292561114,121.43949332968546,38033900
2019-04-26,121.2807846069336,121.8690322538097,120.46845347357069,121.1033756818488,23654900
2019-04-29,121.16873168945312,121.55154569270618,120.77657137684231,121.29010548429896,16324200
2019-04-30,121.94367218017578,122.03703550498827,120.81386624483241,121.20602640284609,24166500
2019-05-01,119.40400695800781,121.9904059691598,119.23593721955558,121.87836422599969,26821700
2019-05-02,117.84467315673828,119.51603100770696,117.20040477249998,119.49735976229465,27350200
2019-05-03,120.35637664794922,120.85124659150588,118.81574595535531,118.91845561802302,24911100
2019-05-06,119.65607452392578,120.03890270250588,117.75129418604304,118.01273434521478,24239800
2019-05-07,117.20040130615234,118.75037820682213,115.98657092635722,118.07809941249357,36017700
2019-05-08,117.1910629272461,117.99406176343277,116.48143455774648,117.12570288819416,28419000
2019-05-09,117.18172454833984,117.45250389018918,115.37964674643291,116.05192550913333,27235800
2019-05-10,118.70369720458984,119.45067527483482,115.61308950828015,116.63084695089616,30915100
2019-05-13,115.17424774169922,117.22843400349122,114.88479710485718,115.88387624113363,33944900
2019-05-14,116.46273803710938,117.53650885652696,115.50100178020656,115.65973937520353,25266300
2019-05-15,118.10282897949219,118.74948222900501,115.92858255440808,116.45340558810436,24722700
2019-05-16,120.82999420166016,121.25173449061681,118.51517741526305,118.78695908696268,30112200
2019-05-17,120.02403259277344,122.26388070891879,119.88344773517932,120.24894548467054,25770500
2019-05-20,118.29024505615234,119.5741703973863,117.85914535799333,118.57139330273671,23706900
2019-05-21,118.92753601074219,119.51795382115691,118.6276402284567,119.4242377298326,15293300
2019-05-22,119.649169921875,120.18336671180455,118.57141688706866,118.66514013798412,15396500
2019-05-23,118.2527847290039,118.35587458844678,116.90324995090113,118.27152508977515,23603800
2019-05-24,118.30901336669922,119.4148805580818,118.05597916997831,118.93692628093338,14123400
2019-05-28,118.23403930664062,119.95843842699016,118.13094945161102,119.00252276681033,23128400
2019-05-29,117.09069061279297,117.5124166606057,116.24723136708701,117.50304290507549,22763100
2019-05-30,117.83106231689453,117.85917643395794,116.940741426096,117.3905887493526,16829600
2019-05-31,115.90984344482422,116.79079053046706,115.57245975883674,116.42529272899401,26646800
2019-06-03,112.31110382080078,116.55651466544859,111.53325362218689,116.0691794216544,37983600
2019-06-04,115.42253875732422,115.5349952419981,113.07022623511244,113.6606442298954,29382600
2019-06-05,117.92476654052734,117.9622544095278,116.40654002136861,117.1000477226772,24926100
2019-06-06,119.78974914550781,119.93032687355803,117.70921879058938,118.49644977762242,21459000
2019-06-07,123.14485168457031,123.94145655831842,120.20212126532451,121.07370189308585,33885600
2019-06-10,124.26948547363281,125.65650130394036,123.70717441531568,124.08203892075095,26477100
2019-06-11,123.80083465576172,125.80638876901203,123.03234422070021,125.4690051658411,23913700
2019-06-12,123.22917938232422,123.6790195005128,122.49818382770798,123.14482274128426,17092500
2019-06-13,124.00704193115234,124.6443142678434,123.29477955466218,123.68839146264668,17200800
2019-06-14,124.12889099121094,125.38470271780271,123.36978113110939,123.95082535979687,17821700
2019-06-17,124.50373077392578,125.328435224055,124.20382784649068,124.29755108635382,14517800
2019-06-18,126.66861724853516,126.7435929887133,125.17851195041506,125.75955606159542,25934500
2019-06-19,127.16531372070312,127.39022663171424,125.40341965026458,126.51866050122688,23744400
2019-06-20,128.34617614746094,129.0115770148908,127.19345433785757,128.8147638765865,33042600
2019-06-21,128.3649139404297,129.07716208670809,127.88695964097253,127.99941611139504,36727900
2019-06-24,129.1240234375,129.70506760031128,128.39302778100793,128.39302778100793,20628800
2019-06-25,125.0472640991211,128.9459158651683,124.39124440294894,128.6272797699071,33327400
2019-06-26,125.5158462524414,127.21214508709856,125.20659107335595,125.90947235340812,23657700
2019-06-27,125.72209930419922,126.24692964517526,125.12230750039119,125.71273269638637,16557500
2019-06-28,125.54399108886719,126.14378262099605,124.79424809866657,126.11566851012736,30043000
2019-07-01,127.15594482421875,128.11186768676959,126.49055833276078,128.04627284824997,22613500
2019-07-02,127.99939727783203,128.00876388226854,126.83729482052988,127.56829037104205,15237800
2019-07-03,128.8241424560547,129.08655043561157,127.72763460556625,128.20560323274387,13629300
2019-07-05,128.44921875,128.70226003465305,127.19340753012654,127.39958719907978,18141100
2019-07-08,128.35548400878906,128.48668792627134,126.86536501005259,127.8306540387054,16779700
2019-07-09,127.88695526123047,128.36490954431912,127.26841609476674,127.45584830577242,19953100
2019-07-10,129.18960571289062,129.87373959781803,128.41174858886257,128.51483843180986,24204400
2019-07-11,129.70506286621094,130.4735535181549,129.20836107416366,129.51763065603177,22327900
2019-07-12,130.1736297607422,130.38919035318898,129.33954440346187,130.1267824407969,18936800
2019-07-15,130.1736297607422,130.77342131766108,129.7612846842394,130.67971237761174,16651500
2019-07-16,128.46795654296875,130.31419252072135,127.94314080718947,130.22985019893315,22726100
2019-07-17,127.7088623046875,129.26456219300002,127.66200068693203,129.04901591151443,20211000
2019-07-18,127.8494873046875,128.0369195553726,126.20943008590551,127.03414914911696,30381800
2019-07-19,128.036865234375,131.8324274761386,127.87754717387682,131.41070151597776,48992400
2019-07-22,129.7332000732422,130.44546261892023,128.70231558369463,128.777291341143,25074900
2019-07-23,130.5391387939453,131.19517293175588,129.3583030861742,130.97961232068786,18034600
2019-07-24,131.8793182373047,131.89806574861151,130.1268048843877,130.173652212413,20738300
2019-07-25,131.38258361816406,131.77619545631205,130.56724583201162,131.60749649701572,18356900
2019-07-26,132.46034240722656,132.77897855057645,131.4856864686977,131.5512812981361,19037600
2019-07-29,132.1698455810547,132.61968576922405,130.61413098427352,132.6103191632778,16605900
2019-07-30,131.5325469970703,132.34788485715055,131.01709776936946,131.3357339100722,16846500
2019-07-31,127.7088623046875,131.66374260059501,126.59362158283405,131.5137911438407,38598800
2019-08-01,129.38641357421875,132.08548288794373,128.32740095873314,128.3930100907393,40557500
2019-08-02,128.2992706298828,129.63007190954335,126.7623039760753,129.41451133176076,30791600
2019-08-05,123.90393829345703,125.51586646582177,122.56377033425241,124.92545581960303,42749600
2019-08-06,126.2281265258789,127.15592079641829,124.84111127183411,125.39404119268299,32696700
2019-08-07,126.78105163574219,127.1278018610556,123.54780026684001,125.38465553084156,33414500
2019-08-08,130.16424560546875,130.25796883303917,127.39020109117119,128.0181209756109,27496500
2019-08-09,129.0583953857422,130.62347616036615,127.88692645562026,129.90184729536685,23466700
2019-08-12,127.25897216796875,129.19893105658258,126.74353741799678,128.45856918469548,20484300
2019-08-13,129.8925018310547,130.07993403034587,126.51866504317269,127.50270196465162,25154600
2019-08-14,125.98085021972656,128.74532267104416,125.68936076426263,128.2187592227509,32527300
2019-08-15,125.69879150390625,126.54506670856385,124.35417479943732,126.36640813154341,28074400
2019-08-16,128.00250244140625,128.31280185130936,126.67668160303253,126.8271324104605,24449100
2019-08-19,130.14637756347656,130.2780184343801,128.7171235738247,129.6198140798624,24355700
2019-08-20,129.06500244140625,130.42844289405204,129.0462068549163,129.95829497183652,21170800
2019-08-21,130.50369262695312,131.16191139142256,129.76086500264245,130.27803073996265,14970300
2019-08-22,129.5540008544922,130.88921964983857,128.152954442496,130.38146604791604,18697000
2019-08-23,125.42607116699219,130.08994520499255,124.87130002220518,128.99919850326498,38508600
2019-08-26,127.36310577392578,127.46653892037875,125.90564392764479,126.9305775962352,20312600
2019-08-27,127.63578796386719,128.55727405362552,126.62026653222833,128.2469746427543,23102100
2019-08-28,127.4665298461914,127.6545861860511,125.57653995676593,126.82713542111259,17393300
2019-08-29,129.87368774414062,130.17458937149848,128.73593754166947,129.05563475990274,20168700
2019-08-30,129.6292266845703,130.87041013092067,128.13415926255126,130.84220239448865,23940100
2019-09-03,127.9178695678711,129.00861643990203,127.59817235124179,128.45384520849603,18869300
2019-09-04,129.41293334960938,129.46934880972682,128.3315844221748,129.1026339711861,17995900
2019-09-05,131.68849182128906,131.9987913034947,130.47550163195965,130.80461105642132,26101800
2019-09-06,130.795166015625,131.81067296613517,129.94889109316404,131.66963431961344,20824500
2019-09-09,129.3095245361328,131.40638083548524,128.31281295925083,131.2559300150329,25773900
2019-09-10,127.95552062988281,128.71715832773847,126.47924857035898,128.63253510526178,28903400
2019-09-11,127.99311828613281,128.1341713293568,127.02461431667835,127.79566411251378,24726100
2019-09-12,129.3095245361328,130.15578529256243,128.6983234584626,129.61982397289833,27010000
2019-09-13,129.12149047851562,129.81730053463113,128.4162682771343,129.55401872727137,23363100
2019-09-16,128.19056701660156,128.53847197683487,127.56057036125333,127.72041897400321,16731400
2019-09-17,129.1873321533203,129.30957528638723,128.28464122410614,128.78301155592294,17814200
2019-09-18,130.2498321533203,130.39087084259643,128.37863757149674,129.15908513031417,23982100
2019-09-19,132.64756774902344,133.86994110897095,131.7072717196615,131.9235357890367,35772100
2019-09-20,131.1148681640625,133.19291415662502,129.99591369986234,132.59112532895992,39167300
2019-09-23,130.83279418945312,131.29354442748715,130.17458981210405,130.91741739201672,17139300
2019-09-24,129.17787170410156,132.29024923189132,128.70772369451933,131.9799498238336,29773200
2019-09-25,131.03968811035156,131.60387160866273,127.90849982506755,129.29073648292578,21382000
2019-09-26,131.20887756347656,131.81066633800296,130.17456072951543,131.1148565864489,17456600
2019-09-27,129.50697326660156,131.979956513644,128.4914517926957,131.78248802658757,22477700
2019-09-30,130.72933959960938,130.9079981186732,129.55396970869165,129.80785362250745,17280900
2019-10-01,128.8863983154297,131.8765331425289,128.82057069894088,131.32176186546792,21466600
2019-10-02,126.61083984375,128.22814997339557,125.60473067055278,128.11531905432446,30521700
2019-10-03,128.1435546875,128.58549501379764,125.2662508424339,126.89295912029398,24132900
2019-10-04,129.87368774414062,129.99593082372718,128.27518730519495,128.5854867279905,22897700
2019-10-07,128.9333953857422,129.93010694639597,128.83937438532524,128.95220532493747,15303700
2019-10-08,127.56996154785156,129.53517682063313,127.52294387647166,128.89578240275887,25550500
2019-10-09,129.98651123046875,130.41903931253967,128.79233141228906,129.25308157149902,19749900
2019-10-10,130.795166015625,131.33112722018444,129.99590875793024,130.22158494014187,17654600
2019-10-11,131.34054565429688,132.60995106358794,131.1712992518736,131.75427821281482,25446000
2019-10-14,131.21829223632812,131.91410200130701,131.19008450789798,131.34993308492764,13304300
2019-10-15,133.1177215576172,133.32457349312352,131.46279129133137,131.69786530890337,19695700
2019-10-16,132.0269775390625,132.57235099340375,131.19951238795443,132.3842802970394,20751600
2019-10-17,131.34996032714844,132.97666851103372,130.71996368191864,132.53472821026696,21460600
2019-10-18,129.20608520507812,131.64144855997057,128.40682781399516,131.4157723400958,32273500
2019-10-21,130.1652069091797,130.2310345355918,128.82998791581943,130.1840168521235,20078200
2019-10-22,128.2281494140625,131.6508259728014,128.12471628943948,130.6729245336376,27431000
2019-10-23,129.0462188720703,129.2436729830338,127.5135319116312,128.70771176264134,29844600
2019-10-24,131.58502197265625,132.03636002648724,130.3908420585383,131.06785631317385,37029300
2019-10-25,132.32785034179688,132.7133751402502,130.88919862832773,131.0208394927047,25959700
2019-10-28,135.58128356933594,136.97291764256804,134.94187482361625,135.7787376960855,35280100
2019-10-29,134.30247497558594,135.8727675221011,134.13321424031946,135.47784493684978,20589500
2019-10-30,135.9761962890625,136.34291113129765,134.26485079344687,134.95127715919725,18496600
2019-10-31,134.81021118164062,136.27707040936795,134.4529085157686,136.24886268174058,24605100
2019-11-01,135.13934326171875,135.7975475970039,134.4341212565321,135.6470967924306,33128400
2019-11-04,135.91981506347656,136.34294547297444,135.5531001288743,136.18309684484328,16912000
2019-11-05,135.83518981933594,136.3617533741931,135.31802406089378,136.31473569655643,18250200
2019-11-06,135.45909118652344,135.8916338247031,134.65043574384444,135.750580762178,16575800
2019-11-07,135.6470947265625,136.23008799846062,135.18635887276898,135.25217213140596,17786700
2019-11-08,137.24560546875,137.27381319989922,135.17694286595528,135.38380912623475,16732700
2019-11-11,137.38661193847656,137.6781013239155,136.08899921849735,136.66258019711972,14362600
2019-11-12,138.289306640625,138.75945452854808,137.33959872444444,137.5464649429526,18641600
2019-11-13,138.51502990722656,138.6560829448576,137.54652597617488,137.97906853801624,16919200
2019-11-14,139.22023010253906,139.5493394573427,138.2235185906592,138.24232852893402,19729800
2019-11-15,141.0161590576172,141.03496899056526,139.41765910362977,140.0382434131667,23485700
2019-11-18,141.36412048339844,141.56158898894984,140.08531713883045,141.11025085197898,21534000
2019-11-19,141.4111328125,142.29501346031734,141.232474254182,141.87188307617376,23935700
2019-11-20,141.1658172607422,142.31688312760556,140.0713732271126,141.81683157521755,25696800
2019-11-21,141.03369140625,141.33561685113608,140.10906992533216,140.9582100450285,18576100
2019-11-22,141.1375274658203,141.80741579079225,140.41104609523438,141.59041579676025,15901800
2019-11-25,142.684814453125,142.79804369806604,141.44883770338845,141.5243190678164,22420900
2019-11-26,143.43963623046875,143.807598941976,142.76976241042755,142.80749590026912,24620100
2019-11-27,143.7132568359375,143.88307913372716,142.9584574759159,143.72268660917013,15184400
2019-11-29,142.8263702392578,143.69438447402376,142.73201491949175,143.50568823109214,11977300
2019-12-02,141.09976196289062,143.2509306587758,139.93926647088404,143.23205671678392,27418400
2019-12-03,140.87339782714844,140.9866127501762,138.36369479157673,139.15624244259413,24066000
2019-12-04,141.38279724121094,141.69413806696122,140.76951656812594,141.65640458391803,17574700
2019-12-05,141.4582977294922,141.8262748585036,141.0337275608038,141.57152699865006,17869100
2019-12-06,143.17547607421875,143.2886909541522,141.77910643416462,142.4584245069698,16403500
2019-12-09,142.80752563476562,143.6095028277362,142.3829554017944,142.53391818579414,16687400
2019-12-10,142.59048461914062,143.30753604199774,142.24138148197392,142.74143296312153,16476100
2019-12-11,143.12831115722656,143.28870371695263,141.8357265075143,142.9773483728008,18856600
2019-12-12,144.58126831054688,144.76996454781232,142.48670696472038,143.0810993922765,24612100
2019-12-13,145.79837036132812,146.13802934491036,144.19443075975641,144.35482328025358,23845400
2019-12-16,146.74191284179688,147.0910017099532,146.07203883011286,146.34564630039128,24144200
2019-12-17,145.9493408203125,146.91171039074393,145.7228966870931,146.6663923139394,25425600
2019-12-18,145.64739990234375,146.69468051322278,145.46813344875017,145.5813627016825,24129200
2019-12-19,146.9116973876953,146.9683048168397,145.06243978824867,145.29831367408323,24958900
2019-12-20,148.51564025878906,149.53461719601128,147.45891543689208,148.45903282837668,53477500
2019-12-23,148.51564025878906,149.18551404746862,148.38355145562693,149.18551404746862,17718200
2019-12-24,148.4873504638672,148.79870575692377,148.24203238028258,148.58169139119875,8989200
2019-12-26,149.70448303222656,149.76109047910452,148.506239285762,148.65720207517253,14520600
2019-12-27,149.9780731201172,150.53473209198071,149.2798811644335,150.44037676943395,18412800
2019-12-30,148.6854248046875,150.03463060560506,147.8740182493612,150.00632689758407,16348400
2019-12-31,148.78929138183594,148.855343001136,147.60992157951225,147.91184715927704,18369400
2020-01-02,151.5442657470703,151.6480508437844,149.38366705660513,149.80823721712613,22622100
2020-01-03,149.65725708007812,150.9121078685936,149.12890188419777,149.3742199369989,21116200
2020-01-06,150.04409790039062,150.11014950002246,147.66648505583996,148.20428443592868,20813700
2020-01-07,148.67605590820312,150.6479584895555,148.43075220605184,150.31774362857513,21634100
2020-01-08,151.0442352294922,151.71412356453547,149.0251548459884,149.949776674837,27746500
2020-01-09,152.93124389648438,153.05390296792817,151.93114056607862,152.69536992623378,21385000
2020-01-10,152.2235870361328,153.9973634920825,152.07262427464744,153.61997098497042,20725900
2020-01-13,154.053955078125,154.08225879341623,152.14809000111734,152.61983778477074,21626500
2020-01-14,152.96896362304688,154.35590346442973,152.5821269278907,154.15776303140277,23477400
2020-01-15,153.95960998535156,154.6766758779403,153.38409147181704,153.43125473603405,21417900
2020-01-16,156.78067016601562,156.8467217717717,154.7615900543168,155.06351557217135,23865400
2020-01-17,157.65814208984375,158.0072309026949,156.08249155325078,157.96005323691986,34371700
2020-01-21,157.09201049804688,158.68652029544697,157.02595889858074,157.26183278821745,29517200
2020-01-22,156.3372039794922,158.0260690136895,156.31833003814165,157.94114347591156,24138800
2020-01-23,157.29965209960938,157.37513350615984,155.931585797822,156.799600378243,19680800
2020-01-24,155.71450805664062,158.06381729197344,155.15784910579725,158.04494334885658,24918100
2020-01-27,153.11044311523438,154.1482938867752,151.14797081779244,152.04428863143318,32078100
2020-01-28,156.11080932617188,156.3938465269941,153.8558551144735,154.52572901855586,24899900
2020-01-29,158.5449981689453,159.214886395841,156.32779209265254,158.35630192364818,34754500
2020-01-30,163.01719665527344,164.21544030441976,161.1396349055562,164.21544030441976,51597500
2020-01-31,160.61126708984375,162.6586510071575,159.99800065070156,162.47939891941252,36142700
2020-02-03,164.5268096923828,164.6400245866179,160.77168587207294,160.79998959563173,30107000
2020-02-04,169.9423828125,170.43300443991677,166.34766772717052,167.13077061819826,36433300
2020-02-05,169.73484802246094,173.79188187042314,168.32904883087167,173.63148935041767,39186300
2020-02-06,173.25411987304688,173.433386359374,169.88583331610553,170.7444178576712,27751400
2020-02-07,173.49940490722656,175.1410924302092,172.1690726591165,172.51817581999805,33529100
2020-02-10,178.03761291503906,178.16970172026257,172.89556488773874,173.20692015646554,35844300
2020-02-11,174.01834106445312,179.9246186871627,173.1314528445182,179.87744102505104,53159900
2020-02-12,174.27304077148438,175.34862494608424,171.57464336550967,175.09387715834822,47062900
2020-02-13,173.32960510253906,175.70720395202792,172.53705775610726,172.73519819186575,35295800
2020-02-14,174.876953125,174.93356056981418,172.32950293553395,172.89560617688272,23149500
2020-02-18,176.6506805419922,177.09412463421762,175.01843715376268,175.12222224761544,27792200
2020-02-19,177.18051147460938,178.03197121372997,176.4141948222158,177.91844709809394,29997500
2020-02-20,174.4747314453125,177.15211900829618,171.33377748279395,176.86829430160537,36862400
2020-02-21,168.95912170410156,173.6043421717942,167.69138773814998,173.29213644538692,48572600
2020-02-24,161.67437744140625,165.13700729463477,154.42745645308867,158.7226349755328,68311100
2020-02-25,159.0064239501953,165.41132486252457,158.6090607667317,164.805838994472,68073300
2020-02-26,160.9931640625,163.9165247766763,159.13886994906164,160.5579787737206,56206100
2020-02-27,149.64974975585938,158.0224976383526,149.4605381321256,154.51257654493847,93174900
2020-02-28,153.27320861816406,154.88154350179207,143.80302759023863,144.19092080033346,97012700
2020-03-02,163.4718475341797,163.5948415686006,153.55701258830317,156.3952298558415,71030800
2020-03-03,155.6383819580078,165.56268769141312,153.50971883054677,164.4274035772847,71677000
2020-03-04,161.35272216796875,161.4946273164488,156.6885756636078,159.4038144705728,49814400
2020-03-05,157.3035430908203,161.6554697129854,156.75481908360516,157.0954059006378,47817300
2020-03-06,152.85694885253906,154.3138942279223,147.58731781911428,153.84085795286106,72821100
2020-03-09,142.49745178222656,149.24295410550792,141.9108913840012,142.85696399322785,70419300
2020-03-10,152.2420196533203,152.3460882294673,144.35177667029004,149.63086415534653,65354400
2020-03-11,145.34512329101562,149.19563087249077,142.9988530891375,148.65637705232737,56371600
2020-03-12,131.56085205078125,145.19376153679778,131.10674124965627,137.46435020909462,93226400
2020-03-13,150.2647247314453,153.17863030331625,133.14080353628432,139.54571958932405,92727400
2020-03-16,128.11717224121094,141.29597337845718,127.71982341179633,132.45018724186286,87905900
2020-03-17,138.6658477783203,139.54568823933343,127.71978245633906,132.4501447695368,81059800
2020-03-18,132.8285675048828,138.12657905107284,127.73870749052237,130.55799937704143,81593200
2020-03-19,135.0140380859375,142.05280667661373,131.5041021024752,135.0708001368095,85922700
2020-03-20,129.94308471679688,139.16729308730046,128.53343126632095,138.12660739420775,84866200
2020-03-23,128.64695739746094,132.98944191639754,125.37355404915603,129.62141109096703,78975200
2020-03-24,140.3403778076172,141.53243828297485,133.6516533768898,135.99790891117829,82516700
2020-03-25,138.9969940185547,146.00739592119635,136.65073785463616,140.8796838162509,75638200
2020-03-26,147.69140625,148.21174910976754,140.36879852981065,140.39717955525947,64568100
2020-03-27,141.6270751953125,146.53719464098646,141.1540388623716,143.56652704755473,57042300
2020-03-30,151.58921813964844,151.93927483997578,141.92035440787237,144.21931847637944,63420300
2020-03-31,149.2051544189453,155.8938819121666,148.1171619879572,150.80400539741188,77927200
2020-04-01,143.90713500976562,149.24298505489344,142.6867074425819,144.74913922915178,57969900
2020-04-02,146.88723754882812,147.0953746911042,142.2514872401482,143.67059624516327,49630700
2020-04-03,145.53439331054688,148.89295493206708,143.98283436000952,146.73590991390358,41243300
2020-04-06,156.35748291015625,157.52114861461888,149.0821795022311,151.67442462231259,67111700
2020-04-07,154.67343139648438,160.8323594955276,154.4558242809488,160.4444662227108,62769000
2020-04-08,156.22503662109375,157.68198266607857,154.68293303615982,156.73590968114794,48318200
2020-04-09,156.23439025878906,158.34412759716528,154.5220015826237,157.38859970250957,51385100
2020-04-13,156.58448791503906,156.641264403409,153.54760262178084,155.48705455059172,41905300
2020-04-14,164.33277893066406,164.38008543955723,158.94016894299634,159.88624137718085,52874300
2020-04-15,162.61099243164062,164.20985772371654,160.11336089467187,161.9676554409461,40940800
2020-04-16,167.49267578125,167.71973838730918,163.57593605123742,164.90044626603395,50479600
2020-04-17,168.96859741210938,170.2930934758854,166.38580843385955,169.82005710511905,52765600
2020-04-20,165.6194610595703,169.11047113712758,165.55324348664345,167.10480191712205,36669600
2020-04-21,158.76992797851562,164.30444463062025,157.152137304255,164.1436140033889,56203700
2020-04-22,164.1625213623047,164.6166321676054,161.60812823309527,162.1473821076544,34620200
2020-04-23,162.1758270263672,165.61953206485347,161.6933350078834,164.7207656292019,32790800
2020-04-24,165.13697814941406,165.14643367864994,161.5040627655281,162.78125213665297,34277600
2020-04-27,164.66395568847656,167.36025421154562,163.95440116620728,167.0669739854221,33194400
2020-04-28,160.65260314941406,166.19658975824308,160.25525434705176,166.12090220980403,34392700
2020-04-29,167.86167907714844,168.09819726179364,162.61098692676447,163.8787209318409,51286600
2020-04-30,169.54571533203125,170.67152985440285,166.72640795272287,170.29310650321034,53875900
2020-05-01,165.15594482421875,169.00645382800602,164.62613190053162,166.31961039097436,39370500
2020-05-04,169.19566345214844,169.34703857135958,164.42746268440473,165.08025525456762,30372900
2020-05-05,171.01210021972656,173.74624981187438,170.19847710047543,170.87965061593798,36839200
2020-05-06,172.69607543945312,174.26655932356306,171.83516039766008,172.26089015431316,32139300
2020-05-07,173.69895935058594,174.59772555870285,172.73396112199262,174.23821330108638,28316000
2020-05-08,174.72067260742188,175.02342275440157,173.47186434093456,175.00449726123495,30877800
2020-05-11,176.66957092285156,177.39803630069852,172.98934974451117,173.27315992501275,30892700
2020-05-12,172.66773986816406,176.95344845601588,172.46907266619553,176.72640022519468,32038200
2020-05-13,170.0565643310547,174.12467974465682,167.0196646746437,172.70557072381354,44711500
2020-05-14,170.7944793701172,170.94585444546237,166.2060216456781,167.96571719778115,41873900
2020-05-15,173.28265380859375,176.9723310236414,167.45484336581754,169.403750532531,46610400
2020-05-18,174.93829345703125,176.15872079777952,174.0395273458231,175.7329910015149,35264500
2020-05-19,173.72732543945312,176.53716236645175,173.59487584581345,175.0518213758498,26799100
2020-05-20,176.13706970214844,176.31732647585,174.50529134965993,175.3306623912089,31261300
2020-05-21,174.02142333984375,177.0952410908258,173.88860485853687,175.89037841860198,29119500
2020-05-22,174.0973358154297,174.9986196647413,173.1770882359125,173.7937568947115,20826900
2020-05-26,172.25682067871094,176.9339415138883,171.81092701385654,176.78214484582574,36073600
2020-05-27,172.48451232910156,172.65528721071786,167.54175424409405,170.95709263901247,39517100
2020-05-28,172.0955352783203,174.70448091194282,171.12786404793408,171.46939932810795,33810200
2020-05-29,173.85067749023438,174.81836335004485,171.15635122877697,173.3573454571367,42130400
2020-06-01,173.45216369628906,173.6134422060121,172.15243928044015,173.17703046266587,22622400
2020-06-02,175.42552185058594,175.51090205839748,172.04812518661575,174.79937137437696,30794600
2020-06-03,175.85247802734375,176.4027302873541,174.16377930488852,175.3401821858898,27311000
2020-06-04,173.53758239746094,176.30780669177656,172.94938835191115,174.8468034419461,28761800
2020-06-05,177.59803771972656,178.10085152705264,172.67424357239446,173.25295571540923,39893600
2020-06-08,178.69851684570312,178.87877355820228,174.9795857745705,176.4026467981423,33211600
2020-06-09,180.064697265625,180.91852827671923,177.65497196351984,178.35702076730806,29783900
2020-06-10,186.74363708496094,188.33747369271373,181.2126689565412,181.32652373460837,43872300
2020-06-11,176.71580505371094,185.71903276484798,176.52606638990972,183.22394110740433,52854700
2020-06-12,178.1103515625,181.8862033655673,175.68164819844708,180.76672098608847,43373600
2020-06-15,179.2488250732422,181.0324000812959,174.57168884769598,175.1124591548258,32770200
2020-06-16,183.641357421875,185.54825469768906,181.6395835851001,182.9962286548291,42556700
2020-06-17,184.2769317626953,186.25024490441595,183.7551397941422,185.02640424397987,25687800
2020-06-18,186.25027465820312,186.4115532058611,184.04926617601018,184.04926617601018,23061600
2020-06-19,185.14027404785156,189.06792275669048,184.4002833111231,188.40383036169425,44441100
2020-06-22,190.28228759765625,190.46252987916642,185.21617808322773,185.74745201555635,32818900
2020-06-23,191.5535888671875,193.48894634396535,191.09819871583719,191.7243493168451,30917400
2020-06-24,187.69229125976562,192.8248023892685,186.477946798873,191.25944078024958,36740600
2020-06-25,190.06405639648438,190.32021147388468,185.44385552035675,187.65434572459228,27803900
2020-06-26,186.25975036621094,189.63714684348795,184.88412734837098,189.48535016501688,54675800
2020-06-29,188.26153564453125,188.3469158529833,183.62235612896023,185.73796999200283,26701600
2020-06-30,193.0714569091797,193.9158059998674,187.59742509113957,187.73024356126592,34310300
2020-07-01,194.20045471191406,195.76583103340928,191.42074822230836,192.72047308150405,32061200
2020-07-02,195.680419921875,197.3501545246881,194.48505358442102,195.1301677892324,29315800
2020-07-06,199.8926544189453,200.30060614513152,197.41652742513998,198.11857614111364,31897600
2020-07-07,197.56834411621094,203.65904475231002,197.32168536857642,199.6554977974831,33600700
2020-07-08,201.91342163085938,202.3213589127099,197.9857731079921,199.29499410765712,33600000
2020-07-09,203.32699584960938,205.28133095940976,200.62317371738888,205.23389268976726,33121700
2020-07-10,202.7103271484375,203.09930069264342,200.2531782297019,202.66288887882965,26177600
2020-07-13,196.4488983154297,204.73111197415724,195.9081280111182,203.4788109385705,38135600
2020-07-14,197.66322326660156,198.13757704024243,191.66738461923939,195.55709135354584,37591800
2020-07-15,197.36911010742188,200.49036601836565,194.51350562552136,198.8111496204807,32179400
2020-07-16,193.46043395996094,195.14913217192185,191.93301428777966,194.8645170233169,29940700
2020-07-17,192.47377014160156,194.5229672110187,191.0601908439934,193.9822114975741,31635300
2020-07-20,200.74647521972656,201.4105674502128,192.59706831807256,194.48500110114227,36884800
2020-07-21,198.04269409179688,202.9664884191698,197.3596235217493,202.70085147260994,37990400
2020-07-22,200.88882446289062,201.41061651256538,197.70116650393845,198.46961730612836,49605700
2020-07-23,192.15122985839844,200.1014041342364,191.7812344755157,196.5627288593702,67457000
2020-07-24,190.9748077392578,192.45478900756189,187.37919848827087,190.13994057206003,39827000
2020-07-27,193.3940887451172,193.50792904753322,190.55744724214992,191.13615957298498,30160900
2020-07-28,191.65794372558594,194.20047354727194,191.39230671365252,193.1663855739503,23251400
2020-07-29,193.59323120117188,194.15296509716148,191.64837812114524,192.11324996208856,19632600
2020-07-30,193.44142150878906,193.97270978098328,189.33353145128243,190.6901760036639,25079600
2020-07-31,194.49453735351562,194.57993203827127,188.80229182700702,193.9158251459421,51044000
2020-08-03,205.43316650390625,206.47675080253617,199.64605800787368,200.67066409849275,78983000
2020-08-04,202.349853515625,203.75395129663647,199.52270869905698,203.18472090150962,49280100
2020-08-05,202.0177764892578,203.97211161459398,200.71805185226052,203.87723507455476,28806400
2020-08-06,205.25286865234375,205.2718323790918,200.6990698627939,201.44854240090544,32656800
2020-08-07,201.58135986328125,204.63619908524305,200.11086038451512,203.82980641865512,27820400
2020-08-10,197.56834411621094,201.01215709979328,195.76580559059593,200.81292214799484,36716500
2020-08-11,192.9481658935547,196.9991371237321,192.72047084685101,196.5342796413907,36446500
2020-08-12,198.4601287841797,199.4942165085806,194.2478650715753,194.76016076380623,28013100
2020-08-13,197.99525451660156,200.50933810472836,197.47346249067883,198.6973032856729,22588900
2020-08-14,198.18499755859375,198.83960807157098,196.86629466872947,198.05217908321634,17958900
2020-08-17,199.49423217773438,200.35755956457717,198.20398926781266,198.84911796083807,20184800
2020-08-18,200.6421661376953,201.46753707867512,198.47911406909904,199.73140051485709,21336200
2020-08-19,199.42489624023438,201.7073072260779,198.99694871511463,201.12719606634397,27627600
2020-08-20,204.06573486328125,204.46515342165435,198.6735625585654,199.27268314056542,26981500
2020-08-21,202.58221435546875,205.65394317773766,202.42054594494113,203.3810516231777,36249300
2020-08-24,203.21932983398438,204.9596627529466,202.02105973604284,204.2654218351773,25460100
2020-08-25,205.8631134033203,205.99625291486956,202.65824583245129,202.65824583245129,23043700
2020-08-26,210.31385803222656,211.20780126292092,206.70957075245423,207.20409531837257,39600800
2020-08-27,215.47772216796875,219.82378745451916,208.64953017226586,211.96852755925246,57602200
2020-08-28,217.69363403320312,219.33886163691153,215.47780004695665,216.99939288185305,26292900
2020-08-31,214.4792022705078,217.49387296688693,213.31898017144454,215.87717456181977,28774200
2020-09-01,216.1339874267578,216.30516063040494,213.43313373208045,214.46021648733137,25725500
2020-09-02,220.29934692382812,221.45006436765206,216.21005476958462,216.7996706686181,34080800
2020-09-03,206.65248107910156,218.07399570279384,204.42714264306883,218.03596205488873,58400300
2020-09-04,203.75198364257812,207.66059870503477,195.13591608430326,204.56034037396486,59664100
2020-09-08,192.7298583984375,199.73873084324882,192.2923915711213,196.3816986090303,52924300
2020-09-09,200.93698120117188,204.31303742314904,196.57189039154144,197.42779993984246,45679000
2020-09-10,195.30703735351562,204.21792506843929,194.10878152227107,202.94357291773917,35461500
2020-09-11,194.03271484375,198.4073248418045,191.37942868513088,197.04738599235657,33620100
2020-09-14,195.34512329101562,198.94941077727452,194.03273723790667,194.23245383729784,30375800
2020-09-15,198.54998779296875,199.5009887938015,196.7906301369787,198.20762685222402,21823900
2020-09-16,195.0027618408203,200.3283588403451,194.61284794037527,200.29982997066608,26328100
2020-09-17,192.9676055908203,194.31802519389234,190.1621557000872,190.2477423026266,34011300
2020-09-18,190.57107543945312,193.6713332416722,186.6339321767802,192.8629911592998,55225300
2020-09-21,192.61573791503906,192.77742085630518,186.75758272996697,187.52789122522552,39839700
2020-09-22,197.25657653808594,197.90326460276722,192.17823594587236,195.01221415675678,33517100
2020-09-23,190.76123046875,197.9032551453432,190.22867238865066,197.7130433929197,30803800
2020-09-24,193.2338409423828,195.4972273267602,189.43934279994772,190.05750198205325,31202500
2020-09-25,197.63699340820312,198.79720103506912,192.61569582922453,193.5762159252499,29437300
2020-09-28,199.1776885986328,202.1543269227058,197.8653023323544,200.54713261368397,32004900
2020-09-29,197.1044464111328,199.77677119863617,196.67649889728182,199.09204937202554,24221900
2020-09-30,200.0240478515625,201.5931937424577,196.41974583117735,197.55143937566044,33829100
2020-10-01,202.0496826171875,203.5047130134632,200.9655420373914,203.02921250458556,27158400
2020-10-02,196.0868682861328,200.65167528471918,195.46870902474427,197.80817750902324,33154800
2020-10-05,200.07159423828125,200.10012310727936,196.83818214429814,197.0664276074068,21331600
2020-10-06,195.82057189941406,199.8813347365297,194.78398454349198,198.58798762088978,28554300
2020-10-07,199.5485076904297,199.81478676432883,196.5908945021514,196.9142313045831,25681100
2020-10-08,200.2617645263672,200.84187563629666,198.1125077886739,200.19518750026828,19925800
2020-10-09,205.2355194091797,205.2830723604593,200.8799331744118,200.8799331744118,26458000
2020-10-12,210.5515899658203,212.89105852593914,206.18649938983765,208.06947707751453,40461400
2020-10-13,211.9400634765625,214.17492142049753,209.6291237184592,211.80692392954865,28950800
2020-10-14,210.0380401611328,213.23340347358484,208.39281281758815,212.07318132071637,23421700
2020-10-15,208.89688110351562,209.56257889479267,205.4257187807253,206.46232088906044,22733100
2020-10-16,208.89688110351562,211.39800384153673,208.57354424934155,209.36286230184777,26057900
2020-10-19,203.72341918945312,211.40750840007541,203.24791872724472,209.6196220186127,27625800
2020-10-20,204.13233947753906,206.71906311300145,202.64878038007848,205.22599923044717,22753500
2020-10-21,204.27500915527344,206.2911265473587,202.67731999633713,202.67731999633713,22724900
2020-10-22,204.36061096191406,205.4732804267989,201.32691535138122,203.4476435873007,22351500
2020-10-23,205.63487243652344,205.68242537262307,202.71530790232606,204.49367452572605,18879600
2020-10-26,199.78628540039062,205.73954624505387,197.9033075440224,203.37156311827778,37111600
2020-10-27,202.8009490966797,204.1513686811001,200.0240281118137,201.2222840641838,36700300
2020-10-28,192.7488555908203,198.607024621871,192.19728783819525,197.49435530937347,51195600
2020-10-29,194.6888885498047,197.1995301279508,193.40503164153142,194.0707438227818,31432600
2020-10-30,192.5491485595703,194.27996260842124,189.8387902580295,193.52867830113843,36953700
2020-11-02,192.416015625,195.22146540382536,190.3142972315909,194.2799692800792,30842200
2020-11-03,196.31509399414062,197.92228771553013,193.16728357467176,193.89955827547783,27512000
2020-11-04,205.787109375,207.62254888258494,202.01163417869662,203.5332416095093,42311800
2020-11-05,212.34893798828125,213.13827030344208,210.31379708922137,211.16018712408462,36080100
2020-11-06,212.75790405273438,213.36654399549167,207.3467070793611,211.36943647428635,25231900
2020-11-09,207.68911743164062,216.94235352722168,207.2041121231752,213.44267665042355,44395000
2020-11-10,200.67068481445312,205.89168472264777,199.44390009868965,203.98968301620297,44045100
2020-11-11,205.93923950195312,207.35622149875866,201.80237994913776,201.98307243463896,29440800
2020-11-12,204.8836212158203,208.37379252192883,203.95164446517558,206.56689674868196,21593900
2020-11-13,205.90122985839844,206.7666442870984,203.6663861220281,205.7585855069091,18621100
2020-11-16,206.58596801757812,207.0709878730414,204.00876312378958,204.34160480715366,24953300
2020-11-17,203.95162963867188,207.01383873960796,203.59024470584538,205.51127030664728,24154100
2020-11-18,201.26284790039062,205.1626219373687,201.11981554517192,203.7133117893562,28372800
2020-11-19,202.54049682617188,203.12212674684727,200.1662996976876,201.5488728798159,24792700
2020-11-20,200.6049041748047,203.37002133531357,200.23304339047263,202.3307199828359,22843100
2020-11-23,200.33792114257812,202.4165237769286,198.4786172840736,201.13884979714734,25683500
2020-11-24,203.91354370117188,204.28540453235834,199.14608968641437,199.84213389881677,33979700
2020-11-25,203.9230499267578,205.27700496539273,202.57863910648877,205.10538362416776,21012900
2020-11-27,205.2198028564453,206.2114413491955,204.08514657585314,204.85748627754103,14512200
2020-11-30,204.11375427246094,204.77165061209422,201.03396893960857,204.14235782857054,33064800
2020-12-01,206.15420532226562,207.21258045120723,203.427221673315,204.53325969211036,30904500
2020-12-02,205.35328674316406,205.44864163250293,202.90282321758022,204.88608561309852,23724500
2020-12-03,204.2758331298828,206.31630244938077,203.71326261374324,204.62861999918616,25120900
2020-12-04,204.3902587890625,205.36282333758197,203.26513224291,204.2567706784118,24666000
2020-12-07,204.3235321044922,205.51539557517503,203.08400573427372,204.39981311250966,24620000
2020-12-08,205.9635467529297,206.85983045142456,202.98866005078952,204.0184318820954,23284100
2020-12-09,201.9493408203125,205.2198070616338,201.3867847777883,205.15307027564458,32440600
2020-12-10,200.72885131835938,203.16978500107612,200.57628932591146,201.92071460477283,26733300
2020-12-11,203.34141540527344,203.3986370668293,199.38443493743736,200.28071849667674,30979400
2020-12-14,204.23770141601562,206.15422700053367,202.97910127982664,203.18887039404368,28798400
2020-12-15,204.17095947265625,205.40095602118834,202.36886270906425,205.16258335643218,27000600
2020-12-16,209.0814208984375,209.8728198548005,204.733506021788,204.76210957630974,35023300
2020-12-17,209.2149200439453,210.6165524859304,207.7846840459289,209.64398793352765,32515800
2020-12-18,208.42349243164062,209.47233783916994,205.9730293236653,208.42349243164062,63354900
2020-12-21,212.2374725341797,213.5818977933264,207.1744396955976,207.4318862354392,37181900
2020-12-22,213.52476501464844,215.136167043055,211.53197242706088,212.3329013308113,22612200
2020-12-23,210.74046325683594,213.16232259735528,210.53069419398273,212.73325480483177,18699600
2020-12-24,212.3900604248047,213.2100630357943,210.91214688127394,211.12191600611644,10550600
2020-12-28,214.49722290039062,215.5174501395018,212.64744905756308,214.0109334484269,17933500
2020-12-29,213.72494506835938,216.61402086713673,213.18146290824112,215.78448857316525,17403200
2020-12-30,211.36976623535156,215.13606533500953,211.16954137863118,214.75466040702486,20272300
2020-12-31,212.07540893554688,212.62843531139845,209.46283906668538,211.3888944378769,20942100
2021-01-04,207.5653839111328,212.62841698318834,204.81932615715849,212.18027520947413,37130100
2021-01-05,207.76559448242188,208.35676854372653,205.66791808676217,207.15536108460975,23823000
2021-01-06,202.37843322753906,206.4212396755141,202.08285339143748,202.30215221352643,35930700
2021-01-07,208.13746643066406,209.138634517425,203.77049208114227,204.08513119067524,27694500
2021-01-08,209.40557861328125,210.32093589339922,206.93604171408924,208.50929521688312,22956200
2021-01-11,207.37472534179688,208.72868057115633,206.6500630013542,208.30914227913487,23031300
2021-01-12,204.9337615966797,207.00284934438994,203.39865544372427,206.4307490700466,23249300
2021-01-13,206.2781219482422,206.67858619423592,203.98020645539054,204.06603165383257,20087100
2021-01-14,203.1125946044922,207.34609567404829,202.8456183702962,205.86818216746164,29480800
2021-01-15,202.75978088378906,204.5332740745868,202.1686213365607,203.58932764260769,31746500
2021-01-19,206.37353515625,206.88841374691182,202.740737816412,203.80864277429654,30480900
2021-01-20,213.9060821533203,215.28864064220252,207.1839703739338,207.57490501983722,37777300
2021-01-21,214.50682067871094,215.77496515454496,212.07541629419055,214.24937409587324,30709400
2021-01-22,215.4412078857422,219.3695992284759,215.29819010893078,216.5186569680968,30172700
2021-01-25,218.85467529296875,219.0930479201383,213.79164301974544,218.46374069262419,33152100
2021-01-26,221.52450561523438,223.28845475671793,219.3791514478603,221.07636380300931,49169600
2021-01-27,222.06797790527344,229.25730592090014,219.43634881456967,226.9307862882382,69870600
2021-01-28,227.81753540039062,231.35499244547177,224.15613445257466,224.65195371085622,49111200
2021-01-29,221.17169189453125,226.949842757254,220.59006203100665,225.014257951401,42503100
2021-02-01,228.5040283203125,231.22148249088136,221.61982466737663,224.12750973113813,33314200
2021-02-02,228.37049865722656,231.04027489971,227.58864403248438,230.0772547566796,25916300
2021-02-03,231.69825744628906,233.6910496666939,228.132196723632,228.42779108401726,27158100
2021-02-04,230.75428771972656,231.9270918000538,229.19056349507096,231.37406542742858,25296100
2021-02-05,230.9354248046875,231.96519641817662,229.2382126683199,230.96402835930283,18054800
2021-02-08,231.19288635253906,232.34660192788067,229.61008833189024,231.84125303139,22211900
2021-02-09,232.43240356445312,233.37634993048727,230.1535616523339,230.62076272671874,23565000
2021-02-10,231.52664184570312,234.48245458099242,229.6863970456526,233.60524479540956,22186700
2021-02-11,233.1189727783203,233.74826565398322,230.8877932312996,233.3954787109024,15751100
2021-02-12,233.59568786621094,233.89126765033635,231.44078960935016,232.5849755201089,16561100
2021-02-16,232.3656463623047,234.68263598664956,231.6219248900733,233.63379055190723,26728500
2021-02-17,233.37867736816406,233.48380348312867,230.26314413417265,230.6263097281633,21653500
2021-02-18,232.9868621826172,233.12065774190984,230.1867070550558,231.0850549171446,16925600
2021-02-19,230.29180908203125,233.05374286763362,229.53680847582015,232.94861675471643,25262600
2021-02-22,224.11810302734375,227.386550086894,222.101603324749,226.89915507557774,36446900
2021-02-23,222.93301391601562,224.4238826563991,218.59418865093036,220.12329302100676,30228700
2021-02-24,224.15631103515625,224.7775015366936,218.85224710793744,219.81748539347333,26339700
2021-02-25,218.84268188476562,224.19451814657435,217.78186916527636,221.795750007288,39542200
2021-02-26,222.0824737548828,224.93996757449008,219.36831252056643,221.27013424972316,37819200
2021-03-01,226.44039916992188,226.9469119322539,222.8183385683915,225.4464768789382,25324000
2021-03-02,223.50645446777344,226.784467587276,223.10506778464256,226.5073102648569,22812500
2021-03-03,217.47604370117188,223.2292812046213,217.18933480024668,221.87220796170382,34029500
2021-03-04,216.68283081054688,222.18759526620298,214.32228361038455,216.69239700995695,44727800
2021-03-05,221.33706665039062,222.93306184160264,216.42483712747304,219.3492363750006,41872800
2021-03-08,217.31356811523438,223.02856970876766,217.06509485729632,221.1171965727587,35267400
2021-03-09,223.42044067382812,224.9495452618804,221.40394110736247,222.56032845718752,33080500
2021-03-10,222.1206512451172,226.49769709931348,221.75748571413183,226.49769709931348,29746800
2021-03-11,226.6219940185547,228.5715884889649,223.92695049895786,224.5481556095097,29907600
2021-03-12,225.3031463623047,225.3700514329935,222.89481172208454,223.6402462040966,22653700
2021-03-15,224.40480041503906,224.7679660415921,221.53774020361377,224.54816217518373,26034900
2021-03-16,227.17628479003906,229.42213971544066,225.4847153006478,225.80964526868732,28092200
2021-03-17,226.53599548339844,227.9790919022909,222.89483106316706,225.68543480408619,29562100
2021-03-18,220.49603271484375,223.81226667216245,220.12331549170005,222.25449271210522,34833000
2021-03-19,220.1424102783203,222.16846116831334,219.18672369509795,220.7827185391649,46430700
2021-03-22,225.5325469970703,226.40221095554915,219.94177304154996,220.06601699960015,30127000
2021-03-23,227.05201721191406,230.36825077878098,226.56462231061073,226.96600892038168,31638400
2021-03-24,225.0259552001953,227.4533925531072,224.89215967023355,227.31004540765497,25620100
2021-03-25,222.0442352294922,226.4403997014099,221.30836700029914,224.87307416129178,34061900
2021-03-26,226.0007781982422,226.2205966304287,221.28924994482534,221.28924994482534,25479900
2021-03-29,224.81576538085938,226.3066344377287,221.60465718813197,226.1059337957856,25227500
2021-03-30,221.57594299316406,223.48731618410747,220.85917804656026,223.18148947389884,24792000
2021-03-31,225.3222198486328,228.5046577799914,222.09199467370163,222.58895575814168,43623500
2021-04-01,231.6106719970703,232.0789491359086,227.50121636956897,227.90260302398238,30338000
2021-04-05,238.0328826904297,238.8834432319684,231.94514876834452,232.0024876345528,36910600
2021-04-06,236.8765411376953,238.3482924573763,235.93997211608016,236.63761942729994,22931900
2021-04-07,238.8261260986328,239.8104823385441,236.23622303026858,236.8287441813467,22719800
2021-04-08,242.0276336669922,242.87819416547856,240.83302540604947,241.56890817792387,23625200
2021-04-09,244.51243591308594,244.64623146115184,241.2535409277266,241.66447918870722,24326800
2021-04-12,244.56979370117188,246.25181167284637,243.3369496576039,243.42297254578972,27148700
2021-04-13,247.03546142578125,247.70445382432965,245.4490179032841,245.85998537594716,23837500
2021-04-14,244.26397705078125,247.36039284010613,243.85303874101194,246.0702390380511,23070900
2021-04-15,248.000732421875,248.4116707591767,246.3091772320126,246.5002970988925,25627500
2021-04-16,249.18572998046875,249.4342178445324,246.18488903899308,247.9720184237776,24878600
2021-04-19,247.27439880371094,249.89300052637145,246.39518326067673,248.660156360658,23209300
2021-04-20,246.81561279296875,248.66964699605762,245.45852508644163,246.39510838617096,19722900
2021-04-21,249.0328826904297,249.12845721467744,245.85045810625405,247.46557132071632,24030400
2021-04-22,245.7739715576172,250.17967342609856,244.31175743059978,248.67923824586626,25606200
2021-04-23,249.57754516601562,249.9216075016117,245.86947655978645,246.4524605409876,21462600
2021-04-26,249.9598388671875,250.8104140095919,248.64101575086653,250.06497956765273,19763300
2021-04-27,250.36122131347656,251.52716013928068,248.59319525951878,249.98848953786117,31014200
2021-04-28,243.2795867919922,245.171856823487,241.74093073064057,244.7322199736426,46903100
2021-04-29,241.32041931152344,244.7513453053083,237.96596457865203,244.13970646158364,40589000
2021-04-30,241.00506591796875,241.86519270079532,238.53940705534927,238.6732026105505,30945100
2021-05-03,240.69927978515625,243.07894518424,239.99206629825878,242.1710310515259,19626600
2021-05-04,236.80963134765625,240.07809311354603,234.86958826445405,239.84872302638533,32756100
2021-05-05,235.54812622070312,238.44385605143128,234.92693563518156,238.023351527179,21901300
2021-05-06,238.6636199951172,238.7878639244805,233.8469657565455,235.52896898947418,26491100
2021-05-07,241.2726593017578,243.03111924686715,240.03981535072342,240.97638418935017,27032900
2021-05-10,236.2266387939453,240.57501632961734,236.1692999233959,239.75312515895706,29299900
2021-05-11,235.31874084472656,235.6723548531134,231.8209384749103,233.71319412843349,33641600
2021-05-12,228.40914916992188,233.55074890972617,227.52036743013335,231.43867462866248,36684400
2021-05-13,232.2605438232422,234.71666570840435,230.72188761127558,231.08505323354785,29624300
2021-05-14,237.15362548828125,238.13798152602772,234.61151019865787,234.6975184933844,23901100
2021-05-17,234.3152618408203,235.6627836091261,232.7288329763286,235.62456255687053,24970200
2021-05-18,232.30833435058594,235.4907729425289,232.1363031545397,235.35697738232508,20168000
2021-05-19,232.88308715820312,232.98845603876603,228.55341861359128,229.23351488389122,25739800
2021-05-20,236.10159301757812,237.50969767500212,233.59191664793866,233.68771184739012,21800700
2021-05-21,234.8467254638672,237.87367214593564,234.4348383135843,237.1456784165481,21863100
2021-05-24,240.2205352783203,240.5845394923802,237.08821938185093,237.35642839759134,21411500
2021-05-25,241.12095642089844,242.1075855706364,240.25885810514714,241.16885401983907,17704300
2021-05-26,240.90065002441406,242.28959272486048,240.19180354769114,240.84316413471055,17771600
2021-05-27,238.81240844726562,240.89103543425676,238.75493718013217,240.59409080987143,24426200
2021-05-28,239.16683959960938,241.465792745696,239.0518970580082,240.43126602240122,18270200
2021-06-01,236.98289489746094,240.70910079580855,236.5614339482823,240.65162951257045,23213300
2021-06-02,236.88706970214844,238.77412110013952,235.48853873601223,237.68212307529706,19406700
2021-06-03,235.364013671875,235.96747662588672,232.76811590692853,234.8946406042707,25307700
2021-06-04,240.23011779785156,241.05390683833082,237.08822811237158,237.3277015006935,25281100
2021-06-07,243.12295532226562,243.39116434225733,239.2913811894754,239.45422133616353,23079200
2021-06-08,241.9351806640625,245.2303368109208,241.8776947734396,244.41612144782889,22455000
2021-06-09,242.91221618652344,244.77053196890688,242.54822658507075,243.1229539319254,17937600
2021-06-10,246.4085235595703,246.6192613065488,242.98885124050196,243.58274055491657,24563600
2021-06-11,247.03118896484375,247.60590172580916,245.80505712120518,247.1269549366099,18999700
2021-06-14,248.94692993164062,249.00440119707386,245.98701359889554,247.04070218614936,19150500
2021-06-15,247.48135375976562,249.0427248617362,246.82999318734542,248.8319871197661,18038900
2021-06-16,246.54261779785156,249.6078592604981,243.70724678964794,248.4775520192582,27220000
2021-06-17,249.91436767578125,250.7285828649351,245.23028442320287,245.2877556852528,27565500
2021-06-18,248.50631713867188,251.25546695524517,247.8549565392409,248.6979075420769,37202200
2021-06-21,251.571533203125,252.42404307695548,247.05986374534035,248.87985524946583,26696100
2021-06-22,254.33021545410156,254.59842436241473,251.35115260535085,251.65768542415978,24694100
2021-06-23,254.10037231445312,255.59468368349337,253.29574536439966,254.7900567334399,19518700
2021-06-24,255.46066284179688,256.57182299669046,254.2920314058393,254.9529803706691,21446900
2021-06-25,253.86097717285156,255.99709064188596,253.61194468968128,255.02004959422766,25611100
2021-06-28,257.4051513671875,257.57756518731253,254.7134728779589,254.98168189790582,19590000
2021-06-29,259.9722595214844,260.21173286835983,256.69628050647634,257.5487904204081,19937800
2021-06-30,259.4933166503906,259.93393943000825,258.2480669213287,259.2921672211762,21656500
2021-07-01,260.1639099121094,260.39379502371696,258.24812269513154,258.25768175305313,16725300
2021-07-02,265.9591064453125,266.2943749941608,261.02596110039144,261.33249401548636,26458000
2021-07-06,265.96875,267.6067399294796,262.7502121878958,266.3231659674658,31565600
2021-07-07,268.1431579589844,268.8711664752793,265.4802148256769,267.63547550225076,23260000
2021-07-08,265.7388916015625,266.9937300500227,263.29624504900966,265.24076815279574,24618600
2021-07-09,266.2368469238281,266.3422011475836,263.72717133618806,264.1103227820157,23916700
2021-07-12,265.64306640625,267.98988824180765,264.9342052474398,267.40558716373033,18931700
2021-07-13,269.1489562988281,270.94021266723723,265.71012175658416,265.83462337015317,26120100
2021-07-14,270.61456298828125,271.7161349148636,268.7370702579605,270.4612964858512,23113700
2021-07-15,269.1968078613281,270.6145007583491,268.04732397373385,270.1259657212331,22604200
2021-07-16,268.92864990234375,272.1375995678222,267.6929588734984,270.19307657220435,26186800
2021-07-19,265.3460693359375,268.56457724046334,262.89386448508327,267.18520835778435,32935600
2021-07-20,267.55877685546875,269.13929503242093,264.6276255505508,266.32308625199624,26259700
2021-07-21,269.55120849609375,269.66615103181897,265.61428048456565,267.1564748931921,24364300
2021-07-22,274.09161376953125,274.35982273487036,271.4861427208434,271.8884415525597,23384100
2021-07-23,277.47308349609375,277.779587266143,274.4365475767936,275.2699104262512,22768100
2021-07-26,276.87908935546875,277.4921551936187,274.57059187126583,276.8312063761206,23176100
2021-07-27,274.4747314453125,277.3867057866688,271.03589829340484,277.24302765018433,33604100
2021-07-28,274.1683044433594,277.9328192354718,271.87892473208046,276.82165916338664,33566900
2021-07-29,274.43646240234375,276.467191757566,274.0341343071643,274.187400760919,18168300
2021-07-30,272.91339111328125,274.589704434363,271.95549778694885,273.1624527325547,20944800
2021-08-02,272.82720947265625,274.69508409233026,271.7926682142206,274.3023442842748,16267400
2021-08-03,275.03033447265625,275.1357179422913,272.0417118924598,273.40193331425957,17879000
2021-08-04,274.44598388671875,275.48049565701376,272.6642873740252,274.1681866798716,16191300
2021-08-05,277.3293151855469,277.43469867133746,274.0533357906488,274.8004915502387,13900200
2021-08-06,277.2718200683594,277.3101439901318,275.50929969046035,276.3618388625209,16589300
2021-08-09,276.1893615722656,279.27377915914406,275.69126758135627,277.54958291688706,16117600
2021-08-10,274.3789978027344,277.0706760159155,273.19121929801037,276.6396122772204,18616600
2021-08-11,274.86761474609375,276.50560482275705,273.8234848662326,275.11664723521795,13955900
2021-08-12,277.60711669921875,277.76038316922904,274.28322503938256,274.5610223433131,14561300
2021-08-13,280.51910400390625,280.56698698359713,277.1185647007926,277.2910077393741,18249000
2021-08-16,282.1954650878906,282.4062028526903,277.8082959568594,280.84483158157366,22507600
2021-08-17,280.7393493652344,281.07461785942274,278.82356280710985,280.0784298966578,20075300
2021-08-18,279.021484375,282.94676489700373,278.579988799018,280.27872459621557,21813000
2021-08-19,284.81829833984375,285.4901192550461,277.0157389505049,277.06371360649507,29850500
2021-08-20,292.1025695800781,293.5229764433976,286.0562996654451,287.6494504032282,40817600
2021-08-23,292.38092041015625,293.1007158957985,289.6936956458467,291.03730802800146,22830200
2021-08-24,290.4326477050781,293.3406200208981,289.8376215126441,292.73598718389235,18175800
2021-08-25,289.8472595214844,292.3233431392219,288.3212965855392,292.04501401347983,20006100
2021-08-26,287.0448913574219,290.2503776581435,286.9105447389248,288.86836772999834,17666100
2021-08-27,287.6495361328125,288.7532169333331,284.8759095157889,286.9489244928355,22605700
2021-08-30,291.36358642578125,291.96821926723266,288.935477703884,288.99305899463644,16348100
2021-08-31,289.7224426269531,292.23692312498054,289.35774161636004,292.16015783837884,26285300
2021-09-01,289.6744384765625,292.8991369938273,289.34813475379116,290.6725629329241,18983800
2021-09-02,289.0218811035156,291.14287031326114,288.0909444169398,290.02961237848854,16285600
2021-09-03,289.01226806640625,290.41346160185293,288.16770342962735,288.8682855530755,14747900
2021-09-07,288.09100341796875,288.9643589863869,286.190761650003,288.8875936708222,17180400
2021-09-08,288.1197509765625,288.5036360740859,285.4901073055441,287.7070752289388,15046800
2021-09-09,285.2789611816406,289.97204208683576,285.0390293387629,288.705194927188,19927000
2021-09-10,283.8008728027344,287.84134470048576,283.48417576872026,286.4017541506048,19633400
2021-09-13,285.0294189453125,286.51701392472955,282.2366088163071,285.56686392320825,23652900
2021-09-14,287.71661376953125,289.2521830846945,286.09467252451213,287.4958659786448,21853400
2021-09-15,292.5440979003906,293.02396157546303,289.66491584995623,291.0469255772491,28356300
2021-09-16,292.927978515625,293.01435046119434,288.6476028000496,291.5267848065768,19550800
2021-09-17,287.79345703125,292.23699967637344,287.467153222757,291.92030251442793,41372500
2021-09-20,282.44775390625,286.6897617780861,277.86025823894886,284.395999300158,38278700
2021-09-21,282.92755126953125,285.5572235689827,282.22696919676986,283.78172248901336,22364100
2021-09-22,286.5552978515625,288.12926431682723,282.64923090626985,284.77982618940496,26626300
2021-09-23,287.495849609375,288.7818804171432,285.54760475520084,286.8144515647207,18604600
2021-09-24,287.2943420410156,287.72620170617705,284.971789339243,286.21945226743645,14999000
2021-09-27,282.3230285644531,284.53038991922193,281.14255329173125,284.21369275698544,23571700
2021-09-28,272.1019287109375,279.0695596937094,271.36294908401516,278.1290162051692,43186200
2021-09-29,272.56256103515625,275.2209951886973,271.6124403531808,273.61826695321446,26353700
2021-09-30,270.56634521484375,276.23830803362955,270.27840943903544,274.20369075422246,32343600
2021-10-01,277.45721435546875,278.301779205865,269.9617452410387,270.7583061453329,30086300
2021-10-04,271.7084045410156,276.1615536435043,268.9635982922401,275.8256432027342,31350700
2021-10-05,277.130859375,278.7047968877301,272.61052278816857,272.61052278816857,24993000
2021-10-06,281.3056335449219,281.80471044780717,274.0117300480355,274.270845855537,28002600
2021-10-07,282.9756164550781,284.6935366211754,282.0830770442581,283.29231359523686,20430500
2021-10-08,282.9756164550781,284.6935366211754,281.9295171528448,284.2904382451461,17685700
2021-10-11,282.38055419921875,285.9699246769011,280.960147351055,281.1233138675637,19298600
2021-10-12,281.08489990234375,283.541799129027,280.5762456707699,283.44582055374815,17974100
2021-10-13,284.3769226074219,285.30785968123575,281.6704833674393,283.0333096371147,23416300
2021-10-14,290.55743408203125,291.05648172385895,285.83556297646015,287.1599913093113,27262900
2021-10-15,291.9586181640625,292.18897261999524,288.41722227281656,290.1639328949292,25384800
2021-10-18,294.91461181640625,295.7975445356027,290.49986035476513,291.3444250695116,22729300
2021-10-19,295.8167724609375,296.84365846900545,294.8474384623916,295.9319350570906,17682100
2021-10-20,295.02972412109375,297.22750747620495,293.7820612638545,296.7572212605968,16537100
2021-10-21,298.2448425292969,298.49435169218145,294.0220192983192,294.79942529790196,16918100
2021-10-22,296.709228515625,298.56149475669326,295.40398445260985,297.89928072629334,17449300
2021-10-25,295.7207946777344,296.939637875098,294.11803710740327,296.90124058009036,17554500
2021-10-26,297.6210021972656,299.81878579139044,296.1718339720267,298.4751735047065,28107300
2021-10-27,310.1549987792969,312.9669919625181,303.27374305157826,303.27374305157826,52588700
2021-10-28,311.2875671386719,311.78661480927093,308.41796248920383,311.2683538472866,26297900
2021-10-29,318.2647705078125,318.62947157711153,310.8556743947785,311.0764222231841,34766000
2021-11-01,316.1053771972656,318.1399943940643,313.2261952874065,318.0152251584686,27073200
2021-11-02,319.71392822265625,320.02104795725353,316.7099773873297,317.0074904775489,26487100
2021-11-03,320.5489196777344,321.41266839400566,317.33382735020217,320.4529410895813,21500100
2021-11-04,322.890625,322.98660357874707,316.23972246138726,319.4836051186062,23992200
2021-11-05,322.52593994140625,325.1460058993081,320.95200246852335,324.8772834386426,22570100
2021-11-08,323.4184875488281,324.0519110698877,320.97119469393846,323.7160006633111,20897000
2021-11-09,322.42047119140625,325.0789058707678,321.057645229709,323.53372933767673,21307400
2021-11-10,317.47784423828125,321.1536169527602,316.6333086434541,321.0960356460347,25500900
2021-11-11,319.0420837402344,320.32811458361215,317.1994240467713,317.90961275273645,16849800
2021-11-12,323.15936279296875,323.64883306583664,320.34736896230555,320.47213819174647,23831000
2021-11-15,322.53558349609375,324.2726876885674,320.57773146516666,323.94638389817203,16723000
2021-11-16,325.8370056152344,326.95029273164477,321.9980966435647,322.161233873272,20886800
2021-11-17,326.05816650390625,329.0099268651389,324.9813100529108,325.8851065761686,19053400
2021-11-18,328.1253662109375,329.2599387046323,324.1352167372241,325.15438659772514,22463500
2021-11-19,329.8944396972656,331.8078109454933,329.0195159309197,329.442570826056,21963400
2021-11-22,326.7407531738281,336.20177166262135,326.4715391090011,331.34626493417426,31031100
2021-11-23,324.67364501953125,326.3754890891575,320.7123388682241,324.06790589930085,30427600
2021-11-24,324.89471435546875,325.1350850982955,321.04878247024,323.32749241749696,21661300
2021-11-26,316.98175048828125,324.9139862915625,315.4818391564863,321.4718896050423,24217200
2021-11-29,323.6640625,325.9716160847785,321.84684534637535,322.03915370433015,28563500
2021-11-30,317.856689453125,324.7697551795586,316.31831064916247,322.4045150069706,42885600
2021-12-01,317.3663330078125,326.2119893836903,316.7029366546509,322.2218403334276,33337600
2021-12-02,316.79913330078125,320.6450666242844,315.17422412422974,317.5779324514192,30766000
2021-12-03,310.56866455078125,319.8854381080619,305.7804681645628,319.20276398285586,41779300
2021-12-06,313.6261901855469,314.8376683407075,306.93427569570224,311.4724773249387,30032600
2021-12-07,322.0199890136719,322.8660696420731,317.38563262002015,318.8663250684686,31021900
2021-12-08,322.0679626464844,322.57754746432244,318.05856561396024,322.3948633464057,24761000
2021-12-09,320.27008056640625,323.52949356795324,319.3278164061056,321.52962129274965,22214200
2021-12-10,329.34649658203125,329.7887706825989,321.8950010345381,322.0776852082351,38095700
2021-12-13,326.3273620605469,330.54828700278097,326.0196804228618,327.55805926915104,28899400
2021-12-14,315.6933898925781,321.75075164875943,311.6263053995195,320.38543259627,44438700
2021-12-15,321.76031494140625,322.279524033455,312.0012673025278,315.95294877643335,35381100
2021-12-16,312.3858337402344,323.7890378493558,310.57824093079836,322.77946305235776,35034800
2021-12-17,311.32818603515625,312.4050716507524,305.0304840740271,308.52067208536005,47750300
2021-12-20,307.5881042480469,310.3667755304143,305.3382370063855,307.72269664260455,28326500
2021-12-21,314.6838073730469,315.10686227817746,307.48227910762097,310.8378750297764,24740600
2021-12-22,320.3662109375,320.7603932246783,313.2031494286014,315.6549198284857,24831500
2021-12-23,321.79876708984375,323.4333000256045,319.91426851160736,319.9334876096026,19617800
2021-12-27,329.2598876953125,329.28873101360773,322.51025779288784,322.539101111183,19947000
2021-12-28,328.1060791015625,330.5674732743384,327.21190693909,329.93289096293216,15661500
2021-12-29,328.7791748046875,331.0386367329647,326.5965892757154,328.1541872836197,15042000
2021-12-30,326.2504577636719,329.9137060860202,325.76971620596595,328.7406955115323,15994500
2021-12-31,323.3659973144531,326.288884758608,322.9140990920403,325.47164761227714,18000800
2022-01-03,321.85650634765625,324.9813267976335,317.07793359354395,322.43340214531065,28865100
2022-01-04,316.33758544921875,322.2891685868689,313.5588850186426,321.9333951684874,32674300
2022-01-05,304.1940002441406,313.51077298431005,303.80941290749814,313.30884042531306,40054300
2022-01-06,301.79034423828125,306.4247001927171,299.49238536143025,301.0884509560254,39646100
2022-01-07,301.9441223144531,304.30936222208857,298.1462528184306,302.0498713577004,32720000
2022-01-10,302.165283203125,302.597962334878,292.95428801782003,297.56939515988586,44289500
2022-01-11,302.84796142578125,304.4151542522141,297.95401590280085,301.30958257691026,29386800
2022-01-12,306.01116943359375,310.95320590504565,304.8670023701138,307.35726904389804,34372200
2022-01-13,293.05999755859375,308.52066014986855,292.2908229193429,308.1264486110597,45366000
2022-01-14,298.2520446777344,298.84815945566663,292.0504674590349,292.53120896925554,39846400
2022-01-18,290.9928894042969,297.86748852909545,290.1179361568295,292.358208481325,42333200
2022-01-19,291.6466064453125,301.81911235300396,291.04089684223516,294.49261706590465,45933900
2022-01-20,289.98333740234375,299.64623177263644,289.54106334856164,297.1656180407453,35380700
2022-01-21,284.6278991699219,292.3966712973026,284.22406327473504,291.0313814474847,57984400
2022-01-24,284.9546813964844,285.66616935055157,265.4173418936867,280.94531414889065,85731500
2022-01-25,277.3782043457031,283.6278434641429,274.18610328061175,280.29149648415216,72848600
2022-01-26,285.2816162109375,296.61750913568017,281.7433657696805,296.1271434101873,90428900
2022-01-27,288.2911071777344,295.4637633356451,286.45467082104994,291.0024967310887,53481300
2022-01-28,296.38677978515625,296.5983072336974,283.1087009699881,288.666071926605,49743700
2022-01-31,299.00201416015625,300.34808458292423,294.56956197195456,297.05020471160907,46444500
2022-02-01,296.86749267578125,298.6654611438378,293.37730478266843,298.4539337157057,40950400
2022-02-02,301.386474609375,302.9825400250582,296.98289506365415,297.7040073654435,36636000
2022-02-03,289.6467590332031,299.2423701113963,288.40643772478234,297.5693697082304,43730000
2022-02-04,294.1561279296875,296.9059553802916,288.4160729228112,288.64681946632084,35096500
2022-02-07,289.3583068847656,295.9829091831595,288.34873217729285,294.3772490807872,28533300
2022-02-08,292.8292236328125,293.7907065129681,288.39680163951715,289.64671764686784,32421200
2022-02-09,299.2231140136719,299.91538294226615,295.55027128070327,297.93473032420275,31284700
2022-02-10,290.73321533203125,297.2136009412112,289.1179310391646,292.3292805293152,45386200
2022-02-11,283.67596435546875,292.5696824760353,282.8875412205064,291.51204526354115,39175600
2022-02-14,283.6374816894531,285.3297011391844,280.1280746488406,282.45484705008886,36359500
2022-02-15,288.8967590332031,289.2140354696684,285.579631395878,288.45448512893597,27058300
2022-02-16,288.5595703125,289.8795209046397,282.95216192287677,287.47084335612135,29982100
2022-02-17,280.1100158691406,285.95826419364323,279.40667124960413,285.5343344781432,32461600
2022-02-18,277.4122314453125,283.1256081080043,275.8514129414356,282.34519885606585,34264000
2022-02-22,277.2099304199219,280.8903974019096,274.1075520292779,274.58928762159644,41736100
2022-02-23,270.03204345703125,281.04454083688285,269.8682698302373,279.58004589911764,37811200
2022-02-24,283.8289489746094,284.37813456051526,261.60166355056816,262.5555199373533,56989700
2022-02-25,286.4496154785156,286.7579333141939,280.99636504653614,284.35889947396316,32546700
2022-02-28,287.8755798339844,288.2128006483137,282.2970731254426,283.559218096748,34627500
2022-03-01,284.17584228515625,289.01245712557574,281.47810528267394,285.5728578838848,31217800
2022-03-02,289.224365234375,290.4576069527269,282.9714477799345,284.5707837842269,31873000
2022-03-03,285.11041259765625,292.05703176941057,283.30869674167064,291.82580808856017,27314500
2022-03-04,279.2716979980469,284.8598476008339,276.6799879839054,283.539896997228,32356500
2022-03-07,268.7218322753906,279.1080535864359,268.3557084109104,277.9904231485337,43157200
2022-03-08,265.77349853515625,273.5872347405663,260.13718693761393,267.6522494658014,48159500
2022-03-09,277.9613952636719,279.02121928908525,270.5233976527745,273.0862341495731,35204500
2022-03-10,275.15777587890625,276.130891339143,270.3307750668401,272.681647483681,30628000
2022-03-11,269.83941650390625,278.9345880109205,269.2227807529442,277.44118984064033,27209300
2022-03-14,266.3419494628906,274.97464216380376,265.7446020938021,270.0994808190958,30660700
2022-03-15,276.66070556640625,277.3062441058317,268.5482958074122,270.1091142008014,34245100
2022-03-16,283.63629150390625,283.80970925762125,272.8550467725236,278.54913550581284,37826300
2022-03-17,284.4359436035156,284.81168204871824,278.7996317030362,282.576451409173,30816600
2022-03-18,289.45562744140625,290.00481304770483,282.0369173074508,284.58046582678224,43390600
2022-03-21,288.2320861816406,289.1762986686458,284.12768891305694,287.9719595079404,28351200
2022-03-22,292.9530944824219,293.85875989793885,287.8563228402571,288.84869714839016,27599700
2022-03-23,288.54998779296875,292.1533901687108,286.84465430957243,289.53274726035676,25715400
2022-03-24,292.9915771484375,293.08793014220737,287.42271518108265,288.21276856606795,24484500
2022-03-25,292.5868835449219,294.3404079254056,288.3572608939785,294.08028132501425,22566500
2022-03-28,299.3504943847656,299.4468179763362,293.21315853638436,293.21315853638436,29578200
2022-03-29,303.88848876953125,304.2835155341289,297.7607959614938,302.443281807603,30393400
2022-03-30,302.39508056640625,304.40876140768165,300.1983672332794,302.298756961056,28163600
2022-03-31,297.04779052734375,303.6283150055242,296.643149106342,302.4335907750661,33422100
2022-04-01,298.1172790527344,298.8013353889546,294.3790059993479,298.0690878498517,27110500
2022-04-04,303.4644775390625,303.59934819649135,298.39661041143324,298.7627341145734,24289600
2022-04-05,299.5239562988281,303.36819729800135,298.550840896908,301.8266373690895,23156700
2022-04-06,288.5595703125,295.7856029580551,285.8714779355689,294.041722765152,40110400
2022-04-07,290.3612976074219,292.5580106672026,285.5246829888432,285.8233566950077,31411200
2022-04-08,286.1220703125,290.1204702874654,285.4572727698381,289.46531686660774,24361900
2022-04-11,274.8397521972656,281.9212406623146,274.58924032351246,281.1312167731274,34569300
2022-04-12,271.7566833496094,280.1196062790801,270.2440265143357,278.6743994842394,30966700
2022-04-13,277.113525390625,278.03844932142886,271.02438159032954,272.40216747180386,21907200
2022-04-14,269.6081848144531,277.7784327469066,269.1168344018573,277.56646786602556,28221600
2022-04-18,270.2729797363281,272.14211655748016,268.1726191938997,268.7218049347441,20778000
2022-04-19,274.87835693359375,275.7166016837058,268.2400548017216,269.17462316196963,22297700
2022-04-20,275.8995056152344,279.1175242117715,274.9456788580056,278.82846530763106,22906700
2022-04-21,270.5523986816406,282.58614693419463,269.82979513911937,278.0385607971482,29454600
2022-04-22,264.0200500488281,272.8550951713469,263.393799558569,271.39059991716476,29405800
2022-04-25,270.46563720703125,270.8413756866367,260.87908697872507,263.3070532274066,35678900
2022-04-26,260.3492126464844,268.19185364215673,260.13724778699,267.36328244773966,46518400
2022-04-27,272.874267578125,280.3411680957989,268.96257753012264,271.7951847238902,63477700
2022-04-28,279.0501708984375,280.35086291082894,271.1785981856094,274.77235637930573,33646600
2022-04-29,267.382568359375,279.29108997541846,266.3998381310292,278.06746249784794,37073900
2022-05-02,274.07867431640625,274.53150699101036,266.1300363109666,267.56559909941353,35151100
2022-05-03,271.48687744140625,273.7510403407447,269.91641488989063,273.5872373213016,25978600
2022-05-04,279.38739013671875,280.25450833918546,266.62139669213593,272.26732383050563,33599300
2022-05-05,267.2187194824219,275.8899595127689,264.3186620189304,275.1095502622621,43260400
2022-05-06,264.6944274902344,269.0493063035853,261.3607962940362,264.77149224146683,37780300
2022-05-09,254.9152374267578,262.41104337072954,253.7012835169033,260.19507102180387,47726000
2022-05-10,259.65545654296875,263.75020864058513,255.38728670730274,261.7654605643178,39336400
2022-05-11,251.03244018554688,261.44756278263503,249.82810103784647,255.97505275215912,48975900
2022-05-12,246.02235412597656,250.38687708360916,240.88705133910193,248.27687299785254,51033800
2022-05-13,251.58155822753906,253.43143559809596,246.02234080198772,247.94928292003297,34925100
2022-05-16,251.94773864746094,256.1099416160169,246.43668177320907,250.46398464979046,32550900
2022-05-17,257.0733947753906,258.5282163055622,252.87264501904795,256.3893090476885,28828800
2022-05-18,245.36891174316406,254.56252427185584,244.10382723032592,253.98308927658698,31356000
2022-05-19,244.4611358642578,248.8358391110842,243.2443400632524,245.19507408358177,32692300
2022-05-20,243.90098571777344,249.67597220917204,237.99081444718777,248.4205249868938,39199300
2022-05-23,251.713623046875,252.5344867374103,244.74115917492952,246.7305445650261,33175400
2022-05-24,250.71900939941406,252.3703743626756,244.80883629191553,249.04834073920725,29043900
2022-05-25,253.51954650878906,255.508917485171,248.31435684807386,249.28973864171456,28547900
2022-05-26,256.7836608886719,257.9521680064266,252.46691284814418,253.2781100641193,25002100
2022-05-27,263.87200927734375,263.96858669067194,258.38675406725025,259.27522501006564,26910800
2022-05-31,262.5489196777344,265.34948714846905,259.709715356903,263.18629508356196,37827700
2022-06-01,263.08013916015625,268.16944748829445,260.78173234380733,265.7648261496329,25292200
2022-06-02,265.1660461425781,265.23365327445924,252.63108267756797,255.38337667898296,44008200
2022-06-03,260.76239013671875,264.0748154478667,259.2076029156242,261.04245577782234,28059000
2022-06-06,259.5359802246094,264.77980709613064,258.0584370323219,262.732495427998,22400300
2022-06-07,263.1573486328125,263.76575382395623,256.82226032251066,257.49827263962237,22860700
2022-06-08,261.1390380859375,263.64023679590827,260.36644828068603,262.3944559964506,17372300
2022-06-09,255.71170043945312,263.36014725410655,255.5571824924227,258.5991790544163,26439700
2022-06-10,244.3163299560547,251.64609113799236,243.8720944145435,251.64609113799236,31422800
2022-06-13,233.95416259765625,240.4824068795414,233.24919461693813,236.70645685368288,46135800
2022-06-14,236.10768127441406,237.31482510427205,233.22983977437005,235.49927606876005,28651500
2022-06-15,243.1284637451172,246.54710394987805,237.97154789524555,239.79674911112798,33111700
2022-06-16,236.57125854492188,238.9372578860195,234.6881168136664,237.5466256119709,33169200
2022-06-17,239.15936279296875,241.91165700040483,235.6634784930398,236.31050590715876,43084800
2022-06-21,245.04061889648438,246.01598609786876,240.9556323449384,241.6799188594562,29928300
2022-06-22,244.4514923095703,248.35298995386094,241.7861089374633,243.254000161548,25939900
2022-06-23,249.9850616455078,250.4775859053946,244.9343892207619,246.80787935964423,25861400
2022-06-24,258.5219421386719,258.7923411858124,252.74695527389528,252.83386609569553,33923200
2022-06-27,255.80828857421875,259.10135115094255,254.253471928492,259.014440327957,24615100
2022-06-28,247.68661499023438,257.7590162284537,247.53209704046702,254.92947810959762,27295500
2022-06-29,251.33706665039062,252.98843151702386,246.99133318160082,248.75859390135693,20069800
2022-06-30,248.0246124267578,250.6320551562228,244.22935890804,248.23707094153858,31730900
2022-07-01,250.6803436279297,250.86383187727745,245.88075254538774,247.59973919232516,22837700
2022-07-05,253.83824157714844,253.9637892662612,246.00629085879652,247.37760464946805,22941000
2022-07-06,257.08306884765625,258.8020409501888,253.40369581093594,254.70741739613206,23824400
2022-07-07,259.1979064941406,259.8352819464038,255.93378499828523,256.0303623949221,20859900
2022-07-08,258.48333740234375,258.9082544536916,254.26316663768768,255.71173945693104,19658800
2022-07-11,255.44139099121094,257.3921254979939,253.1912575955396,256.5422912269058,19455200
2022-07-12,244.97296142578125,256.8222904951569,243.3988410088484,256.76434994360125,35868500
2022-07-13,244.0555419921875,244.8570873615849,239.603594413408,241.61228376039588,29497400
2022-07-14,245.36891174316406,246.39256746391416,237.5079908622042,241.97925680708025,25102800
2022-07-15,247.9184112548828,251.44326589652985,246.03526953214475,246.9526960395664,29774100
2022-07-18,245.53306579589844,251.89712481035676,244.6156393919706,250.8444988809621,20975000
2022-07-19,250.6320343017578,250.81552252522303,244.9825951721847,248.7488781014716,25012600
2022-07-20,253.2781219482422,255.7889874324287,250.03333293209215,250.98938157590604,22788300
2022-07-21,255.760009765625,255.80831320834824,248.21777641916702,250.8831597992093,22404700
2022-07-22,251.43359375,256.23319944277154,250.1878423691355,256.1462886118709,21881300
2022-07-25,249.95602416992188,252.5344964316374,248.00529029472085,252.05163888587902,21056000
2022-07-26,243.26365661621094,250.97007463688564,241.01355313399756,250.9507414709721,39348000
2022-07-27,259.5262756347656,260.79136010238045,249.97536828625238,252.2061678876976,45994000
2022-07-28,266.933349609375,268.31431531179504,258.68613331334205,260.5016826567174,33459300
2022-07-29,271.11480712890625,272.3316174034338,267.1457328087097,268.17905488402175,32152800
2022-08-01,268.478515625,271.63639399506593,266.38290049065427,268.2950273632756,21539600
2022-08-02,265.3978271484375,268.362579537139,263.04147997964446,266.53736387741355,22754200
2022-08-03,272.7855529785156,273.7802383800219,267.1264470117995,267.27132785781305,23518900
2022-08-04,273.9251403808594,274.0699917823572,270.5644699809408,272.1385611722735,18098700
2022-08-05,273.2105407714844,273.9251607194615,269.125554118187,269.5794415241089,16774600
2022-08-08,270.7093505859375,276.1173627718341,269.7436351767165,274.3114502007027,18739200
2022-08-09,272.6213684082031,273.37462502798235,268.0921621074516,270.05259210657965,23405200
2022-08-10,279.24627685546875,279.8739859897657,277.1023874252405,278.29022801202103,24687800
2022-08-11,277.1795654296875,281.2259144656879,276.687070719345,280.87827114074025,20065900
2022-08-12,281.9019775390625,281.9019775390625,277.1023709654231,278.5895808890098,22619700
2022-08-15,283.4084167480469,284.0940662295999,280.16359862776034,281.02309922866345,18085700
2022-08-16,282.6744689941406,283.958886627976,280.4630025536895,281.9791529178918,18102900
2022-08-17,281.9293212890625,283.8938831580585,280.1389500408416,280.4002359720042,18253400
2022-08-18,280.81640625,282.5003080383182,279.76151632304703,280.8357509194147,17186200
2022-08-19,276.9259948730469,279.9260727784797,276.3550169722019,279.5873490654093,20570000
2022-08-22,268.7967834472656,273.3549492553272,268.2838690742468,272.98719375507784,25061100
2022-08-23,267.52899169921875,269.8709667468448,266.5225077065828,267.52899169921875,17527400
2022-08-24,266.8999938964844,268.29357825746257,266.24189106268454,266.53223836596896,18137000
2022-08-25,269.8612365722656,270.02574005918285,265.670798197986,268.3902150863817,16583400
2022-08-26,259.4480895996094,271.3032096749944,259.34164963640063,270.08381644498274,27549300
2022-08-29,256.6803894042969,258.78042347023177,255.34486862600002,257.2803991374211,20338500
2022-08-30,254.49319458007812,258.4416632715631,252.25765951741022,258.0739373346952,22767100
2022-08-31,253.04147338867188,258.499651717729,252.90597213510085,256.83512454875284,24791800
2022-09-01,252.00599670410156,252.4802216307378,247.1768588698768,250.5253174553684,23263400
2022-09-02,247.80589294433594,256.2060856971304,246.26715020417384,253.26410148725907,22855400
2022-09-06,245.0864715576172,249.5188219970164,243.81870184632467,247.94138995000887,21328200
2022-09-07,249.77047729492188,250.48661397846638,245.0574662441124,246.48975437812405,24126700
2022-09-08,250.18661499023438,252.0350498159717,246.57685541782593,249.20919235362013,20319900
2022-09-09,255.9351043701172,256.68030226569743,251.8995411627663,252.10276352799647,22084700
2022-09-12,258.0545959472656,258.8288258614007,256.61263518710047,257.212644911898,18747700
2022-09-13,243.8671112060547,252.00600375133774,243.47999634028216,250.49629269213037,33353300
2022-09-14,244.0896759033203,246.03487812902216,241.8057500396919,245.35744562009026,23913000
2022-09-15,237.47018432617188,243.29611908968658,236.15402331387534,241.71867215528192,31530900
2022-09-16,236.85081481933594,237.3927608644155,234.25719690326952,236.38627698047728,39791800
2022-09-19,236.63790893554688,237.2379185278828,233.08621305250247,234.6539876734692,26826900
2022-09-20,234.63465881347656,235.66048751479372,231.91524109136333,234.26691809618367,26660300
2022-09-21,231.2474365234375,239.67667590576733,231.19904532157508,236.39595324962926,28625600
2022-09-22,233.21197509765625,235.99914265894625,229.91190810164895,230.20222575018326,31061200
2022-09-23,230.25064086914062,233.35717293349165,227.6183189581972,231.8184154017902,34176000
2022-09-26,229.7957763671875,233.6668360314633,229.26350270996545,229.40867630752822,27694200
2022-09-27,228.78936767578125,234.00562135806214,226.9409326546601,232.24428165829022,27018700
2022-09-28,233.29913330078125,234.51851197700628,227.16349151340208,229.1764446378298,29029700
2022-09-29,229.84417724609375,232.21519843693235,226.85378707356358,231.18936994540456,27484200
2022-09-30,225.3924560546875,232.7861798495217,225.22793778149074,230.60870866268925,35694800
2022-10-03,232.97975158691406,233.82170241211634,227.0957386105692,227.8215623611014,28880400
2022-10-04,240.8573760986328,242.28966427196394,237.08308345370094,237.18953820241006,34888400
2022-10-05,241.16705322265625,242.50257374872547,236.23146021082852,238.0605356080036,20347100
2022-10-06,238.83470153808594,242.2702700067914,238.14759670449743,239.93795297204747,20239900
2022-10-07,226.68930053710938,233.5410791626443,225.65378480022213,233.1346048289845,37769600
2022-10-10,221.86016845703125,226.99899922194305,219.42139605833714,225.53767911003112,29743600
2022-10-11,218.14389038085938,221.6762263708762,216.88579305327787,220.2826425475195,30474000
2022-10-12,218.47296142578125,220.5149462849339,216.74066847271945,218.13423774935973,21903900
2022-10-13,226.68930053710938,228.4893441994696,212.06636940173655,212.76316144954848,42551800
2022-10-14,221.19236755371094,229.5925754900993,220.97945807089755,227.9473631652827,30198600
2022-10-17,229.8732452392578,231.2571570244088,227.5602872186214,228.21837517177028,28142300
2022-10-18,230.81198120117188,236.0669387164965,227.782871649091,235.3991931876777,26329600
2022-10-19,228.85704040527344,231.8861492807651,226.73763290241635,229.39898638890583,19985700
2022-10-20,228.53770446777344,233.53137553473397,227.29896641864062,228.16996380022994,21811000
2022-10-21,234.31527709960938,235.166915097807,226.9409118947973,227.17318083073934,26299700
2022-10-24,239.27992248535156,239.850900353894,233.52172305739012,235.90241694894004,24911200
2022-10-25,242.5800018310547,242.94774252500142,237.9056946583769,239.28959165367502,34775500
2022-10-26,223.86338806152344,230.6183830586996,222.6439948132426,223.71821446357913,82543200
2022-10-27,219.4407196044922,226.15701124638468,218.50198634809382,223.5924250678105,40424600
2022-10-28,228.26673889160156,228.97321801422746,218.763293726381,218.9471714496145,40647700
2022-10-31,224.64730834960938,227.3473663725247,223.69888795758465,226.22475535763192,28357300
2022-11-01,220.81497192382812,228.140961178221,220.00205274402387,227.03770950079402,30592300
2022-11-02,213.00506591796875,223.84403012553616,212.94698761825015,222.06334620744084,38407000
2022-11-03,207.34368896484375,213.30512599326244,207.0823882325762,212.99543404880836,36633900
2022-11-04,214.2534942626953,214.447044310669,206.5500783111964,210.5372801806807,36789100
2022-11-07,220.52459716796875,221.04719851693054,214.14702961237924,214.83414923285227,33498000
2022-11-08,221.49237060546875,224.18275612145348,218.5600438397234,221.32785232766216,28192500
2022-11-09,217.27294921875,221.2601516912574,217.09875857930578,220.04075814745045,27852900
2022-11-10,235.1475372314453,235.4862608906142,227.42477661146236,227.84090847628838,46268000
2022-11-11,239.1444091796875,239.99604710310476,234.1313788126477,235.15722211445575,34620200
2022-11-14,233.76364135742188,236.0475673740293,231.49907477577239,234.18946032496393,31123300
2022-11-15,234.17010498046875,239.03796188941354,232.29263846364998,237.74116029609917,31390100
2022-11-16,234.5970916748047,236.6060177766138,233.32574917375413,235.62581110898188,24093300
2022-11-17,234.54855346679688,236.07223336578542,230.6180718084606,230.7636397185708,23123500
2022-11-18,234.10214233398438,236.5477869566877,231.97676193163215,236.32456307646515,27613500
2022-11-21,234.90765380859375,237.45033878363537,234.07302987509001,234.30593853934627,26394700
2022-11-22,237.7997283935547,238.0714650543678,233.6072093349116,236.40221710449453,19665700
2022-11-23,240.27447509765625,240.95381671678922,237.0621480919058,237.87735803486538,19508500
2022-11-25,240.1871795654297,241.36146712631268,239.44959583276983,240.01248322560096,9200800
2022-11-28,234.626220703125,239.37192761122702,233.69455635778226,238.81875468278062,24778200
2022-11-29,233.23843383789062,235.6258367832805,231.18099474535325,234.27685297681788,17956300
2022-11-30,247.61141967773438,247.7958155951577,232.78229762918565,233.47135371926146,47594200
2022-12-01,247.17471313476562,248.56251016658027,243.51595261951238,246.37890225412923,26041500
2022-12-02,247.49496459960938,248.50427013338341,242.3222385687394,242.44840731366295,21528500
2022-12-05,242.81719970703125,246.3303923254423,240.74034652754588,244.57378861196725,23435300
2022-12-06,237.88710021972656,244.42822454321265,236.58664391475048,243.41891892957702,22463700
2022-12-07,237.15921020507812,238.89639979977625,235.0629579890975,237.60564320065706,20481500
2022-12-08,240.09979248046875,241.4002634352855,235.88785939315616,237.61533452681962,22611800
2022-12-09,238.17820739746094,240.98292942150877,236.95539248747858,237.4794517893177,20609700
2022-12-12,245.05899047851562,245.08810406106682,239.87656546489097,240.14830210772652,30665100
2022-12-13,249.3388671875,256.13231253660445,245.60246632207827,253.96810428467265,42196900
2022-12-14,249.63006591796875,254.84160556776638,246.8059293712521,249.54272515265737,35410900
2022-12-15,241.66229248046875,246.6991500991899,240.04157204816326,246.2333179219407,35560400
2022-12-16,237.46974182128906,242.46777079172978,236.3245533102195,241.21584235349084,86102000
2022-12-19,233.35488891601562,237.97444210459676,231.66624165874438,237.63476384948163,29696400
2022-12-20,234.6650390625,235.74228609848038,231.38477037827317,232.33584867761797,25150800
2022-12-21,237.21746826171875,238.37235667490168,233.02494847536323,234.5583283609848,23690600
2022-12-22,231.16156005859375,234.84943370848737,226.9690262734001,234.14096367729437,28651700
2022-12-23,231.68563842773438,231.8215067666557,227.0369865095698,229.14295316711923,21207000
2022-12-27,229.96786499023438,231.87972122287346,228.87120393787913,231.65651213728756,16688600
2022-12-28,227.6095428466797,232.64639991916565,227.26016504949752,229.8999051151991,17457100
2022-12-29,233.8983612060547,234.7815128184782,228.69652150065144,228.69652150065144,19770700
2022-12-30,232.7434844970703,232.87935283490333,229.6767250905103,231.1809912077217,21938500
2023-01-03,232.5105743408203,238.49851075863083,230.39489317769917,235.90729779007853,25740000
2023-01-04,222.3397979736328,225.99854338319813,219.2924526600918,225.4259564644858,50623400
2023-01-05,215.75013732910156,220.83552222933494,215.21636361108918,220.49584400645332,39585600
2023-01-06,218.2928466796875,219.09835714227594,212.87751216247153,216.4198034707522,43613600
2023-01-09,220.4182586669922,224.41669796025707,219.72921726349966,219.76803044894032,27369800
2023-01-10,222.09716796875,224.48457072526574,220.62201553173728,221.0393201111181,27033900
2023-01-11,228.81298828125,228.98766979827053,224.2904903213458,224.4651718383663,28669300
2023-01-12,231.47213745117188,232.8211212975009,226.66820302336927,228.3180371449277,27269500
2023-01-13,232.17088317871094,232.30675151679418,227.98806347571494,230.00668936190732,21333300
2023-01-17,233.25782775878906,233.80130107166906,230.0940134168222,230.948051370512,29831300
2023-01-18,228.85177612304688,235.22791734206064,228.57033988504867,234.44182098542313,30028700
2023-01-19,225.08627319335938,228.57035182284125,223.87315781209423,226.88168988104673,28623000
2023-01-20,233.13169860839844,233.63635883113758,227.59018017735744,227.92985845985373,35389800
2023-01-23,235.42202758789062,237.93559913009912,232.57847740404011,233.98570310784828,31934000
2023-01-24,234.89797973632812,236.75162381980027,233.34520074340116,235.34441276702486,40234400
2023-01-25,233.51016235351562,236.1207891156233,224.08667522306712,227.5610395748184,66526600
2023-01-26,240.68209838867188,240.9829486422917,234.85914439539755,236.46045082013288,33454500
2023-01-27,240.83740234375,242.45812290706542,239.54664564896942,241.6429128288479,26498900
2023-01-30,235.54820251464844,238.35292478678218,235.05324194345323,237.2950768809861,25867400
2023-01-31,240.4976806640625,240.63354898590805,235.78108776494383,236.26633388704025,26541100
2023-02-01,245.2919158935547,247.6502049501311,238.22673350670416,240.68207771157887,31259900
2023-02-02,256.7922668457031,256.8796075980904,249.65914256333582,251.18282257259764,39940400
2023-02-03,250.72671508789062,256.4041014975154,249.51359959938435,251.88160340231477,29077300
2023-02-06,249.19329833984375,250.67815038089995,247.26202813154237,249.84354121530777,22518000
2023-02-07,259.6649169921875,260.83920438047807,252.40562393796253,252.84235731907512,50841400
2023-02-08,258.859375,268.593409822923,258.35470014039424,265.13846022946933,54686000
2023-02-09,255.8411865234375,265.8955025899572,255.0453756946998,265.72079145937573,42375100
2023-02-10,255.33653259277344,256.2973105018647,252.96852898785733,253.81285255852234,25818500
2023-02-13,263.3139953613281,266.49720913120274,259.26702917112374,259.742590569191,44630900
2023-02-14,264.138916015625,266.856282749665,261.33417890703004,264.62416219078045,37047900
2023-02-15,262.02764892578125,263.3994740205076,258.972656227329,261.0547258535999,28922400
2023-02-16,255.05178833007812,259.5175018592182,254.80855755164183,256.8711498021807,29603600
2023-02-17,251.07254028320312,253.04757304733442,249.06832101285343,252.36654467181947,30000100
2023-02-21,245.8284912109375,248.5721416274502,244.77773242454728,247.58947974202172,28397400
2023-02-22,244.69989013671875,247.45326436545926,243.56157186049097,247.21003358389876,22491100
2023-02-23,247.87161254882812,249.88555556651798,243.69776430121092,248.6402152353794,29219100
2023-02-24,242.471923828125,244.20372595601927,241.38225458242883,243.19189234867713,24990900
2023-02-27,243.38644409179688,245.97442307770388,242.63728915469153,245.62417017099744,21190000
2023-02-28,242.66648864746094,244.68044668021838,241.99516930320846,242.3259744546454,22491000
2023-03-01,239.60179138183594,244.13560203633548,239.1347775749903,243.97020688018864,27565300
2023-03-02,244.31072998046875,244.592871158647,238.95965271701235,239.8742028427946,24808200
2023-03-03,248.37753295898438,248.69859936512998,244.58313878749726,245.36148024067188,30760100
2023-03-06,249.91476440429688,253.07676463691814,249.04886339595808,249.48667584365674,24109800
2023-03-07,247.26841735839844,250.71257368875254,246.5290010946981,249.36019623261095,21473200
2023-03-08,246.8306121826172,247.6478641053872,244.01886473628258,247.16140250674363,17340200
2023-03-09,245.48797607421875,252.53193017156482,244.76800759955387,248.8932070956166,26653400
2023-03-10,241.85894775390625,245.94522176909533,240.89576339451983,244.28153159617614,28333900
2023-03-13,247.04464721679688,250.92661597294014,239.0764041542882,240.7011840514009,33339700
2023-03-14,253.7285919189453,254.0010091653207,248.9320739144134,249.79797477159795,33620300
2023-03-15,258.252685546875,259.2645337884642,252.19136451987217,252.94053423822598,46028000
2023-03-16,268.7214050292969,269.07164313641664,256.1512239726221,258.0289586598438,54768800
2023-03-17,271.8639221191406,275.65831665347815,268.8381452248547,270.7256186044692,69527400
2023-03-20,264.85888671875,269.96673338942173,262.5433248107774,269.4802718017387,43466600
2023-03-21,266.3669128417969,267.5538803349331,262.2222505034053,267.4371343013886,34558700
2023-03-22,264.9172058105469,273.4302818621783,264.8101688435891,265.99713606358097,34873300
2023-03-23,270.1418762207031,273.4498093699548,267.7484933121212,270.4142935461412,36610900
2023-03-24,272.9730224609375,273.0313954676099,267.826251303453,269.73317213434575,28172000
2023-03-27,268.89654541015625,273.83898269172226,268.059815935794,272.90498464073,26840200
2023-03-28,267.7776184082031,268.66298193563654,264.68370058234905,268.32245293412296,21878600
2023-03-29,272.9146423339844,273.52758857930763,270.8714980799914,271.4065938576128,25087000
2023-03-30,276.3587951660156,276.7576972006701,273.8584053599599,276.53394388967973,25053400
2023-03-31,280.4937438964844,281.4374805787577,275.33726286422353,276.04750748202,32766000
2023-04-03,279.4527587890625,280.4645776022263,276.2615716824238,278.7619618964318,24883300
2023-04-04,279.4041442871094,282.58562291456565,277.9350500937401,279.45280827350626,25824300
2023-04-05,276.6409606933594,279.3748723279069,275.25942646851195,278.11008412867955,22064800
2023-04-06,283.7044372558594,284.171421432575,274.39355424617895,275.5415966022882,29770300
2023-04-10,281.55426025390625,281.75856581319096,277.00095709388467,281.3791115118309,23103000
2023-04-11,275.1719055175781,278.2366379066347,274.0141540154808,278.0128548411792,27276600
2023-04-12,275.81396484375,279.2386732168352,274.32539366289427,277.07878271017614,27403400
2023-04-13,281.9920349121094,282.05040792429327,275.50265429718814,275.91126538247534,24222700
2023-04-14,278.3921813964844,280.66881748936197,276.0085083418735,279.2288808643468,20987900
2023-04-17,280.98016357421875,283.7043659155023,278.41166217437114,282.0795713658837,23836200
2023-04-18,280.5618591308594,283.86008303886325,279.2386978273748,283.67522525510293,20161800
2023-04-19,280.6396789550781,281.22340905975057,276.8355460862607,278.2462667608946,17150300
2023-04-20,278.3629455566406,281.2038933753975,277.3608361972888,277.52624614783684,23244400
2023-04-21,278.0224609375,278.51863143275347,275.3955571976247,277.2927687532292,21676400
2023-04-24,274.14056396484375,277.234482358,271.173160031667,274.45190651995864,26611000
2023-04-25,267.96246337890625,273.97512034038175,267.91379941457996,271.94171485112884,45772200
2023-04-26,287.372314453125,291.45860367890464,284.80381270160626,288.66631890750085,64599200
2023-04-27,296.576171875,296.9361784067996,287.2555804982626,287.95608640380885,46462600
2023-04-28,298.9403991699219,300.56516432614853,295.0973405603856,295.77839869337646,36469600
2023-05-01,297.2864074707031,300.24410228095644,296.8875053999733,298.6582327311371,21294100
2023-05-02,297.14044189453125,300.8083512230657,295.6810572722288,299.42681707438953,26404400
2023-05-03,296.1578063964844,300.25380462015016,295.8562025897096,298.3176970170622,22360800
2023-05-04,297.14044189453125,299.42681707438953,295.1848569994441,297.9479549880525,22519900
2023-05-05,302.23858642578125,303.5228521768905,296.03133165334634,297.442082171176,28197100
2023-05-08,300.2926940917969,301.80074263730194,297.80201345372643,301.73263089775384,21318600
2023-05-09,298.68743896484375,301.6451339704267,298.0161195443124,299.6603622188009,21340800
2023-05-10,303.85357666015625,304.5248958986196,299.3392294255837,300.2634884514186,30078000
2023-05-11,301.7131652832031,302.6958271056149,297.9674351385275,301.7034562423544,31680200
2023-05-12,300.6040344238281,302.2385380136494,298.2982115576061,302.1412397708911,19774700
2023-05-15,301.080810546875,301.50889913783726,299.26144888091557,300.7305724404115,16336500
2023-05-16,303.299072265625,305.21573217875385,301.4407853698495,301.4407853698495,26730300
2023-05-17,306.1657409667969,306.5850053814175,302.9870680194989,304.49841357542465,24315000
2023-05-18,310.5729064941406,311.07995152372933,305.8926785291236,306.6824666262682,27276000
2023-05-19,310.3974304199219,310.7972045125446,308.47658062453104,308.83734438329236,27546700
2023-05-22,313.16656494140625,314.5413890695808,310.0756729757329,310.65094892902596,24115700
2023-05-23,307.3943176269531,314.66818336254534,307.38455760354833,312.04529609718725,30797200
2023-05-24,306.0195007324219,308.6033777226254,304.8104182916671,306.8775496399996,23384900
2023-05-25,317.788330078125,318.7438600972789,312.0160206042334,315.175173290878,43301700
2023-05-26,324.5844421386719,325.0816974555801,315.79923121389265,315.93572275471354,36630600
2023-05-30,322.94635009765625,327.3633260629456,322.27356311731285,326.8660707233384,29503100
2023-05-31,320.1967468261719,327.5583638731274,319.1631662469999,323.9994366236467,45950600
2023-06-01,324.28216552734375,325.2084750715489,316.61828563761367,317.7980879864151,26773900
2023-06-02,327.0317687988281,329.0793797798021,324.25287030723234,325.9104672337744,25873800
2023-06-05,327.558349609375,330.1129762401236,326.3102866082395,326.8563123114757,21307100
2023-06-06,325.354736328125,327.0025735098163,323.8824307932031,326.96356317095973,20396200
2023-06-07,315.31170654296875,326.14449888626166,314.45365769277373,323.37536016910263,40717100
2023-06-08,317.1448059082031,318.4903798108397,315.28245664141156,315.85773263123184,23277700
2023-06-09,318.6366271972656,321.7567696311191,316.3160032224107,316.8815191818162,22529000
2023-06-12,323.5702819824219,323.81404443234743,317.0471964419212,320.38185009345415,24260300
2023-06-13,325.9494323730469,328.57231892797256,322.1467437962909,326.1249342097831,22951300
2023-06-14,328.92340087890625,330.58099797009817,324.50642506625707,325.9982505458626,26003800
2023-06-15,339.4148864746094,341.11146383028944,328.7868481922745,329.0598609823398,38899100
2023-06-16,333.78887939453125,342.70085137133475,333.41838536086453,342.5545998111812,46552000
2023-06-20,329.6156005859375,333.54505041870027,327.48023896465304,330.8441729587754,26375400
2023-06-21,325.2376708984375,329.30364243212927,323.78485594149885,327.9775589781728,25117800
2023-06-22,331.2342224121094,331.63399647710884,325.0231587622799,325.7836965611128,23556800
2023-06-23,326.6612854003906,329.5279351767741,325.13047930366815,326.0177487407771,23146900
2023-06-26,320.4013977050781,327.7240020967906,320.29412674467744,325.39364834816934,21520600
2023-06-27,326.2225341796875,327.76310031619386,321.0840008711868,323.58012686208883,24354100
2023-06-28,327.4705810546875,329.5474425224492,325.48147052492266,326.31026905867196,20259500
2023-06-29,326.6905212402344,327.7240719566855,324.3211566594738,326.35900777987905,16997000
2023-06-30,332.04351806640625,334.17887983586667,328.78685480648323,329.32312037613315,26832800
2023-07-03,329.5571594238281,332.394558661991,328.1726050055835,330.727231395335,12508700
2023-07-05,329.713134765625,333.1258095919121,326.37848059881856,326.72948429799266,18172400
2023-07-06,332.7553405761719,334.432427956872,327.1293121494876,328.88439044633213,28161200
2023-07-07,328.80633544921875,333.2623207283037,328.5918232764179,330.8539462339244,21214800
2023-07-10,323.55084228515625,326.8660362322845,319.41663962980306,326.25174994494995,32791400
2023-07-11,324.1748962402344,324.55515029230673,318.84137119543414,322.80007207810127,26698200
2023-07-12,328.786865234375,333.1258197926784,327.29503995487715,328.20182929500714,29995300
2023-07-13,334.11065673828125,335.16369770913235,330.56146024108614,331.0879956045949,20567200
2023-07-14,336.6262512207031,342.66181307865304,335.71946186556954,338.9176246633776,28352700
2023-07-17,337.1040954589844,338.33263840062307,333.6621696566182,337.05532509830556,20363900
2023-07-18,350.5207824707031,357.62890667109644,333.63293583363816,337.20159333535736,64738600
2023-07-19,346.220703125,353.41657610071684,343.6465868791131,352.7242990079896,39732900
2023-07-20,338.2156677246094,349.0387312034192,336.7530923830451,344.74851615273167,33778400
2023-07-21,335.1929931640625,341.56006971565506,331.35129303428135,340.4387679481885,69405400
2023-07-24,336.4995422363281,338.2644103795848,333.7694137248581,337.22109957992086,26678100
2023-07-25,342.2230529785156,343.11035203179654,336.46050402116185,338.4495845575855,41637700
2023-07-26,329.3426208496094,336.07048951280683,324.7988843745913,332.92106736693563,58383700
2023-07-27,322.4685363769531,332.8138025679025,320.8401897883476,331.9850338749244,39635300
2023-07-28,329.9276428222656,331.52673900384514,324.85740099740747,325.3449259664994,28484900
2023-07-31,327.5387878417969,329.2743755389443,325.04263262807757,328.51383777853505,25446000
2023-08-01,327.94830322265625,330.0934250583603,325.37418677597503,326.827001708787,18311900
2023-08-02,319.3288879394531,325.3059494426346,318.2173166114524,325.3059494426346,27761300
2023-08-03,318.5098571777344,321.6495195711113,317.81757996467144,317.86632056535905,18253700
2023-08-04,319.6018981933594,326.7782818997198,319.0753628445266,323.5996092744747,23741500
2023-08-07,321.87384033203125,322.8488906322796,319.3484636251288,320.17726233157464,17741500
2023-08-08,317.9150390625,320.54768595225426,314.9411484793251,318.80233812895545,22327600
2023-08-09,314.1904602050781,318.94868054249736,313.0398782681586,318.3246638409395,22373300
2023-08-10,314.8728942871094,320.0699275319088,313.16655676040074,317.8857952635295,20113700
2023-08-11,313.00079345703125,314.36585743355505,311.2456856962181,312.2695059957332,24355500
2023-08-14,315.9551696777344,315.97465996300735,312.09395075011946,313.37129346143496,18836100
2023-08-15,313.82952880859375,316.9789505199591,312.8934892891786,314.9410999147791,16966300
2023-08-16,313.0674133300781,316.99543186990195,312.48113879078903,313.45825308321696,20698900
2023-08-17,309.6280212402344,314.50381263909213,308.9733414603899,313.20426358487214,21257200
2023-08-18,309.2371520996094,311.0936633520083,304.4199558180871,307.29267431715726,24755000
2023-08-21,314.51361083984375,315.383227213463,309.7843803763491,310.65399674996837,24040000
2023-08-22,315.08026123046875,318.6174101401044,314.1031469540319,318.050696980202,16084600
2023-08-23,319.516357421875,321.66602068387584,316.05736465271366,316.40914128611394,21166400
2023-08-24,312.6473083496094,325.35957674760573,312.6375276630827,325.23254709942444,23281400
2023-08-25,315.58843994140625,317.9139473148537,311.5040788241883,314.11298756039173,21684100
2023-08-28,316.29193115234375,318.68584344960186,314.3572339791844,318.207066953983,14808500
2023-08-29,320.8941650390625,321.45112744073015,314.5136087751781,314.5136087751781,19284600
2023-08-30,321.2654113769531,322.26205720426236,318.97896754783574,321.14816243481806,15222100
2023-08-31,320.259033203125,323.3369376753796,319.30145033255354,321.66608035944125,26411000
2023-09-01,321.1384582519531,324.3922364479654,319.30147820313266,323.7278057381443,14942000
2023-09-05,325.91650390625,327.18677054781415,321.13842988312655,321.47064520868975,18553900
2023-09-06,325.2618408203125,326.80566842614127,322.62362005663084,325.7503980121673,17535800
2023-09-07,322.3598327636719,325.4572688809115,321.4999672739755,323.70825547986243,18381000
2023-09-08,326.6199951171875,328.4667555070914,321.92007759322064,322.53566438985524,19530100
2023-09-11,330.2060546875,330.67508035139593,327.7534879124914,329.5220626550476,16583300
2023-09-12,324.1772155761719,329.08234867340195,323.89387388585794,328.13454656577954,17565500
2023-09-13,328.36907958984375,329.141008354495,323.59100543664357,323.7277859536388,16544400
2023-09-14,330.94866943359375,333.0592103619418,328.8674109262189,331.38835303568044,20267000
2023-09-15,322.6627502441406,329.6784251727831,322.10578782450574,329.2094292987057,37679800
2023-09-18,321.52923583984375,322.83856545069517,318.8910152474716,320.29806225418173,16834200
2023-09-19,321.12860107421875,321.85168591600774,317.0833634746371,318.7053767522615,16505900
2023-09-20,313.4289855957031,322.04714204193704,313.1749561204339,321.96898600781554,21436500
2023-09-21,312.2174072265625,317.90422099600227,307.7910795608823,311.95359703612553,35560400
2023-09-22,309.7550048828125,314.09339463566073,308.91467110299936,313.9663650092456,21447900
2023-09-25,310.2729187011719,310.39994834578414,307.7910397456029,309.34464808220946,17836000
2023-09-26,304.9965515136719,308.6509504072707,302.92504360895043,307.9181144910141,26297600
2023-09-27,305.6316223144531,307.1070447852302,302.6025617027996,305.1528159801847,19410100
2023-09-28,306.462158203125,308.26004502387354,302.36804670236813,303.87278132742597,19683600
2023-09-29,308.52386474609375,312.1587314237549,307.77149741019485,310.4780935014134,24147300
2023-10-02,314.4353942871094,314.523360821819,307.96690188868587,309.04173366618016,20570000
2023-10-03,306.2178649902344,314.03477939534076,304.0877331522798,313.4875679533543,21033500
2023-10-04,311.66046142578125,312.7157618822206,306.81398140643597,306.8432936513831,20720100
2023-10-05,312.05126953125,312.6571055637684,307.6933472507753,311.78745935358154,16965600
2023-10-06,319.7704772949219,321.65630098463043,309.06128169271835,309.3055602997531,25673600
2023-10-09,322.2718811035156,322.7408769349448,315.78382712320234,317.3179038998877,19891200
2023-10-10,320.8746337890625,323.5226056424412,320.17111018080624,323.38579530400693,20557100
2023-10-11,324.8123474121094,325.2031871666955,321.6074137138443,323.63001764409694,20063200
2023-10-12,323.58123779296875,325.99471177384464,321.1970760539996,323.0047438226922,19313100
2023-10-13,320.2297668457031,326.1901418317179,318.89109484470674,324.7733436051939,21072400
2023-10-16,325.0273742675781,328.44727494049874,323.03405238313746,323.4737360067268,22158000
2023-10-17,324.46063232421875,325.828586634413,319.9170559493173,322.0471583622745,18338500
2023-10-18,322.5552978515625,327.9098967863461,320.78672274771935,324.8808354539655,23153600
2023-10-19,323.737548828125,329.1703024841639,323.33692834747904,324.5485406563444,25052100
2023-10-20,319.1939697265625,324.32382025517603,318.0018889823848,324.1283854502297,25027700
2023-10-23,321.7832946777344,325.1152580837002,316.96612824184217,318.0213985858915,24374700
2023-10-24,322.965576171875,324.2455934709326,320.1026385377484,323.7179434195226,31153600
2023-10-25,332.87359619140625,338.2770379621599,329.89337919706037,337.1240202368528,55053800
2023-10-26,320.38604736328125,333.8115893601042,319.45777677753637,332.7465382675552,37828500
2023-10-27,322.2620849609375,329.0139487725961,320.8843501338627,322.867891093588,29856500
2023-10-30,329.5904541015625,331.6814932194884,324.23585648353105,325.77971392594014,22828100
2023-10-31,330.3721618652344,331.24180806391223,327.03044704898707,331.09524685603606,20265300
2023-11-01,338.1500244140625,339.4691349616439,331.8769361620282,332.01374650613616,28158800
2023-11-02,340.3485107421875,340.84681883225545,336.879736569886,339.29321044253436,24348100
2023-11-03,344.7259521484375,346.27959030223104,339.38113512943426,341.62851616542054,23637700
2023-11-06,348.3705749511719,349.3574699781312,345.26335850207806,345.361075900052,23828300
2023-11-07,352.279052734375,354.16487636600215,349.4454269438777,351.1749086935178,25833900
2023-11-08,354.8879089355469,355.54255878691407,352.2985323074461,353.40267618539207,26767800
2023-11-09,352.4354248046875,356.441600143659,352.11296032697913,354.00856480709007,24847300
2023-11-10,361.2099304199219,361.63008249841977,352.8067397541227,353.2171111454846,28042100
2023-11-13,358.2882995605469,360.03734267871334,357.52615152445077,359.79306407971893,19986500
2023-11-14,361.796142578125,363.4377174527681,358.9429851939613,362.5192275200011,27683900
2023-11-15,361.9430847167969,365.33075462470396,359.436566943663,363.51941777960104,26860100
2023-11-16,368.3071594238281,368.48338982170065,362.4423444484434,363.2060393855787,27182300
2023-11-17,362.1192321777344,366.5447423144695,359.3287982048387,365.8006186204478,40157000
2023-11-20,369.55059814453125,370.95070053235196,363.24520725093254,363.46060991672704,52465100
2023-11-21,365.27197265625,368.3561243217149,363.3627202596963,367.8176325584251,28423100
2023-11-22,369.9520263671875,371.85147806167527,367.1322205576516,370.0988850281661,23345300
2023-11-24,369.54083251953125,370.0695536363756,367.29872033158176,369.44291677497637,10176600
2023-11-27,370.6961364746094,372.683733332582,368.336537498751,368.9044009726802,22179200
2023-11-28,374.7006530761719,374.994370396148,370.25554172918464,370.4415726583984,20453100
2023-11-29,370.9311218261719,376.2671856758015,369.5505906614915,375.738494499301,28963400
2023-11-30,370.9898376464844,372.14516552640623,367.6217398530599,370.57860354905085,30554400
2023-12-01,366.6819152832031,370.25561616658536,363.5487904683599,368.88488526497616,33040500
2023-12-04,361.424072265625,361.7961042236622,355.31448343294096,361.3848999985792,32063300
2023-12-05,364.73345947265625,365.2817517868028,357.9776914107373,358.7903592232799,23065000
2023-12-06,361.0911865234375,366.35873644463544,360.3372921206186,365.73212951183393,21182100
2023-12-07,363.19622802734375,363.68577677525514,358.66300184093467,360.53308164351836,23118900
2023-12-08,366.4076843261719,366.6328576380953,360.53309906732864,361.48282487936234,20154400
2023-12-11,363.5389404296875,363.83268764840955,358.44765064841334,360.77790780370736,27708800
2023-12-12,366.5545349121094,366.59370717928465,362.7164594804309,363.09832185609827,24838300
2023-12-13,366.5447692871094,369.7464376106383,363.0200118977458,368.16027437565873,30955500
2023-12-14,358.2811279296875,365.9474778075548,356.5187644458724,365.50687199675934,43277500
2023-12-15,362.9809265136719,364.6160030546236,358.62392949147795,359.1820223907122,78502300
2023-12-18,364.8607177734375,365.2034079122954,360.97369907312446,361.72762335454945,21802900
2023-12-19,365.45794677734375,365.45794677734375,362.1094201402803,363.7249250586426,20603700
2023-12-20,362.8731689453125,368.1700908565403,362.78505374172363,367.1616214647713,26316700
2023-12-21,365.73211669921875,366.5839268091088,362.3052751851502,364.77259031859234,17708000
2023-12-22,366.7503967285156,367.3378613138971,364.91948884316713,365.86921479028837,17107500
2023-12-26,366.8287048339844,369.0610461329153,365.69294804965995,367.1615944273694,12673100
2023-12-27,366.2510070800781,367.22030403850823,365.0173346750331,365.87894525127507,14905400
2023-12-28,367.4357604980469,368.5910885400905,366.33917592392487,367.5238756999293,14327000
2023-12-29,368.1798400878906,369.2764245304369,365.6733528250178,368.14066782074684,18730800
2024-01-02,363.117919921875,368.0427796247224,359.1036138103624,366.0454121665628,25258600
2024-01-03,362.85357666015625,365.45797986261033,360.8072662610182,361.2968150611858,23083500
2024-01-04,360.2491760253906,365.30132326469203,359.49528162444665,362.9221232500447,20901500
2024-01-05,360.0631408691406,364.2830491168241,358.8392688743441,361.25764113124956,21004600
2024-01-08,366.85809326171875,367.35744261436474,361.2968258961624,361.58074269539895,23134000
2024-01-09,367.93505859375,368.13086016631314,363.43120410921466,364.23407123187167,20830000
2024-01-10,374.7691955566406,376.1399561660862,368.45403366179033,368.50297659226095,25514200
2024-01-11,376.59033203125,382.5138608324762,372.4291670394017,377.9316910243427,27850800
2024-01-12,380.3500671386719,380.55566927985785,376.6099069263744,377.43234537080764,21661200
2024-01-16,382.11248779296875,385.7939050838547,379.517884597932,385.4316436784695,27202300
2024-01-17,381.3291320800781,381.9557389879291,376.7665338147622,379.87028626114164,22234100
2024-01-18,385.6371765136719,385.75466344784127,381.96556042243856,383.5321225973024,23392100
2024-01-19,390.3368835449219,390.3368835449219,385.27493541414515,387.4877057228784,29331100
2024-01-22,388.2220153808594,392.2460923450514,385.36303712070327,391.6586277842315,27016900
2024-01-23,390.56207275390625,391.03205041405533,385.6959559124731,387.47792092588605,20525900
2024-01-24,394.1455993652344,397.15143671668096,392.07971739462846,393.1469303877458,24867000
2024-01-25,396.40716552734375,398.50244833714686,394.11608116240063,395.8686739011064,21021200
2024-01-26,395.48687744140625,397.68007633393063,394.01823107466254,395.917682766026,17803300
2024-01-29,401.1558532714844,401.4104281984527,395.8785030835569,397.57235261817027,24510200
2024-01-30,400.0494689941406,404.41623575131524,397.9542157503529,403.64277019124665,33477600
2024-01-31,389.26959228515625,406.6388032074163,388.90733097100707,398.45353212037105,47871100
2024-02-01,395.34002685546875,399.4718199134869,393.40140285508346,393.4307745878308,30657700
2024-02-02,402.6245422363281,404.02464472350925,395.12465055102524,395.36942496681314,28256700
2024-02-05,397.1708984375,402.5657352720622,395.5455929874579,401.33206284957225,25352300
2024-02-06,397.0143127441406,399.44248577195293,394.48825385108364,397.39617518548,18382600
2024-02-07,405.3953552246094,405.64012962816963,398.88436206584436,398.9235343367266,22340500
2024-02-08,405.4541015625,406.8738050650789,403.90714046810643,405.3953580956046,21225300
2024-02-09,411.7594909667969,412.0238664464446,406.41362634312986,406.5702855474464,22032800
2024-02-12,406.580078125,411.94551383927785,406.0807287884979,411.769283442755,21202900
2024-02-13,397.8269348144531,401.49855072964925,394.9581860838381,396.4757753769111,27824900
2024-02-14,401.67205810546875,402.0153819358465,396.84600689910087,400.2791853329973,20401200
2024-02-15,398.7980651855469,401.3190066322356,396.57141418180584,400.34791702088137,21825500
2024-02-16,396.34576416015625,400.4950166150196,395.737605866878,400.17130014605374,22296500
2024-02-20,395.10003662109375,396.76756266074034,390.4112964520626,395.5414273661721,24307900
2024-02-21,394.5016784667969,394.60959394201785,389.63638185870155,392.53007321174096,18518900
2024-02-22,403.79083251953125,404.9482969480148,400.76964859968683,402.3587150074255,27009900
2024-02-23,402.505859375,407.92046175721333,401.162019956702,407.73411674298126,16295900
2024-02-26,399.75933837890625,404.2911294979053,399.5827521513917,403.60448178020243,16193500
2024-02-27,399.7004699707031,400.52442923735737,396.13976854109416,400.20071277924296,14835800
2024-02-28,399.9358825683594,401.48570431449235,397.5817089338175,400.38709194736896,13183100
2024-02-29,405.742919921875,406.29222617012584,398.1703067167653,400.83837846610305,31947300
2024-03-01,407.5674133300781,407.93034462455915,403.0356216104399,403.4181602950467,17823400
2024-03-04,406.9984436035156,409.38204334564557,404.4480762959748,405.54668869062186,17596000
2024-03-05,394.9626770019531,406.3412180011649,392.991071894389,406.0567462440755,26919200
2024-03-06,394.41339111328125,397.4247865981622,390.784048581795,395.27659515513125,22344100
2024-03-07,401.328857421875,401.95662320085074,394.56056584653686,398.3664950410901,18718500
2024-03-08,398.4645080566406,402.58433424165736,396.61057729290076,400.1712786506048,18002200
2024-03-11,396.79693603515625,397.93479302965693,393.5991959671877,396.05146623078247,16120800
2024-03-12,407.3515319824219,407.6360037253644,399.02363143663507,399.83777202306123,22457000
2024-03-13,407.1750183105469,410.19620253246603,403.5947092048327,410.1177430442753,17115900
2024-03-14,417.1017761230469,419.6521433696343,410.009799228429,412.21684262615895,34157300
2024-03-15,408.4698181152344,414.53182378938754,404.9091164524236,411.28501994441507,45079900
2024-03-18,409.35260009765625,412.6975005120342,405.8801768330178,406.3412048651448,20106000
2024-03-19,413.3645324707031,413.61957818454806,407.61639479250874,409.8528643144651,19837900
2024-03-20,417.11163330078125,417.82767717758037,412.6288753346162,413.94328882066856,17860100
2024-03-21,421.17254638671875,422.5948752417206,419.004747660182,421.6237557740876,21296200
2024-03-22,420.5545959472656,421.65320840400005,417.93558766825475,421.4962894258474,17648500
2024-03-25,414.7868347167969,419.2499850699005,413.5606994442316,417.12140106535213,18060500
2024-03-26,413.5999450683594,417.8570831519167,413.30568457627095,417.48433323864253,16725600
2024-03-27,413.3841247558594,416.34648660093063,411.0103437373624,416.33666794000516,16705000
2024-03-28,412.68768310546875,413.815721504757,411.11822405931304,412.92309148516256,21871200
2024-04-01,416.4642028808594,419.720825298805,414.15906261710444,415.856044584665,16316000
2024-04-02,413.39398193359375,414.31603809824145,409.86270618972446,412.0893571765106,17912000
2024-04-03,412.4228820800781,415.17923184367993,411.0888313055727,411.7166269488562,16502300
2024-04-04,409.9019470214844,420.4859554910503,409.59786785676073,416.8761903565226,19370900
2024-04-05,417.39599609375,418.3671154502644,410.33347586739825,411.9912129200493,16554800
2024-04-08,416.4837951660156,419.12244053087517,415.21841524840187,417.0527386666228,14272400
2024-04-09,418.1415710449219,419.5736887198931,413.5705349702072,418.2985199584035,12496900
2024-04-10,415.17926025390625,415.9345488749053,411.687229070282,414.1296811793762,16216600
2024-04-11,419.7600402832031,421.1725504908495,414.2963744060529,417.69033834286756,17966400
2024-04-12,413.8451232910156,417.06250067629605,411.7557842388935,415.95406972864896,19253800
2024-04-15,405.742919921875,418.67128401490294,405.5369076275719,418.45548299345114,20273500
2024-04-16,406.6649169921875,410.4119935798852,405.8311689524943,406.65512826574127,16765600
2024-04-17,403.9772033691406,410.88280503231437,402.49602250375233,409.2839199801292,15855500
2024-04-18,396.5517272949219,404.02627254838046,396.2378594372626,402.79031869935466,21029900
2024-04-19,391.5,397.7385905071919,390.1757682000593,396.3162619193043,30565800
2024-04-22,393.304931640625,395.1588624515417,388.1944084543801,392.441727661041,20286900
2024-04-23,399.788818359375,400.4067954016844,395.36491217740183,396.52237683143863,15734500
2024-04-24,401.2502746582031,404.59517495198185,399.01380533371923,401.7407287200192,15065300
2024-04-25,391.4216003417969,392.2553782643455,380.62179192671005,386.5072408836068,40586500
2024-04-26,398.5625915527344,405.1150505614492,398.0132854043954,404.3009099992489,29694700
2024-04-29,394.57037353515625,398.5626776003093,391.5687964569437,397.51309850869376,19582100
2024-04-30,381.89697265625,394.4820415046003,381.74005368851095,393.82481984555585,28781400
2024-05-01,387.3998718261719,394.05042796595137,382.85826224732904,385.11433904555116,23562500
2024-05-02,390.2445068359375,392.29460134045365,387.11540734616494,390.0679505478797,17709400
2024-05-03,398.89617919921875,399.3768146946621,394.1878013235466,394.5997959874596,17446700
2024-05-06,405.644775390625,406.0273140130064,398.6116505989638,400.95603550783153,16996600
2024-05-07,401.52496337890625,406.75322090554647,401.27973632622934,406.74340224425765,20018200
2024-05-08,402.7020263671875,404.3597634781988,398.9451315189421,400.37727892161104,11792300
2024-05-09,404.4480895996094,404.84044690561177,401.28956389363333,402.73150019277335,14689700
2024-05-10,406.8218688964844,407.44966453116945,403.93799631140473,405.0562460600837,13402300
2024-05-13,405.8212890625,410.36289822900073,402.9766616384639,410.02939307645266,15440200
2024-05-14,408.6071472167969,409.5193847249845,403.69278719697195,404.1538152820149,15109300
2024-05-15,415.75115966796875,416.46852499785643,410.0418061194269,410.6608977071615,22239500
2024-05-16,413.6973571777344,418.0506409370668,413.06845922359344,414.493323488297,17530100
2024-05-17,412.9309387207031,415.59401656244523,410.78870878728935,415.2205942827064,15352200
2024-05-20,417.9720458984375,419.37726753163014,412.7147152549324,412.9309055053418,16272100
2024-05-21,421.6080322265625,425.469948238359,417.49061042635105,419.4362930029197,21453300
2024-05-22,423.0622863769531,424.91956115828395,419.7310254046841,422.6397422694005,18073700
2024-05-23,419.603271484375,426.0889486573305,418.05065430726955,425.4698570651074,17211700
2024-05-24,422.70855712890625,423.59296088139126,417.05816150216543,419.7900037534496,11855300
2024-05-28,422.86578369140625,423.35712243524114,419.2102222377172,422.1877338257991,15718000
2024-05-29,421.7357482910156,423.4750768037088,418.3160195321069,418.3160195321069,15517100
2024-05-30,407.4869384765625,416.95009868740084,407.06436431189735,416.95009868740084,28394500
2024-05-31,407.93890380859375,409.53083651523417,397.5028738526741,409.53083651523417,47995300
2024-06-03,406.3567810058594,409.21637607324783,401.83648858598,408.3319723384426,17484700
2024-06-04,408.8626403808594,409.22622626275023,402.58331667273,405.2856798357907,14348900
2024-06-05,416.66510009765625,416.7338647316788,409.0886349128657,410.57248754759564,16988000
2024-06-06,417.166259765625,417.9425834215114,413.2945078470223,416.6651146111646,14861300
2024-06-07,416.5078125,418.8957113302609,415.67253073124033,418.8171103351825,13621700
2024-06-10,420.458251953125,420.6646058483147,416.54721437209554,417.34318081391007,13982900
2024-06-11,425.1849060058594,425.3224952545953,417.88361916349896,418.1096457911631,14551100
2024-06-12,433.4197692871094,435.7192312163597,425.74505981738713,427.7792095971262,22366200
2024-06-13,433.93072509765625,435.7093989946261,431.75901618030764,433.21338970261115,15960600
2024-06-14,434.9035949707031,435.4637283515464,429.15492551069684,430.68790003484014,13582000
2024-06-17,440.60308837890625,443.1285766509554,433.08561180023855,434.9232138540311,20790000
2024-06-18,438.6082763671875,442.34246889984814,437.18341197055486,441.9198947788086,17112500
2024-06-20,437.9793701171875,438.79497924029823,433.6260860366594,438.5689526211533,19877400
2024-06-21,441.9886169433594,442.77474682718133,438.7752728073476,439.6301973029606,34187100
2024-06-24,439.91522216796875,444.90721036131976,438.6770389987755,442.0082999216464,15913700
2024-06-25,443.138427734375,443.60028735592437,439.01117026568124,440.4851865060809,16413400
2024-06-26,444.3274230957031,445.7424809709231,440.42619256271684,441.22215886891127,16507000
2024-06-27,445.0054626464844,448.2679587829335,443.9441542700809,444.3470555991846,14806300
2024-06-28,439.2077331542969,447.4916975183524,438.6770788922511,445.22171482768863,28362300
2024-07-01,448.81829833984375,449.447196335744,437.94005138791704,440.88808384173325,17662800
2024-07-02,451.32415771484375,451.62878536550966,445.26102385148636,445.3494912239479,13979800
2024-07-03,452.7882995605469,453.03396893483153,449.94837718806366,450.25300481306164,9932800
2024-07-05,459.4607238769531,460.2370475569388,451.01952711906966,451.6484251718753,16000300
2024-07-08,458.16357421875,459.59830504287737,456.41440936822374,458.4682018620652,12962300
2024-07-09,451.57965087890625,459.23468742094946,450.0663190511327,458.9104170237532,17207200
2024-07-10,458.17340087890625,458.3797547644369,450.9113994976311,453.2305340754163,18196100
2024-07-11,446.8234558105469,456.72883147324404,443.7279978013262,454.96002402992053,23111200
2024-07-12,445.693359375,448.45468069664645,442.8436006787632,446.459846610387,16324300
2024-07-15,446.0962829589844,449.3391368001631,443.61011000854984,445.44771219074863,14429400
2024-07-16,441.733154296875,446.430351284593,438.92271119875926,446.35175028412175,17175700
2024-07-17,435.837158203125,437.1441362044733,431.5723410192936,434.92327523279124,21778000
2024-07-18,432.74169921875,436.9475578488645,426.8751131633182,436.6429302135875,20794800
2024-07-19,429.5381774902344,433.49839687991425,424.5167095108502,425.59766083378145,20940400
2024-07-22,435.2671203613281,436.89836840804566,431.3069317261726,434.1370473740231,15808800
2024-07-23,437.1440734863281,440.6227600869156,435.4243879336588,436.21051790501895,13107100
2024-07-24,421.47039794921875,433.83249840274334,420.18309274942834,432.82034171919196,26805800
2024-07-25,411.15228271484375,422.35480083589914,410.2777152857788,421.3721232816147,29943800
2024-07-26,417.90325927734375,421.490056226304,410.0418390958428,410.95575198353527,23583800
2024-07-29,419.33795166015625,424.66404655168895,417.3431176712943,424.1039132176947,15125800
2024-07-30,415.5940246582031,421.6178131681188,410.1303096009262,420.31086515251326,32687600
2024-07-31,411.1031188964844,414.47369536650564,405.0694649339739,413.21586942488864,42891400
2024-08-01,409.8846130371094,420.05533154219523,405.9342601346404,413.50088916463085,30296400
2024-08-02,401.4139099121094,407.81114983489476,397.3358044115477,405.3446197900361,29437900
2024-08-05,388.30499267578125,394.09297731515574,378.9007621776494,382.42860065253456,40709200
2024-08-06,392.687744140625,398.6427974223072,391.59698650264767,393.07100276300895,24946500
2024-08-07,391.5281982421875,402.97638538590667,390.58483621712907,401.5613573427881,20650900
2024-08-08,395.71441650390625,398.82948747665125,393.01205329948556,395.4687471216862,20203000
2024-08-09,398.9867248535156,400.9815590644515,395.2918776876415,397.0312061411671,19276700
2024-08-12,399.7630310058594,401.6792641246606,397.23754263585204,400.008700380632,16762900
2024-08-13,406.83837890625,407.76209828599673,402.4752877901098,402.4949305468702,19414300
2024-08-14,409.638916015625,410.484034234621,405.30533476037385,407.61460282522484,18267000
2024-08-15,414.482421875,414.56116454959863,411.16483466760724,413.27153919674845,20752100
2024-08-16,411.96221923828125,414.787581998409,410.81040112271256,414.05909962624725,22775600
2024-08-19,414.974609375,415.19118926465836,409.9834478562735,412.44456931012445,15234000
2024-08-20,418.19378662109375,419.23729981689326,415.082955234779,415.14201975205145,16387600
2024-08-21,417.5440673828125,419.7689009161739,415.1616884163413,417.48497282390196,16067300
2024-08-22,409.08758544921875,420.1528076484466,408.16220140309326,417.7605748245769,19361900
2024-08-23,410.3083801269531,412.73996960606866,405.6814592418378,410.4954277824997,18493800
2024-08-26,407.05963134765625,410.7906998560521,404.94307292164314,409.8948480483377,13152800
2024-08-27,407.40423583984375,407.91613833509496,403.8700687036349,406.43946532338146,13492900
2024-08-28,404.21466064453125,408.54622911327857,400.975815861933,408.42810007077503,14882700
2024-08-29,406.6954040527344,415.4865229101855,404.21460437652166,408.4871077292706,17045200
2024-08-30,410.6529541015625,410.9974871196902,405.72085639315753,409.1368946584357,24308300
2024-09-03,403.07269287109375,413.35034007836833,400.7001678121759,411.4109748667296,20313600
2024-09-04,402.5410461425781,404.8446523736478,398.0814949690352,399.59755429893164,15135800
2024-09-05,402.0389709472656,406.6757153578755,399.81410753750566,401.2809263113811,14195500
2024-09-06,395.45306396484375,404.2638620080845,394.56703607993364,402.6985921439958,19609500
2024-09-09,399.4105529785156,402.2949806412775,395.8960636873458,400.9069042814964,15295100
2024-09-10,407.7586364746094,409.8554868302287,401.3597203496137,401.8519446669211,19594300
2024-09-11,416.4611511230469,417.3963592828998,403.21045111442425,409.03840014283475,19266900
2024-09-12,420.3595886230469,420.7238298297295,413.2223356546228,416.72697057085117,17395700
2024-09-13,423.893798828125,425.1145057080557,418.8435717530032,419.2078129966604,15874600
2024-09-16,424.6320495605469,426.7879943677343,421.5605747785227,423.90356722052456,13834700
2024-09-17,428.3828430175781,434.9786612819886,425.54762597309116,433.3838592052121,18874200
2024-09-18,424.1103210449219,429.249144206207,423.7165475930165,428.235163297131,18898000
2024-09-19,431.8677978515625,434.63409626466625,430.1056262859268,434.36830593406904,21706600
2024-09-20,428.5009460449219,432.409208323067,427.4672869965637,430.4206328981448,55167100
2024-09-23,426.76837158203125,429.67247726227924,423.6968964015023,427.52638627626743,15128900
2024-09-24,422.495849609375,426.61083784634445,419.4735849772464,426.2662748026867,17015800
2024-09-25,425.3901062011719,426.384408985251,421.9051794925785,423.14556440453987,13396400
2024-09-26,424.6025390625,428.53047950890726,422.45644824495844,428.3237537072511,14492000
2024-09-27,421.3637390136719,425.1341945131492,420.82230422369577,424.8093096047705,14896100
2024-09-30,423.6082763671875,423.7264354508624,418.75495134014767,421.55078212730024,16807300
2024-10-01,414.1477355957031,421.81659955830685,412.2969671899716,421.78706729834266,19092900
2024-10-02,410.64306640625,416.2445815766932,410.22958475813624,416.0082934736332,16582300
2024-10-03,410.0622863769531,413.0254566537122,407.84727671300476,411.1353318978847,13686400
2024-10-04,409.5897216796875,413.2223397680441,408.51667620718774,411.73581262468696,19169700
2024-10-07,403.171142578125,410.6233966552464,402.6395318501973,409.5306729821077,20919800
2024-10-08,408.26068115234375,409.19591936395466,401.82240877121177,404.50993429186275,19229300
2024-10-09,410.96795654296875,413.8425600403991,407.857094965171,409.3928325735408,14974300
2024-10-10,409.3731689453125,410.8596961873674,406.7249993762307,408.7726696220669,13848400
2024-10-11,409.84564208984375,410.64304304020095,406.823377723781,409.6684485548725,14144900
2024-10-14,412.621826171875,417.4456186019399,411.02699410502277,411.27310627026066,16653100
2024-10-15,412.22802734375,415.9098858066577,408.80216519233556,415.61453317923247,18900200
2024-10-16,409.64874267578125,409.8850007237477,404.09646824766287,408.71353454058965,15508900
2024-10-17,410.2394714355469,415.9295838303706,409.127039576057,415.7917465890575,14820000
2024-10-18,411.65704345703125,413.1238623045801,409.7865970653071,410.6529166681237,17145300
2024-10-21,412.2673645019531,412.4445580314681,407.315589473935,409.6487277415062,14206100
2024-10-22,420.8616943359375,423.88392916296095,411.53896348036403,411.9819473916582,25482200
2024-10-23,417.9969177246094,424.37612597688815,415.95910173602493,424.1595460644349,19654400
2024-10-24,418.1248779296875,419.3554387186423,415.8310957950025,418.71552307399537,13581600
2024-10-25,421.4917297363281,425.7937660019832,419.9363139175779,420.12336158504047,16899100
2024-10-28,419.9559631347656,425.2227696357769,419.670464602579,424.9471252042487,14882400
2024-10-29,425.2325744628906,426.4336029274501,419.17819168549653,421.3439905701075,17644100
2024-10-30,425.80364990234375,431.68081060072564,425.3803441170904,430.63729724763886,29749100
2024-10-31,400.03076171875,409.6882017012257,399.9815212546983,408.9006246633273,53971000
2024-11-01,403.9881591796875,409.0383852046151,401.16279656048295,402.64932353081855,24230400
2024-11-04,402.1078796386719,404.0374205874987,399.26283871579096,403.42703719981586,19672300
2024-11-05,405.06121826171875,408.4477238969609,401.7337771398714,402.0192756499378,17626000
2024-11-06,413.6456604003906,413.91148078515863,404.13588205792996,406.0063586804049,26681800
2024-11-07,418.8139953613281,420.2119257079772,413.35031719618456,414.7285393416903,19901800
2024-11-08,415.96893310546875,419.8673412736044,415.22074253188157,418.70569909892066,16891400
2024-11-11,411.5094299316406,418.20366938728347,409.5306783384117,415.94927334689254,24503300
2024-11-12,416.4513244628906,417.8394007087299,410.71200186963034,411.7456609678349,19401200
2024-11-13,418.587646484375,422.65339483798164,411.7063288657566,415.08301112040346,21502200
2024-11-14,420.2513427734375,421.51143597611144,413.4684764416515,418.390720208814,30246900
2024-11-15,408.5461730957031,416.22486023548765,407.207337406915,413.29122260558944,28247600
2024-11-18,409.29443359375,411.8933627455597,405.6913474607701,408.41825976061074,24727000
2024-11-19,411.2928161621094,411.4404774532615,405.149836063281,406.6855735772408,18133500
2024-11-20,409.02862548828125,410.8006513678973,404.19497823742415,410.38716964975555,19191700
2024-11-21,407.26287841796875,414.0790385036892,404.71793020151534,413.80284233986384,20780200
2024-11-22,411.33685302734375,411.73141473144454,405.4775199069054,405.7833074853181,24814600
2024-11-25,413.10247802734375,415.36135617252853,409.2159842267064,412.69804256956826,27691100
2024-11-26,422.17755126953125,423.21330950979313,413.161695275106,413.891635863064,23458900
2024-11-27,417.24542236328125,421.427859986681,416.2885945934304,419.33662612341953,18332400
2024-11-29,417.7090759277344,419.10980447039015,412.1259395107062,414.384847961252,16271900
2024-12-02,425.126953125,427.1195090506518,415.58826631722377,415.84474493949193,20207200
2024-12-03,425.34393310546875,426.5966745404958,421.93090130394285,424.0023874596203,18302000
2024-12-04,431.47955322265625,433.6989966979177,426.75459623977906,427.1491579480887,26009400
2024-12-05,436.60882568359375,438.62112911545074,430.24644042721326,431.9726738856543,21697800
2024-12-06,437.54595947265625,440.04159877439776,435.7703869006791,436.2931878578621,18821000
2024-12-09,439.9626770019531,442.2413029263077,434.51765390142566,436.5891402244184,19144400
2024-12-10,437.3092041015625,443.51378920495125,435.6027181772746,438.3548361326827,18469500
2024-12-11,442.89239501953125,444.23394093068583,438.01948123467236,438.01948123467236,19200200
2024-12-12,443.45458984375,449.96496224230685,443.0106891858234,443.0106891858234,20834800
2024-12-13,441.1956481933594,445.299155151737,439.5285975507959,442.34977175479605,20177800
2024-12-16,445.45703125,446.039014950384,439.23272866925197,441.19569319284585,23598800
2024-12-17,448.2880859375,449.1068307764244,443.4645114369834,444.8849575716068,22733500
2024-12-18,431.44989013671875,446.50262602359174,431.08488976149135,445.19070178831043,24444500
2024-12-19,431.0947570800781,437.1612287919841,430.39440791706704,435.6224173363725,22963700
2024-12-20,430.67059326171875,437.71361011588573,422.80883168125047,427.2279700671991,64263700
2024-12-23,429.3389587402344,431.70635881030796,426.9518110200716,430.80871372187636,19152500
2024-12-24,433.363525390625,433.6298778354008,428.2933464556966,428.74709084992185,7164500
2024-12-26,432.16015625,434.9517397989475,430.70027491424656,433.11698419987056,8194200
2024-12-27,424.68304443359375,429.30935275325726,420.5598195240772,428.69777768381334,18117700
2024-12-30,419.0604553222656,421.7435167493127,416.17025429217676,420.27376177490316,13158700
2024-12-31,415.7756652832031,420.93464819489714,414.9470768224156,420.3131993235258,13246500
2025-01-02,412.89532470703125,420.2836247921959,409.21600045312425,419.7509500092328,16896500
2025-01-03,417.6005554199219,418.2713132207811,413.8423008464514,415.36136467137544,16662900
2025-01-06,422.0394592285156,428.4215926337743,419.7016505493917,422.1874160873605,20573600
2025-01-07,416.6338195800781,424.80136831085315,415.0851344087357,423.17378285894296,18139100
2025-01-08,418.7941589355469,421.1714329663283,415.81518360520914,417.7090917280971,15054600
2025-01-10,413.2603759765625,418.9421306496922,409.3837252660674,418.86323035141214,20201100
2025-01-13,411.5242614746094,412.81646832203865,406.69081302742603,409.6007318390263,17604800
2025-01-14,410.02490234375,414.03960580749714,405.1421150215387,412.1358238822972,16935900
2025-01-15,420.5203857421875,422.3353935398116,412.5895665870108,413.43790279096226,19637800
2025-01-16,418.8138122558594,423.6571336957602,418.6264203199314,422.87788427352234,15300000
2025-01-17,423.2033996582031,428.579395977241,422.35509365285844,428.1946780656617,26197500
2025-01-21,422.68060302734375,425.0480029513297,419.819993531564,424.35752761269225,26085700
2025-01-22,440.1402587890625,441.1957044539868,430.0787709144918,431.6175824572203,27803800
2025-01-23,440.643310546875,440.68277574358376,435.50407496539947,435.9972845633218,18389300
2025-01-24,438.0293273925781,440.5841496239721,435.40544858930485,439.11439458237174,15549500
2025-01-27,428.6583557128906,429.2896784954125,417.74856099112463,418.2516444520013,35647800
2025-01-28,441.1266784667969,442.29064589853647,425.52151949148305,428.69779052094407,23491700
2025-01-29,436.32281494140625,440.81104060450724,434.41903300783486,440.62361853818396,23581400
2025-01-30,409.35406494140625,417.11717867451154,407.548931179693,413.08272804700266,54586300
2025-01-31,409.42315673828125,414.976701732093,409.27519987674,413.2899333042713,34161900
2025-02-03,405.3393859863281,409.7683985075356,403.1100689884043,406.01014380943144,25679100
2025-02-04,406.76971435546875,408.2986823038951,404.1754268282418,407.08537575034575,20532100
2025-02-05,407.6772155761719,408.2098602907994,404.8264495269334,406.74997908357795,16316700
2025-02-06,410.1728515625,412.5205341470821,408.3775613386283,408.3775613386283,16309800
2025-02-07,404.18524169921875,412.96436600470287,402.5576561425311,410.8238533335017,22886800
2025-02-10,406.6217346191406,409.81772327895646,405.3394016663598,408.0914896331453,20817900
2025-02-11,405.852294921875,406.88802298158646,403.74134350470337,404.0767525043344,18140600
2025-02-12,403.48492431640625,405.17169274595005,398.8783333348811,401.67976029438313,19121700
2025-02-13,404.96453857421875,405.4182829681306,400.8412835235649,401.4726062482461,23891700
2025-02-14,402.8832092285156,403.35670130819824,400.3678521686821,402.25191655873215,22758500
2025-02-18,404.0767517089844,405.0237056562673,400.9793811541372,402.4590098668831,21423100
2025-02-19,409.1370849609375,409.8473079963777,402.11378500109834,402.34067225656025,24114200
2025-02-20,411.30169677734375,414.4447923675228,407.75335474991726,410.47144681938056,23508700
2025-02-21,403.47357177734375,413.1993956224997,403.15730762956775,412.4976421272199,27524800
2025-02-24,399.31243896484375,404.62012670611466,394.6867476536957,403.77011965609864,26443700
2025-02-25,393.283203125,397.25657880262406,392.09714469383994,396.44608593506547,29387400
2025-02-26,395.09197998046875,398.9170718958632,389.6755530638089,393.3919357776839,19619000
2025-02-27,387.97552490234375,401.03224256641477,387.6197164134029,396.61410618114576,21127400
2025-02-28,392.3837585449219,393.0163471729864,382.0846775634414,388.1040123360274,32845700
2025-03-03,383.9823913574219,394.1925506012372,381.6794393165997,394.1925506012372,23007700
2025-03-04,384.1009216308594,388.02485870202906,376.5792353713358,378.9513820023961,29342900
2025-03-05,396.36700439453125,397.00948665687173,384.29868393839774,384.82253320835395,23433100
2025-03-06,392.2849426269531,397.4838909032578,388.12376908504734,389.70521049036057,23304600
2025-03-07,388.7464599609375,390.2191619837315,381.0666253730808,387.76795648683793,22034100
2025-03-10,375.7490234375,381.9166113327009,372.8431337183802,381.3631114017718,32840100
2025-03-11,376.0356750488281,381.5212666884101,372.5367409966354,374.6024872406928,30380200
2025-03-12,378.8229675292969,380.75035405096787,374.55311473502826,378.5067033632867,24253600
2025-03-13,374.3751220703125,380.84914053983084,373.07046095024094,378.7141993931464,20473000
2025-03-14,384.05157470703125,385.7022111357248,375.10659301872727,375.3734493768336,19952800
2025-03-17,384.19000244140625,388.15345468919406,381.0963143894263,382.2132080479099,22474300
2025-03-18,379.07000732421875,382.8753418143747,376.6781034710803,382.57883477918654,19486900
2025-03-19,383.3201599121094,385.158563988563,379.54447585576617,381.0567221702146,19185500
2025-03-20,382.3515625,387.244140619299,378.8328709429988,381.26431956643484,18470500
2025-03-21,386.72027587890625,387.19468720298374,378.35841433019584,378.7735544022507,39675900
2025-03-24,388.51910400390625,390.81219242783766,385.2870564688155,390.81219242783766,21004500
2025-03-25,390.5749816894531,391.7610400507305,388.08423198363494,389.3493790004213,15775000
2025-03-26,385.4451904296875,390.7232269425197,384.061440622416,390.4168262767483,16108400
2025-03-27,386.048095703125,387.6888383797828,382.9050004114053,385.6033351411741,13766800
2025-03-28,374.4048156738281,384.6149747790714,372.5565178920864,383.5771397086297,21632000
2025-03-31,371.034423828125,372.694923815259,362.9789628551185,368.2174858935481,35184700
2025-04-01,377.7555236816406,378.4078694453165,368.89949332324585,370.3030004386035,19689500
2025-04-02,377.70611572265625,380.61197570359644,372.25014394283687,373.5844861787052,16092600
2025-04-03,368.7807922363281,373.10011248760316,365.06444000689004,370.4413221297822,30198000
2025-04-04,355.664794921875,370.2436515761853,355.30898645827625,359.90502676066706,49209900
2025-04-07,353.7077941894531,366.6953473866903,340.78946619633433,346.808801297969,50425000
2025-04-08,350.446044921875,369.3145404099518,346.1860561796805,363.98709615832223,35868900
2025-04-09,385.9591979980469,388.667426732123,349.0030438091915,349.4379409733939,50199700
2025-04-10,376.92523193359375,379.44563241847453,363.5324334212975,377.6269854135807,38024400
2025-04-11,383.94287109375,385.52428234575257,374.4937970946495,376.2234920445777,23839200
2025-04-14,383.3102722167969,390.0709046779098,379.75203666792555,388.6575040815548,19251200
2025-04-15,381.25439453125,387.342923812398,379.7026039659422,384.00213704858294,17199900
2025-04-16,367.2982482910156,377.18221973337427,363.730149078798,376.25315416820064,21967800
2025-04-17,363.5126953125,369.97682098932336,362.6330375516977,369.41342738591277,21120200
2025-04-21,354.9531555175781,360.25097956592975,351.54320368031085,358.6102367890087,20807300
2025-04-22,362.5638122558594,363.5027713530303,355.6845470865514,359.1637239988867,19485000
2025-04-23,370.0459899902344,375.9763723537339,368.69186067990836,371.6965961898571,20545500
2025-04-24,382.80615234375,383.9428330432701,370.8366789549492,371.34077108557176,22232300
2025-04-25,387.3034362792969,387.6098369882708,380.13755681192964,382.5097039822226,18973200
2025-04-28,386.62139892578125,388.18305301396595,382.1538550582223,387.41210451108003,16579400
2025-04-29,389.4679870605469,390.51568553400665,385.85045019118235,386.75975859738145,14974000
2025-04-30,390.673828125,392.05757796403765,379.979364791359,385.77135703314644,36461100
2025-05-01,420.464111328125,431.91962985286955,419.9699127886788,426.1078502028247,58938100
2025-05-02,430.2294921875,434.3412277785372,425.0008630376841,426.7305579775838,30757400
2025-05-05,431.1092224121094,434.40057183462085,427.0963020072091,427.84749353573557,20136100
2025-05-06,428.2823486328125,432.65107712392626,426.1671945058241,427.18524232094876,15104200
2025-05-07,428.3218688964844,433.0365119798482,426.10783898687293,428.8061738000786,23295300
2025-05-08,433.08599853515625,438.52218293606853,430.6051120016966,432.84876270467214,23491300
2025-05-09,433.6394348144531,435.6260923106028,430.82249727884243,434.8946881691784,15324200
2025-05-12,444.0472717285156,444.15598092637396,434.6772567640601,440.7657862582039,22821900
2025-05-13,443.9287109375,445.4409573721911,440.19254074927665,442.5844751269483,23618800
2025-05-14,447.6845703125,448.6334230518337,442.940276452347,442.940276452347,19902800
2025-05-15,448.6946105957031,451.7246558325709,446.0210270484144,446.3576953837484,21992300
2025-05-16,449.82342529296875,449.91254071320964,444.3376746324017,447.6251542704443,23849800
2025-05-19,454.37841796875,455.0913715701619,446.3874026485213,446.46663650360125,21336500
2025-05-20,453.685302734375,453.85362179890075,449.87298168888566,451.1305396548173,15441800
2025-05-21,448.14007568359375,453.29906971148773,447.3875051898017,450.12049890400635,19216900
2025-05-22,450.40765380859375,455.74490907390424,449.4570590917957,450.4967994491365,18025600
2025-05-23,445.7734680175781,449.2491205375805,444.51591011589574,445.5754438212613,16883500
2025-05-27,456.18060302734375,456.4380677238799,451.65532857824905,452.0118204825961,20974300
2025-05-28,452.8831787109375,457.9926743719098,452.45739496057166,456.7054113344306,17086300
2025-05-29,454.1903076171875,457.2005597280811,450.85329893273473,457.03221043821725,13974800
2025-05-30,455.8537902832031,457.16087682654637,451.08099341488645,455.2200705832806,34770500
2025-06-02,457.4480895996094,457.5867035205711,452.41782757710985,452.6653804963421,16626500
2025-06-03,458.43829345703125,459.5968543955761,456.3489311405408,456.9529759669727,15743800
2025-06-04,459.3294982910156,461.1316908447896,458.4878122988585,459.4582306475514,14162700
2025-06-05,463.1021728515625,465.05289099241804,459.487906406924,460.40879598021155,20131700
2025-06-06,465.7757263183594,468.70674412433226,464.1913817517478,465.4885564998141,15285600
2025-06-09,468.12255859375,468.7958952647425,464.0329796350046,465.10242514198006,16469900
2025-06-10,466.3104553222656,468.1720277278758,462.38919566775553,466.5778015728124,15375900
2025-06-11,467.99383544921875,470.81594475736864,465.0628173622344,465.4192790589967,16399200
2025-06-12,474.1826477050781,475.7174938929388,468.88500933710617,470.37032681118086,18950600
2025-06-13,470.3109130859375,474.48960742449077,468.13246560456287,471.74673205457395,16814500
2025-06-16,474.45001220703125,475.98482813726486,470.3505215770748,470.5584575569121,15626100
2025-06-17,473.3607482910156,474.0538782600282,469.43948870872424,470.7465752361547,15414100
2025-06-18,475.53924560546875,476.291816149254,469.8158233270243,473.3211811212961,17526500
2025-06-20,472.7270202636719,478.7277002496467,472.2022093150259,477.5097592999014,37576200
2025-06-23,481.24285888671875,482.97572926336846,467.8849134818946,473.52910172023695,24864000
2025-06-24,485.3125915527344,487.0355802812341,482.03499358247046,484.16397269221426,22305600
2025-06-25,487.45147705078125,489.71907018583636,484.59969288856837,487.2237477118272,17495100
2025-06-26,492.580810546875,493.1650318097281,487.98621386300664,488.15456314430565,21578900
2025-06-27,491.0855712890625,494.4126679494895,488.2040517426954,492.6797975508017,34539200
2025-06-30,492.5411682128906,495.8583832017286,490.4815111095117,492.17479474651304,28369000
2025-07-01,487.2336120605469,493.1748817381986,486.1741086010328,491.61036068604886,19945400
2025-07-02,486.28302001953125,488.66943364597034,483.9164299655294,485.1937811955959,16319600
2025-07-03,493.9571838378906,495.2345653483035,488.6100468852986,488.9764203666982,13984800
2025-07-07,492.84814453125,493.86806132382594,490.38252718836065,492.51147619590915,13981600
2025-07-08,491.7589111328125,493.3234624825612,489.27347018920887,492.37283752871576,11846600
2025-07-09,498.58148193359375,501.8194631786975,494.8483646402868,495.40288075164045,18659500
2025-07-10,496.5713195800781,499.50233742843255,492.877819466512,498.12592881176073,16492100
2025-07-11,498.3933410644531,500.08659454551145,492.9273533491097,493.59080845907414,16459500
2025-07-14,498.0962219238281,499.03693501960714,496.1257105345073,496.61090454240406,12058800
2025-07-15,500.8688659667969,503.3245715280963,497.8685258646023,498.0962552049,14927200
2025-07-16,500.6708068847656,501.7600457375481,496.9773367906475,500.2351113436526,15154400
2025-07-17,506.6912841796875,508.3449206172861,500.67078077223215,500.730191050298,17503100
2025-07-18,505.05743408203125,509.6025320949179,502.4630844244223,509.4440643876484,21209700
2025-07-21,505.0673522949219,507.0775109565722,500.6014880788464,501.75013722027745,14066800
2025-07-22,500.32421875,506.19619667447284,500.32421875,505.968437121084,13868600
2025-07-23,500.9183349609375,501.8293429250601,495.79895793496456,501.78972599996087,16396600
2025-07-24,505.87933349609375,508.6420022469781,502.334358860161,503.7899711970312,16107000
2025-07-25,508.681640625,513.2167663968169,505.3643953860848,507.4537274302719,19125700
2025-07-28,507.4834899902344,509.9590192096989,505.1267813382861,509.04804137949895,14308000
2025-07-29,507.55279541015625,512.5533521818816,506.5526719682665,510.4838436674275,16469200
2025-07-30,508.21624755859375,510.89974304598894,504.45345515414937,510.127348903314,26380400
2025-07-31,528.2778930664062,550.0130499577134,526.6935786680993,549.795171976257,51617300
2025-08-01,518.9798583984375,530.5554360086387,515.7616702567567,529.7632787074629,28977600
2025-08-04,530.39697265625,532.981410508703,522.960473635689,523.0991177691142,25349000
2025-08-05,522.5841674804688,532.0406760929504,522.0791498987046,531.9218555369729,19171600
2025-08-06,519.8016967773438,526.4955370830186,518.9006307843745,525.70337986457,21355700
2025-08-07,515.7418823242188,522.9209170643583,512.4840471895837,521.6435053063135,16079100
2025-08-08,516.9300537109375,519.524403327164,514.3257923084495,517.4845698020915,15531000
2025-08-11,516.6627197265625,522.4257584225397,514.6327376205326,517.1875004407061,20194400
2025-08-12,524.0595703125,525.7825288027884,517.5836082950698,518.6233183732385,18667000
2025-08-13,515.4844360351562,527.4857972911225,514.2862580919234,526.901545781552,19619200
2025-08-14,517.3657836914062,520.8018496782777,515.0487221853349,517.445017549053,20269100
2025-08-15,515.0783081054688,520.9502551513766,513.9990113965767,517.6528943134479,25213300
2025-08-18,512.0384521484375,517.7024945692299,508.98864359035275,516.4845535034275,23760600
2025-08-19,504.7801513671875,510.117376123604,503.57209201860513,509.95896886179673,21481000
2025-08-20,500.76983642578125,505.9981527246316,499.5023667236012,504.87920872605446,27723000
2025-08-21,500.1250915527344,503.48744166230597,498.617506554828,499.57959198776825,18443300
2025-08-22,503.09075927734375,506.5621975190336,498.3100856343386,500.13506667774504,24324200
2025-08-25,500.1449890136719,504.04291093011733,500.00611695670057,502.4956437530773,21638600
2025-08-26,497.943115234375,500.85912581033193,494.4419229807315,500.2441598895975,30835700
2025-08-27,502.604736328125,503.1502662118434,495.8205578102606,497.9034268047853,17277900
2025-08-28,505.4811096191406,506.919258768041,501.3748794602406,502.95190067142187,18015600
2025-08-29,502.5551452636719,505.44140176386463,500.3730863144936,504.5090702372647,20961600
2025-09-02,500.9979248046875,501.87074834041937,492.75574161607386,496.38587753866574,18128000
2025-09-03,501.22607421875,503.64616490840893,498.220801883355,499.6788070917271,16345100
2025-09-04,503.82470703125,504.00323087503085,499.0440334241921,500.1846427841772,15509500
2025-09-05,490.9605407714844,507.79205789513924,488.35199810583333,504.9157294675595,31994800
2025-09-08,494.1344299316406,497.1099483047291,490.990285532587,494.0451377441344,16771000
2025-09-09,494.34271240234375,498.15137232357364,493.63851485593227,497.33805669614713,14410500
2025-09-10,496.2867126464844,499.1233892811019,492.66650462093776,498.8754294126598,21611800
2025-09-11,496.9215087890625,499.0638857033828,493.8170463660224,498.15138006137016,18881600
2025-09-12,505.73895263671875,508.367321245748,499.73833579713096,502.5154742767582,23624900
2025-09-15,511.1543884277344,511.2634762434591,502.86262476523797,504.63802593930427,17143800
2025-09-16,504.8859558105469,513.0090929577493,504.449544036503,512.6619733694059,19711900
2025-09-17,505.85797119140625,507.11762672901375,501.8013512662406,506.4530809454648,15816600
2025-09-18,504.3008117675781,508.88310546808697,503.51725007824297,507.31598208941665,18913700
2025-09-19,513.7034301757812,515.0622454615835,506.1456179521661,506.39357782967863,52474100
2025-09-22,510.2518310546875,513.5149611406991,508.35738375283694,511.3825425873763,20009300
2025-09-23,505.074462890625,510.3907385966617,503.17011764420596,509.6071466116137,19799600
2025-09-24,505.9869079589844,508.29788064425674,502.7832857896144,506.215041937542,13533700
2025-09-25,502.8923645019531,505.84805701475193,500.9186136455738,504.15198973027213,15786500
2025-09-26,507.2861633300781,509.745935901324,502.4856643393456,505.8975942449135,16213100
2025-09-29,510.4005432128906,512.6321819161793,504.7272507672145,507.3258652143003,17617800
2025-09-30,513.7232666015625,513.9315141469417,505.5009089039439,509.05168089535164,19728200
2025-10-01,515.4688720703125,516.2623314762835,507.51430077675985,510.5989067561486,22632300
2025-10-02,511.53125,517.3434144406598,506.51254498360566,513.4157691025699,21222900
2025-10-03,513.1281127929688,516.2425031799986,510.7973143114264,512.8801529316524,15112300
2025-10-06,524.256591796875,526.6965386672223,513.9712214168786,514.377848960065,21388600
2025-10-07,519.7040405273438,525.4765536672338,517.1847899970462,523.9788663400786,14615200
2025-10-08,520.56689453125,522.6497936321297,518.8213080060119,519.0097599169904,13363400
2025-10-09,518.136962890625,520.0512058016051,513.1777655449532,518.07745494396,18343600
2025-10-10,506.790283203125,519.3073226434543,505.47115003636685,515.3994727403434,24133800
2025-10-13,509.8551025390625,512.1958293204747,507.50444767633473,512.1958293204747,14284200
2025-10-14,509.3789367675781,511.07500383118867,501.87070570435134,506.06619700641784,14684300
2025-10-15,509.2401428222656,512.9694689959882,505.83814063109804,510.75768630195654,14694700
2025-10-16,507.4349670410156,512.6321960787722,503.9833851231019,508.3970827878481,15559600
2025-10-17,509.3889465332031,511.2734052578957,503.1700935064365,504.8859867353243,19867800
2025-10-20,512.5726928710938,514.4671401409408,509.2401268135401,510.41049011219013,14665600
2025-10-21,513.4356079101562,514.4572316509175,508.8533142722573,513.2769402267872,15586200
2025-10-22,516.2920532226562,520.9437823737373,513.4851913413816,516.8971212574951,18962700
2025-10-23,516.3119506835938,519.6743010066873,514.3778516149157,518.1964698863214,14023500
2025-10-24,519.3370361328125,521.0628270774097,516.4607380708425,518.5237205252405,15532400
2025-10-27,527.1825561523438,530.2175826339089,524.6930292943027,527.4404441110845,18734700
2025-10-28,537.6463623046875,549.2012543795508,536.356983260493,545.5116410650497,29986700
2025-10-29,537.130615234375,541.8121286840217,532.3499420595073,540.4929653309738,36023000
2025-10-30,521.469482421875,530.6042843733296,517.8591725476514,526.150935240438,41023100
2025-10-31,513.5843505859375,525.0004316167937,510.896444053691,524.5640198650095,34006400
2025-11-03,512.8107299804688,520.676008789008,510.3906395365282,515.5680119038287,22374700
2025-11-04,510.1328430175781,511.342858187808,503.6957838776707,507.5838081580189,20958700
2025-11-05,503.02130126953125,510.6287232020861,502.4460174356622,509.11117977922714,23024300
2025-11-06,493.04339599609375,501.5732213085109,491.7639146320967,501.53353925537283,27406500
2025-11-07,492.76568603515625,495.30479262227396,489.2248119110569,492.89463000746537,24019800
2025-11-10,501.8707580566406,502.7138276367279,494.72950196106785,495.95940345274505,26101500
2025-11-11,504.5289001464844,505.4414057875519,498.2505695472254,500.68055811559174,17980000
2025-11-12,506.9688415527344,507.494515261433,495.0469117437556,505.203338237195,26574900
2025-11-13,499.182861328125,509.309533151825,497.1991825232493,506.1455630365654,25273100
2025-11-14,506.0166931152344,507.42511859094293,493.38066696511515,494.16422868288754,28505700
2025-11-17,503.3486022949219,507.94082387806293,500.7896697837805,504.300789978241,19092800
2025-11-18,489.76043701171875,498.87544447228873,482.8076324047851,491.3275301094218,33815100
2025-11-19,483.1448669433594,491.14901921379453,478.88986688506054,486.1005596390223,23245300
2025-11-20,475.4139099121094,490.4584800066478,472.50238827815747,489.6038857855625,26802500
2025-11-21,469.1436462402344,475.9007957312625,465.3179114267742,475.4834301610789,31769200
2025-11-24,471.0118408203125,473.89355276873187,465.06952862032074,472.005536687022,34421000
2025-11-25,473.9829406738281,476.12932719889915,461.9592459889855,471.08136597664605,28019800
2025-11-26,482.4393005371094,485.2315832491155,478.16642081896737,483.24419169180504,25709100
2025-11-28,488.9082946777344,489.5243812398697,483.5820692635899,484.5260924315005,14386700
2025-12-01,483.6714782714844,486.7718042788117,481.59465771305275,485.3607732415945,23964000
2025-12-02,486.91094970703125,490.38888506208144,483.2541563831954,483.6516286444489,19562700
2025-12-03,474.7182922363281,481.18723109312356,472.2042431453193,473.3171775583083,34615100
2025-12-04,477.8086853027344,478.2856702042714,473.4861025034468,476.7355071807625,22318200
2025-12-05,480.11407470703125,480.35255199911325,475.86105782216015,479.4780948278929,22608700
2025-12-08,487.9245300292969,489.1964595164875,481.32640529111774,481.8331998835391,21965900
2025-12-09,488.9181823730469,489.01755801519323,485.42038417588924,486.016607703579,14696100
2025-12-10,475.5430603027344,481.19719183884354,472.084987996716,480.97857754952304,35756200
2025-12-11,480.422119140625,482.96597801292137,472.86007818396723,473.6252433732215,24669200
2025-12-12,475.51324462890625,479.40854546431024,473.3370484252935,476.79512068758515,21248100
2025-12-15,471.82666015625,477.6894594742654,469.5411415575728,477.0733729131614,23727700
2025-12-16,473.38677978515625,474.87732355778707,467.911505956298,468.9350114671635,20705600
2025-12-17,473.1184387207031,476.9739832708393,472.0055042784347,473.903466892556,24527200
2025-12-18,480.92889404296875,486.5134594689822,474.8772903878124,475.17538699144035,28573500
2025-12-19,482.8566589355469,484.77448448182145,479.4482594182398,484.2875529363844,70836100
2025-12-22,481.8630065917969,485.64898536737695,479.6470539215635,483.0554234208069,16963000
2025-12-23,483.78082275390625,484.7546252629152,481.6841087754749,481.9226163967179,14683600
2025-12-24,484.94342041015625,486.0762481946253,481.77352833631136,482.61817584356095,5855900
2025-12-26,484.6354064941406,485.04282544173617,482.8964387136479,483.64171061957336,8842200
2025-12-29,484.02923583984375,485.27135560420123,481.1276307272214,481.80333660098637,10893400
2025-12-30,484.4068603515625,486.5929730105466,482.43933166580535,482.8666136001516,13944500
2025-12-31,480.5711669921875,485.06269150087525,480.25317705215497,484.7645645601486,15601600
2026-01-02,469.95849609375,481.6046121327098,467.1960229709088,481.3363251826272,25571600
2026-01-05,469.86907958984375,473.0687813775576,466.5401924921144,471.071443053882,25250300
2026-01-06,475.493408203125,475.7219388392127,466.7886229022075,470.8130789419108,23037700
2026-01-07,480.422119140625,486.6128550141313,474.936929133209,476.73551614076564,25564200
2026-01-08,475.09588623046875,479.61722033317443,472.8600706717694,478.20615894860083,18162600
2026-01-09,476.2585144042969,476.7951186190047,469.2231615927928,471.0714211959582,18491000
2026-01-12,474.1717529296875,477.95773148860775,472.68120923483104,473.6649886945649,23519900
2026-01-13,467.70281982421875,472.7805908527595,463.01257439213845,471.68751939768345,28545800
2026-01-14,456.4840087890625,465.24841354789686,454.2879494306214,463.51936213123724,28184300
2026-01-15,453.7811584472656,461.3233064418312,453.02593988397814,461.1941211270383,23225800
2026-01-16,456.9609680175781,460.2699922453042,453.6023014516422,454.94376661538865,34246700
2026-01-20,451.65460205078125,453.92022725149957,446.44764578645413,448.37541805572727,26130000
2026-01-21,441.3102111816406,449.8361378186282,435.9144504613163,449.74670883889326,37980500
2026-01-22,448.2959289550781,449.9851935867555,441.89652570286836,444.79810039972057,25349400
2026-01-23,463.0125732421875,468.1301005814363,447.6897705604439,449.02131930234236,38000200
2026-01-26,467.31524658203125,471.26022001105116,459.0874468004336,462.376577380716,29291200
2026-01-27,477.55035400390625,479.8259260665289,470.17714753577707,470.7137518035326,29213900
2026-01-28,478.59368896484375,480.69037244143027,474.9865685400099,480.1637149068934,36875400
2026-01-29,430.76715087890625,439.7104135269112,418.36581575660404,437.2162272399066,128855300
2026-01-30,427.5773620605469,436.8286672682951,423.7615739365565,436.4013853645445,58566800
2026-02-02,420.7010192871094,428.0245530606437,419.58808475506504,427.5277051213245,42219900
2026-02-03,408.6176452636719,419.3893041977899,405.9843574339844,419.34957819955315,61424100
2026-02-04,411.5788879394531,417.15350712085007,406.6600813351222,408.4089957411405,45012400
2026-02-05,391.188232421875,405.72597626088844,389.84673704915224,404.87141244319446,66289200
2026-02-06,398.61114501953125,399.25704122003975,390.4429643868461,396.6535630940219,53515300
2026-02-09,410.9925842285156,412.2744602868579,398.34282592261525,402.297746078297,45480500
2026-02-10,410.6646728515625,421.0090502850332,410.0982892644293,416.97464756162884,44857900
2026-02-11,401.82073974609375,413.83451755028244,398.4819366306212,413.5562839573264,42491000
2026-02-12,399.30670166015625,403.6392309547976,395.5008602319473,402.4467839094351,40802400
2026-02-13,398.7900085449219,402.98340606348665,395.54060384789733,401.90028127287496,34091600
2026-02-17,394.3581237792969,397.9950542597942,392.04282577248057,396.7032617740463,32078800
2026-02-18,397.0808410644531,400.02217209191446,393.8215201082963,395.6201070500213,23223400
2026-02-19,396.8517761230469,402.7976819572589,395.0690225854118,399.07278661262325,28234000
2026-02-20,395.6267395019531,398.5050592846536,393.56508699389525,394.51123443489973,34015200
2026-02-23,382.918212890625,393.7642431363039,381.55374731391754,393.4057107487328,43238300
2026-02-24,387.4299621582031,387.7884945775691,380.16937672197673,382.58959213032324,33884700
2026-02-25,398.9831237792969,399.84960746436826,388.5852587696308,388.95376053046306,43625500
2026-02-26,400.0986022949219,405.8453028142193,397.1306190557743,403.0765245044552,34405900
2026-02-27,391.15484619140625,395.2183958601928,388.30640407164015,389.30236795593413,51367200
2026-03-02,396.9413757324219,399.57073485574693,389.0533591512552,391.2743390590049,35474900
2026-03-03,402.2996826171875,405.05852201627056,391.0851500003899,391.5532542396072,38199200
2026-03-04,403.5645751953125,409.3710312257941,398.69429724653685,399.6504140582061,35808000
2026-03-05,409.0224304199219,409.9486695143622,402.7677785996419,402.78771732924594,39001300
2026-03-06,407.30938720703125,411.38287590243635,406.8612216895844,407.54843921074234,31123900
2026-03-09,407.757568359375,408.55432729115563,401.8714182880504,403.2857003455267,30131900
2026-03-10,404.122314453125,408.5443965203919,401.30371964643086,408.37506928692744,31706400
2026-03-11,403.245849609375,407.35918518479474,399.96912002302975,403.9330670994013,25512100
2026-03-12,400.238037109375,404.4808530373378,400.08864860368743,402.99687655683135,27263900
2026-03-13,393.9534912109375,403.16615688192843,392.65875035547907,399.3815063856616,26848000
2026-03-16,398.33575439453125,399.01300251860397,393.1965772756644,396.4633374914087,27733700
2026-03-17,397.79791259765625,402.7677623283013,396.1446090107731,398.6544268926901,26228300
2026-03-18,390.2087097167969,396.39363710184665,389.42188971563326,395.5271533612366,25908500
2026-03-19,387.4498596191406,390.90585551603124,385.4977789148814,388.52551763585893,25138800
2026-03-20,380.3287353515625,385.43803509853177,378.58579850034175,385.22889118681917,50853200
2026-03-23,381.4541931152344,385.64719283721575,380.1395134056624,382.3505545919761,29680100
2026-03-24,371.2355651855469,380.9263046350485,370.34917314154325,380.8167328036651,42733600
2026-03-25,369.5424499511719,375.5381416220395,368.13813722010167,375.39872248264555,31181200
2026-03-26,364.492919921875,373.2076042912997,363.71606927386256,369.3233510512375,36836600
2026-03-27,355.33001708984375,360.9871149414508,355.07108715320055,360.43931657918756,37883400
2026-03-30,357.51116943359375,363.8853318939423,354.8419936524484,360.4393055378546,44797000
2026-03-31,368.67596435546875,371.3949263066763,361.6046146993887,363.07862179545566,45244400
2026-04-01,367.8791809082031,372.48052926345224,366.7139201659809,371.98254731341393,29417200
2026-04-02,371.9526672363281,372.1319638369453,362.680245817395,365.7278929006101,24099100
2026-04-06,371.375,372.22157533941066,368.0086373714944,371.98252335059567,16146600
2026-04-07,370.78741455078125,370.9467724245638,365.080530373921,368.8452727581139,21443300
2026-04-08,372.81915283203125,383.4461010048471,369.9109552686541,383.426192668859,33064800
2026-04-09,371.56427001953125,371.99252721403565,365.5685477188417,370.9965632857518,30435300
2026-04-10,369.3731384277344,374.12390583360843,368.5365323725683,371.47463812837884,28111100
2026-04-13,382.8186340332031,382.98796126737693,369.5225100750242,372.10205289266787,35745800
2026-04-14,391.5233459472656,393.09698589720546,384.95994763093,386.3543213772784,37504500
2026-04-15,409.5602722167969,412.69755239260473,395.1287651714373,396.3936283702306,45063400
2026-04-16,418.56378173828125,419.12151906860663,410.4765600541581,418.16537187855886,41642400
2026-04-17,421.0835876464844,429.83808848207923,418.99205736838906,423.10539315661504,48568200
2026-04-20,416.38262939453125,421.6213787702164,414.6197538627068,419.4501847919345,27582200
2026-04-21,422.44805908203125,425.4558591722327,415.51615872358184,418.54386715015573,32048500
2026-04-22,431.1726989746094,431.9495495900464,421.9600330275293,424.4698510786937,29378200
2026-04-23,414.07196044921875,421.9500379562064,409.7494810939023,418.19526527607866,38308000
2026-04-24,422.90618896484375,423.23487407473965,414.12178001797366,415.28707116170386,27457400
2026-04-27,423.1053771972656,425.38611256831246,415.3866572294081,420.6752229306716,30867300
2026-04-28,427.5174865722656,428.1847957314844,420.197146128082,422.8563830057505,30438100
2026-04-29,422.7467956542969,425.0972860808559,418.59364353468584,422.866306449911,38288300
2026-04-30,406.1341552734375,412.74737011555624,396.4035989759817,409.15192465494977,70909400
2026-05-01,412.76727294921875,415.4264794885345,408.7834174283456,411.1338775963461,31372400
2026-05-04,411.9505615234375,419.0816663151199,409.14193618030583,409.87897009526375,28066500
2026-05-05,409.7196350097656,415.09783400354706,407.1500311208482,413.6437352165572,25700900
2026-05-06,412.2891845703125,416.73120520087787,403.4748984673602,406.3532485673598,30285900
2026-05-07,419.07171630859375,426.25263786097554,417.06984955189336,418.41437649189606,34942400
2026-05-08,413.44451904296875,416.9403619714099,412.32904436576047,415.70537649227293,33383800
2026-05-11,410.99444580078125,411.02432350049145,403.86334099070683,406.22377045102496,35657900
2026-05-12,406.1241760253906,413.8229876767416,404.9987623844293,412.8071154720842,38594200
2026-05-13,403.57452392578125,404.6700902960666,399.41140211310335,401.57265715241186,29667100
2026-05-14,407.7774963378906,410.1777730080913,399.2620170659624,402.847493220503,27077500
2026-05-15,420.2170715332031,426.4418454559798,411.2434277199191,412.5979239362014,50771200
2026-05-18,421.83056640625,423.40417602339767,413.9325494355234,414.93848271907115,32564100
2026-05-19,415.7352600097656,430.9535870211983,414.808990493047,428.16486989475214,33018700
2026-05-20,419.36053466796875,420.3963455784958,409.63991780241736,412.49835957243755,27864000
2026-05-21,418.3025207519531,425.5388979071037,414.92886694253497,423.9518891931334,31393500
2026-05-22,417.7835388183594,423.60257118762803,415.54772693408205,418.7517174636334,22390300
2026-05-26,415.248291015625,418.9812539216563,412.24393696715845,415.6475333356961,30398000
2026-05-27,411.8946228027344,415.15846763645,408.8104019854481,410.23773822181624,28901500
2026-05-28,426.18768310546875,428.68298564682067,411.89461329838434,412.2040283766931,47250500
2026-05-29,449.3940124511719,449.48383969057267,431.54760317786213,431.7372486144539,79654400
2026-06-01,459.6546936035156,465.4438139523178,457.40892124774234,463.96658383705716,53628900
2026-06-02,440.48077392578125,452.64787129328397,439.6024225764256,446.0403151791343,37036800
2026-06-03,426.53704833984375,439.56254639446627,423.45285793258154,437.62618910935214,39037000
2026-06-04,427.2456970214844,435.33048350032107,425.60879436274143,434.9911260035114,26899500
2026-06-05,415.8870849609375,428.66302140752947,413.6213308264138,427.5351398188391,34782200
2026-06-08,410.9663391113281,416.37616844333525,407.79232157753756,413.3618539280056,32086700
2026-06-09,402.6520080566406,411.20591258759293,397.7312786929967,408.26144336727174,35317300
2026-06-10,396.61334228515625,404.2789346443135,396.41373636313654,397.80110870103243,32576000
2026-06-11,389.6065673828125,396.1043451719433,383.278483574852,394.46741202742857,47224100
2026-06-12,390.00579833984375,391.003919361718,381.55171206615995,390.6945042817559,34865800
2026-06-15,399.0088806152344,400.99513175706005,392.11186050588947,396.05442037645633,32266400
2026-06-16,393.0899963378906,396.094350419825,389.9559121071713,395.0463355104342,31506800
2026-06-17,378.1980285644531,389.6364865987809,376.6110198431126,389.51671695343225,41987800
2026-06-18,378.6871032714844,380.6534028700893,372.5786075934489,377.11008548581106,59714200
2026-06-22,366.6497802734375,380.9129385065033,366.3802985575179,375.0339909424311,45171100
2026-06-23,373.23736572265625,376.51120135394876,369.9735210485466,371.6802994138851,40647600
2026-06-24,364.7733154296875,378.16811350773463,364.09460041679364,370.87185096853153,44509900
2026-06-25,352.1670227050781,363.5456265920902,348.54386902384044,362.0883479855026,66179000
2026-06-26,372.2691955566406,375.90234020580533,354.762144454129,356.4789138154501,186201600
2026-06-29,367.8774719238281,379.7850483907747,359.2237492715265,376.790685328561,51229900
2026-06-30,372.319091796875,373.44697342275583,366.7595808670141,370.3328407149792,44945700
2026-07-01,383.5579528808594,388.09939143880604,374.18561213385976,380.1144231011508,48065800
2026-07-02,389.7562561035156,391.4630649298244,382.97903650468743,383.7575696594082,42128900
2026-07-06,386.0133056640625,388.418780928489,380.5036887115837,386.31276024010407,34224500
2026-07-07,388.109375,394.8267404517197,387.4905448392632,391.75251064257776,29297500
2026-07-08,382.6197204589844,384.58602015004215,380.6134873969759,383.3084264217563,25908300
2026-07-09,383.6377868652344,383.92725049460796,372.64849496928053,373.74643420118315,31083200
2026-07-10,384.37640380859375,391.1736053926777,380.783162110783,387.07131223677504,24644600
2026-07-13,390.2553405761719,392.91034623109437,383.4281962321871,387.02143811329415,28914900
2026-07-14,384.20672607421875,387.46061042423804,377.93852713765,382.1007052927433,27863900
2026-07-15,394.8866271972656,398.2103568181361,385.6739591427675,387.07132248997675,36253700
2026-07-16,400.3463439941406,405.2271399033625,391.31333055964967,397.56157784187184,37047400
2026-07-17,393.08001708984375,397.64143734197864,388.6583483977542,394.1180409920291,33049800
2026-07-20,401.53411865234375,402.4224305318551,388.91785418191677,390.67455694621333,27915800
2026-07-21,397.00262451171875,400.7156358198418,395.57531880381754,398.0606303262699,24126600
2026-07-22,389.6065673828125,400.246541441447,386.2329133568751,398.8291961465565,28142500
2026-07-23,380.8630065917969,391.04385321150613,376.68090752842744,389.23725659651495,30351800
2026-07-24,380.9828186035156,388.29903252889795,379.9347732203772,386.32274187573427,27659400
2026-07-27,388.368896484375,393.45931979821836,387.2609663085435,389.3470355932277,27856200
2026-07-28,392.61090087890625,399.56780545733704,390.5647345556998,392.4212554523594,32367500
2026-07-29,389.8061828613281,400.4960502148319,388.00954678983055,392.6607942930367,47209000
2026-07-30,450.2524108886719,457.8281459885008,431.6274684759506,437.07720086969465,110160700
2026-07-31,463.8468017578125,465.962813447145,448.4857046349594,449.1544591210436,60846000
2026-08-03,486.73370361328125,490.7261876465455,474.10747895013026,475.2353605631651,66762100
2026-08-04,491.884033203125,498.50158065157444,478.2696778930625,479.99640781848416,50455500
2026-08-05,486.5440673828125,497.3038108374591,484.7674131728324,495.42733843271316,33388900
2026-08-06,498.9207458496094,500.61756372489685,487.60205742358346,487.6319998350186,36441500
2026-08-07,499.0505065917969,504.23075699317457,497.79289485093346,498.2719734340298,28846200
2026-08-10,505.109130859375,512.7647021753171,501.32624359045303,502.4940586092805,31206100
2026-08-11,502.86334228515625,504.38047525067043,498.61133704649393,503.3823542433026,23049800
2026-08-12,491.5047302246094,500.557695253814,490.59643643442394,499.0505227551261,29001500
2026-08-13,495.9463806152344,500.3979918654044,492.0836571155829,492.34314786956145,23039000
2026-08-14,494.4691467285156,499.07050046550256,492.991947114923,495.42733437790497,16217600
2026-08-17,479.44744873046875,491.73431632358415,477.51109147171053,489.21906226283284,29635800
2026-08-18,480.72503662109375,483.36006030134655,476.2534434403709,480.6352093836093,24087600
2026-08-19,483.3999938964844,488.3806080919379,478.4592826108848,479.16797047398614,19961900
2026-08-20,481.1499938964844,484.1600036621094,479.5,483.29998779296875,20020800
2026-08-21,483.239990234375,486.3599853515625,478.5299987792969,479.8800048828125,22510800
2026-08-24,487.30999755859375,490.6099853515625,481.8599853515625,483.2099914550781,17230800
2026-08-25,491.7099914550781,492.44000244140625,484.29998779296875,485.44000244140625,19519000
2026-08-26,496.3699951171875,497.3999938964844,487.30999755859375,487.8500061035156,20758900
2026-08-27,505.05999755859375,506.4800109863281,490.0799865722656,494.8800048828125,28688800
2026-08-28,513.530029296875,517.780029296875,504.8699951171875,505.3299865722656,29207300
2026-08-31,507.2900085449219,512.1900024414062,506.3900146484375,510.3800048828125,27208900
2026-09-01,501.0199890136719,505.9700012207031,496.7799987792969,497.5199890136719,21046900
2026-09-02,496.82000732421875,500.2699890136719,493.80999755859375,499.8500061035156,15336100
2026-09-03,510.1199951171875,515.6500244140625,500.79998779296875,501.6600036621094,24125900
2026-09-04,499.70001220703125,511.0,499.3599853515625,510.0,18101800
2026-09-08,493.95001220703125,495.19000244140625,490.1499938964844,493.010009765625,18882300
2026-09-09,491.6499938964844,494.3900146484375,489.79998779296875,493.07000732421875,12889600
2026-09-10,492.44000244140625,494.5199890136719,486.0,488.32000732421875,16038800
2026-09-11,495.6300048828125,498.9700012207031,492.5799865722656,495.6499938964844,14510500
2026-09-14,505.4100036621094,509.95001220703125,495.3399963378906,497.05999755859375,23091900
2026-09-15,497.1199951171875,505.8999938964844,495.5400085449219,500.05999755859375,17794600
2026-09-16,490.29998779296875,495.9700012207031,487.2300109863281,493.0299987792969,16670300
2026-09-17,497.75,501.4700012207031,493.1700134277344,497.79998779296875,17841600
2026-09-18,493.7799987792969,498.6499938964844,491.1000061035156,497.9700012207031,39622300
2026-09-21,501.6099853515625,501.8699951171875,491.3299865722656,494.95001220703125,27959900
2026-09-22,498.0,508.5,493.6499938964844,507.32000732421875,21652800
2026-09-23,500.5899963378906,509.44000244140625,495.8800048828125,500.760009765625,19445600
