Date,Close,High,Low,Open,Volume
2015-01-02,0.48188379406929016,0.485474607492821,0.4742234301484532,0.48188379406929016,113680000
2015-01-05,0.47374463081359863,0.4833200850330051,0.47159017144986937,0.48188375976583925,197952000
2015-01-06,0.4593815505504608,0.4749416192577242,0.45890278491302655,0.47446285362029,197764000
2015-01-07,0.4581846594810486,0.4668025558043876,0.4567483339148169,0.4627329762124064,321808000
2015-01-08,0.4754202961921692,0.47829294655484744,0.46321161776183994,0.46345101480440243,283780000
2015-01-09,0.47733554244041443,0.48092635656367116,0.47063273697204705,0.477096173856882,209540000
2015-01-12,0.47135084867477417,0.4787718161629272,0.46704190073123447,0.4785324190683323,190732000
2015-01-13,0.47063273191452026,0.4845171084061422,0.46728134348486494,0.4749416802790963,236720000
2015-01-14,0.4725477695465088,0.47398409501715083,0.4644086679782665,0.4656055963581271,155260000
2015-01-15,0.4691963493824005,0.478771775765871,0.4689569523080051,0.47589915355823414,188932000
2015-01-16,0.477814257144928,0.47829302276932484,0.4670418736423749,0.468478199052588,181512000
2015-01-20,0.47925055027008057,0.48379883766396353,0.4732658804887028,0.48116561263865854,140308000
2015-01-21,0.48595336079597473,0.4871503176684741,0.4732659147325153,0.4766173311940641,144780000
2015-01-22,0.49433186650276184,0.4957681918586069,0.48188378951749505,0.4869108711889101,159712000
2015-01-23,0.49576815962791443,0.49672569077821294,0.4907410212092792,0.49481057140357704,120416000
2015-01-26,0.49361369013786316,0.4960075466398802,0.4905016709778369,0.49361369013786316,133240000
2015-01-27,0.46991443634033203,0.4864320613121629,0.4689568767340858,0.48595326724053123,357948000
2015-01-28,0.4622541069984436,0.47757480497089555,0.462014709945351,0.47565971415721164,272728000
2015-01-29,0.47350531816482544,0.4761385434159765,0.4603390777609785,0.46249356591594526,235340000
2015-01-30,0.45962077379226685,0.47565963160332747,0.458902639831664,0.47015375717094954,298200000
2015-02-02,0.4696751534938812,0.47159024463496146,0.45339692160023515,0.4624935831175983,259604000
2015-02-03,0.48140501976013184,0.48188381392768137,0.47063266465667625,0.47302652134633305,183468000
2015-02-04,0.4826020300388336,0.48810790674163906,0.4785324503865257,0.4799688045110751,181516000
2015-02-05,0.4905017614364624,0.49074113000859626,0.4826020278155284,0.4830807649597962,140448000
2015-02-06,0.48834723234176636,0.4957682281995948,0.48619274415006974,0.4900229263550704,210524000
2015-02-09,0.4878685772418976,0.48930484587040035,0.48236270009812526,0.48547472009565124,273944000
2015-02-10,0.5015135407447815,0.5017529093293027,0.48619280985433005,0.488347298337185,226204000
2015-02-11,0.4981621503829956,0.5027104388419869,0.4948107048420885,0.5027104388419869,320832000
2015-02-12,0.5338305234909058,0.5386182365835024,0.5235369346344187,0.5266489538520108,676904000
2015-02-13,0.5340700149536133,0.5347881777902111,0.5244945865643827,0.5326336892804177,310084000
2015-02-17,0.5357456207275391,0.5383789030514883,0.5297610075097502,0.5331123954776357,203340000
2015-02-18,0.5295214056968689,0.5359848680080799,0.5285638747495133,0.5350272799866974,170948000
2015-02-19,0.5309578776359558,0.5371819161277611,0.5285640210678801,0.5362243849153394,169432000
2015-02-20,0.5347880125045776,0.5350273810181108,0.5266489123040747,0.5304790938907931,157752000
2015-02-23,0.5304792523384094,0.5345488036541858,0.5278459696068654,0.5345488036541858,125008000
2015-02-24,0.5361264944076538,0.5361264944076538,0.5277157611279413,0.532521910800298,149356000
2015-02-25,0.5320412516593933,0.536366820567993,0.5296381769192228,0.5339636885340013,123820000
2015-02-26,0.5334832668304443,0.5366072706523582,0.5291576966337153,0.5325220481068951,152864000
2015-02-27,0.5301185846328735,0.5332425861681866,0.5281960912990983,0.5320410206728525,157492000
2015-03-02,0.5430952310562134,0.5459789427281344,0.5279558593662335,0.5286767872842136,301512000
2015-03-03,0.5330023169517517,0.5416533949894582,0.5313201708463372,0.5390100307229218,160344000
2015-03-04,0.5390098094940186,0.540211317378828,0.5289168797102263,0.5310796626554206,226840000
2015-03-05,0.5493433475494385,0.5503045658727339,0.5375682655310794,0.5390101216629298,323056000
2015-03-06,0.5418938994407654,0.5488627760975447,0.5414132615741021,0.5462194110654499,257392000
2015-03-09,0.5433355569839478,0.5474208345523421,0.5409324828639661,0.5421340485708601,222388000
2015-03-10,0.5527074933052063,0.556312132675982,0.5447773439832988,0.545738562050906,527212000
2015-03-11,0.5498238801956177,0.559916756600522,0.5483820243395446,0.5527075346139603,262120000
2015-03-12,0.5447774529457092,0.548622383278972,0.534444227741108,0.5445371627041962,406972000
2015-03-13,0.5454981327056885,0.5469399880861942,0.5346842746456802,0.5421338416803648,359288000
2015-03-16,0.5519866347312927,0.5553509843310003,0.5462192683077753,0.5498239081311027,236956000
2015-03-17,0.5587155222892761,0.5589558126185451,0.546940436747623,0.5507853684850844,299900000
2015-03-18,0.5495834946632385,0.5615988638094656,0.544537056809963,0.5587152095906507,413844000
2015-03-19,0.5579944849014282,0.5599169217473438,0.5474209676612523,0.5515061889291879,310756000
2015-03-20,0.5640021562576294,0.5673665067577044,0.5572735698451226,0.5625603572362505,462084000
2015-03-23,0.5457385778427124,0.5543896552891077,0.5454982876423072,0.547180433632745,426012000
2015-03-24,0.5382893085479736,0.547901608421251,0.5358862335796543,0.5440566770131747,330480000
2015-03-25,0.5056074857711792,0.538049027019824,0.5039252817014594,0.538049027019824,542552000
2015-03-26,0.5039251446723938,0.5060879287792124,0.4916694826547122,0.49527412283274325,311920000
2015-03-27,0.5137777924537659,0.5157002290300744,0.49863841821044647,0.5068088596004761,318288000
2015-03-30,0.5159406065940857,0.5185839713637753,0.5094522538604218,0.5161808968566532,253252000
2015-03-31,0.5029639005661011,0.5149792717196188,0.5024833200962457,0.5144986912497634,357276000
2015-04-01,0.5048864483833313,0.5065685947955443,0.4962353687677967,0.5048864483833313,330768000
2015-04-02,0.5060878992080688,0.5092119014152203,0.5017623885409868,0.5077700454282568,192204000
2015-04-06,0.5207467675209045,0.5224289139849891,0.498638458632106,0.5039251882924243,515864000
2015-04-07,0.525312602519989,0.5310799697483284,0.5178630316101452,0.5207467438712221,413964000
2015-04-08,0.529157280921936,0.531079774152541,0.5207465520811431,0.5257929893856188,366432000
2015-04-09,0.5414131879806519,0.5430953343445899,0.5248319573012165,0.5250722475549752,379432000
2015-04-10,0.546940267086029,0.5471805573407597,0.539971334054517,0.5418938279738034,258728000
2015-04-13,0.5418938994407654,0.5488627760975447,0.5394907674012702,0.5457387731987866,236724000
2015-04-14,0.5373279452323914,0.5418938036300416,0.5320411588091222,0.5397310195531845,220276000
2015-04-15,0.5438162684440613,0.5479014892724332,0.5361264073001762,0.5387698292961571,243560000
2015-04-16,0.5404519438743591,0.5452580924830023,0.5366070135286825,0.540692234116648,155284000
2015-04-17,0.5334832668304443,0.5387700557507228,0.5289174062762875,0.5291576966337153,293636000
2015-04-20,0.530839741230011,0.5392504741466639,0.5298784655019756,0.5358861809800027,231624000
2015-04-21,0.5301185846328735,0.5373278057234894,0.527475163460657,0.5373278057234894,230456000
2015-04-22,0.5361264944076538,0.5368474225878896,0.5250723387024687,0.5332428389805338,207420000
2015-04-23,0.533963680267334,0.5390101772492386,0.5202661601898048,0.5262738755941321,259380000
2015-04-24,0.5293978452682495,0.5339636468121447,0.5233901302403321,0.5337233565450493,240960000
2015-04-27,0.5334832668304443,0.542855278296186,0.5265143308204951,0.531080191374652,248456000
2015-04-28,0.5361264944076538,0.5380489886528905,0.5274754135386471,0.532521910800298,234484000
2015-04-29,0.5320412516593933,0.5375683292911678,0.5298784672050935,0.532281541945264,195156000
2015-04-30,0.5334832668304443,0.5361266326436644,0.5281964779101659,0.5293980442849812,218844000
2015-05-01,0.5466998219490051,0.5483819678431883,0.5354053237692368,0.5378083975171837,256968000
2015-05-04,0.5433355569839478,0.5498239086723237,0.5416534108293413,0.5462192688454481,200720000
2015-05-05,0.5293978452682495,0.5421341461253704,0.5269947707158459,0.5414132180302677,292928000
2015-05-06,0.531079888343811,0.537327892422567,0.5241109563102906,0.532281396739215,316484000
2015-05-07,0.5404519438743591,0.5421340901580032,0.5272350065536852,0.5289171528373292,534564000
2015-05-08,0.5005607604980469,0.524831847141511,0.49239032064705174,0.5048863279206689,1146552000
2015-05-11,0.4957546591758728,0.5008011549756805,0.4897470024726061,0.4935918752616695,544144000
2015-05-12,0.5005607604980469,0.5046459804235445,0.4919096829466043,0.49215003044372874,388800000
2015-05-13,0.503444492816925,0.5080103506306377,0.49863834479000774,0.5041654207503431,308524000
2015-05-14,0.5116146802902222,0.5142581005049636,0.5036845342335491,0.5048860992936635,293052000
2015-05-15,0.5118553042411804,0.5161808147484205,0.5087313021494712,0.5137777406235523,215824000
2015-05-18,0.5111344456672668,0.5142584481830987,0.5082507334084022,0.510653807859518,324972000
2015-05-19,0.5079478025436401,0.5135004641020888,0.5069820772264123,0.5118104735764525,253808000
2015-05-20,0.5079478025436401,0.5142247293104973,0.5074649398850263,0.5081892050934348,196824000
2015-05-21,0.5043261051177979,0.5103616248903269,0.5038432428147619,0.5081888308651386,239692000
2015-05-22,0.5036020874977112,0.5074648151400124,0.5023950174864354,0.5055334800983671,212592000
2015-05-26,0.500463604927063,0.5045677348961427,0.49660087743880904,0.5011878699285486,259732000
2015-05-27,0.5272611975669861,0.5296753948703182,0.5021534995651281,0.5038434319215602,432332000
2015-05-28,0.5345038771629333,0.5361938097966008,0.5262956164968304,0.5272612840647813,327656000
2015-05-29,0.5342626571655273,0.5378839261721269,0.5335383918524008,0.5345040597502252,335168000
2015-06-01,0.54029780626297,0.5456090629092786,0.5342623422893912,0.5376422067193152,372660000
2015-06-02,0.5296756625175476,0.5398153193387535,0.5291927997892871,0.5369182580872567,224304000
2015-06-03,0.5238812565803528,0.5352279764981036,0.5229155317524201,0.5311238474358743,250788000
2015-06-04,0.5332967638969421,0.534986696393729,0.5207429138533729,0.5207429138533729,323712000
2015-06-05,0.537400484085083,0.539814679747898,0.5260537126667844,0.5316063684471553,313320000
2015-06-08,0.5250884890556335,0.5393322727548029,0.5190530235845193,0.5357110049839371,342812000
2015-06-09,0.5277442336082458,0.5316069045166743,0.5246057703258806,0.5255714380529877,256888000
2015-06-10,0.5183287262916565,0.5248470539211513,0.5154316662078767,0.521467188862748,529460000
2015-06-11,0.5238812565803528,0.5275025232286158,0.51832859783522,0.51832859783522,283052000
2015-06-12,0.5096374750137329,0.5236397942480825,0.5084303477637225,0.5205013324688498,323728000
2015-06-15,0.5086718201637268,0.511086017163673,0.503119161307951,0.5069818304606675,306548000
2015-06-16,0.5149489641189575,0.5156732293655647,0.502636570044691,0.5077063692119135,256892000
2015-06-17,0.5209842920303345,0.5238813519233876,0.5135002973852887,0.5147073673013901,233544000
2015-06-18,0.5296756625175476,0.5330555289382719,0.523881597573587,0.5253301281993353,299404000
2015-06-19,0.5279852151870728,0.5340206768386792,0.5231568228421969,0.5296751467518817,355656000
2015-06-22,0.5258126854896545,0.5318482077319927,0.5178458283628115,0.5289511478462294,514236000
2015-06-23,0.5122931599617004,0.5308824737571131,0.508189030232246,0.5267783440276588,414064000
2015-06-24,0.5072234869003296,0.5142246781794437,0.5048092889653611,0.5115690201596651,253368000
2015-06-25,0.511086106300354,0.5142245687035516,0.5072233789149565,0.5072233789149565,350460000
2015-06-26,0.5007050633430481,0.5074648515923993,0.49853232565487693,0.5069819890177976,421296000
2015-06-29,0.4857369363307953,0.49998071638044184,0.4850126714503897,0.49491086221760233,391724000
2015-06-30,0.4854954183101654,0.49080667427873,0.48211555431152964,0.488633879897182,315916000
2015-07-01,0.49249687790870667,0.5045678685321507,0.4881513443078762,0.49756673426186965,302892000
2015-07-02,0.4929797649383545,0.49611822841157005,0.489841301465139,0.49225549970922583,145764000
2015-07-06,0.4869440495967865,0.49563517137913937,0.48332278243022503,0.48887544197008925,214776000
2015-07-07,0.477770060300827,0.4859783477987348,0.46256061264777715,0.4840470131211093,594252000
2015-07-08,0.47439032793045044,0.47801162462860564,0.47052759994061516,0.4751145930259831,332492000
2015-07-09,0.46859613060951233,0.4840470390956287,0.46569909965811623,0.4818742442974555,357588000
2015-07-10,0.4768044650554657,0.48115002629617726,0.47342457129957705,0.4746316700453578,216708000
2015-07-13,0.4799429178237915,0.4825985177429878,0.4768044553924653,0.4816328502777353,212472000
2015-07-14,0.48018428683280945,0.48114998301025924,0.47390739118714337,0.4806671493112852,249216000
2015-07-15,0.4768044650554657,0.48211569378100017,0.47245890381475414,0.4789772312860694,265732000
2015-07-16,0.4874269664287567,0.4874269664287567,0.4780115786514598,0.4797015111921526,282848000
2015-07-17,0.48452991247177124,0.4862198450339016,0.4782529872072808,0.4857370400498706,220372000
2015-07-20,0.4755973219871521,0.4864612384662378,0.474390223353865,0.48452984611757655,188412000
2015-07-21,0.477770060300827,0.4845298180110158,0.4746315982804358,0.4746315982804358,149720000
2015-07-22,0.46859613060951233,0.47439022129180597,0.46280206870672014,0.47439022129180597,356472000
2015-07-23,0.47439032793045044,0.4813914900350806,0.4685962359456975,0.46956193233291027,169916000
2015-07-24,0.4688376486301422,0.47825300815986554,0.46690628471187656,0.4777701743751758,188844000
2015-07-27,0.4661819636821747,0.4714931922351876,0.46087073512916177,0.4647334337224878,192420000
2015-07-28,0.4763216972351074,0.4794601313848875,0.462560746605113,0.46738914225647715,198308000
2015-07-29,0.48211556673049927,0.4859782932108664,0.47342444653942156,0.4753558097796051,232680000
2015-07-30,0.4833228886127472,0.48815128426826176,0.4809086620054817,0.4809086620054817,190180000
2015-07-31,0.481632798910141,0.48549549713868634,0.47873576804385687,0.48525409468787134,218340000
2015-08-03,0.48984116315841675,0.4903239681354982,0.4792186766159873,0.48549557301062257,397132000
2015-08-04,0.49177244305610657,0.4932209729429882,0.48621978352906264,0.4881511758979061,260100000
2015-08-05,0.49684232473373413,0.5043263194784298,0.495876599717187,0.5038434569701563,234628000
2015-08-06,0.4937039613723755,0.4992566223159431,0.48549564243904614,0.49563529667491274,655676000
2015-08-07,0.5547831654548645,0.5641984958783719,0.5282269340848352,0.542229314811506,1405248000
2015-08-10,0.5740967392921448,0.578200869437983,0.5475405082512919,0.5509204309234622,662304000
2015-08-11,0.571199357509613,0.5767520145940153,0.5656467004252109,0.5656467004252109,435008000
2015-08-12,0.5726480484008789,0.5767521773940889,0.5620255935032181,0.5620255935032181,384048000
2015-08-13,0.5678197145462036,0.5745795011469802,0.5663711847346801,0.573372373784377,276884000
2015-08-14,0.5683029294013977,0.5716827960181036,0.5639573372721733,0.5673372038888792,214652000
2015-08-17,0.564681351184845,0.5673369512641903,0.5576801609112866,0.5673369512641903,273880000
2015-08-18,0.559541642665863,0.5668147070650124,0.5551777693456668,0.5629357278252305,287084000
2015-08-19,0.5573597550392151,0.5651177142012814,0.5512988386061289,0.5588143796072503,249248000
2015-08-20,0.5372377038002014,0.5537232978719563,0.5345708723229753,0.5510565241959239,426932000
2015-08-21,0.5205096006393433,0.5423287984776235,0.5200247064557943,0.5333586895908939,382664000
2015-08-24,0.5020847320556641,0.5292375478698874,0.4848717605121751,0.4914175172564361,682284000
2015-08-25,0.4916597902774811,0.5260856613430198,0.4916597902774811,0.5241461422710323,622684000
2015-08-26,0.5287524461746216,0.5292373404031275,0.5037815783310748,0.5076605587555356,614976000
2015-08-27,0.5486321449279785,0.5488745631240494,0.5311767631846678,0.5343284309383541,463764000
2015-08-28,0.5510565638542175,0.5544506501954678,0.5447532276197825,0.5486322082102961,320944000
2015-08-31,0.5449953675270081,0.5522684885457515,0.5428134890225534,0.5483895099361444,219352000
2015-09-01,0.5226914882659912,0.538207408771767,0.5188125659407383,0.5292372997425353,353408000
2015-09-02,0.538449764251709,0.5386921824185043,0.5280250316641163,0.5369951396485687,344044000
2015-09-03,0.5399045348167419,0.5491171212597745,0.5389348040862122,0.5464502894993178,262556000
2015-09-04,0.5272975564002991,0.5391769099196967,0.5270551383084235,0.5306916408912223,287972000
2015-09-08,0.5498443841934204,0.5520263217206977,0.5379650814143793,0.5401469611404558,238448000
2015-09-09,0.5389347076416016,0.5561476128820837,0.5377225010944688,0.5515413782860722,289392000
2015-09-10,0.5474197268486023,0.5542079539266639,0.5333584942888236,0.5357828487164523,357076000
2015-09-11,0.5491167306900024,0.5527532327932574,0.5391768388187106,0.5413587747613589,301584000
2015-09-14,0.5500866770744324,0.5534807624526396,0.5471774280067225,0.5517837197635359,192460000
2015-09-15,0.5561473369598389,0.5590565849886361,0.5486318566203273,0.5503288987034054,327976000
2015-09-16,0.5600265860557556,0.5631782536782926,0.5510564773613,0.5551778755289586,173508000
2015-09-17,0.5651176571846008,0.5748150762581862,0.5639054508998141,0.56972389078373,268712000
2015-09-18,0.5646327137947083,0.5694814229080085,0.5539655653056822,0.557359650124758,326412000
2015-09-21,0.5704513192176819,0.5716635257494426,0.5624509410718653,0.56536019050714,281840000
2015-09-22,0.5549355149269104,0.5619661632606713,0.5520262651884729,0.5580871828764862,228356000
2015-09-23,0.5576019883155823,0.5609960726481632,0.553238173859573,0.5554200521869957,161632000
2015-09-24,0.5682694315910339,0.5740878725748857,0.545480446219067,0.5542081365954385,382440000
2015-09-25,0.5723908543586731,0.5835429004422521,0.5668148313168836,0.5753000460753521,369692000
2015-09-28,0.5648752450942993,0.5760272898496638,0.5612387414312624,0.572390786186627,395584000
2015-09-29,0.5748151540756226,0.575784884554026,0.5629357967619215,0.5709361743608238,380736000
2015-09-30,0.597603976726532,0.5983312889094268,0.576754514953347,0.5801485999394063,556380000
2015-10-01,0.5859672427177429,0.5993011678414464,0.5689966979765381,0.5976041249275638,489296000
2015-10-02,0.6012406349182129,0.6012406349182129,0.5767546082688584,0.5828155248398775,386144000
2015-10-05,0.6162717938423157,0.623787278852077,0.6019680784807598,0.6051197465367364,482024000
2015-10-06,0.6242719888687134,0.6269387618978817,0.6073015046990269,0.6097258595804107,453216000
2015-10-07,0.6308178901672363,0.637121225906916,0.6155444450292408,0.6257267610549689,310152000
2015-10-08,0.6344543695449829,0.63615141236119,0.6174838257805398,0.6281510346269645,460068000
2015-10-09,0.6320300102233887,0.6371211386383072,0.6201506527873932,0.6310602219338166,423248000
2015-10-12,0.6388181447982788,0.6424547061726035,0.6281509944355634,0.6327572284414651,227588000
2015-10-13,0.6400303840637207,0.6439093059939889,0.6315451122885926,0.6337270492252572,298444000
2015-10-14,0.6633040904998779,0.6737288214460951,0.6400302739176529,0.6407575283035324,612148000
2015-10-15,0.665001392364502,0.6785777954825933,0.6577283254585099,0.6645164981169567,526048000
2015-10-16,0.6754260063171387,0.6817293413994652,0.6654861095330135,0.6671832101946444,448396000
2015-10-19,0.6742135882377625,0.6807593972468269,0.6664556887104496,0.6776077306947041,294712000
2015-10-20,0.673244059085846,0.676395726579212,0.6662134117697844,0.6713045980750915,264824000
2015-10-21,0.6645165681838989,0.6814871172217942,0.6633044191390228,0.6773656601860857,386280000
2015-10-22,0.6885174512863159,0.6906993881123255,0.6713045482398378,0.6722742786732256,306884000
2015-10-23,0.6931236982345581,0.6977299897464904,0.6841535911542332,0.6945783226910819,381776000
2015-10-26,0.6899721026420593,0.6953057069346742,0.683668767878383,0.6936086641600204,247436000
2015-10-27,0.6894873976707458,0.693851214522525,0.6860932536735895,0.6865781479020963,208268000
2015-10-28,0.6950631737709045,0.6950631737709045,0.6836686547672747,0.6938509675317456,217036000
2015-10-29,0.671062171459198,0.6909419083870657,0.6698500226886109,0.6839113183550413,327168000
2015-10-30,0.6877902746200562,0.6926390433453741,0.673244141847683,0.6783353287788491,301160000
2015-11-02,0.6957903504371643,0.6965176625391881,0.6858505147114533,0.6899719114221424,190088000
2015-11-03,0.6909418702125549,0.6955481624489078,0.6831839682263258,0.6916691825551995,376768000
2015-11-04,0.6795473694801331,0.6940934999379351,0.6763957021008242,0.6890023716180598,442264000
2015-11-05,0.6717894077301025,0.6848809713365863,0.6698499467964227,0.6829414526017222,478800000
2015-11-06,0.7648847699165344,0.7743397723119351,0.7229434201742935,0.7382168633510231,1172272000
2015-11-09,0.7614906430244446,0.7636725798746832,0.7508234347351779,0.7573692452858936,492568000
2015-11-10,0.7469447255134583,0.7556724175968322,0.7309439663274726,0.7515509608842729,552260000
2015-11-11,0.7396714091300964,0.7527629139425174,0.7370045782970627,0.7474293100776297,619896000
2015-11-12,0.737004816532135,0.7447627777885907,0.7338531483842747,0.7379745472388923,291080000
2015-11-13,0.7224586009979248,0.7408837135518395,0.7188220390064717,0.7377320457596441,292940000
2015-11-16,0.737004816532135,0.7374897107861129,0.726095187127819,0.73191368697076,344280000
2015-11-17,0.737004816532135,0.7433081528278555,0.7338531483842747,0.7389443357468481,257048000
2015-11-18,0.7551347613334656,0.7561082322544008,0.732015900343781,0.7400466583070952,350216000
2015-11-19,0.7573248147964478,0.7648688356150385,0.7517276193437307,0.7578115501482483,254072000
2015-11-20,0.763895571231842,0.7682760161864568,0.7582983746925068,0.7629221583599306,239744000
2015-11-23,0.7524577975273132,0.7702227990276926,0.7497808977734952,0.7702227990276926,242552000
2015-11-24,0.7585418820381165,0.765112492407503,0.7490509746064764,0.7524579491653163,195428000
2015-11-25,0.7575682401657104,0.7660857326627293,0.7548913404760969,0.7570815627788738,138300000
2015-11-27,0.763895571231842,0.7663291324219584,0.7551347393432879,0.7590284488516092,86996000
2015-11-30,0.7719264030456543,0.7753334354553418,0.7638956445454639,0.764625718774634,327244000
2015-12-01,0.7969920039176941,0.7977220780134759,0.7780101934687074,0.7787402675644892,409496000
2015-12-02,0.7909080386161804,0.8064828166115052,0.7892045518058065,0.7982087212409266,294240000
2015-12-03,0.7892047762870789,0.8055096329846958,0.7853110661755545,0.7972355352606342,246656000
2015-12-04,0.8213275671005249,0.8227877152092299,0.7892045407916831,0.7892045407916831,458756000
2015-12-07,0.8057528734207153,0.8210843141209591,0.8033193123257667,0.8210843141209591,333588000
2015-12-08,0.8167036771774292,0.8201106503046042,0.7906645853902206,0.7957750450809832,314488000
2015-12-09,0.7960187196731567,0.821327806203519,0.7877446220093155,0.8164606831047083,372676000
2015-12-10,0.8025891780853271,0.8069695645198965,0.7957751727174017,0.798452072315157,236596000
2015-12-11,0.790664792060852,0.8001556979850751,0.7889613050519927,0.7945585015185339,227320000
2015-12-14,0.7926115989685059,0.796992043762191,0.783120693269528,0.7913948474284866,275892000
2015-12-15,0.8023456335067749,0.8079428283764557,0.7972351739381934,0.8016155595654549,307296000
2015-12-16,0.8072128295898438,0.8098897869641382,0.7969919095010728,0.8040491948897964,236356000
2015-12-17,0.7950451970100403,0.8167039092189231,0.794558519579689,0.8084298126961917,254160000
2015-12-18,0.7821472883224487,0.7974787292136396,0.7811738754764804,0.7894479716982218,395896000
2015-12-21,0.8006421327590942,0.8013722066874431,0.7836072098124868,0.7906645524394212,284216000
2015-12-22,0.801372230052948,0.8094029854782804,0.7965051090691502,0.8030757165952114,130012000
2015-12-23,0.8045360445976257,0.8076996797473703,0.8011290707504151,0.8025892189765544,122524000
2015-12-24,0.8072128295898438,0.8091597129548455,0.8008855601897492,0.8021023695454582,52448000
2015-12-28,0.8064829111099243,0.8064829111099243,0.7875011572696932,0.7986955502101236,142024000
2015-12-29,0.8196240067481995,0.8220575673707268,0.8047792463363195,0.8069694683027927,203660000
2015-12-30,0.8125666975975037,0.8259513105927854,0.8123233589312493,0.8188939670854308,180344000
2015-12-31,0.8021026253700256,0.815000506946773,0.8021026253700256,0.8113501937567331,148528000
2016-01-04,0.787744402885437,0.7928548633114254,0.7797136462042163,0.7857975773957274,358076000
2016-01-05,0.800399124622345,0.8137837414746134,0.7909082176555009,0.8025893473117739,490272000
2016-01-06,0.7673025131225586,0.7909080480899254,0.7582982855589151,0.7872576777234931,449344000
2016-01-07,0.7368829250335693,0.7531877762315702,0.7271486240277897,0.7480772580499195,645304000
2016-01-08,0.7210648059844971,0.7471039021469865,0.719604657821603,0.7463738280655395,398472000
2016-01-11,0.7222814559936523,0.7273919738459971,0.709383579067408,0.7217947786881554,409372000
2016-01-12,0.7344493269920349,0.7451570409943539,0.7293388666868371,0.7351794010385869,469356000
2016-01-13,0.7120606303215027,0.744913731626219,0.7113305562462273,0.7400465517841603,481672000
2016-01-14,0.6977024674415588,0.7057332226823617,0.6770171747253921,0.6974590707835006,600236000
2016-01-15,0.6597388982772827,0.6777472931009527,0.6483011692802187,0.66971653733354,841452000
2016-01-19,0.6650927662849426,0.6923486686343076,0.662415808969121,0.673366860848644,457140000
2016-01-20,0.6687434315681458,0.6772609273103728,0.6436777379551134,0.652438572483472,481180000
2016-01-21,0.6765305995941162,0.6869949177482587,0.6621725722164626,0.6760439222040968,481456000
2016-01-22,0.692348837852478,0.6969726216002202,0.6879683928217718,0.6894285411653405,257996000
2016-01-25,0.6916186809539795,0.7001361732588751,0.6901585327850637,0.6921054163505079,270728000
2016-01-26,0.6984325647354126,0.7013528608071268,0.6860214224719556,0.6930787659648221,227944000
2016-01-27,0.6901585459709167,0.6996494512295287,0.6770173282409437,0.6974592289343097,231700000
2016-01-28,0.6826145052909851,0.6981892835746982,0.6692298912207821,0.6957557226547221,276776000
2016-01-29,0.7127907872200012,0.71425093565907,0.6857782731799503,0.6884551733044562,310504000
2016-02-01,0.7130342721939087,0.7166845857225359,0.7059769258790253,0.7120608591209873,289884000
2016-02-02,0.6828578114509583,0.7093836416214222,0.6779906898428364,0.7057333294256639,341908000
2016-02-03,0.6862649321556091,0.6923488644809143,0.6704468125470373,0.6882118160288054,326772000
2016-02-04,0.6865083575248718,0.7020831390563987,0.6796943507156106,0.687238373734493,348140000
2016-02-05,0.643190860748291,0.689428585133137,0.641244034846493,0.6818845622378192,600428000
2016-02-08,0.6137447357177734,0.6366201993065244,0.6047405070934551,0.6334565639565044,608852000
2016-02-09,0.6203151941299438,0.6461109480764912,0.6035236085951923,0.606443904521466,425372000
2016-02-10,0.6188550591468811,0.6422172529850939,0.6154480858418769,0.6242089157837895,335800000
2016-02-11,0.6156913638114929,0.622018632480339,0.6030368264738009,0.6030368264738009,340144000
2016-02-12,0.6261558532714844,0.6273726628245,0.6023069198225693,0.6254257791438096,340816000
2016-02-16,0.6568185687065125,0.6577920393113958,0.6332130379409265,0.6351598631093768,485352000
2016-02-17,0.6731237173080444,0.6794509884040051,0.6624160009822592,0.6650929590740451,771468000
2016-02-18,0.7310424447059631,0.753917965638424,0.7276354707438968,0.7283655448815787,1068660000
2016-02-19,0.7407766580581665,0.7473473250212466,0.7215515086218319,0.727148704761786,525628000
2016-02-22,0.7670591473579407,0.775576639876067,0.7500242203423589,0.7514843685478287,449668000
2016-02-23,0.7690061926841736,0.7763068772260909,0.7573250626046959,0.7609754338859962,369380000
2016-02-24,0.7743598222732544,0.7755766317719883,0.7446703551480577,0.7658423878647986,336852000
2016-02-25,0.7760632634162903,0.7799569723538177,0.7621919724681409,0.7772800728433094,349616000
2016-02-26,0.7709527611732483,0.7816604166540166,0.7631653437214182,0.7797135913013911,361964000
2016-02-29,0.7659459114074707,0.7820659432274919,0.7654574608869005,0.77205200877108,323344000
2016-03-01,0.7998955845832825,0.7998955845832825,0.7666785093340492,0.7678997518828232,348700000
2016-03-02,0.8045361638069153,0.8074670993709073,0.7940337223453445,0.7954991901273405,233812000
2016-03-03,0.7974532842636108,0.8069787097881839,0.786706557764409,0.8035593232802828,302004000
2016-03-04,0.795011043548584,0.804292245995169,0.7889049448671436,0.8035595118241132,175304000
2016-03-07,0.7898817658424377,0.7959878634531508,0.7796235474785473,0.7906144998850059,239968000
2016-03-08,0.7754713892936707,0.7864623411696002,0.773028962013693,0.7818217118680247,274940000
2016-03-09,0.7749829292297363,0.7835313954883182,0.7649689367427503,0.7823102109794032,222788000
2016-03-10,0.7737616896629333,0.7840199074473724,0.7581301668459314,0.7796235034403017,286084000
2016-03-11,0.7869506478309631,0.7871949312767474,0.7759597561962397,0.7852409548707183,277400000
2016-03-14,0.7889043688774109,0.7920795285564013,0.7796231149751219,0.783286783155507,190312000
2016-03-15,0.784996747970581,0.7898816017515414,0.7710749205180489,0.7847525227511482,226216000
2016-03-16,0.8084441423416138,0.8111308529646496,0.7754713467546313,0.7791350165896544,363644000
2016-03-17,0.8016054630279541,0.8094211958665912,0.7906145104742858,0.8055133585633043,353680000
2016-03-18,0.8257855176925659,0.8365321868140281,0.8060018146074426,0.8111309530091002,545512000
2016-03-21,0.8282276391983032,0.8284718643831934,0.8096651858096746,0.8184579330181874,337780000
2016-03-22,0.8267624378204346,0.8326242517694442,0.8165042197356221,0.8255412532707522,242012000
2016-03-23,0.8409282565116882,0.8470342935838754,0.8267621480158229,0.8304258168447676,429008000
2016-03-24,0.8421497344970703,0.8436152025400157,0.8306703318807669,0.8333569844714593,244956000
2016-03-28,0.8506981730461121,0.8543617845501282,0.8397072220699536,0.8406841812555543,265388000
2016-03-29,0.8643758893013,0.8663298079278484,0.845080695377869,0.8470346140044174,261812000
2016-03-30,0.8734128475189209,0.885380759007152,0.8670625247605918,0.8675510335235638,376700000
2016-03-31,0.8702378273010254,0.8792748041414351,0.8633990529024681,0.8773208852367247,379884000
2016-04-01,0.8829384446144104,0.8834269534398794,0.8582698844535692,0.8648644333210219,348292000
2016-04-04,0.8743897676467896,0.8949062030596514,0.8709703811553321,0.8902655738314971,393940000
2016-04-05,0.8731685280799866,0.8812285432913323,0.8631545362595556,0.8665739807674411,339568000
2016-04-06,0.8743897676467896,0.8748782763878801,0.8458133747463747,0.8621776314401141,453376000
2016-04-07,0.8653526306152344,0.8765878054676826,0.8616890195553762,0.8687720164663149,378104000
2016-04-08,0.8709702491760254,0.8780533045722098,0.8624217260106924,0.8724357169451739,255936000
2016-04-11,0.8763436675071716,0.8907540044366071,0.8734127317818445,0.8760993840420253,387524000
2016-04-12,0.8753666281700134,0.8804957069875221,0.858269582314221,0.879274464469802,292764000
2016-04-13,0.8973485827445984,0.8975928079861711,0.8792745755309318,0.8792745755309318,350716000
2016-04-14,0.8997910022735596,0.903698897266069,0.8912424783379419,0.8949061480909366,416564000
2016-04-15,0.9068740606307983,0.9149340758759762,0.8966158435281932,0.8995467793380962,436972000
2016-04-18,0.902966320514679,0.9051645227491653,0.8941735698087991,0.9051645227491653,307320000
2016-04-19,0.8868461847305298,0.9080952958444146,0.8812285962687827,0.9063856026037166,309152000
2016-04-20,0.8902655243873596,0.895638887312691,0.8844037109801243,0.8853806701759875,200172000
2016-04-21,0.8892884850502014,0.8946618474912938,0.8853805903868661,0.8905096693769654,178280000
2016-04-22,0.8858690857887268,0.8983254452489964,0.8829381502771106,0.8922194072425287,223540000
2016-04-25,0.8902655243873596,0.8951503785987316,0.8836709770252129,0.8861134041308989,191972000
2016-04-26,0.8909981846809387,0.9058970295563328,0.8870902899885067,0.895638813267705,214536000
2016-04-27,0.9112705588340759,0.9117590676282811,0.8870905090461907,0.8888002024778111,352396000
2016-04-28,0.8841593265533447,0.9110260798802866,0.8819611831716513,0.9056527175684884,381224000
2016-04-29,0.8677952289581299,0.8824497925587956,0.8582697451480793,0.8804958740381973,321904000
2016-05-02,0.8792747259140015,0.8846480897720032,0.8719474433251257,0.8760995643022821,256076000
2016-05-03,0.8687719702720642,0.8729240897607498,0.8612004651141134,0.8692604788956927,224024000
2016-05-04,0.8489884734153748,0.8590024068972337,0.8401957243481563,0.8582696729556277,525764000
2016-05-05,0.8541174530982971,0.864131443643569,0.8477671318335022,0.8560714294585674,246884000
2016-05-06,0.862910270690918,0.8651084724363816,0.8509423610527967,0.8526520541108066,183240000
2016-05-09,0.8616889715194702,0.8687719680355586,0.8546059167713373,0.8651083571799328,333336000
2016-05-10,0.8782975077629089,0.879762975495305,0.8587580932830909,0.8670623327906039,269676000
2016-05-11,0.8807399868965149,0.8905096947168296,0.8760993582122497,0.880984270354459,328176000
2016-05-12,0.8687719702720642,0.8909980935863776,0.8531404513325341,0.8870901992934839,670540000
2016-05-13,1.0009076595306396,1.0013961100442486,0.952547564759795,0.9571881357993766,2110256000
2016-05-16,1.0304608345031738,1.0453597372437033,0.9901607624675172,0.9933359231874204,973032000
2016-05-17,1.0326595306396484,1.0399867560340301,1.0126315405357662,1.0258206394169715,628392000
2016-05-18,1.059037446975708,1.071005416086939,1.0258203668176564,1.0258203668176564,541072000
2016-05-19,1.0636776685714722,1.071249230834434,1.0534195130906123,1.0548848640472446,398880000
2016-05-20,1.0827291011810303,1.087125505362147,1.068562987573514,1.0702726808999279,391084000
2016-05-23,1.0844385623931885,1.0915215594488337,1.077844015765078,1.0873694978865927,413636000
2016-05-24,1.1107630729675293,1.1141914560474833,1.0848060993662347,1.087744646711016,415788000
2016-05-25,1.1061105728149414,1.1188440840966782,1.09729493027385,1.1141915200943233,458076000
2016-05-26,1.1178641319274902,1.1259450754899405,1.1048856503504192,1.1080690558982484,309964000
2016-05-27,1.1239864826202393,1.1257006156954985,1.1154157004773841,1.1190889428671327,277416000
2016-05-31,1.144066333770752,1.1465151619732044,1.1281493007544772,1.128883995921835,412524000
2016-06-01,1.1462699174880981,1.1572892903981942,1.1352504278114859,1.1386786927301624,387132000
2016-06-02,1.1543513536453247,1.1641464338121157,1.1411278903302473,1.1523922441987136,329208000
2016-06-03,1.1381888389587402,1.1445556499247094,1.1181089685377694,1.1430864936401144,461076000
2016-06-06,1.1323121786117554,1.1499433433648156,1.1264350847718865,1.141127702605012,322512000
2016-06-07,1.1345161199569702,1.145535613393134,1.1340264010205137,1.1391688001529752,193400000
2016-06-08,1.130842924118042,1.1389238699001203,1.1215375643043641,1.1347609088993016,234616000
2016-06-09,1.1602282524108887,1.1619423854846278,1.1244762005682647,1.1269250288259252,472168000
2016-06-10,1.1313326358795166,1.1567998870965213,1.1298633624041856,1.146515089535753,400024000
2016-06-13,1.145780324935913,1.1680641683995237,1.1325569812263327,1.1325569812263327,475588000
2016-06-14,1.147984504699707,1.1533717635964709,1.1303533375861785,1.1430869647663138,298344000
2016-06-15,1.1597381830215454,1.169778118957703,1.144800708816541,1.1575343316688473,301036000
2016-06-16,1.1643909215927124,1.1663499136473883,1.1399032289929425,1.1511675792654896,246456000
2016-06-17,1.144066333770752,1.1661053205266023,1.1394136535993367,1.1658604610596683,471000000
2016-06-20,1.1646361351013184,1.1795736146138105,1.1616975877426001,1.1624322829655618,293768000
2016-06-21,1.1575345993041992,1.172716936417999,1.1558203495855517,1.169533529968882,212508000
2016-06-22,1.156554937362671,1.1675744291841808,1.1545959451373342,1.1599832029486448,202620000
2016-06-23,1.1874094009399414,1.1886338148234115,1.166839691410477,1.167574386447173,297880000
2016-06-24,1.1198235750198364,1.1597385901445816,1.1092939165903435,1.138679156519032,1017684000
2016-06-27,1.1078245639801025,1.1190889168267903,1.0914176952607406,1.1105181348833708,449088000
2016-06-28,1.1239864826202393,1.1301083197367037,1.1085591681763467,1.1288840223733456,381920000
2016-06-29,1.1423523426055908,1.1511679851093772,1.130843128864456,1.133781676365718,318932000
2016-06-30,1.151167869567871,1.1582692613443535,1.1350059766996519,1.1443112204975976,430940000
2016-07-01,1.1425964832305908,1.1597379216922539,1.1386785002049804,1.144800450853181,218488000
2016-07-05,1.1594936847686768,1.1614526773330751,1.1271698987731467,1.1362302831709488,371084000
2016-07-06,1.1668399572372437,1.1736966064868208,1.1455356645841237,1.1514127591504582,273104000
2016-07-07,1.1972044706344604,1.2013674311043825,1.1692885115200595,1.1746757690988994,395400000
2016-07-08,1.245200514793396,1.2510776084283262,1.2052855068503379,1.2099381865169005,481932000
2016-07-11,1.2738511562347412,1.2831563986926344,1.261607250227165,1.2630765236187358,448776000
2016-07-12,1.2929517030715942,1.3047057744331887,1.27189215493085,1.2880541636070506,436760000
2016-07-13,1.2924615144729614,1.3027464262767225,1.2905025225753706,1.2954000607026075,324604000
2016-07-14,1.305685043334961,1.3174392299423352,1.2885437158101007,1.2993183479446817,316892000
2016-07-15,1.290502905845642,1.2963800000503896,1.2694434739673686,1.2890336322944551,428616000
2016-07-18,1.2971147298812866,1.308379083911134,1.2922171897277255,1.306420091203023,252992000
2016-07-19,1.3105828762054443,1.3157252751584774,1.2939311485148177,1.296379976644768,382652000
2016-07-20,1.327723741531372,1.334825247210453,1.3096028634224093,1.314990119950341,296460000
2016-07-21,1.3032363653182983,1.3289484740235022,1.2988285452288677,1.324785513366839,361308000
2016-07-22,1.3387435674667358,1.3387435674667358,1.2983388414278236,1.3078890600157975,315768000
2016-07-25,1.3634765148162842,1.3666599219295024,1.3409478055175974,1.3468249007317155,312528000
2016-07-26,1.3867396116256714,1.3938410027944956,1.3735162670952823,1.3754752594763495,514508000
2016-07-27,1.3727816343307495,1.4011874338294532,1.36445582875811,1.398738605666972,446676000
2016-07-28,1.3757197856903076,1.3860045807745565,1.3715568257181956,1.3759646450828107,221916000
2016-07-29,1.3982487916946411,1.4019219169221273,1.3561299310020587,1.380862486575836,409588000
2016-08-01,1.3891881704330444,1.4092681612430111,1.3801277878776206,1.4041257630196837,301120000
2016-08-02,1.3722915649414062,1.3965343970792437,1.3590682231874083,1.3957997021115083,282748000
2016-08-03,1.375964641571045,1.3786583284147438,1.3629861596693464,1.370577384650167,299828000
2016-08-04,1.401431918144226,1.4077987295424865,1.3798827732090109,1.3825763433468363,272712000
2016-08-05,1.425184726715088,1.4259193047503276,1.4107369744568985,1.4175935031851246,371588000
2016-08-08,1.4384087324142456,1.4482038113580133,1.4232262783148197,1.4447755454043498,305064000
2016-08-09,1.4420816898345947,1.4560397282484028,1.4384085648502118,1.4455099553888904,372344000
2016-08-10,1.4327764511108398,1.4570192882216588,1.4281237712491819,1.45481543639942,375740000
2016-08-11,1.4619165658950806,1.468038518131436,1.4374288737161858,1.4403674201309584,681064000
2016-08-12,1.5437055826187134,1.552031386389438,1.4846902612272814,1.5157896248541591,1425744000
2016-08-15,1.5422362089157104,1.5549698315354086,1.521421642461705,1.545419614570635,573304000
2016-08-16,1.5329314470291138,1.5424815502110052,1.5282787667901343,1.540032838739549,287652000
2016-08-17,1.497423768043518,1.5363593333912322,1.4854248395895129,1.5329310681186594,595212000
2016-08-18,1.5206871032714844,1.523135814040702,1.4893427647065243,1.4952198573790851,331684000
2016-08-19,1.524605393409729,1.5361146048995613,1.5133410413693436,1.5199527135705975,291560000
2016-08-22,1.5309721231460571,1.533176091604665,1.5111371076178306,1.5292579903263293,244748000
2016-08-23,1.5433615446090698,1.5534199858275477,1.5389456007881248,1.5465508178716842,339764000
2016-08-24,1.519564151763916,1.5494942718624687,1.5124496754277634,1.5487583399580547,298448000
2016-08-25,1.509506106376648,1.5207912173841582,1.4906158957857556,1.5200552852883737,406032000
2016-08-26,1.5217725038528442,1.5303589627987104,1.5014101960878137,1.5134313555937557,300024000
2016-08-29,1.5207911729812622,1.5340388861724703,1.5183379490852056,1.527905767941463,274652000
2016-08-30,1.511959433555603,1.5269244388692103,1.5077888007722695,1.518828600980638,285544000
2016-08-31,1.5048447847366333,1.5190738574532479,1.5004289583962973,1.5149033418005162,388544000
2016-09-01,1.549249291419983,1.5548917881681916,1.5048447815686592,1.5060714519858278,428492000
2016-09-02,1.5340389013290405,1.5541558989877762,1.5166206722479216,1.55243860714905,323148000
2016-09-06,1.5485129356384277,1.5485129356384277,1.5315853317651917,1.5394358571055717,306812000
2016-09-07,1.5256978273391724,1.5512120124539692,1.5168660570203711,1.5436067956643498,397988000
2016-09-08,1.5367372035980225,1.5391905439423634,1.506807200079981,1.5242254252016365,315808000
2016-09-09,1.4601949453353882,1.5283962233815236,1.4474378549121227,1.519809765204987,697760000
2016-09-12,1.4903699159622192,1.493313877218167,1.4062222944684488,1.4408136637532991,598260000
2016-09-13,1.4687809944152832,1.5038629833079467,1.4604398492267874,1.4866899547563237,471768000
2016-09-14,1.4817839860916138,1.4866905509337025,1.4599498134879254,1.4722161671022806,319048000
2016-09-15,1.537964105606079,1.5396813973133034,1.4808025069723603,1.484237207368533,515212000
2016-09-16,1.5416443347930908,1.5517027765477056,1.5239806755495422,1.5433616268735921,902444000
2016-09-19,1.5620064735412598,1.6010136826107153,1.550721362408992,1.5578358406738348,417128000
2016-09-20,1.5477774143218994,1.579915456124579,1.5391909547881926,1.579915456124579,331112000
2016-09-21,1.5912002325057983,1.5941441942926042,1.552193031284904,1.5524383419368524,336212000
2016-09-22,1.5951255559921265,1.605429423015231,1.5860484762837808,1.6005228586648028,308732000
2016-09-23,1.5934083461761475,1.6017494943022101,1.5862938684461394,1.5970883573643118,276132000
2016-09-26,1.578443169593811,1.584821714579793,1.5585716026675052,1.57525389710082,230040000
2016-09-27,1.632415533065796,1.6348688738289787,1.5715741561086127,1.5723100881485317,402752000
2016-09-28,1.6383036375045776,1.6395303080210872,1.6174507066508719,1.6348690536437422,319788000
2016-09-29,1.6535136699676514,1.658665661855126,1.6203943905865654,1.635604704639042,336684000
2016-09-30,1.6809908151626587,1.6974278019171145,1.6527779789277386,1.6625911088403014,429932000
2016-10-03,1.679273247718811,1.7052781682113252,1.676329402608423,1.680990656423981,242596000
2016-10-04,1.6755937337875366,1.7099396930312767,1.6630819505479897,1.6817269700407853,281624000
2016-10-05,1.6738758087158203,1.70699520177056,1.6687239343246494,1.6898221701516163,305440000
2016-10-06,1.6520416736602783,1.6640627141442286,1.6255461352958243,1.6537589651579856,360212000
2016-10-07,1.640020728111267,1.6674975126067269,1.6353594743061228,1.6630815694784231,286260000
2016-10-10,1.6461541652679443,1.6574392766615975,1.6306984209102662,1.6486073893195703,287876000
2016-10-11,1.6223565340042114,1.6432094553755097,1.6098447577850954,1.6407562324397789,388540000
2016-10-12,1.6297171115875244,1.638303570890484,1.6022403248363195,1.615733349024075,419920000
2016-10-13,1.6032212972640991,1.6142610956386214,1.562742114545328,1.6105812018410188,390116000
2016-10-14,1.6189225912094116,1.6338875962757111,1.6093547723190564,1.6228477962497834,330636000
2016-10-17,1.6095999479293823,1.6338874591554564,1.6073920349021837,1.618677144673341,195328000
2016-10-18,1.6341331005096436,1.643455609811821,1.6253013296319334,1.6319251870356526,269372000
2016-10-19,1.6306984424591064,1.63830365938495,1.614752076476728,1.6230933425150034,199060000
2016-10-20,1.6616096496582031,1.667006952674459,1.6265277649611847,1.6498339178639039,312084000
2016-10-21,1.6569488048553467,1.659892650586753,1.6412477483730143,1.6557221342279067,279508000
2016-10-24,1.734717607498169,1.7366802099582062,1.667988188003079,1.668233615669596,339836000
2016-10-25,1.7631754875183105,1.7737246649502,1.7234323523594548,1.731773499850262,397460000
2016-10-26,1.7702901363372803,1.789671083186635,1.7467385571229148,1.7484558488069257,333792000
2016-10-27,1.733981728553772,1.7872180127720476,1.7268672500701079,1.7837834288846415,388664000
2016-10-28,1.7310377359390259,1.7688182724711374,1.7278484630315387,1.742322846459232,290856000
2016-10-31,1.7457572221755981,1.7572876420108012,1.7356986662931426,1.736680025910024,252388000
2016-11-01,1.693993091583252,1.761703753110137,1.6753480759533588,1.7521359346129644,473224000
2016-11-02,1.6868785619735718,1.7300564022178575,1.6839345997098223,1.7069955594547057,295848000
2016-11-03,1.6672520637512207,1.6962008268902302,1.6348687174576462,1.6947288459694572,309664000
2016-11-04,1.657684326171875,1.6861424693697955,1.6333968152808245,1.6562123451801398,328780000
2016-11-07,1.7484558820724487,1.7594956813835432,1.7050327338390636,1.7062594042029018,487580000
2016-11-08,1.7457572221755981,1.7607222251973114,1.7295655488782125,1.7550796121182473,429884000
2016-11-09,1.716318130493164,1.739379092654506,1.6858974958647235,1.6984091613241046,456532000
2016-11-10,1.662590742111206,1.7540982811922288,1.6378126120947283,1.7538529705457848,869280000
2016-11-11,2.158153772354126,2.1777800243129635,1.9258277866770952,1.950606029209563,2175344000
2016-11-14,2.051927089691162,2.163551507851318,2.0514364683882085,2.1610981673731238,1348796000
2016-11-15,2.1144859790802,2.145397228459446,2.059041557594851,2.067873443401823,626092000
2016-11-16,2.2479448318481445,2.2707602470224773,2.1184114276166883,2.1426989409100865,987984000
2016-11-17,2.266589879989624,2.325468658380084,2.223902543391246,2.2646271604578883,832988000
2016-11-18,2.290386915206909,2.3141835749701913,2.252115636675008,2.2665900214801447,576060000
2016-11-21,2.2810637950897217,2.314673810155233,2.266834607826805,2.308295265442337,436436000
2016-11-22,2.2975013256073,2.299709239038085,2.2663446419510276,2.2889148656189753,330368000
2016-11-23,2.308802604675293,2.340251484170596,2.279319148347,2.3026600714941803,443236000
2016-11-25,2.3134710788726807,2.3365664437037506,2.295043711709819,2.3198591734630005,195564000
2016-11-28,2.3122427463531494,2.3277215109952407,2.299712116993026,2.3063460071617645,278736000
2016-11-29,2.2911124229431152,2.3203503189490724,2.2734224426194944,2.309539554121712,444568000
2016-11-30,2.265315294265747,2.313471694427974,2.26285828008179,2.299712555586074,440500000
2016-12-01,2.153277635574341,2.2645778322382206,2.082763025235029,2.2628579694083286,1035524000
2016-12-02,2.173179864883423,2.1817791821670545,2.0913631016183167,2.1191267121256803,478292000
2016-12-05,2.2574524879455566,2.275388266483678,2.1866920855636254,2.2110159592378062,602284000
2016-12-06,2.2945520877838135,2.302905839085036,2.249835430876021,2.2655599875930004,498796000
2016-12-07,2.3358287811279297,2.3414797235586287,2.2628571823235455,2.281038750425304,480804000
2016-12-08,2.2967638969421387,2.3739123987062416,2.2861991590428943,2.3387779906810446,381544000
2016-12-09,2.2559783458709717,2.3161737746357076,2.2287061034710387,2.314453911937107,382312000
2016-12-12,2.2011876106262207,2.2100327173808547,2.150820012603422,2.2075757042300665,601332000
2016-12-13,2.240008592605591,2.2675266374825953,2.2124907820423685,2.21347349404426,387796000
2016-12-14,2.3697361946105957,2.385952114285239,2.2498364259050923,2.273668949413853,983980000
2016-12-15,2.4252631664276123,2.4554837836165118,2.373421247039793,2.3807920549863812,746548000
2016-12-16,2.4670310020446777,2.474156013509491,2.401184395992641,2.4527805104876204,1089528000
2016-12-19,2.4970054626464844,2.5171524559866914,2.432387372612536,2.449586231202775,744656000
2016-12-20,2.583982467651367,2.607569192267661,2.558184289900072,2.5694864134396744,848056000
2016-12-21,2.600198984146118,2.6031473546920196,2.5481114950248616,2.5955307503079244,576136000
2016-12-22,2.631647825241089,2.674890197983796,2.6173973301126083,2.624522577676849,718612000
2016-12-23,2.6972475051879883,2.6987218069570846,2.6110083497340804,2.6137109238924974,647692000
2016-12-27,2.882502794265747,2.8834855060920033,2.7326282280158845,2.753266816563446,1194272000
2016-12-28,2.6842257976531982,2.946628788205587,2.6704668972673207,2.9385208312905235,2295764000
2016-12-29,2.7377872467041016,2.73926154845035,2.52575186677449,2.577347975933058,2175368000
2016-12-30,2.622556686401367,2.7498272477108,2.611746152754684,2.7358225489759755,1212932000
2017-01-03,2.506342649459839,2.613465975330692,2.441724540764207,2.5650637840114445,1501996000
2017-01-04,2.564817190170288,2.5920894251655673,2.4945481650702876,2.540493323902633,1199220000
2017-01-05,2.499709129333496,2.5999530183752895,2.4827560583853807,2.568258329978731,984296000
2017-01-06,2.533123254776001,2.5613782094469117,2.486440931628326,2.526980720512505,822856000
2017-01-09,2.6358237266540527,2.6535139430126904,2.5429509108691843,2.5429509108691843,916248000
2017-01-10,2.6159229278564453,2.6827520195262293,2.59528433893534,2.648846117769316,880920000
2017-01-11,2.5837364196777344,2.6092887998087964,2.5589211905195324,2.604375006721751,525664000
2017-01-12,2.5414772033691406,2.572434972079729,2.496760530482186,2.5608872868868837,625616000
2017-01-13,2.5412306785583496,2.5798048015097983,2.532139776621412,2.5454073198034113,457820000
2017-01-17,2.484229564666748,2.5355798827489493,2.4709620194891158,2.530666089945316,580612000
2017-01-18,2.5294370651245117,2.5363165142288784,2.43508996634316,2.4628535577916373,654424000
2017-01-19,2.5837364196777344,2.615676894841562,2.5301748800289494,2.5323860986338063,644872000
2017-01-20,2.5554819107055664,2.6240311052925036,2.533615047311799,2.6063408847412717,492024000
2017-01-23,2.5820164680480957,2.6019179034340203,2.547864775455298,2.5503217890710843,369904000
2017-01-24,2.637051820755005,2.6431943536601095,2.5773477599366825,2.5920896045952624,428052000
2017-01-25,2.6483547687530518,2.685454835570461,2.6124832089007715,2.6793123007448165,522760000
2017-01-26,2.694054365158081,2.701425173223737,2.6215740886234657,2.6510575551998534,458800000
2017-01-27,2.746141195297241,2.749089564687412,2.6743980868683974,2.700933177066229,471996000
2017-01-30,2.7031445503234863,2.7274684234500004,2.651302873731205,2.725257204859176,496004000
2017-01-31,2.682506561279297,2.703882067743787,2.6584282456697395,2.676855616489389,362756000
2017-02-01,2.7997031211853027,2.8038797632655403,2.6992134642053696,2.71690344721416,590004000
2017-02-02,2.835083484649658,2.8436830337366654,2.7532669795828824,2.783733156824373,483240000
2017-02-03,2.810267686843872,2.847613542704469,2.798474443661873,2.8365572161306716,372744000
2017-02-06,2.882256269454956,2.882747625243688,2.800930911420922,2.800930911420922,506768000
2017-02-07,2.926973581314087,2.9709530974774574,2.896752967567473,2.9164086093953348,746224000
2017-02-08,2.9141976833343506,2.931396313082359,2.859407394644077,2.909038094409948,449580000
2017-02-09,2.8594067096710205,2.9252533115153407,2.8402426607218634,2.9203392845852076,842568000
2017-02-10,2.791594982147217,2.9655473686362037,2.766533959725165,2.9466288800161626,1651092000
2017-02-13,2.6628503799438477,2.800439856758184,2.658427708742335,2.7859438050202883,1180724000
2017-02-14,2.672677993774414,2.7063383266219674,2.611499627096158,2.653267916489073,850632000
2017-02-15,2.678083896636963,2.6977395402064492,2.6476177193983848,2.6756271169260923,373020000
2017-02-16,2.6350865364074707,2.6888938621951914,2.5960208217407694,2.6876653555494925,647176000
2017-02-17,2.634596109390259,2.639018782129984,2.5746464582218263,2.6215743549617825,563740000
2017-02-21,2.728943109512329,2.7328741913731034,2.6589196155215666,2.659165410650133,551952000
2017-02-22,2.7247605323791504,2.7503451603460376,2.705817932090532,2.7409969128497185,433772000
2017-02-23,2.4721124172210693,2.617255887654032,2.4521860998290395,2.5953614317473703,1592888000
2017-02-24,2.4959750175476074,2.5092593073768668,2.3542756132229297,2.387978431078259,1029904000
2017-02-27,2.568547010421753,2.5835533349811732,2.498435382501932,2.5141797884062544,715400000
2017-02-28,2.4964663982391357,2.587980711899274,2.4792460700869423,2.578140256258735,625360000
2017-03-01,2.5286943912506104,2.5675633165889677,2.48736535092147,2.5532948373300077,504804000
2017-03-02,2.435457706451416,2.529924139843571,2.432751721057641,2.5159017676396047,754332000
2017-03-03,2.421435594558716,2.4297996561416397,2.367068138527173,2.4248796613180583,864692000
2017-03-06,2.402740001678467,2.413318311250076,2.3412385182936073,2.3852735559977747,883568000
2017-03-07,2.429062843322754,2.4484974312792365,2.389948031184983,2.4027403528600013,603400000
2017-03-08,2.424633264541626,2.4920388981709785,2.422419255406684,2.4772784462556583,638712000
2017-03-09,2.4241416454315186,2.446528079971666,2.396096899968721,2.408643344596032,478060000
2017-03-10,2.438410520553589,2.462273123988967,2.420206229506665,2.4504649922689534,499740000
2017-03-13,2.5055692195892334,2.5154094423751507,2.44800381071738,2.4487418919439135,774136000
2017-03-14,2.503848075866699,2.5277104427764767,2.4716211764340454,2.518362427227322,522016000
2017-03-15,2.522789478302002,2.5336136526725763,2.467930056024989,2.515409370077038,615036000
2017-03-16,2.553786039352417,2.5542782498889673,2.5193453783583473,2.5333677480242502,523100000
2017-03-17,2.609384059906006,2.610614117272664,2.553786546136533,2.5712529853679564,1119688000
2017-03-20,2.692533254623413,2.6964695311360014,2.610859388042298,2.6268498955250146,748568000
2017-03-21,2.6054482460021973,2.70508079894123,2.5975761589864717,2.6753140153571193,913484000
2017-03-22,2.6585845947265625,2.663258717844418,2.5904408862328694,2.5943769281717475,616764000
2017-03-23,2.634476900100708,2.6706398417046002,2.624882779562048,2.6507132845580488,533940000
2017-03-24,2.643824338912964,2.6885974351149398,2.6179938418403355,2.680725350657401,439500000
2017-03-27,2.6630125045776367,2.6669485463568803,2.5481278041741775,2.5973289129382024,506644000
2017-03-28,2.6492369174957275,2.6787575902918843,2.638904717208491,2.6642432419047317,432444000
2017-03-29,2.6406266689300537,2.6689172834919868,2.638412659595463,2.6566169448882717,349992000
2017-03-30,2.6913034915924072,2.7060639436038483,2.6421023759033133,2.6477604514204383,525532000
2017-03-31,2.679741621017456,2.7033583476353713,2.6667034349224865,2.6817097597721022,440808000
2017-04-03,2.6662111282348633,2.6974538314549887,2.6425944045457865,2.6802334992728953,445232000
2017-04-04,2.4792466163635254,2.5687928117042675,2.4684224412270614,2.5437001604326093,1271280000
2017-04-05,2.4607956409454346,2.5183610385218698,2.4477572251425337,2.460549535715075,747048000
2017-04-06,2.4787542819976807,2.4908085126173494,2.4209427737770444,2.4659619702271853,635120000
2017-04-07,2.4681758880615234,2.5026167803143213,2.4531695680012673,2.4851503462482825,429068000
2017-04-10,2.4051990509033203,2.4755565440278815,2.4010169030886455,2.4689145162717248,756332000
2017-04-11,2.413809299468994,2.4329977713229933,2.370266255793701,2.3751862504537433,618148000
2017-04-12,2.3938827514648438,2.428077547289405,2.388716651486409,2.4138093046741247,414092000
2017-04-13,2.349109411239624,2.391422393381388,2.349109411239624,2.369774043659178,506892000
2017-04-17,2.4411163330078125,2.441362203742995,2.35673621816303,2.3619023189156314,497292000
2017-04-18,2.4425923824310303,2.448742670257936,2.4010174690029116,2.42684797404744,370116000
2017-04-19,2.452185869216919,2.4841664161537507,2.44554360763795,2.4600579533162663,380828000
2017-04-20,2.4910552501678467,2.4957293742938464,2.445544066268318,2.4667006774932543,404016000
2017-04-21,2.501387357711792,2.504093343038812,2.4689145953497746,2.4807227232754077,341896000
2017-04-24,2.5326294898986816,2.545667672190041,2.51196509474586,2.532875360540373,371820000
2017-04-25,2.576665163040161,2.5911795113567897,2.525742008579459,2.5471444903874434,388440000
2017-04-26,2.558952808380127,2.5926553939114743,2.556984669727375,2.590195513857343,327004000
2017-04-27,2.5988054275512695,2.607169488139887,2.5483742549051143,2.566332667903805,319700000
2017-04-28,2.565840721130371,2.598805457115776,2.560182410968773,2.5919173243375804,348248000
2017-05-01,2.6234052181243896,2.6285715509789465,2.569529992473657,2.576664228692459,307732000
2017-05-02,2.5456693172454834,2.597822783941563,2.5230367692866342,2.59659272611005,629972000
2017-05-03,2.5646109580993652,2.5742050771097316,2.5240200034219415,2.538780222608575,336904000
2017-05-04,2.5547709465026855,2.581831507004431,2.5468986256194412,2.570761224387928,209788000
2017-05-05,2.555016279220581,2.5621505171979413,2.527709619131105,2.5432081522963643,228428000
2017-05-08,2.5282022953033447,2.568301041626392,2.516885907647979,2.566825113467588,365240000
2017-05-09,2.5323832035064697,2.581338437781204,2.52549507228157,2.5338593656885906,847672000
2017-05-10,2.98380446434021,2.9968428832950087,2.8049584129302483,2.8116004404431463,2129096000
2017-05-11,3.111974000930786,3.208654451120682,2.9498562779856843,2.9533003449728,1939792000
2017-05-12,3.1461684703826904,3.1882355858148634,3.0942613656837508,3.115171870746878,962620000
2017-05-15,3.3041040897369385,3.3065642042293364,3.1828232136530166,3.187251466661219,1087540000
2017-05-16,3.365605354309082,3.3811038870483237,3.2807335205995947,3.3550270502767536,1120700000
2017-05-17,3.1419870853424072,3.317635216639987,3.1378049367047187,3.2989387177487783,1271368000
2017-05-18,3.273599624633789,3.282455896465316,3.1255040565459296,3.185775456842391,1156032000
2017-05-19,3.3492026329040527,3.4038732342598763,3.3299939543738706,3.3745678398059016,1018372000
2017-05-22,3.4206202030181885,3.4349034741420885,3.3819564728882208,3.392792284636819,836608000
2017-05-23,3.374568223953247,3.442537347676648,3.342061261948861,3.440321006604809,681248000
2017-05-24,3.4124932289123535,3.474059461547216,3.400426065067246,3.47135039136654,815996000
2017-05-25,3.4048588275909424,3.4484477295896454,3.3600385728126874,3.447708870950609,608228000
2017-05-26,3.493021249771118,3.577736339233551,3.376538060474399,3.3967317272350885,779140000
2017-05-30,3.5676398277282715,3.6026092585689313,3.52281957513042,3.5388266907728227,989652000
2017-05-31,3.5548338890075684,3.6200939363580624,3.4981928406124054,3.6124596907371465,887316000
2017-06-01,3.555079698562622,3.5715795409858773,3.5097669578686084,3.5705943180271476,503340000
2017-06-02,3.5373494625091553,3.5782292953979007,3.5314390629729058,3.5521252264932444,487456000
2017-06-05,3.6449663639068604,3.65777214881115,3.509520869154588,3.5210953014884856,817376000
2017-06-06,3.628467559814453,3.686339734302007,3.615169277907878,3.640288124366664,758728000
2017-06-07,3.6723029613494873,3.6910191506681596,3.6373335235014927,3.65284814813623,612612000
2017-06-08,3.938760995864868,3.9402384781996225,3.738054966861927,3.7791811608856847,1161744000
2017-06-09,3.6841235160827637,4.149564337772917,3.515431928649517,4.056968855502503,3692928000
2017-06-12,3.6932356357574463,3.735839557597291,3.4996715450981277,3.592513401695967,1697532000
2017-06-13,3.728450298309326,3.8114415350197626,3.5868478070613516,3.802329573048199,1672504000
2017-06-14,3.7363317012786865,3.793957748715853,3.6570345004214713,3.731406524540149,1184640000
2017-06-15,3.7523386478424072,3.782629033417787,3.6077809332842055,3.61910923781247,963824000
2017-06-16,3.733867645263672,3.8097173593752056,3.6998832100016865,3.7619419175479174,924960000
2017-06-19,3.874239921569824,3.8794114624953737,3.7742563272961287,3.7779501508963578,778176000
2017-06-20,3.8685758113861084,3.9830890448528065,3.8643894934567418,3.916351269364421,1095444000
2017-06-21,3.927187204360962,3.9308812633075325,3.834345350184237,3.89615795469341,682652000
2017-06-22,3.900097370147705,3.9486116816306986,3.8762096437132847,3.935313166002035,469132000
2017-06-23,3.78829288482666,3.9234922564680947,3.773270523660723,3.9077312716096606,1088588000
2017-06-26,3.7469208240509033,3.8565086391354506,3.6528476314064036,3.8210464772321058,1063960000
2017-06-27,3.6097517013549805,3.7380557201093936,3.6040876656456367,3.729436484278531,999492000
2017-06-28,3.7370705604553223,3.7417496075286203,3.589311500575937,3.677228171735523,994948000
2017-06-29,3.6122140884399414,3.7117049559422983,3.548185149552703,3.7087499909381565,1064424000
2017-06-30,3.5600054264068604,3.642996670265678,3.5339013605165364,3.629452025797201,731060000
2017-07-03,3.431208372116089,3.5868477639932403,3.412738553653142,3.5720720031654767,709072000
2017-07-05,3.522820234298706,3.5516331417889306,3.4755372674142606,3.494499586160629,820188000
2017-07-06,3.533409357070923,3.580199828556754,3.441798860597108,3.4937608734277066,746284000
2017-07-07,3.6141834259033203,3.6324071160117284,3.5671468358197878,3.5900495719753613,654972000
2017-07-10,3.7850921154022217,3.792479997873198,3.6614671507048624,3.687571221301758,958492000
2017-07-11,3.8387773036956787,3.8464115493538045,3.7469204610340032,3.7887855124868475,757956000
2017-07-12,4.002052307128906,4.014119239302143,3.855524803883542,3.8983748604984,1145208000
2017-07-13,3.9557535648345947,4.095385643293909,3.9094558249090023,4.014118233911097,1369132000
2017-07-14,4.062140464782715,4.063617712498059,3.965111828675079,3.972007217057032,941948000
2017-07-17,4.0449018478393555,4.124938149064673,3.9833356068085393,4.096125005469456,930792000
2017-07-18,4.087013244628906,4.101542880326724,3.9722534067840485,3.9840742069641557,776640000
2017-07-19,4.065834999084473,4.122475833465685,4.053768067307539,4.096125393381831,687044000
2017-07-20,4.124936103820801,4.125182233385502,4.036527209663386,4.086272625081782,699596000
2017-07-21,4.139712810516357,4.169264804997599,4.090213513330912,4.104497016472931,648332000
2017-07-24,4.0916924476623535,4.156460255453872,4.081103234251092,4.146856030532826,652524000
2017-07-25,4.071991443634033,4.086274951638607,4.0284025305058,4.06878987861844,496556000
2017-07-26,4.119025230407715,4.184777984480573,4.084301707567153,4.129368307485147,640404000
2017-07-27,3.983088731765747,4.155474362278738,3.880149941538451,4.143899693184015,782856000
2017-07-28,4.048348903656006,4.072729360478066,3.9225078406095464,3.947380321870892,513348000
2017-07-31,4.002052307128906,4.0978493753604095,3.9555084258892785,4.06189470855883,559672000
2017-08-01,4.050811290740967,4.0525351375669185,3.964865079071919,3.9926927579157074,431384000
2017-08-02,4.048348903656006,4.085781277513314,3.9715146490450417,4.081841324294483,478444000
2017-08-03,4.099819183349609,4.103513007398751,4.030864826249129,4.047857168416192,442420000
2017-08-04,4.117797374725342,4.188228994340492,4.099820040368102,4.122476188184764,589096000
2017-08-07,4.244377136230469,4.244869395642132,4.137251530333111,4.146856225418697,717412000
2017-08-08,4.193890571594238,4.298799074706788,4.154734362678617,4.2822994687642835,755336000
2017-08-09,4.238464832305908,4.240927537398053,4.129123168722092,4.1478393516520216,530784000
2017-08-10,4.056969165802002,4.252010968334462,4.046872212293063,4.239697438550463,1328088000
2017-08-11,3.8407483100891113,3.9156128347407413,3.765637655750798,3.8698075833645618,1497196000
2017-08-14,4.147101879119873,4.150795703136088,3.920538101767251,3.9321125377407444,1279020000
2017-08-15,4.112130641937256,4.178375667909927,4.0778998412538385,4.152271840625495,764532000
2017-08-16,4.06706428527832,4.150548251270074,4.034803928406367,4.127153257098159,596632000
2017-08-17,3.9764392375946045,4.075683963608621,3.9742231315339946,4.058692094862847,525444000
2017-08-18,3.9771785736083984,4.047610641298002,3.9313733280154834,4.030618300799431,601204000
2017-08-21,3.919306516647339,4.012887222171991,3.875471481265143,4.001559151403666,623672000
2017-08-22,4.006561279296875,4.0124768836128215,3.936560588393784,3.955786184888933,450456000
2017-08-23,4.086666584014893,4.097758279365605,3.964657935157053,3.9732852272089723,579520000
2017-08-24,4.071631908416748,4.123146975320429,4.0452587441289625,4.118709920085873,469700000
2017-08-25,4.0376176834106445,4.105893233617583,4.031208917191864,4.095787391581279,357200000
2017-08-28,4.0662078857421875,4.069412267678232,4.001136742471671,4.056595210060511,389496000
2017-08-29,4.0595526695251465,4.081243363466153,3.9994112738621963,4.007545401621685,324096000
2017-08-30,4.083709239959717,4.0948009359133435,4.048955133937936,4.079272185477017,384400000
2017-08-31,4.17638635635376,4.180329778067489,4.096526425131839,4.1039205759083695,612684000
2017-09-01,4.201527118682861,4.237020733205557,4.180329582520131,4.188956874900141,445432000
2017-09-05,4.08937931060791,4.155189997921995,4.031456409212001,4.150260249254813,695364000
2017-09-06,4.086912631988525,4.135962810356963,4.052159000519317,4.122159896283915,397672000
2017-09-07,4.105893135070801,4.138181901363906,4.065716584370572,4.103674607557556,352868000
2017-09-08,4.034658908843994,4.109096395176757,4.010503807016998,4.094307624484429,498856000
2017-09-11,4.16554069519043,4.176139698039046,4.074835420778974,4.080258330420082,567444000
2017-09-12,4.180577754974365,4.190190435728111,4.115506577369466,4.190190435728111,411488000
2017-09-13,4.1993088722229,4.228146903829674,4.123146023386798,4.155434783739333,580960000
2017-09-14,4.1753997802734375,4.253287987195401,4.135962749183316,4.160364194736825,513712000
2017-09-15,4.439383506774902,4.439383506774902,4.255508017239237,4.2606841123401855,1364792000
2017-09-18,4.6227641105651855,4.712730345436688,4.5564607546783895,4.563362212240933,1684460000
2017-09-19,4.6178364753723145,4.67945692272929,4.550546770090856,4.572483822356566,874280000
2017-09-20,4.5806169509887695,4.668857372433986,4.540440397664032,4.621533013532898,724920000
2017-09-21,4.455404281616211,4.503221802536979,4.377762396709948,4.477094514457188,1075600000
2017-09-22,4.412023067474365,4.493608839626062,4.402164042305567,4.444065957057835,491232000
2017-09-25,4.214838027954102,4.382445693529425,4.194133651174554,4.381213021505902,874580000
2017-09-26,4.238499641418457,4.404135583014258,4.198816255680122,4.34917026223493,1125620000
2017-09-27,4.331423759460449,4.3447339845095545,4.257972115591346,4.3287125392054975,713720000
2017-09-28,4.330191612243652,4.342515511785984,4.282866784917443,4.338571619466589,435244000
2017-09-29,4.4063544273376465,4.430016370605665,4.368889096171666,4.413995395407725,619092000
2017-10-02,4.412023067474365,4.485474708994688,4.362727001377151,4.456389856050485,503480000
2017-10-03,4.421144008636475,4.450968377182958,4.377023556874145,4.418185971358231,390332000
2017-10-04,4.458115100860596,4.480298494552268,4.390825410645643,4.427304884080673,427848000
2017-10-05,4.455649375915527,4.485966894228168,4.425825020310832,4.48251616565208,437364000
2017-10-06,4.468714237213135,4.482024463272777,4.412023543527492,4.428044990047925,318800000
2017-10-09,4.569525241851807,4.602553989519968,4.48670726138108,4.505439927804616,563492000
2017-10-10,4.656778812408447,4.7558645641129464,4.615616412395926,4.718399239271726,974876000
2017-10-11,4.706322193145752,4.707801211423558,4.627448113519545,4.673293448992143,529508000
2017-10-12,4.7085418701171875,4.759316965494428,4.681428722328736,4.709774072231793,528292000
2017-10-13,4.7962870597839355,4.806392899220946,4.723821759689926,4.770652941755351,628728000
2017-10-16,4.878612518310547,4.881570554708424,4.763012625127096,4.826112073513968,576640000
2017-10-17,4.874176025390625,4.902521367394289,4.839668734277744,4.8579082352764695,478596000
2017-10-18,4.869987487792969,4.883790409058179,4.764986559560693,4.883051369813325,567316000
2017-10-19,4.875408172607422,4.880337449288368,4.74354050132985,4.792590212722617,570772000
2017-10-20,4.853224754333496,4.919528109046562,4.844351116105499,4.892415442013617,451620000
2017-10-23,4.846322536468506,4.9012878410659955,4.826110859920768,4.874914217074287,428696000
2017-10-24,4.897098541259766,4.898823905679364,4.82956251245939,4.855442978753363,407244000
2017-10-25,4.7733659744262695,4.9104102544804435,4.71199234574672,4.857662980390743,828160000
2017-10-26,4.823401927947998,4.834986319415834,4.777063421823301,4.800972184149839,322744000
2017-10-27,4.975478649139404,4.975724995386016,4.849526138409908,4.875407068223316,572192000
2017-10-30,5.024282932281494,5.079740936115808,4.959704474118861,4.975479569221269,504056000
2017-10-31,5.097489356994629,5.124109338905308,5.050411343315498,5.056080600717276,411908000
2017-11-01,5.107101917266846,5.175377470353398,5.043016603009311,5.160095533477373,502576000
2017-11-02,5.07604455947876,5.122136709285966,5.019600222458373,5.077523577688236,342308000
2017-11-03,5.143827438354492,5.143827438354492,5.061256278961522,5.107101616765413,353640000
2017-11-06,5.166996479034424,5.175623302199305,5.0947775107893865,5.107101409560188,389944000
2017-11-07,5.226152420043945,5.247596776474812,5.1775958604437,5.189673413754283,427700000
2017-11-08,5.1554107666015625,5.2254116595724085,5.108086424507483,5.221714114788625,522988000
2017-11-09,5.060762405395508,5.085657016917476,4.938754221318985,5.059530203692128,978564000
2017-11-10,5.327455997467041,5.389815936826523,5.216292688625344,5.252032651006033,1253256000
2017-11-13,5.240940570831299,5.352842910449385,5.225658637548273,5.327455607206394,582376000
2017-11-14,5.279144287109375,5.294426218520052,5.206432174833721,5.250059442199113,529292000
2017-11-15,5.175623416900635,5.225413116147014,5.1218907657475885,5.224180444166654,501948000
2017-11-16,5.215798854827881,5.279637804175017,5.20692568701869,5.249567102014411,441768000
2017-11-17,5.209637641906738,5.307983891199637,5.19460252376764,5.272737091154528,515664000
2017-11-20,5.276680946350098,5.288758498093586,5.188440068497015,5.225165886505949,396100000
2017-11-21,5.325236797332764,5.336821654896491,5.284567562966016,5.316363629503131,399176000
2017-11-22,5.3013129234313965,5.352370274959322,5.268754735039077,5.352370274959322,356640000
2017-11-24,5.351383209228516,5.3523702201603385,5.293173086913779,5.317591963184642,180752000
2017-11-27,5.281825542449951,5.361247907231137,5.278618934040165,5.360014849625202,422896000
2017-11-28,5.1972246170043945,5.296379218174558,5.136301396260174,5.287006378794431,512752000
2017-11-29,4.844756603240967,5.182670833189632,4.716743492012645,5.179957730161938,1396788000
2017-11-30,4.950571060180664,4.999161814661595,4.850430400851518,4.913326694977664,823768000
2017-12-01,4.875836372375488,4.936266563816445,4.7473301831448635,4.916040837349313,811548000
2017-12-04,4.604024887084961,4.940459650722941,4.550747938110795,4.934292949495936,1240844000
2017-12-05,4.630664348602295,4.753004331497824,4.454060864696875,4.498951523569661,981488000
2017-12-06,4.668154239654541,4.689859539097982,4.559133296120606,4.580345560606925,467032000
2017-12-07,4.735490322113037,4.775201748430145,4.689366148024566,4.734750299206108,542600000
2017-12-08,4.723159313201904,4.804308283622463,4.7147730116167965,4.785315611049121,466876000
2017-12-11,4.801346302032471,4.804306393405347,4.721430891762423,4.737216477573849,372748000
2017-12-12,4.707126140594482,4.781122328823099,4.683694273071402,4.757936978829324,455016000
2017-12-13,4.592186450958252,4.7493042278626945,4.584786690161866,4.748071169623307,554280000
2017-12-14,4.599338531494141,4.670128107386249,4.5532143507575595,4.585772540635936,438164000
2017-12-15,4.7248854637146,4.745111192773718,4.578373598165328,4.643243465315119,670036000
2017-12-18,4.881263256072998,4.884222877643476,4.735737943659035,4.765336041176935,477704000
2017-12-19,4.837111949920654,4.8770698973589575,4.808746911657305,4.871890206992257,373100000
2017-12-20,4.854130744934082,4.885455402563136,4.798633730077489,4.8763295508767195,288820000
2017-12-21,4.831685543060303,4.882495904153464,4.823299243634855,4.857583993827212,300904000
2017-12-22,4.816393852233887,4.8257666937777355,4.717239228173864,4.794935064835423,466276000
2017-12-26,4.86991548538208,4.8775617603413,4.731296466325032,4.761141543365453,355080000
2017-12-27,4.863256454467773,4.932319456543184,4.84204466001422,4.856597189242213,329488000
2017-12-28,4.868930339813232,4.917767624290388,4.862764108680652,4.886935998174205,240248000
2017-12-29,4.772735118865967,4.895075064911731,4.772735118865967,4.895075064911731,279964000
2018-01-02,4.917027473449707,4.9207275883956845,4.797401087137178,4.828972264987733,355616000
2018-01-03,5.240634918212891,5.270973500617158,5.02555361990932,5.034186435117084,914704000
2018-01-04,5.268260478973389,5.378267960718536,5.2460616745547375,5.321784409323797,583268000
2018-01-05,5.3129048347473145,5.350149201078348,5.206350484280392,5.2830597559180745,580124000
2018-01-08,5.475696563720703,5.549692272506155,5.391341004070175,5.436232122974697,881216000
2018-01-09,5.474216938018799,5.520587635932108,5.392821463925591,5.4811231921568115,497000000
2018-01-10,5.517134189605713,5.520587316474899,5.327704776355258,5.381968265792931,582664000
2018-01-11,5.5269999504089355,5.581016916627212,5.505540698045821,5.549691790161697,406032000
2018-01-12,5.4998674392700195,5.549444733805357,5.459416465517084,5.5151599895743,359916000
2018-01-16,5.429079055786133,5.611602217712028,5.3447239638795185,5.526260585323065,702348000
2018-01-17,5.542787075042725,5.552652951882488,5.349904501814696,5.443632448832442,538408000
2018-01-18,5.535880088806152,5.590143580389749,5.492469013267313,5.523547156319014,408632000
2018-01-19,5.675731658935547,5.699903545658723,5.599022849167659,5.625907839641956,609380000
2018-01-22,5.76403284072876,5.765759403905469,5.6261538336060335,5.683623923825004,550944000
2018-01-23,5.892787456512451,5.915479300896999,5.798812528387248,5.817311222525093,475228000
2018-01-24,5.8160786628723145,5.93175890472965,5.760581634796051,5.895994101030131,579972000
2018-01-25,5.829645156860352,5.91350723528943,5.8148461049179785,5.870342667315222,409884000
2018-01-26,6.001806735992432,6.002053253470751,5.860474596136924,5.873300561807577,516356000
2018-01-29,6.08862829208374,6.119706900548548,5.934717177321568,5.987254096882132,455116000
2018-01-30,5.986760139465332,6.07802193636621,5.880452780095387,5.9470491883376635,570832000
2018-01-31,6.06273078918457,6.148319411253585,6.029432577356689,6.061990766194626,478576000
2018-02-01,5.932003021240234,6.089861222812814,5.871819831818923,5.883165750391174,519224000
2018-02-02,5.759841442108154,5.869602436828789,5.701878299338071,5.845677062550417,718464000
2018-02-05,5.270974636077881,5.75268771025319,5.056386326444,5.599023095999776,1165204000
2018-02-06,5.563999176025391,5.566958797851247,5.031721705276863,5.041588052269685,1114800000
2018-02-07,5.6434197425842285,5.795604767983694,5.59162284473863,5.662658926393454,802932000
2018-02-08,5.365195274353027,5.801770646973157,5.364948286435471,5.768719429525478,1144000000
2018-02-09,5.7243218421936035,5.89229244484088,5.365195292931244,5.876506858908696,1674604000
2018-02-12,5.624427318572998,5.808183980638208,5.550431618808309,5.805223889193836,1093172000
2018-02-13,5.737889766693115,5.784013952731397,5.555859609384392,5.5881712854567,625524000
2018-02-14,5.954695701599121,5.98355424041519,5.68658396527138,5.697683367088854,744988000
2018-02-15,6.079995632171631,6.126119805426468,5.957162652265348,6.037818090864681,698900000
2018-02-16,6.014387130737305,6.166325191511204,6.00526080761794,6.05286503380497,637656000
2018-02-20,6.1436333656311035,6.21244938936461,6.033132358722428,6.03683247375609,686240000
2018-02-21,5.956916809082031,6.214916219731849,5.953217164356499,6.208009965335765,892292000
2018-02-22,5.976413249969482,6.0623017176335185,5.911009745796492,5.99072815149534,534364000
2018-02-23,6.069706439971924,6.069706439971924,5.985545603419587,6.036140867773988,415300000
2018-02-26,6.08574914932251,6.120301875973909,6.023553770604395,6.115859449796671,469312000
2018-02-27,6.072915554046631,6.143255306258499,6.049962468302239,6.0590939918623965,455436000
2018-02-28,5.972713470458984,6.123265014075777,5.96111335433621,6.083776038299662,523116000
2018-03-01,5.731088638305664,6.024294423214244,5.630144774605524,5.97049055395094,1040120000
2018-03-02,5.837954044342041,5.844371246954212,5.475395748373735,5.62372624217417,913428000
2018-03-05,5.815989971160889,5.855478937290603,5.6646975107328945,5.787853976875706,620776000
2018-03-06,5.976660251617432,5.995911392079758,5.858193360641316,5.901137596851519,636808000
2018-03-07,5.968764305114746,6.020840550102835,5.872756657541135,5.873990482066458,581208000
2018-03-08,5.952474117279053,5.996158841962189,5.908295580419141,5.996158841962189,411912000
2018-03-09,6.054898262023926,6.067731728206355,5.983818032172269,5.999860100273098,505524000
2018-03-12,6.164233684539795,6.2441987733819575,6.087970539305087,6.09611538013624,605060000
2018-03-13,6.113638401031494,6.281220077738094,6.07242179704679,6.206931239835149,619772000
2018-03-14,6.139059066772461,6.183730939722252,6.07686368945414,6.156582100395406,505496000
2018-03-15,6.153866291046143,6.23481851275129,6.1119092148313205,6.152632467074606,401952000
2018-03-16,6.182003498077393,6.201007497906318,6.132642056064475,6.170156714334644,399456000
2018-03-19,5.948030948638916,6.154113949382239,5.849308538979073,6.1252379446570435,713772000
2018-03-20,6.1597900390625,6.198538516155314,5.950991799202896,5.950991799202896,554696000
2018-03-21,6.134617328643799,6.219518657987136,6.104259884011307,6.153374188546132,438688000
2018-03-22,5.969007968902588,6.1178322695055245,5.9317404614666795,6.071432770498012,551196000
2018-03-23,5.7498459815979,5.9850521422036955,5.738739680442337,5.982584022975169,735620000
2018-03-26,6.0339202880859375,6.035154112432693,5.822160535960724,5.873989631946145,611424000
2018-03-27,5.565974235534668,6.17015588887546,5.4260352393156515,6.1146243917264735,1409000000
2018-03-28,5.463055610656738,5.661487547125554,5.3556950392324625,5.5316677081124235,945904000
2018-03-29,5.715785980224609,5.812286936723993,5.4470138036293445,5.531174636059601,916628000
2018-04-02,5.455652236938477,5.791308899492361,5.368036128057173,5.645446498479544,922092000
2018-04-03,5.5617804527282715,5.685183614263393,5.463058017649315,5.622248209008591,667432000
2018-04-04,5.583744525909424,5.594110342828621,5.281653457528875,5.306580846417261,789168000
2018-04-05,5.463796615600586,5.6550713558400645,5.392469722054452,5.641990749507087,701240000
2018-04-06,5.287825107574463,5.469227899635087,5.258701954889067,5.361373472253945,662988000
2018-04-09,5.3164544105529785,5.478359371517432,5.296462784619328,5.35076046997515,499524000
2018-04-10,5.624961853027344,5.6518635522267235,5.489218120557853,5.546230591759072,761676000
2018-04-11,5.583744525909424,5.651369477295768,5.551166109664647,5.610152880284994,460244000
2018-04-12,5.790074825286865,5.807845000871871,5.632365634990733,5.6765441678870125,593920000
2018-04-13,5.713565826416016,5.861896373252153,5.665438672598812,5.853504861026074,503036000
2018-04-16,5.713319301605225,5.746638209886328,5.619285969617158,5.720229848145394,350792000
2018-04-17,5.862636089324951,5.883861537842281,5.709863135630631,5.765394640750435,447224000
2018-04-18,5.833760738372803,5.90484098449483,5.74491078377954,5.812288615015314,391364000
2018-04-19,5.6528496742248535,5.7530530365769,5.597565320235047,5.719734139343891,471996000
2018-04-20,5.644706726074219,5.728373760812661,5.613609269131381,5.644212913898424,386200000
2018-04-23,5.525498390197754,5.713564536155137,5.499583847186107,5.662475932895828,427508000
2018-04-24,5.459354877471924,5.64692722765799,5.394198037519021,5.5511667455195965,414596000
2018-04-25,5.347304821014404,5.468733650886996,5.190336109890054,5.429738026118685,588492000
2018-04-26,5.558572769165039,5.56671761266303,5.442820618398385,5.508717966512265,375824000
2018-04-27,5.585965156555176,5.683947540617219,5.543761408755277,5.6642030614143914,400848000
2018-04-30,5.550673484802246,5.651864027486285,5.531422812333573,5.602255909765012,327844000
2018-05-01,5.605957984924316,5.608672774903444,5.4840353406024684,5.542528778860917,253788000
2018-05-02,5.585472583770752,5.6469270071822075,5.5593108980859665,5.602502275922489,268248000
2018-05-03,5.750339031219482,5.776500717117908,5.572144880373844,5.617310565547473,443144000
2018-05-04,5.900150775909424,5.903359377958248,5.704433582860858,5.721709946592055,400660000
2018-05-07,6.137578964233398,6.1945914406877725,5.994678002389146,6.004550480167392,687616000
2018-05-08,6.180028915405273,6.18274370515324,6.088957063660716,6.137824691360849,506616000
2018-05-09,6.312808990478516,6.3150304384219496,6.172870009424746,6.200018843032239,596760000
2018-05-10,6.420170783996582,6.42930230598553,6.347856266346499,6.3656264397437985,994080000
2018-05-11,6.281959533691406,6.411779867810766,6.1834842650152755,6.238768626377314,1214456000
2018-05-14,6.3024444580078125,6.3796952200504125,6.278751362181617,6.319967962252316,523140000
2018-05-15,6.060575485229492,6.241731596918744,5.960372092830068,6.239016335939232,963528000
2018-05-16,6.071680545806885,6.133628779298271,5.985298263716982,6.022072436580242,553828000
2018-05-17,6.113638401031494,6.207177910542902,6.057366410452623,6.073408950623425,519784000
2018-05-18,6.069952964782715,6.228649299168576,6.065016726733699,6.165467240974338,483716000
2018-05-21,6.027997016906738,6.170897981314448,5.93544465443084,6.167196037454024,640624000
2018-05-22,5.989988327026367,6.066498139443173,5.929520583332928,6.041324076730589,518264000
2018-05-23,6.113220691680908,6.114455749992318,5.933187626474796,5.933928567254295,442956000
2018-05-24,6.116924285888672,6.15915460865383,6.056419623975266,6.109515820940645,437372000
2018-05-25,6.156191349029541,6.172490632698799,6.093957977403313,6.129519836755912,292112000
2018-05-29,6.1391496658325195,6.207063724180842,6.092474648203616,6.138161902062534,352684000
2018-05-30,6.247813701629639,6.256457226198308,6.148042463158842,6.172738449513654,390996000
2018-05-31,6.22805643081665,6.302391206269901,6.205336445776241,6.21595549753954,493868000
2018-06-01,6.362154483795166,6.368328832655594,6.264111966209933,6.27275548937051,421968000
2018-06-04,6.540706157684326,6.5626852005448795,6.364130518907523,6.39623496639572,642024000
2018-06-05,6.546139717102051,6.583677576345183,6.499217393048136,6.543916894763945,391712000
2018-06-06,6.5481157302856445,6.551326316888527,6.43994778921863,6.456247074462109,371356000
2018-06-07,6.492549896240234,6.55626515110124,6.402409480601927,6.54441104065344,369448000
2018-06-08,6.477238655090332,6.519715336481239,6.4011751689720855,6.419944099483215,360456000
2018-06-11,6.43624210357666,6.506131226012895,6.423400231100003,6.464642316951385,265372000
2018-06-12,6.484645843505859,6.496746775339149,6.412533898927348,6.46266680184478,319160000
2018-06-13,6.480201721191406,6.560957201601177,6.471064079513934,6.486128776463721,338208000
2018-06-14,6.591580867767334,6.648134485955446,6.510331262106211,6.525149137212087,430016000
2018-06-15,6.5508317947387695,6.605656702720537,6.503662646855872,6.53453251050194,432260000
2018-06-18,6.546633243560791,6.564167113288093,6.479707408653355,6.506872565569409,356268000
2018-06-19,6.425130844116211,6.51082562715143,6.297947139695928,6.4436524821473435,594932000
2018-06-20,6.4779791831970215,6.530828090550254,6.427846273595946,6.4661250729939725,369780000
2018-06-21,6.349560737609863,6.528111926651796,6.341904977372701,6.509837114006674,359516000
2018-06-22,6.197434425354004,6.383641865421825,6.182123374292305,6.3703058716467496,434160000
2018-06-25,5.905282020568848,6.094946389709086,5.8168707737489385,6.091242156538294,665816000
2018-06-26,5.976158618927002,6.066545860395572,5.924791119543864,6.018388947483066,478884000
2018-06-27,5.821315288543701,6.08580805821022,5.8158818800001555,6.019623159983516,453892000
2018-06-28,5.948252201080322,5.960106311235396,5.803780999000029,5.811436758848651,338012000
2018-06-29,5.850456714630127,6.025797314777544,5.849221656298531,6.0132027344304015,392300000
2018-07-02,5.982331275939941,5.986035507873809,5.760562056583868,5.781059685886283,357572000
2018-07-03,5.848974227905273,6.02283339951854,5.840577527851417,6.016906344835624,222732000
2018-07-05,5.994433879852295,5.999372700130542,5.86527419108202,5.904046638727551,306216000
2018-07-06,6.108035087585449,6.116431789072338,5.9487464667498715,5.969985043735303,296352000
2018-07-09,6.155450344085693,6.191753614859191,6.076917689609045,6.182122327117943,303880000
2018-07-10,6.254234313964844,6.27621335831007,6.127544278022791,6.167798604991752,360016000
2018-07-11,6.112973690032959,6.196198812604628,6.102354167219034,6.161624717481892,367508000
2018-07-12,6.204348087310791,6.252258172985964,6.148288595545225,6.1581671773918085,345508000
2018-07-13,6.15717887878418,6.222870128482694,6.115195848443232,6.222870128482694,246988000
2018-07-16,6.129518985748291,6.182368356474084,6.1171712308488635,6.129518985748291,197036000
2018-07-17,6.265101432800293,6.280166132138102,6.054939409197928,6.080376339147286,362136000
2018-07-18,6.215956687927246,6.271522544969105,6.165083299565513,6.257692904289676,277640000
2018-07-19,6.224105358123779,6.257692162692672,6.182122794486167,6.197187020853802,235752000
2018-07-20,6.195953369140625,6.260409576988923,6.185087020666488,6.221637122961804,222352000
2018-07-23,6.159402370452881,6.171256481420087,6.008016338916703,6.169527776530568,301584000
2018-07-24,6.142115116119385,6.293747965843255,6.124580773514485,6.207312253221584,354620000
2018-07-25,6.22015380859375,6.232748859308306,6.093710597044604,6.151499265351744,319112000
2018-07-26,6.293500900268555,6.330297820610557,6.183357433539448,6.200150835964377,325124000
2018-07-27,6.223859786987305,6.336967038793999,6.17002263057959,6.330052217882627,295420000
2018-07-30,6.029007911682129,6.24386237118974,5.9941865206363545,6.237935315883295,340340000
2018-07-31,6.047034740447998,6.121616328452347,5.9798620879141415,6.01863452769942,283988000
2018-08-01,6.086795806884766,6.133471306202758,6.023080554331581,6.078399577405365,283556000
2018-08-02,6.189284324645996,6.193235380850384,5.956895992061863,6.015671956914451,269668000
2018-08-03,6.225831985473633,6.249540199367004,6.196938129707256,6.213731055351231,214288000
2018-08-06,6.273497581481934,6.2769549913807205,6.16681152115549,6.213239731521138,207508000
2018-08-07,6.345609188079834,6.364131294951758,6.295476747349991,6.322148260940575,258132000
2018-08-08,6.381910800933838,6.426857589767848,6.312021679045904,6.346843063904102,262100000
2018-08-09,6.333507537841797,6.402408900905554,6.325851778497302,6.399692432306545,204280000
2018-08-10,6.292267322540283,6.324619074206824,6.240652990683132,6.251766162650586,256396000
2018-08-13,6.325111389160156,6.4456275502576,6.299180817040954,6.300909521848901,375208000
2018-08-14,6.456247806549072,6.470324741922742,6.347338912298396,6.430317229593392,466220000
2018-08-15,6.398212432861328,6.51082555467929,6.319679294214552,6.4769919237520055,591136000
2018-08-16,6.357710838317871,6.470324431761707,6.297699808218942,6.467854785831434,801260000
2018-08-17,6.04604959487915,6.247321287474878,6.019130780737958,6.246580346503294,1143188000
2018-08-20,6.120628833770752,6.252998616949036,5.8954021785512305,6.005546096413886,854388000
2018-08-21,6.25596284866333,6.26040802205969,6.117171883183038,6.136928575750965,673988000
2018-08-22,6.490574359893799,6.495513651438657,6.219907683542983,6.22336509341703,749856000
2018-08-23,6.589849472045898,6.655046588573136,6.438216670174438,6.45204630446366,720684000
2018-08-24,6.722715377807617,6.737285957048397,6.593802986980405,6.598248160623286,531512000
2018-08-27,6.813596248626709,6.8876837319511655,6.720986658952772,6.752350168671855,505776000
2018-08-28,6.776057720184326,6.830388975557091,6.656282511970752,6.807668521065264,475384000
2018-08-29,6.881319522857666,6.906275969896083,6.74764160776359,6.76839740871107,420108000
2018-08-30,6.864518165588379,6.961132100361953,6.827701119628795,6.850186574674709,346608000
2018-08-31,6.935433864593506,6.948282762564248,6.834619289347884,6.844503274538157,306592000
2018-09-04,7.010054588317871,7.0476124977399675,6.893920146434154,6.922335890154104,391720000
2018-09-05,6.879590034484863,7.027846509784896,6.798790389765232,6.992512159021578,393156000
2018-09-06,6.738747596740723,6.865753901185525,6.705884237101798,6.863282904561591,322796000
2018-09-07,6.717497825622559,6.842774478655888,6.602104687719215,6.646828642312467,295420000
2018-09-10,6.788414001464844,6.818065491651865,6.696248130536074,6.7399837840028995,220140000
2018-09-11,6.740724563598633,6.829678084094086,6.721450978773439,6.742206784512565,243112000
2018-09-12,6.627059459686279,6.720461034008451,6.471884399764803,6.700940495678086,419092000
2018-09-13,6.704648494720459,6.79508470247253,6.675491396456412,6.692787900291968,305536000
2018-09-14,6.830419063568115,6.896393207765107,6.758020705637157,6.794837751538681,386936000
2018-09-17,6.768646240234375,6.8538939767110785,6.74937312581886,6.80496937323966,205528000
2018-09-18,6.696742057800293,6.87514397319947,6.690070884880213,6.772600198365273,299520000
2018-09-19,6.720462322235107,6.738253213919687,6.62829646388271,6.678209366866817,224860000
2018-09-20,6.579617500305176,6.640896597613992,6.525750919570143,6.598643650742844,430584000
2018-09-21,6.509690284729004,6.636943996137728,6.476579972697522,6.591478703181241,435128000
2018-09-24,6.5652875900268555,6.56874689099045,6.39182768271744,6.478804594642573,293912000
2018-09-25,6.632249355316162,6.657205805582055,6.5457663688896774,6.631261051042418,280388000
2018-09-26,6.595430850982666,6.677466214367921,6.579617043515133,6.637189878540061,268548000
2018-09-27,6.607293605804443,6.651770601900583,6.575912938783872,6.6305204082310745,214428000
2018-09-28,6.9438347816467285,6.966073277335361,6.711072394239323,6.738994228619711,709396000
2018-10-01,7.149911403656006,7.216626418157375,6.982875730926572,7.021422424633364,622060000
2018-10-02,7.07874870300293,7.233923319338518,7.0565102065126695,7.122484349927857,383964000
2018-10-03,7.084925651550293,7.156335701221132,6.981146162855355,7.148922712280652,320552000
2018-10-04,6.901087760925293,7.073064954441898,6.824241331969578,7.04884985073549,391220000
2018-10-05,6.6680779457092285,6.938398717234675,6.610752057467847,6.876378265974651,426636000
2018-10-08,6.567015647888184,6.700199173981575,6.426419133830126,6.585053494437339,408612000
2018-10-09,6.561334133148193,6.640898052408182,6.493630337263265,6.546508154164182,273500000
2018-10-10,6.070850849151611,6.5012886200914295,6.068626811485249,6.455575903538959,684940000
2018-10-11,5.809919834136963,6.117057603931005,5.788422688111067,5.98387361055741,725436000
2018-10-12,6.091855049133301,6.165983528734327,5.921607494025776,6.066404681163061,608236000
2018-10-15,5.816097736358643,6.078511593331325,5.815109432141873,6.078511593331325,449760000
2018-10-16,6.074311256408691,6.085430504178921,5.879354218712057,5.928525772885388,408712000
2018-10-17,6.005866527557373,6.174384905851646,5.956941928303111,6.136332125568738,329668000
2018-10-18,5.918641567230225,6.113351639433158,5.858350767531739,6.075052376213033,524020000
2018-10-19,5.662652015686035,5.993263559173427,5.6263293633346025,5.973743491506479,613608000
2018-10-22,5.7133073806762695,5.814615882560843,5.610763616166255,5.7147900728623195,368844000
2018-10-23,5.462259292602539,5.53959963408011,5.354773080859697,5.446691969721979,626436000
2018-10-24,4.927301406860352,5.470414002768898,4.913464203307828,5.423960399044169,884288000
2018-10-25,5.135601043701172,5.182795987035481,4.785715900332007,4.829945931009748,951720000
2018-10-26,4.899626731872559,5.061472989970796,4.771879092966843,4.900120648375631,664784000
2018-10-29,4.586558818817139,5.043929763659891,4.349101379465867,5.040470462799425,758016000
2018-10-30,5.016006946563721,5.025890930686624,4.586557922121637,4.609537761042516,807192000
2018-10-31,5.209482192993164,5.252970878575338,5.040963830921203,5.18032509711425,745772000
2018-11-01,5.3893656730651855,5.398755268383422,5.119538875876888,5.245803789358991,566528000
2018-11-02,5.310543060302734,5.485485613701496,5.194161649575544,5.37997649083397,452960000
2018-11-05,5.232710838317871,5.320676544756905,5.0723467544051095,5.297449266117863,379332000
2018-11-06,5.215165615081787,5.3088141591849825,5.1781011421070176,5.224802170685713,299012000
2018-11-07,5.282622337341309,5.372070241015222,5.218130885168222,5.28163403301866,483812000
2018-11-08,5.089890003204346,5.22430883483312,5.036517321039978,5.223567488669031,511352000
2018-11-09,5.081981182098389,5.172170418215048,4.96757684420411,5.0011815425701975,413240000
2018-11-12,4.683420181274414,5.012796555833674,4.661675598302019,4.990805014573588,617116000
2018-11-13,4.924830436706543,5.045906439734066,4.7748442925051275,4.781022019519366,644712000
2018-11-14,4.872445583343506,5.111879587806843,4.7647128884577805,5.097547999153058,526580000
2018-11-15,5.0009355545043945,5.072839999127025,4.830687520491654,4.8665162636691335,840708000
2018-11-16,4.062967777252197,4.216907175007929,3.9932868836499824,4.035540321830658,1963520000
2018-11-19,3.575451135635376,3.998475906853943,3.5737214847457097,3.9977350318679603,1697820000
2018-11-20,3.6836776733398438,3.8116722898525865,3.2940104840962348,3.312542488592889,1692032000
2018-11-21,3.575697183609009,3.8373697318689537,3.5485169285988896,3.820567379554669,1025496000
2018-11-23,3.5828635692596436,3.696279642791116,3.5282558563349244,3.541104757687475,411968000
2018-11-26,3.7817726135253906,3.7921505131750304,3.621408614048308,3.703690936665533,814832000
2018-11-27,3.7985754013061523,3.879622235411887,3.71999956330266,3.7558280641965505,738060000
2018-11-28,3.955233573913574,3.9604225251910212,3.7837502809066104,3.915945530644681,804524000
2018-11-29,3.892160415649414,3.994559543987551,3.861984859012192,3.9574584652291898,549172000
2018-11-30,4.042298793792725,4.05293428807672,3.851598446463526,3.9018087451857033,729564000
2018-12-03,4.205790042877197,4.320556542831907,4.13900780009926,4.269109523663654,890804000
2018-12-04,3.8859779834747314,4.166215439909608,3.8708899653815085,4.161268502328295,812112000
2018-12-06,3.9151642322540283,3.9201109339239735,3.7301529664919557,3.7457353951942864,692308000
2018-12-07,3.6510040760040283,3.9295104207730804,3.601783314930206,3.919369339043974,681676000
2018-12-10,3.7561230659484863,3.780857277896999,3.602524123973006,3.606234326530161,629472000
2018-12-11,3.6653499603271484,3.8558025958132554,3.5864480429952077,3.8476403366369505,671912000
2018-12-12,3.682910680770874,3.778878954591553,3.581995469554645,3.671038219727921,654136000
2018-12-13,3.6826634407043457,3.7937197381178542,3.6467990861594393,3.729658404997222,471384000
2018-12-14,3.6223127841949463,3.7247119540748366,3.5988152989778692,3.641110536485606,471820000
2018-12-17,3.551325559616089,3.664360454269048,3.4934476571239874,3.592384297015108,662868000
2018-12-18,3.634432077407837,3.7182806917217994,3.56789727363225,3.595104723890123,564372000
2018-12-19,3.4259228706359863,3.654218877998292,3.374475856483022,3.6007930418075422,745364000
2018-12-20,3.3415799140930176,3.5072985491377735,3.281970637111503,3.417513707699646,749588000
2018-12-21,3.2048003673553467,3.4009420238946313,3.177345474829577,3.368045546761011,863740000
2018-12-24,3.143212080001831,3.214941020052393,3.0793979566137915,3.128618945125404,463840000
2018-12-26,3.29211163520813,3.2931009283476196,3.078408748802953,3.1892176004464607,695100000
2018-12-27,3.2443747520446777,3.274303111942917,3.0962173641050477,3.239922696804846,637044000
2018-12-28,3.3057150840759277,3.3982208288197224,3.2231032137878097,3.264903795478063,628728000
2018-12-31,3.3020060062408447,3.3814023415350527,3.2713355532880293,3.349000743145851,465140000
2019-01-02,3.3692820072174072,3.425181080966381,3.2166725681874238,3.231265703822605,508752000
2019-01-03,3.165719509124756,3.3430631258197834,3.1582993402427686,3.3091773655520575,705552000
2019-01-04,3.368540048599243,3.4066304289007823,3.208015561696313,3.2386857717405726,585620000
2019-01-07,3.546872615814209,3.5837264937405444,3.3744756860436933,3.4256754922827564,709160000
2019-01-08,3.4585723876953125,3.6304747038239435,3.3861013522102255,3.6282484402620594,786016000
2019-01-09,3.5265915393829346,3.5738337130783755,3.459314643836755,3.5097721385841463,617260000
2019-01-10,3.592137098312378,3.600794004762269,3.4469478035821823,3.507299179220437,523156000
2019-01-11,3.6811792850494385,3.703934678034914,3.5421734584487603,3.569875552926927,874764000
2019-01-14,3.721000909805298,3.746229770556117,3.605492568196538,3.628990048105779,730168000
2019-01-15,3.7069027423858643,3.792977375770266,3.6885994045834214,3.753650026175904,617012000
2019-01-16,3.681426525115967,3.7670065139285382,3.6759851770109733,3.7341102764253997,470104000
2019-01-17,3.7526607513427734,3.792482747685247,3.6213225373083135,3.648530220867387,493436000
2019-01-18,3.881525754928589,3.907496705882418,3.7509296199826263,3.8023766394178167,651336000
2019-01-22,3.6796956062316895,3.8629755092016564,3.6495200389920854,3.851350487859088,661552000
2019-01-23,3.6925573348999023,3.8234009202373347,3.6613924746342406,3.734852805681426,591020000
2019-01-24,3.904033660888672,3.921594675016262,3.772200801083401,3.7769002971674324,708972000
2019-01-25,3.961169481277466,3.979225378987472,3.74227268118326,3.844671836656973,1154572000
2019-01-28,3.4135560989379883,3.5033409413140952,3.240170086234414,3.3774443033526267,2511528000
2019-01-29,3.2550101280212402,3.4157820482550845,3.240416993564743,3.3675503542434573,1153932000
2019-01-30,3.3982205390930176,3.4125662312413483,3.25154711797746,3.3309436610046244,974228000
2019-01-31,3.555530309677124,3.591147461293076,3.3732397014718236,3.395005804093513,842852000
2019-02-01,3.5797688961029053,3.6307212618017637,3.5265907390049978,3.574080107297175,625048000
2019-02-04,3.6898365020751953,3.72693759200291,3.573586058614457,3.5955993656813554,528592000
2019-02-05,3.708881378173828,3.7454878183850253,3.668070088371456,3.701708413334939,542424000
2019-02-06,3.7843210697174072,3.8486298495881885,3.736584249388209,3.742025598227512,702464000
2019-02-07,3.646303415298462,3.7402930876792007,3.603513545979703,3.7380670605640973,637120000
2019-02-08,3.6648552417755127,3.675490733915483,3.5649293111998634,3.579275006850071,461604000
2019-02-11,3.6223127841949463,3.6749963090987583,3.5740810791827355,3.620828608348077,495180000
2019-02-12,3.7390565872192383,3.754639249764711,3.6463036431905285,3.6606495715096665,591060000
2019-02-13,3.7813522815704346,3.8543179542394554,3.754886686438638,3.7684905278835923,605372000
2019-02-14,3.8221638202667236,3.850360798091592,3.7373256814451947,3.7803632359891957,827264000
2019-02-15,3.8916661739349365,4.053179698268848,3.8689107835062084,4.030424543723051,1516748000
2019-02-19,3.874351739883423,3.9547378039110748,3.861984870848006,3.881030056739506,551892000
2019-02-20,3.921595335006714,3.9886247899066,3.8924092963662886,3.9035394354037853,540988000
2019-02-21,3.8528337478637695,3.958695655777153,3.8382406134468496,3.93420911878508,448548000
2019-02-22,3.937424659729004,3.9562226446169366,3.8909245799602954,3.9045284220580823,401740000
2019-02-25,3.9250588417053223,4.088056605884227,3.916401698847785,4.020779936891992,656020000
2019-02-26,3.885730504989624,3.9762574332662384,3.852339384284789,3.920358360077931,488464000
2019-02-27,3.84393048286438,3.8978507417480444,3.7870418723199095,3.8713853768968467,500256000
2019-02-28,3.819417953491211,3.8600238468726964,3.797134499315095,3.8377401565705016,324944000
2019-03-01,3.8736422061920166,3.915733337999445,3.8110003107422297,3.869185325885127,357188000
2019-03-04,3.881812810897827,3.934798328205995,3.8253607262436797,3.91201947899277,409992000
2019-03-05,3.8753743171691895,3.9135039508695773,3.81198958623039,3.8662130988863823,362924000
2019-03-06,3.7646989822387695,3.8748791799768414,3.7619755042596372,3.8664610498022225,403524000
2019-03-07,3.695619583129883,3.7508336480042734,3.649566737112525,3.741177272800439,450104000
2019-03-08,3.7297885417938232,3.7404352313278832,3.5851922406276207,3.606485619695741,422416000
2019-03-11,3.9897639751434326,4.012542584049862,3.7062663031150236,3.7533096983593306,859728000
2019-03-12,4.023932456970215,4.070232528479802,3.941482665201958,4.017494715873952,579576000
2019-03-13,4.174966335296631,4.204182689776566,4.0538917335363385,4.061319788358291,768900000
2019-03-14,4.099201679229736,4.196011956175132,4.091526164801752,4.184127258205856,519384000
2019-03-15,4.204432010650635,4.247018311171131,4.1388186853524305,4.1422850176302894,661484000
2019-03-18,4.183136463165283,4.289602867842203,4.156148199585518,4.235874273040399,486992000
2019-03-19,4.3505120277404785,4.394831953089924,4.260634876252912,4.277471139770868,854972000
2019-03-20,4.318077564239502,4.4327144345267095,4.2834137774840535,4.379481217395504,719148000
2019-03-21,4.554283142089844,4.580528555635965,4.336151288185884,4.341103324289251,824312000
2019-03-22,4.394832611083984,4.575577726255624,4.38096728413956,4.52704908195014,747644000
2019-03-25,4.302725791931152,4.4183529552564105,4.236617573332683,4.3542258344685685,525212000
2019-03-26,4.379232406616211,4.500059049764365,4.323027795717588,4.444102371215902,703508000
2019-03-27,4.370070934295654,4.451034773354926,4.300744330698513,4.404734708346293,474372000
2019-03-28,4.388640403747559,4.454253210706671,4.335654671358555,4.39606798355303,480264000
2019-03-29,4.445836067199707,4.470100855017658,4.404982950293312,4.4552447468224665,456896000
2019-04-01,4.51318359375,4.543390265264253,4.465892724360419,4.537447915035779,483824000
2019-04-02,4.531009674072266,4.575329599601486,4.49436573598606,4.537199956058425,440920000
2019-04-03,4.670158386230469,4.729086484341547,4.575576665988681,4.580528702250554,783504000
2019-04-04,4.661245822906494,4.703584653343044,4.5986039239933945,4.654808080315493,457376000
2019-04-05,4.727848052978516,4.745180179212573,4.667930116677095,4.704326590039095,481744000
2019-04-08,4.748647212982178,4.773654384894066,4.673377764829961,4.697394623832301,424192000
2019-04-09,4.686004638671875,4.726362835470245,4.643913276469628,4.715220990409292,439972000
2019-04-10,4.756322383880615,4.782072409229535,4.680805945787416,4.685262590126222,444772000
2019-04-11,4.74245548248291,4.790241725729068,4.693184006452142,4.758796821130248,374600000
2019-04-12,4.704573154449463,4.785042072332913,4.6959073291084215,4.7810803497832675,471708000
2019-04-15,4.57310152053833,4.701851654403267,4.533486167387928,4.696899617196402,440092000
2019-04-16,4.660006999969482,4.678824360554035,4.579538533320794,4.612221218072452,394964000
2019-04-17,4.637228012084961,4.715715846704068,4.614944322265305,4.6949178621396275,351004000
2019-04-18,4.612715721130371,4.67783362459838,4.5849850753044725,4.643913169936649,380988000
2019-04-22,4.666445255279541,4.682043746684063,4.557750735792783,4.5891951787742755,279936000
2019-04-23,4.720913887023926,4.752111326502161,4.669909254094242,4.679565390771123,346856000
2019-04-24,4.73329496383667,4.773900616188951,4.670653083973578,4.731313866275317,318204000
2019-04-25,4.627820014953613,4.7154690819013725,4.548341855862243,4.69318538879586,499296000
2019-04-26,4.4094390869140625,4.478766167098218,4.290840528627895,4.474309051800788,868988000
2019-04-29,4.440141201019287,4.467871844571422,4.345311561761806,4.417362120778531,391920000
2019-04-30,4.481490612030029,4.50699270305737,4.388889511735497,4.407954333030912,362920000
2019-05-01,4.4683685302734375,4.575825277390426,4.468120597847033,4.533733907422859,354280000
2019-05-02,4.535713195800781,4.577309160901699,4.434941681120272,4.478023351332537,394684000
2019-05-03,4.531257152557373,4.554035763436946,4.469853037182209,4.544132163305182,336824000
2019-05-06,4.453017711639404,4.465149872284288,4.308173692206485,4.345313026951351,422176000
2019-05-07,4.286135673522949,4.404734211002168,4.238101976595866,4.404734211002168,555220000
2019-05-08,4.306191921234131,4.386165459503043,4.246768906991969,4.258653604290829,419168000
2019-05-09,4.213838577270508,4.247016653445677,4.095240473162634,4.237360513333889,660248000
2019-05-10,4.17991828918457,4.248502530035827,4.0605768553508845,4.183137160102314,569500000
2019-05-13,3.9231607913970947,4.07122340919331,3.9073146067804436,4.0481968668301915,656912000
2019-05-14,4.012048244476318,4.0472069478786725,3.924151485970432,3.9627762843320418,524880000
2019-05-15,3.951138973236084,3.9875354446133415,3.897410612695974,3.956585929261325,502320000
2019-05-16,3.966242790222168,4.0088295502210025,3.9033536714913817,3.9456924990787705,781088000
2019-05-17,3.875622272491455,4.053396399499504,3.8362546249082308,3.9243988357806634,1022068000
2019-05-20,3.7572717666625977,3.8320458181462445,3.7325120562685843,3.7770794405273693,572064000
2019-05-21,3.8392255306243896,3.8550717152495353,3.7793073589998123,3.8179323897499655,361848000
2019-05-22,3.7684133052825928,3.826598312997593,3.7575189202575143,3.800600831718363,325868000
2019-05-23,3.6475863456726074,3.70626650873821,3.587915633723811,3.70626650873821,591844000
2019-05-24,3.593857526779175,3.701561699555245,3.5871723262011903,3.6664030037492,357584000
2019-05-28,3.548795461654663,3.644120030658878,3.5468146000057823,3.6114373482718416,428356000
2019-05-29,3.474764108657837,3.536167747284733,3.4401005662304702,3.501256744741537,559800000
2019-05-30,3.4482407569885254,3.5136807205357354,3.410067366120801,3.477986173474025,394300000
2019-05-31,3.357764959335327,3.4665837474737495,3.356029815893333,3.3994086383387545,389720000
2019-06-03,3.3161213397979736,3.4075884522407205,3.28687164539606,3.368919340686101,478644000
2019-06-04,3.544665575027466,3.5498710052064095,3.3580128434275585,3.380073986051971,641836000
2019-06-05,3.5020318031311035,3.62374033925009,3.465841520483254,3.6182869280306713,511616000
2019-06-06,3.564000129699707,3.588540116130443,3.5037655960610317,3.5062444398772006,408140000
2019-06-07,3.6066360473632812,3.6408432012813723,3.5508632311542514,3.56995004908132,348856000
2019-06-10,3.679264545440674,3.747679089034784,3.662656572032276,3.662656572032276,402780000
2019-06-11,3.736772298812866,3.776680841998807,3.697359713615589,3.7390031641794126,383872000
2019-06-12,3.6239876747131348,3.6995907769971885,3.6088671015354485,3.6933936657633026,358892000
2019-06-13,3.6750500202178955,3.693392898309219,3.628448651725786,3.6460480657400254,308080000
2019-06-14,3.585317850112915,3.6063875513942576,3.540699839937277,3.5820955420182883,394428000
2019-06-17,3.5949857234954834,3.6319197003710673,3.5607783335531873,3.583583181382849,276040000
2019-06-18,3.789569616317749,3.8448464608661426,3.6453042668386675,3.656210848388367,581920000
2019-06-19,3.7955191135406494,3.8361711148415587,3.7694917244333177,3.8247688107189526,331644000
2019-06-20,3.819810628890991,3.8998754355419747,3.8054337611178273,3.8859942892236727,350168000
2019-06-21,3.761807680130005,3.854018743770108,3.7553628271980513,3.8049387644565194,434428000
2019-06-24,3.7841169834136963,3.8136146627483147,3.7360284449265437,3.7831255402682706,282948000
2019-06-25,3.7548673152923584,3.863934099675752,3.7521407284212343,3.789074704454762,311868000
2019-06-26,3.9477171897888184,4.008695675277993,3.869139759890773,3.8820294672374502,584072000
2019-06-27,4.04612398147583,4.065210558035924,3.9972917530881853,4.03323427781574,445440000
2019-06-28,4.0709123611450195,4.099170615066074,4.024311229187271,4.089998939652155,397668000
2019-07-01,4.119001865386963,4.31185152757884,4.081571927225259,4.277644134618608,709756000
2019-07-02,4.021337509155273,4.123463733399671,4.008200058086192,4.102393790372585,400228000
2019-07-03,4.0342254638671875,4.050337710614133,3.9744868942725153,4.0446363231461495,246636000
2019-07-05,3.971761703491211,3.980437422604832,3.9085523524734223,3.9759756917451456,396552000
2019-07-08,3.8969013690948486,3.931108754208727,3.866908207875438,3.9122699181399576,329788000
2019-07-09,3.8993804454803467,3.927390722295944,3.842120469781752,3.854762196636293,342860000
2019-07-10,3.967547655105591,4.024807400387666,3.9288785335889886,3.942759683960401,452076000
2019-07-11,4.121727466583252,4.162379467430619,4.003241278239525,4.040422992097374,682560000
2019-07-12,4.1546950340271,4.22558864483207,4.149489603741981,4.149489603741981,506392000
2019-07-15,4.146266460418701,4.191876140857132,4.1180086845482755,4.1757643672305695,289840000
2019-07-16,4.1415581703186035,4.16857676853829,4.086033099999635,4.131395050866482,341444000
2019-07-17,4.206751346588135,4.213691922837337,4.114044537783741,4.143294244202891,348204000
2019-07-18,4.218400478363037,4.281113866380775,4.160644778812667,4.2171612926417925,442192000
2019-07-19,4.17526912689209,4.263018216492399,4.169319996004684,4.25657360049254,344896000
2019-07-22,4.246657848358154,4.259547552006564,4.189149903404396,4.196586434552319,315940000
2019-07-23,4.354238510131836,4.356221396581559,4.270207432340897,4.285824199703994,428176000
2019-07-24,4.428601264953613,4.434302653600209,4.321517848638418,4.397368680660208,366236000
2019-07-25,4.297720909118652,4.399847100226015,4.274420344431656,4.38720513851172,392700000
2019-07-26,4.339613437652588,4.386214576385118,4.324740844455043,4.324740844455043,274160000
2019-07-29,4.33341646194458,4.349528713326907,4.245419617794768,4.332425018793409,248160000
2019-07-30,4.349033355712891,4.3611793633760145,4.27268654903913,4.287063658693779,197772000
2019-07-31,4.1822099685668945,4.3185435570114254,4.1400705645445735,4.317551641140734,359416000
2019-08-01,4.088016510009766,4.282849034536858,4.0359617263873595,4.192621089638232,421212000
2019-08-02,3.9955573081970215,4.064715783488476,3.948212708718133,3.9955573081970215,428348000
2019-08-05,3.7377634048461914,3.8136142340433463,3.6909142937551334,3.8123748120530925,589156000
2019-08-06,3.776432514190674,3.8577367578319723,3.728839936114921,3.8123750449167093,361272000
2019-08-07,3.814605951309204,3.8265042141545442,3.6983508551753905,3.7157022914951865,372560000
2019-08-08,3.922929525375366,3.924168947611292,3.814854412196198,3.8721143956805033,309300000
2019-08-09,3.821794271469116,3.8854990968057885,3.771474872818401,3.88202880975371,341816000
2019-08-12,3.754124641418457,3.8217954970300347,3.732311232670642,3.769740938160594,279200000
2019-08-13,3.868147850036621,3.914005523627661,3.713719586465195,3.7526364487941066,351956000
2019-08-14,3.719916343688965,3.7913054492057885,3.676289773160059,3.7801508866940603,419880000
2019-08-15,3.687692165374756,3.7585855510051993,3.6534850128874288,3.738755269714888,477200000
2019-08-16,3.955153465270996,4.004233210635845,3.888721810046788,3.9499480341505486,1007960000
2019-08-19,4.233272552490234,4.249137059084516,4.052073458158997,4.068185707308945,815112000
2019-08-20,4.161140441894531,4.228315555656023,4.140070503796948,4.2278195977279545,463188000
2019-08-21,4.2444281578063965,4.299457277333034,4.205511291392931,4.227076718818944,427244000
2019-08-22,4.250626087188721,4.296483535472101,4.211461000008216,4.254096375461071,303488000
2019-08-23,4.026543140411377,4.228564496890677,4.006712855117116,4.1742790731679635,568056000
2019-08-26,4.101154327392578,4.129164844397191,4.0629811626875,4.105120573103637,318208000
2019-08-27,4.010678768157959,4.142054220023411,3.981429064319112,4.13932763285051,290968000
2019-08-28,4.000256061553955,4.052858336173791,3.9451724895240496,3.9843763260404192,255612000
2019-08-29,4.143673896789551,4.17592983118858,4.088093850840398,4.091567574133514,357976000
2019-08-30,4.1563262939453125,4.239448106163374,4.138213247610987,4.189823101263714,290616000
2019-09-03,4.073452949523926,4.1166264861590625,4.050625769048413,4.083626127603737,296140000
2019-09-04,4.187342643737793,4.194786537943837,4.133995918409182,4.133995918409182,227728000
2019-09-05,4.459781646728516,4.465984652966574,4.287583505448676,4.289320366125694,695676000
2019-09-06,4.432736396789551,4.493278540364988,4.394773444856032,4.436458106348805,376976000
2019-09-09,4.478639602661133,4.564987152602954,4.462263416626171,4.4637522898818425,417524000
2019-09-10,4.545137882232666,4.571686777215572,4.436211123418617,4.445887854419998,352812000
2019-09-11,4.573672294616699,4.621808437111051,4.530746736211372,4.559777403712635,361512000
2019-09-12,4.572183609008789,4.6746589068972995,4.5642437386314505,4.620071765636443,327840000
2019-09-13,4.514370441436768,4.542656671511425,4.470700447290319,4.5056861348251465,324592000
2019-09-16,4.471444606781006,4.505933843259826,4.429015500929482,4.439436668217253,231832000
2019-09-17,4.492783069610596,4.497001228439258,4.431744470381749,4.47814374423788,223048000
2019-09-18,4.465737342834473,4.501467463048874,4.37939026220508,4.485835712927259,258152000
2019-09-19,4.390308380126953,4.4900543855638855,4.379638751098391,4.471692874494908,245476000
2019-09-20,4.284855365753174,4.412887601997053,4.274682658844729,4.389315980085497,350244000
2019-09-23,4.338201522827148,4.383608372625145,4.281381081944904,4.2851032652130385,249712000
2019-09-24,4.280885219573975,4.3989922511248905,4.245403559873673,4.369465611551954,317268000
2019-09-25,4.42231559753418,4.441917517803333,4.235726083182854,4.2803884946278545,308432000
2019-09-26,4.400233745574951,4.421324545641973,4.349368310807681,4.41264023774946,234564000
2019-09-27,4.261779308319092,4.409164976470412,4.201236688798003,4.358547547226562,362056000
2019-09-30,4.31909704208374,4.329270223253226,4.256321566821999,4.287585547154962,186184000
2019-10-01,4.31735897064209,4.491046018894349,4.3126448364203664,4.342171473715146,366008000
2019-10-02,4.293539524078369,4.30743441273116,4.221335322035488,4.295524372954725,293372000
2019-10-03,4.498739242553711,4.504942251858928,4.267735711769522,4.298006794716774,450588000
2019-10-04,4.515115737915039,4.544394398140428,4.43596406550409,4.500972383555039,265524000
2019-10-07,4.573672294616699,4.673169841237255,4.571190996489656,4.5798753033046955,480984000
2019-10-08,4.397502899169922,4.482113110767932,4.379389852954471,4.482113110767932,444436000
2019-10-09,4.483850479125977,4.533227501509764,4.445391545825268,4.474173748849353,292412000
2019-10-10,4.541416168212891,4.59228159976039,4.476407857066908,4.4816184414725875,309124000
2019-10-11,4.614860534667969,4.697981884026245,4.60642421652328,4.625281701814051,446404000
2019-10-14,4.628259658813477,4.649101996183618,4.5751609174816155,4.606176435689826,200040000
2019-10-15,4.8724141120910645,4.944866797581369,4.704434037587428,4.718329403794119,664124000
2019-10-16,4.818818092346191,4.943128605047771,4.8074045009637905,4.838420013873234,428944000
2019-10-17,4.820803642272949,4.908143152806004,4.766464021904346,4.863232748568946,263436000
2019-10-18,4.726515769958496,4.853803550159522,4.652326719542549,4.8212991654191635,307440000
2019-10-21,4.863481521606445,4.876880437999623,4.768946089803577,4.787803578592873,261868000
2019-10-22,4.853555202484131,5.025256921130636,4.845863322136834,4.920300354826486,328720000
2019-10-23,4.840653419494629,4.854796296784841,4.739914997500526,4.771674947710298,279916000
2019-10-24,4.884571075439453,4.918067411363147,4.8478485319089915,4.881841316678145,232020000
2019-10-25,5.075130939483643,5.095973274992065,4.957271886168225,4.964963768071458,423092000
2019-10-28,5.130960464477539,5.183314306404782,5.089523295891848,5.118801958611247,330792000
2019-10-29,5.034934043884277,5.123514432062237,5.015580584244966,5.1170629633430345,211236000
2019-10-30,5.036919116973877,5.067438654333333,4.968933070897511,5.061731622001463,205960000
2019-10-31,4.987791061401367,5.036919627567306,4.908143428041418,5.0160772916046446,209732000
2019-11-01,5.026747226715088,5.059003157203133,4.927497190501189,4.952557687400017,283640000
2019-11-04,5.2230119705200195,5.235418459130673,5.0845590597428405,5.107634229366271,376716000
2019-11-05,5.200930595397949,5.248818281598434,5.153042435938191,5.22276535854175,300868000
2019-11-06,5.151801109313965,5.202418072769225,5.064461125716639,5.1768616032258,269012000
2019-11-07,5.169416904449463,5.252786703715959,5.124754495083158,5.238147379457408,280340000
2019-11-08,5.15552282333374,5.187034786552671,5.1150785661477896,5.152545549764464,189100000
2019-11-11,5.165449142456055,5.188524319116942,5.068680394817068,5.1547795116709585,243436000
2019-11-12,5.200930595397949,5.256758625704611,5.168674189772201,5.203659881633516,283504000
2019-11-13,5.175124645233154,5.197207391905786,5.108875458696897,5.1696656005734,300188000
2019-11-14,5.205395698547363,5.207629008615156,5.124259198305219,5.184056915405438,518080000
2019-11-15,5.066446304321289,5.254772221671864,4.978361886515721,5.203162361898849,1053628000
2019-11-18,5.267179012298584,5.293727907130065,5.05602542646545,5.0590027001184295,574588000
2019-11-19,5.160732269287109,5.259733810842297,5.10267142478321,5.236162195523095,414564000
2019-11-20,5.239885330200195,5.3235031346345885,5.125252009839649,5.137906487994394,472588000
2019-11-21,5.215073108673096,5.29099903524504,5.193486334907724,5.235419469967482,288388000
2019-11-22,5.232690334320068,5.284051741457703,5.209118237360682,5.237652457605869,224100000
2019-11-25,5.488754749298096,5.493717346201479,5.347572038234067,5.360474506227291,506476000
2019-11-26,5.384293556213379,5.475851227136171,5.3778420868291095,5.47113661900779,385244000
2019-11-27,5.419055461883545,5.46399899846414,5.392735152261117,5.4297329618014505,215784000
2019-11-29,5.381809234619141,5.416572084830323,5.3579715809838655,5.388265463148825,141556000
2019-12-02,5.195827960968018,5.388266419499602,5.18068149080554,5.374857618547784,372036000
2019-12-03,5.156347751617432,5.160320379056722,4.975331771281079,5.0125777583707425,465232000
2019-12-04,5.200049877166748,5.2621266847466694,5.1714946025129995,5.239778996129221,273424000
2019-12-05,5.183165550231934,5.237544802595156,5.152623486406264,5.221901514415001,184884000
2019-12-06,5.268333435058594,5.301110450292041,5.242261293676923,5.252193808646158,232236000
2019-12-09,5.268333435058594,5.322961320172626,5.236798694608872,5.245489408402762,211880000
2019-12-10,5.3132781982421875,5.36492614669927,5.245738318316837,5.298379423689103,256388000
2019-12-11,5.396708965301514,5.402172038649379,5.321223831413108,5.323706960460603,233796000
2019-12-12,5.563819408416748,5.581945822911809,5.358966249624642,5.367905134665788,404348000
2019-12-13,5.561833381652832,5.6857388190319105,5.5079504769970145,5.566799639646705,454704000
2019-12-16,5.59063720703125,5.662894702865185,5.5812015056423645,5.609260438974921,320976000
2019-12-17,5.668605804443359,5.691201663596999,5.59982459645416,5.609260297605238,321196000
2019-12-18,5.698899269104004,5.759237933363476,5.694926167783203,5.703368712084622,343548000
2019-12-19,5.84664249420166,5.860051298114847,5.7284482827938215,5.733414541547483,445360000
2019-12-20,5.943730354309082,5.969057514210457,5.893820547013858,5.912940120759926,603044000
2019-12-23,5.93007230758667,6.004316104397407,5.919395280275833,5.9722845488565195,355060000
2019-12-24,5.925105094909668,5.942238348889782,5.880409732110816,5.914676240071043,138864000
2019-12-26,5.9392595291137695,5.967317982505401,5.909710630228528,5.928582028747246,182852000
2019-12-27,5.88165283203125,5.9678154624624895,5.855332044762571,5.95440666121821,254644000
2019-12-30,5.768673896789551,5.865017227319757,5.737387320894743,5.8598027980039555,258056000
2019-12-31,5.842668533325195,5.852104233361392,5.714293662838255,5.733413233709171,231004000
2020-01-02,5.9571380615234375,5.9571380615234375,5.87792847479062,5.9283346184940875,237536000
2020-01-03,5.861787796020508,5.905490008291012,5.812871155604805,5.837701968795054,205384000
2020-01-06,5.886370658874512,5.89158508763454,5.742601138143197,5.7686732819433395,262636000
2020-01-07,5.957633972167969,6.003322495503562,5.86973321074161,5.91467674815212,314856000
2020-01-08,5.968808174133301,6.010027258014917,5.913435777645766,5.953413060374501,277108000
2020-01-09,6.034361839294434,6.106619328463074,5.980727580351589,6.05497138322673,255112000
2020-01-10,6.066641330718994,6.171675359974287,6.052488017299634,6.141381945898443,316296000
2020-01-13,6.256844997406006,6.281923983662668,6.126980149927382,6.149576480886754,319840000
2020-01-14,6.140141010284424,6.2394638021876485,6.126980379230819,6.214136170566636,359088000
2020-01-15,6.097679615020752,6.175151528370707,6.0718556439041,6.152803842842512,263104000
2020-01-16,6.1811113357543945,6.187070750514712,6.127725247332513,6.151066091140248,284192000
2020-01-17,6.189801216125488,6.207679457997126,6.1423745488552575,6.200230072148521,253792000
2020-01-21,6.156528472900391,6.1900499995595695,6.122510131063469,6.15330035826598,217916000
2020-01-22,6.210409641265869,6.296820417703287,6.182847534270319,6.201718929475224,239240000
2020-01-23,6.278695583343506,6.287138126517481,6.161743200933652,6.250388957043602,244516000
2020-01-24,6.219598770141602,6.443571968511958,6.165467698754059,6.393910339538206,373512000
2020-01-27,5.964339256286621,6.015242215037423,5.766438191541949,5.915670782034059,470536000
2020-01-28,6.1572747230529785,6.189554455199545,5.977003238599784,6.030141161151841,310976000
2020-01-29,6.096935272216797,6.1788766302299125,6.057205684032846,6.142871972143197,258848000
2020-01-30,6.103638172149658,6.117046971026673,5.944473569825535,5.999349145534883,290504000
2020-01-31,5.8707275390625,6.069869941674612,5.8290121077994055,6.057951111711317,370420000
2020-02-03,5.967567443847656,5.986935186573986,5.846393308772589,5.85260089433316,255564000
2020-02-04,6.136415958404541,6.155536003954367,6.059192684593247,6.109102487177571,271544000
2020-02-05,6.226550102233887,6.267272364667621,6.1433669612981925,6.257091680657113,208220000
2020-02-06,6.313209533691406,6.313209533691406,6.1798688956538586,6.260817085167685,218284000
2020-02-07,6.247160911560059,6.2953325687371064,6.221833281757143,6.273233053761534,189752000
2020-02-10,6.5297346115112305,6.530479123908256,6.264790497583461,6.269756755214002,529608000
2020-02-11,6.6519012451171875,6.766370970308543,6.575919305118348,6.637747932218731,638556000
2020-02-12,6.76736307144165,6.773819299902876,6.665805347420632,6.704541297363062,374644000
2020-02-13,6.723661422729492,6.790704473225048,6.682194170230948,6.709508110864326,528016000
2020-02-14,7.1956939697265625,7.3243170050003235,7.101585618170038,7.132872187223781,1041924000
2020-02-18,7.364047050476074,7.3824221104221035,7.073279416105086,7.092647159324658,620164000
2020-02-19,7.814227104187012,7.831857176120988,7.486213518147479,7.486213518147479,694332000
2020-02-20,7.665243625640869,7.85445349985836,7.358584075955059,7.766304555761992,810052000
2020-02-21,7.3019700050354,7.578336145082304,7.217297345134649,7.553257158608696,768180000
2020-02-24,6.785737991333008,6.999034134209443,6.6546318384086485,6.709011073491668,856916000
2020-02-25,6.5068888664245605,6.922554983733704,6.405331143257827,6.860726366798093,1055496000
2020-02-26,6.64594030380249,6.839620039225009,6.505647113798139,6.50713661181842,747732000
2020-02-27,6.275991916656494,6.633768307386428,6.183814767032639,6.333136621915026,906416000
2020-02-28,6.710043430328369,6.769424425321909,6.007410894172658,6.024057286664083,1133252000
2020-03-02,6.868060111999512,6.896881250739139,6.484693188834832,6.879737748567993,890744000
2020-03-03,6.606189250946045,6.983344943140282,6.520968837432035,6.923715627771662,652792000
2020-03-04,7.068814754486084,7.078256099735265,6.638737617936484,6.713274628939243,597408000
2020-03-05,6.790046215057373,7.03626563028122,6.745572430670839,6.869800285651486,540328000
2020-03-06,6.609917640686035,6.668304901044976,6.410158979847586,6.610911391781522,515412000
2020-03-09,6.09809684753418,6.444940981492417,5.917718051294053,5.96045217762715,614160000
2020-03-10,6.486681938171387,6.486681938171387,6.111762534362907,6.373882922902069,580648000
2020-03-11,6.123687267303467,6.3753730040323875,6.026789699293367,6.347048975596242,499964000
2020-03-12,5.374345779418945,5.866536307886631,5.361674389912644,5.60168251557704,816540000
2020-03-13,5.98380708694458,5.988279202422606,5.456335828036192,5.726903790319086,634836000
2020-03-16,4.879669666290283,5.617583378912327,4.820040356746659,5.2774471896853195,726972000
2020-03-17,5.398194789886475,5.487390640839243,4.745502183890024,4.9917214968412456,833632000
2020-03-18,5.03917932510376,5.2160797892647,4.489098604368338,4.971599521592483,874268000
2020-03-19,5.291362285614014,5.384781510391298,4.804885885483796,5.017812074847171,765512000
2020-03-20,5.1119771003723145,5.722432568837711,5.096572776070153,5.44118067542152,804636000
2020-03-23,5.28440523147583,5.378570364517698,4.932343471997346,5.1109831257917016,643876000
2020-03-24,6.191020488739014,6.277483461560014,5.666033722006974,5.689636848770006,1101644000
2020-03-25,6.102569580078125,6.505067588828619,6.053871996434698,6.305806086188471,793432000
2020-03-26,6.3912763595581055,6.515007130167915,6.211394153610367,6.309285501794354,696108000
2020-03-27,6.279221534729004,6.53736691560444,6.178596798409605,6.211392945580001,638828000
2020-03-30,6.5987348556518555,6.6079278794529435,6.3005878299103735,6.344564499621034,602252000
2020-03-31,6.54929256439209,6.84247037341055,6.403945729901024,6.6387362963410945,949960000
2020-04-01,6.039213180541992,6.497862621026077,5.994739866838938,6.351770816048918,656912000
2020-04-02,6.347297191619873,6.3604652169607645,6.020329535223814,6.068281202556335,675764000
2020-04-03,6.060083866119385,6.3512737262282615,5.922936292466646,6.309781665017789,663212000
2020-04-06,6.668551445007324,6.705323069101554,6.284190233065796,6.341583727049638,727884000
2020-04-07,6.435749530792236,6.913281722128235,6.39276660084156,6.889678121601419,784520000
2020-04-08,6.63252592086792,6.657371589711409,6.474756468687239,6.544572565930502,542444000
2020-04-09,6.533142566680908,6.7808528319552455,6.470283210937693,6.757995142898604,525564000
2020-04-13,6.704577922821045,6.71327383532628,6.385312352581156,6.473514021643792,398408000
2020-04-14,7.054901123046875,7.0889393446446505,6.804954510071242,6.832533113439113,530948000
2020-04-15,6.977630138397217,7.060365936147796,6.841973436906401,6.8871921794394515,366148000
2020-04-16,7.321990966796875,7.4288270178174205,7.119499866635537,7.132667896610643,745620000
2020-04-17,7.262857913970947,7.425347792957144,7.129188706028905,7.4039804904478155,539120000
2020-04-20,7.13192081451416,7.2921748539610265,7.087695825238775,7.136641723005758,449388000
2020-04-21,6.69612979888916,7.075272975745173,6.636500486196766,7.014153273806916,735160000
2020-04-22,7.109560966491699,7.152295573797261,6.8424713294529536,6.88793839640193,483356000
2020-04-23,7.056389331817627,7.283229387618224,7.031295350567699,7.151548184327007,424160000
2020-04-24,7.195028305053711,7.1970158065298095,6.971666595888947,7.046203587942154,352328000
2020-04-27,7.3811211585998535,7.5406297495102095,7.3045966712552115,7.329194014073399,479388000
2020-04-28,7.239006519317627,7.558023795022882,7.233540652145725,7.5282088970585805,442904000
2020-04-29,7.415409564971924,7.468082150925123,7.298386754372791,7.3734203929741255,379160000
2020-04-30,7.2618632316589355,7.4154088591523335,7.247949773360715,7.361493734355101,375916000
2020-05-01,7.02583122253418,7.177886010573314,6.977630749433313,7.0648386704493875,342096000
2020-05-04,7.237267017364502,7.250932158583061,6.978624506793331,6.978624506793331,317556000
2020-05-05,7.298138618469238,7.460380176917266,7.237266757199791,7.3411215423924565,368896000
2020-05-06,7.398762226104736,7.503362433621966,7.339630026481675,7.377395399557176,323464000
2020-05-07,7.57466983795166,7.637777522329543,7.486468166152815,7.5376498918987815,373732000
2020-05-08,7.764240264892578,7.770451562326168,7.612433824068867,7.646223718087887,339216000
2020-05-11,8.015680313110352,8.062389929650758,7.730701230129176,7.7592735868249,469060000
2020-05-12,7.754303932189941,8.122018338042395,7.74461426763021,8.073321222076338,493060000
2020-05-13,7.731941223144531,8.028596901539283,7.5478352776957305,7.868591662059855,625852000
2020-05-14,7.980893611907959,7.986359477537312,7.6400120159335625,7.793309311665908,602312000
2020-05-15,8.438302040100098,8.447991229472853,7.825361531965535,7.841014174290787,987660000
2020-05-18,8.696196556091309,8.861419800060519,8.626877592669787,8.706383329298868,774460000
2020-05-19,8.751107215881348,9.031364852697052,8.708620932289517,8.73595121255931,717320000
2020-05-20,8.914589881896973,8.987138893483177,8.83384159798782,8.935460067603975,587536000
2020-05-21,8.72104549407959,8.996582254257541,8.683528434138534,8.995588977205747,761068000
2020-05-22,8.97049331665039,9.036831514550855,8.65942703996952,8.770734713042978,1038764000
2020-05-26,8.663900375366211,9.125034961912307,8.618433305062045,9.100188817327473,770780000
2020-05-27,8.472590446472168,8.579425553108482,7.947354407491266,8.571723864190476,1175892000
2020-05-28,8.434575080871582,8.706385125248028,8.327489780511128,8.360285927330377,734896000
2020-05-29,8.820674896240234,8.820674896240234,8.432586984658801,8.501657646038316,745256000
2020-06-01,8.751853942871094,8.786140959756835,8.63582533566827,8.778687590097684,389876000
2020-06-02,8.770733833312988,8.782659789629411,8.604517298064136,8.741913641016255,391320000
2020-06-03,8.715327262878418,8.811479859344383,8.646256620985332,8.76775199001811,365440000
2020-06-04,8.716322898864746,8.892060453501106,8.627831617947038,8.678042483302525,424280000
2020-06-05,8.86894416809082,8.945503105070232,8.658157710663906,8.744162772614692,481748000
2020-06-08,8.754603385925293,8.838867531118344,8.636035637772176,8.826439266640982,387736000
2020-06-09,8.994226455688477,9.057611860093786,8.701164137509112,8.749635050226072,468488000
2020-06-10,9.313138961791992,9.44562653759529,9.10110934363464,9.11527853442806,632180000
2020-06-11,8.745904922485352,9.208242694149288,8.73571349742717,9.09762951041862,583652000
2020-06-12,8.881373405456543,9.134665556600186,8.653435597146515,9.110057459617575,570908000
2020-06-15,9.121243476867676,9.129694925278905,8.693704301366452,8.76479584104821,400004000
2020-06-16,9.016595840454102,9.213711919077781,8.788161137420968,9.172200921487875,535716000
2020-06-17,9.183137893676758,9.245777040629367,9.018336061726147,9.061587984964056,408304000
2020-06-18,9.165241241455078,9.229371931959877,9.062333258974562,9.174189555536868,254408000
2020-06-19,9.208242416381836,9.390940867747382,9.174437570476622,9.189600491316718,524160000
2020-06-22,9.472220420837402,9.476695050618543,9.220171418793713,9.246768868541754,398468000
2020-06-23,9.395910263061523,9.587308552735838,9.353653978073853,9.496331996252083,375108000
2020-06-24,9.182640075683594,9.50180290042588,9.092160369035703,9.422011483078405,449372000
2020-06-25,9.43568229675293,9.450596783301863,9.129694001574956,9.302201008306115,376072000
2020-06-26,9.10260009765625,9.445625718185534,9.072772071415052,9.445625718185534,592084000
2020-06-29,9.147343635559082,9.151818266693523,8.849060495094076,9.117267173394785,342248000
2020-06-30,9.443388938903809,9.47172542178639,9.213462711530727,9.260690499073652,367892000
2020-07-01,9.47545337677002,9.520942134354888,9.359123415191961,9.466256631521325,326648000
2020-07-02,9.557235717773438,9.681768727246737,9.5234299184089,9.583832230349895,364056000
2020-07-06,9.782934188842773,9.852036371881187,9.656909656197096,9.685992386533162,315892000
2020-07-07,9.815247535705566,10.012362642023092,9.79436782317376,9.889321207970426,357800000
2020-07-08,10.157530784606934,10.166480049014186,9.908464734244122,9.936552794243235,365480000
2020-07-09,10.448850631713867,10.509501363844844,10.174927184561719,10.320837695475568,494548000
2020-07-10,10.419273376464844,10.594265707605832,10.319348468498399,10.52814659966994,497676000
2020-07-13,9.994714736938477,10.730479036979467,9.96762041708971,10.534358603416077,457076000
2020-07-14,10.317605018615723,10.343207792635127,9.729490306628119,10.017333530569916,542676000
2020-07-15,10.16871166229248,10.373283510935622,9.998193084193694,10.354641590213266,403984000
2020-07-16,10.076744079589844,10.148331539727138,9.838863245920118,9.95767944646456,344964000
2020-07-17,10.143111228942871,10.189842154212721,10.03001277488039,10.166974030828735,266284000
2020-07-20,10.450590133666992,10.470972981230924,10.098616209013986,10.215443985468063,284852000
2020-07-21,10.269383430480957,10.499559035477194,10.227872436950578,10.452827165470543,277036000
2020-07-22,10.379003524780273,10.541815989518545,10.23259614351377,10.308161365872728,367292000
2020-07-23,10.071770668029785,10.486632138396008,9.97383420149178,10.390187215275384,411660000
2020-07-24,10.136149406433105,10.305424880752557,9.721039518759067,9.81847816844015,473292000
2020-07-27,10.361851692199707,10.381985159654809,10.15926726913902,10.17368489136173,292132000
2020-07-28,10.157032012939453,10.322579150159058,10.150818353408443,10.31487394684012,271636000
2020-07-29,10.405598640441895,10.456057943379921,10.287777140002785,10.33127653908729,284508000
2020-07-30,10.553253173828125,10.562201489623646,10.236327097575039,10.315620724796052,308880000
2020-07-31,10.553995132446289,10.704877134724839,10.373285104214844,10.502789580184212,386080000
2020-08-03,10.947232246398926,11.0352257339503,10.653920621227677,10.671071950475074,412720000
2020-08-04,11.16348648071289,11.16348648071289,10.843578365613316,10.986754217813543,310336000
2020-08-05,11.222147941589355,11.306661465559195,11.102338033544148,11.179643221178804,249924000
2020-08-06,11.27061939239502,11.29299064832197,11.114766846759562,11.28478763323173,244316000
2020-08-07,11.135398864746094,11.43890190925991,10.974326380325055,11.24775201691962,342516000
2020-08-10,11.10109806060791,11.342955734297458,10.794363445131376,11.269379858515242,427796000
2020-08-11,10.787899017333984,11.073007607753555,10.733958811085435,11.010367521177148,354512000
2020-08-12,11.374771118164062,11.401367625316079,10.895529538580869,10.927843787475073,464412000
2020-08-13,11.377504348754883,11.654659304257047,11.290753978168782,11.479914503905402,374460000
2020-08-14,11.497812271118164,11.637756604352083,11.375019266250126,11.464006479493863,366436000
2020-08-17,12.266386985778809,12.338720679866736,11.749612219421017,11.783417060907157,621300000
2020-08-18,12.190577507019043,12.424481564093227,12.017076713485748,12.378744359344635,503448000
2020-08-19,12.069024085998535,12.244513237961666,12.028755255290813,12.226119746907969,622624000
2020-08-20,12.071511268615723,12.304172183815249,11.810762299072946,11.906461947059135,921388000
2020-08-21,12.610902786254883,12.735435746875394,12.125446691237888,12.131909729442691,999868000
2020-08-24,12.647442817687988,12.838592680399442,12.435910109440096,12.810006820500528,490564000
2020-08-25,12.677022933959961,12.68820808728753,12.501781279435177,12.558455188322542,289076000
2020-08-26,12.699892044067383,12.79484543135099,12.605187089337212,12.725991685415721,321244000
2020-08-27,12.55596923828125,12.776450255737013,12.494572269907243,12.708341816441752,317604000
2020-08-28,13.07249641418457,13.072744846722001,12.570138325242661,12.602452571208635,537160000
2020-08-31,13.297950744628906,13.497302711489002,12.963128117456806,13.107297710621298,500840000
2020-09-01,13.746006965637207,13.917819141256148,13.363592772595911,13.406856687261872,511316000
2020-09-02,14.26865291595459,14.646839567379729,13.824574955850318,14.623963657510243,874012000
2020-09-03,12.944875717163086,13.809159857079546,12.808867526231621,13.753712472441025,945128000
2020-09-04,12.554010391235352,13.103512283664935,11.641239770900325,12.714384609698111,1463684000
2020-09-08,11.848358154296875,12.481901768077714,11.64074109472669,11.670826550949025,795728000
2020-09-09,12.64600944519043,12.739747778070935,12.165380911486679,12.332718082144563,736200000
2020-09-10,12.244946479797363,12.994357950704119,12.100981305836067,12.918770116551691,698684000
2020-09-11,12.098493576049805,12.583845521051666,11.83120166985141,12.417751873748696,636928000
2020-09-14,12.802401542663574,13.242749047154941,12.562710043192387,13.010019533572963,1201744000
2020-09-15,12.92050838470459,13.226588220643817,12.758144242528516,13.207939772230896,727556000
2020-09-16,12.446595191955566,13.02170750232912,12.445849671255177,12.88694277948844,556384000
2020-09-17,12.395872116088867,12.52143733948817,11.969448508524536,12.066419314288503,792512000
2020-09-18,12.123109817504883,12.563954399639542,11.923698214828766,12.525414964806158,698460000
2020-09-21,12.449331283569336,12.45455277423042,11.839906020697956,11.860294969517335,721044000
2020-09-22,12.569175720214844,12.579370193536365,12.089543202829288,12.506766345855947,646452000
2020-09-23,12.057966232299805,12.657943496885007,12.013708288878673,12.507264838221865,647012000
2020-09-24,12.28099536895752,12.50129383353209,11.948808124243987,12.006742465999842,731240000
2020-09-25,12.80389404296875,12.813591501629551,12.179302394354629,12.379957458878538,588016000
2020-09-28,12.964269638061523,12.980929083477617,12.680816250113036,12.969491127871112,573808000
2020-09-29,13.153985977172852,13.369808525156131,12.863073561182524,12.86730007540991,621460000
2020-09-30,13.457083702087402,13.548584516215799,13.078896967384146,13.086107461833182,689184000
2020-10-01,13.540626525878906,13.688071736035704,13.387710370072455,13.683348208064956,525004000
2020-10-02,12.991374015808105,13.44614260834066,12.980184565391687,13.153241172734813,552496000
2020-10-05,13.568474769592285,13.570215266382487,13.151002149843272,13.164180603468921,479820000
2020-10-06,13.661966323852539,14.065266513786883,13.590854453288832,13.754959134781902,784420000
2020-10-07,13.888228416442871,14.042636546603271,13.788273642421032,13.923784817097221,418084000
2020-10-08,13.763659477233887,14.008076438662577,13.683348120251452,13.998627485782533,378900000
2020-10-09,13.688070297241211,13.749237132534198,13.586624482486123,13.692297759480711,346892000
2020-10-12,14.148809432983398,14.269153174271924,13.837011033053589,13.913592896510103,434744000
2020-10-13,14.170937538146973,14.27064381415561,13.94268301085505,14.218925925974037,344604000
2020-10-14,14.018768310546875,14.264924826969352,13.884252095509092,14.212958430202395,276100000
2020-10-15,13.894196510314941,13.92975196281535,13.693043477475365,13.735810371723643,267224000
2020-10-16,13.736556053161621,14.044874357852594,13.717659097272511,13.96058405122219,242392000
2020-10-19,13.424509048461914,13.907622529912283,13.334002276993704,13.827559686516892,298068000
2020-10-20,13.571457862854004,13.724871025768707,13.433709170027877,13.509794010029397,229212000
2020-10-21,13.451362609863281,13.716665521672029,13.404369199715683,13.551068882438022,219596000
2020-10-22,13.288498878479004,13.53788781672197,13.159949707935015,13.449122503576007,290480000
2020-10-23,13.516505241394043,13.519489220485832,13.21912791756246,13.37701607509531,233484000
2020-10-26,13.069942474365234,13.618450238161603,12.967750191982374,13.354142321801762,336896000
2020-10-27,13.324057579040527,13.369061984732776,13.11992056172702,13.23379931227968,250520000
2020-10-28,12.55848217010498,13.1880477042623,12.54058019226142,13.126383860690956,376520000
2020-10-29,12.953330993652344,13.121165154152697,12.68081757068752,12.768837386000987,320080000
2020-10-30,12.465991020202637,12.866306261983306,12.233260497280058,12.780276391790489,416820000
2020-11-02,12.51248550415039,12.767095978819652,12.327743402774802,12.589067357205305,299652000
2020-11-03,12.948856353759766,13.033892198032655,12.53436767259809,12.639543959659182,272900000
2020-11-04,13.719399452209473,13.75246983604854,13.264630929698608,13.316597320732134,410228000
2020-11-05,14.083165168762207,14.261193784268926,13.915082519116078,14.08565213447711,319028000
2020-11-06,14.48298454284668,14.50958900610018,13.819603973147315,14.033188045302696,383348000
2020-11-09,13.556787490844727,14.611781731679114,13.536896506652354,14.47353602436871,582976000
2020-11-10,12.70071029663086,13.53267065698492,12.559729099798012,13.53267065698492,644068000
2020-11-11,13.345193862915039,13.362101817836644,12.877992334373559,12.98292010915212,404744000
2020-11-12,13.383731842041016,13.691303689939454,13.243745638126441,13.405861285173073,365812000
2020-11-13,13.224847793579102,13.594580483530914,12.988387818739444,13.553305579639913,346312000
2020-11-16,13.441914558410645,13.575435787930013,13.084613831121814,13.101023821758483,413776000
2020-11-17,13.349418640136719,13.522474277402354,13.231561881843696,13.478961861207623,312028000
2020-11-18,13.355883598327637,13.531923214939193,13.113456602294555,13.392185521013086,510924000
2020-11-19,13.367321968078613,13.414315378972356,13.028918190667222,13.141056448609183,565936000
2020-11-20,13.01673698425293,13.421279706819114,12.994109574709524,13.38099976881275,341088000
2020-11-23,13.06870174407959,13.309885276431308,12.94487701698277,13.099782179302716,361356000
2020-11-24,12.88744068145752,13.090581792368083,12.815085336874446,13.071187820752932,346500000
2020-11-25,13.162933349609375,13.197494768613733,12.949349319398593,12.961781300267196,259916000
2020-11-27,13.18929386138916,13.334751028195774,13.099036529844811,13.302427107961007,167276000
2020-11-30,13.32878303527832,13.339723978938197,12.901862386621666,13.1930242779278,286952000
2020-12-01,13.31734561920166,13.45534283154815,13.156472492583589,13.419040904899328,296948000
2020-12-02,13.471002578735352,13.59930228578672,13.162435836186166,13.278055056022938,283360000
2020-12-03,13.327247619628906,13.589892631736793,13.260592045398973,13.517764495771466,199520000
2020-12-04,13.488665580749512,13.490406591655205,13.320035154421149,13.379478105518432,202244000
2020-12-07,13.536916732788086,13.66077804492372,13.430715060040114,13.531445119380862,223244000
2020-12-08,13.281481742858887,13.52895477226671,13.213332801749806,13.515275267993854,271920000
2020-12-09,12.864386558532715,13.345156083678086,12.802207321709657,13.232238946348641,401300000
2020-12-10,12.905673027038574,13.001678158655883,12.783552731095787,12.802953380691694,207764000
2020-12-11,12.946462631225586,12.953178094559908,12.757188653902821,12.900698238186449,209264000
2020-12-14,13.240447044372559,13.320036392826733,13.01038405434784,13.020830120753207,270156000
2020-12-15,13.291929244995117,13.39489745979019,13.11907107095995,13.3707718895099,193016000
2020-12-16,13.174535751342773,13.36828606791019,13.144689037378825,13.353611291227617,223116000
2020-12-17,13.27277660369873,13.310830255648174,13.110861673333604,13.298145072478631,231384000
2020-12-18,13.203885078430176,13.336201912214122,13.003419287690592,13.310335327964504,342064000
2020-12-21,13.263822555541992,13.301379048495297,12.900944707248117,13.007644464663455,302332000
2020-12-22,13.210103034973145,13.26880025003233,12.98700409143935,13.25089297888134,185580000
2020-12-23,12.942479133605957,13.20686509157952,12.93825137197353,13.187962556794325,179144000
2020-12-24,12.9270601272583,13.065098078701942,12.87234305599769,12.970336813485524,97884000
2020-12-28,12.833792686462402,12.9954590638984,12.69774525994913,12.9954590638984,212564000
2020-12-29,12.876822471618652,13.005409659646398,12.776340989904284,12.858666619881392,170372000
2020-12-30,13.07828426361084,13.145935118941386,12.830562567854294,12.923581900946338,225396000
2020-12-31,12.987998008728027,13.083505026218697,12.848716190436818,13.069079778670659,192424000
2021-01-04,13.046197891235352,13.582432117374609,12.89597283811847,13.036995675741743,560640000
2021-01-05,13.335951805114746,13.374502622372711,13.019832636772176,13.032516872741898,322760000
2021-01-06,12.549757957458496,13.177021848439159,12.521404624259176,13.15463728846822,580424000
2021-01-07,13.275514602661133,13.309091919233424,12.820363118117218,12.900946780331147,461480000
2021-01-08,13.208608627319336,13.352118201712143,12.975063652438749,13.293919104792138,292528000
2021-01-11,13.551589965820312,13.889347964433247,13.293919414175052,13.349880341033488,518344000
2021-01-12,13.415542602539062,13.683908768453083,13.276510305945383,13.681918228400308,291476000
2021-01-13,13.462301254272461,13.555072944184918,13.316304914526613,13.420765571709692,210028000
2021-01-14,13.132503509521484,13.529953094168745,13.112855226974897,13.505330358708365,283120000
2021-01-15,12.793501853942871,13.256861253737839,12.78255862740494,13.160110379541644,277780000
2021-01-19,12.958401679992676,13.026798268994698,12.778081329831359,12.949447095978456,226188000
2021-01-20,13.297152519226074,13.361569918313185,12.9897384021598,13.044455477389974,258572000
2021-01-21,13.7963285446167,13.927402474262239,13.184982279201542,13.349632577259866,337780000
2021-01-22,13.642122268676758,13.770709436142702,13.557309900202496,13.669481280851628,246820000
2021-01-25,13.583174705505371,13.757525291467397,13.168563712204815,13.711015166608506,251112000
2021-01-26,13.366294860839844,13.574718980112987,13.318789463563826,13.510798746043035,163980000
2021-01-27,12.851452827453613,13.164835741319445,12.728088683861888,13.162099460401164,371272000
2021-01-28,12.984016418457031,13.271285077100378,12.893981023989753,12.929547927045675,228316000
2021-01-29,12.92308235168457,13.26631196684961,12.845234024057874,13.007894722708423,271552000
2021-02-01,13.16906452178955,13.202640890001744,12.836529537314517,12.986257425752575,217204000
2021-02-02,13.487174034118652,13.502345023877039,13.217315428489607,13.329984932916615,220440000
2021-02-03,13.46105670928955,13.860247226982565,13.44712862336559,13.566014514279491,245408000
2021-02-04,13.594120025634766,13.603322239769158,13.269295813752072,13.46155368214579,201340000
2021-02-05,13.521245956420898,13.666746072596897,13.476228255580894,13.654558996907936,169152000
2021-02-08,14.364645004272461,14.39946521890189,13.656796531061007,13.656796531061007,434624000
2021-02-09,14.190047264099121,14.508404628817875,14.149505903817214,14.267148904678315,287560000
2021-02-10,14.68847370147705,14.828501247250246,14.267893903608194,14.389018911932702,485352000
2021-02-11,15.172476768493652,15.193867006521918,14.848399244695507,14.90336584704324,450828000
2021-02-12,14.884468078613281,15.212774418668856,14.699173244060864,14.972762493293835,374756000
2021-02-16,15.251568794250488,15.293602580290248,14.873270412570719,14.986934217901354,321960000
2021-02-17,14.829498291015625,15.145368904266707,14.70414455668863,15.093137628175583,274756000
2021-02-18,14.752893447875977,14.796915880160729,14.500196394226357,14.653406299348754,233868000
2021-02-19,14.849891662597656,15.099105725035558,14.77055091017518,14.94738826308237,271724000
2021-02-22,14.282069206237793,15.05557883981355,14.251476757343667,14.6989183626384,325884000
2021-02-23,14.069421768188477,14.165675493727912,13.320783156539449,14.003013813415862,391780000
2021-02-24,14.424588203430176,14.43229893762585,13.685401378528587,14.050269867109018,448320000
2021-02-25,13.239201545715332,14.300974328312286,13.148420401177352,13.973413810504649,824436000
2021-02-26,13.644116401672363,13.783397302107607,13.292430230513423,13.681920539804803,500932000
2021-03-01,13.770710945129395,13.853533731594203,13.483691763689485,13.80379015389627,353184000
2021-03-02,13.337443351745605,13.84905380194332,13.327245868076808,13.828658834605728,264116000
2021-03-03,12.739031791687012,13.382461933778034,12.733062069739823,13.357342042126135,377592000
2021-03-04,12.306761741638184,12.908408604705867,12.021732172384384,12.73505231080037,573344000
2021-03-05,12.397541999816895,12.485587799757738,11.619306465428844,12.485587799757738,542840000
2021-03-08,11.533750534057617,12.40724370649822,11.507137260717878,12.386102995034543,543112000
2021-03-09,12.460293769836426,12.556331099626744,12.001500950633746,12.072161046946114,521824000
2021-03-10,12.408543586730957,12.917842241501093,12.39784524746548,12.779010598988949,384376000
2021-03-11,12.9312744140625,12.983772381108242,12.673514929162938,12.887982786943063,299916000
2021-03-12,12.794435501098633,12.827028797912275,12.529709519311325,12.58768004946713,243964000
2021-03-15,13.128080368041992,13.143506210891774,12.706111006838414,12.803143952730885,221988000
2021-03-16,13.227598190307617,13.447788202434918,13.053933410810396,13.292535152594793,272128000
2021-03-17,13.277359008789062,13.388822153481435,12.92729317177526,12.977302577062947,243864000
2021-03-18,12.661572456359863,13.120862523869793,12.656098955024245,13.073590340581577,293896000
2021-03-19,12.784233093261719,12.85962068483066,12.552100433738472,12.688941772839797,299208000
2021-03-22,13.123103141784668,13.330355915344027,12.84494160969425,12.850913393081935,297804000
2021-03-23,13.008155822753906,13.280594218123273,12.958892409753085,13.190776400457926,222048000
2021-03-24,12.582454681396484,13.096233063845542,12.576235180945393,13.088271002303621,245840000
2021-03-25,12.4752197265625,12.65386069712674,12.2132310027731,12.439641491398485,295144000
2021-03-26,12.777764320373535,12.794683107271615,12.31424498723302,12.494377961706281,363968000
2021-03-29,12.88624382019043,12.999946887154547,12.639182621038824,12.758856522679663,273520000
2021-03-30,12.81010627746582,12.913110974068267,12.644154899011061,12.780498881120975,200204000
2021-03-31,13.284327507019043,13.405991674241122,12.92032872070121,12.953170680778484,314776000
2021-04-01,13.745609283447266,13.803579814393816,13.446547439602472,13.507256145400948,308276000
2021-04-05,13.920513153076172,13.94688599230823,13.667231582702074,13.801087954683728,255672000
2021-04-06,13.795119285583496,13.986946213948366,13.707541356464933,13.932707577763324,191744000
2021-04-07,14.075769424438477,14.175289971373456,13.645838042143147,13.814277068484714,251284000
2021-04-08,14.24843692779541,14.40219704194107,14.180761787034063,14.184494625705307,244416000
2021-04-09,14.331037521362305,14.338999581135083,14.10711562362338,14.145928410886224,195172000
2021-04-12,15.136165618896484,15.27897874166865,14.071538686150255,14.22131825641827,869324000
2021-04-13,15.604410171508789,15.624812178804676,15.053312053982292,15.158555698521697,676212000
2021-04-14,15.203841209411621,15.645216922969265,15.1545777941743,15.550174265451684,385500000
2021-04-15,16.059967041015625,16.13659794169235,15.556638505158789,15.587490177903373,598480000
2021-04-16,15.836295127868652,16.08833243050052,15.789270664877606,15.976121390043058,335208000
2021-04-19,15.288185119628906,15.731800742106158,15.160051831017325,15.462098601243506,404420000
2021-04-20,15.098596572875977,15.422785985221951,14.89134381807293,15.24986813446878,334132000
2021-04-21,15.286937713623047,15.288927991204352,15.029924257433608,15.046344759309688,216776000
2021-04-22,14.779131889343262,15.364564899484545,14.712701033462228,15.301368600728402,277788000
2021-04-23,15.19214916229248,15.261564981870862,14.82889727370879,14.862733902872684,227500000
2021-04-26,15.403878211975098,15.404873825568805,15.052568979496371,15.112282067435485,197796000
2021-04-27,15.308088302612305,15.59545520137398,15.28096851185869,15.503895773425132,164572000
2021-04-28,15.203590393066406,15.457867612223833,15.14263398051159,15.290920597634818,209416000
2021-04-29,15.251361846923828,15.362576342418699,14.999324504524623,15.32625115862929,173196000
2021-04-30,14.937621116638184,15.291418896124943,14.925181167243966,15.101831865428135,201912000
2021-05-03,14.76569938659668,15.173735815261006,14.716685585647,15.0525689765553,203912000
2021-05-04,14.282522201538086,14.567401476976356,13.94315563012395,14.56715281088662,405324000
2021-05-05,14.389260292053223,14.742560743124349,14.318600201838999,14.638560411281018,292024000
2021-05-06,14.453448295593262,14.501467421026504,14.149909603249656,14.425831176728249,193380000
2021-05-07,14.741315841674805,14.89905652104171,14.601488612944612,14.737335285779373,229328000
2021-05-10,14.197433471679688,14.735096123743787,14.18175896431801,14.716435724758746,268904000
2021-05-11,14.237740516662598,14.286008322864332,13.684154640398528,13.75879529407013,285584000
2021-05-12,13.692612648010254,14.191959832815755,13.64359884835176,13.942410098916847,303408000
2021-05-13,13.599807739257812,14.013318571765083,13.394545268670152,13.966542771255337,285404000
2021-05-14,14.17479133605957,14.259384315186782,13.682659301255852,13.823482138772494,258616000
2021-05-17,14.097663879394531,14.101395769520703,13.787158662144325,14.089204485525109,216980000
2021-05-18,13.948630332946777,14.335270069717708,13.936936381971368,14.19867739521661,186256000
2021-05-19,13.998391151428223,14.012075380470698,13.478393295136081,13.50153158198769,344000000
2021-05-20,14.542524337768555,14.613433100183471,14.20216208835548,14.234008437809646,321592000
2021-05-21,14.919954299926758,15.149101989941224,14.798290149792873,15.091130523889973,672992000
2021-05-24,15.537237167358398,15.66959967521389,15.1033242794954,15.139649464230473,554816000
2021-05-25,15.572813987731934,15.742745944567211,15.408355532354786,15.690497590957026,435408000
2021-05-26,15.6248140335083,15.718115073854618,15.511609264757215,15.658900271738665,370440000
2021-05-27,15.41382884979248,15.67457423164348,15.385963061533063,15.624564822611564,581476000
2021-05-28,16.16670799255371,16.199550904569822,15.426769637119651,15.426769637119651,644536000
2021-06-01,16.186613082885742,16.309771158745168,15.827093093833488,16.19208753443209,472804000
2021-06-02,16.697900772094727,16.837728952367616,16.157750527142543,16.174420647544324,594168000
2021-06-03,16.888484954833984,17.17635111968771,16.503587746671425,16.62077403418186,580008000
2021-06-04,17.49407196044922,17.576424107008513,17.01363381979466,17.030550709204036,617120000
2021-06-07,17.534622192382812,17.727196038292035,17.110414943863784,17.48710229431981,575756000
2021-06-08,17.373401641845703,17.53711316104232,17.16838687091044,17.443314784213733,323848000
2021-06-09,17.279081344604492,17.4948438746544,17.17704981871262,17.435864226348606,381656000
2021-06-10,17.34552764892578,17.412223413314685,17.097664634985957,17.270870846616056,287772000
2021-06-11,17.743953704833984,17.85743409569149,17.36419339668503,17.39977978705198,416308000
2021-06-14,17.936567306518555,17.957222713161077,17.582191993695638,17.82433244551483,321376000
2021-06-15,17.70737075805664,17.934082819672014,17.647147489049146,17.83329490038093,243032000
2021-06-16,17.72901725769043,17.87285892613583,17.504296927782022,17.709607366236927,307124000
2021-06-17,18.57215690612793,18.749095854040014,17.675267140573446,17.69343341937015,809656000
2021-06-18,18.553741455078125,19.286633450241315,18.499240721357857,18.698329309981435,968856000
2021-06-21,18.34320831298828,18.451961071599868,17.74146545273779,18.351171250009127,672384000
2021-06-22,18.800609588623047,18.877259967462265,18.30214384565627,18.387254606653663,580144000
2021-06-23,18.9703311920166,19.065396569450836,18.821513150301545,18.92105744176349,332356000
2021-06-24,19.117908477783203,19.331430625682103,19.00119278333372,19.140058125456942,320924000
2021-06-25,18.94420623779297,19.257272715606643,18.80832936010716,19.192568626811074,278364000
2021-06-28,19.893850326538086,19.987172738905034,19.23088754454261,19.272944526076227,495436000
2021-06-29,19.93541717529297,20.007087416877244,19.567352473783977,19.79182417166954,367632000
2021-06-30,19.911272048950195,20.070542160413943,19.77315479150044,19.908036750212215,326568000
2021-07-01,20.119813919067383,20.362700530192438,19.927693393087345,20.03321082827077,480136000
2021-07-02,20.3935604095459,20.411728585764077,20.195219897428057,20.34702451247123,342764000
2021-07-06,20.60409927368164,20.746944185216677,20.257438112216875,20.64292096446594,446708000
2021-07-07,20.278839111328125,20.779794027787037,20.23927125233733,20.758392448778196,418428000
2021-07-08,19.81197738647461,20.041176667969573,19.61089900392695,19.76593893142942,503300000
2021-07-09,19.958805084228516,19.988668945478935,19.664155534759942,19.871455805781903,296624000
2021-07-12,20.4189453125,20.4391013746128,20.09567556838624,20.14768717026247,321984000
2021-07-13,20.157642364501953,20.36792918431061,20.02226296191594,20.307455300297775,290708000
2021-07-14,19.751008987426758,20.324630982790477,19.662664809285303,20.264905154039226,380100000
2021-07-15,18.879749298095703,19.75648307783893,18.772490778787795,19.721394132584212,550564000
2021-07-16,18.078168869018555,19.069626505196034,17.99057088100206,18.943704278756737,688224000
2021-07-19,18.694103240966797,18.955156212033163,17.784021479768406,17.8335458640855,749060000
2021-07-20,18.527111053466797,18.75208011096828,18.08115440605644,18.644572891370625,434687000
2021-07-21,19.32147216796875,19.437939116174313,18.65651959928261,18.79588046130681,371017000
2021-07-22,19.504640579223633,19.796303610975237,19.188090042132742,19.55242200731095,323826000
2021-07-23,19.468801498413086,19.61015406998916,19.162205646075567,19.56635412004103,195672000
2021-07-26,19.206005096435547,19.35332891748849,18.827737126381447,19.222927760778727,203943000
2021-07-27,19.12039566040039,19.532507034154946,18.655524613503584,19.17713490295772,248863000
2021-07-28,19.41405487060547,19.556402355411265,18.908372232746423,19.230894005871093,202191000
2021-07-29,19.572324752807617,19.762453610725807,19.239846550542488,19.429975408460677,190781000
2021-07-30,19.41006851196289,19.540469658257,19.17514481205662,19.32943666500641,183497000
2021-08-02,19.65992546081543,19.86996358597214,19.272699647938943,19.61015425708338,217444000
2021-08-03,19.72463035583496,20.12977374277201,19.132342754355072,19.64997164851655,301811000
2021-08-04,20.18153190612793,20.225331848038415,19.737565032108463,19.898826814854456,231309000
2021-08-05,20.542877197265625,20.63844002549978,20.249222567431012,20.4065028973456,211435000
2021-08-06,20.27311134338379,20.476181384713264,20.117822711619997,20.430391658316715,178497000
2021-08-09,20.202438354492188,20.414466247960842,20.0511311729326,20.35274874502735,146443000
2021-08-10,19.845073699951172,20.336820073696575,19.744532624439724,20.229312853870223,179238000
2021-08-11,19.60915756225586,19.957561686039927,19.34138529513122,19.951588533994844,185925000
2021-08-12,19.81421661376953,19.937649714347675,19.53051661292987,19.779376396027782,151652000
2021-08-13,20.095928192138672,20.121810585889133,19.7604652564139,19.81421982888038,183063000
2021-08-16,19.8590145111084,20.194477444097572,19.364279545633938,20.043170247358894,210876000
2021-08-17,19.369258880615234,19.679836228431526,19.17912998166198,19.595222897143497,204585000
2021-08-18,18.953163146972656,19.54445389093999,18.913344667898965,19.41106426442262,285913000
2021-08-19,19.707698822021484,20.40152020648725,18.676422966381736,19.405084558945234,766555000
2021-08-20,20.7210636138916,20.76983992496617,19.84209132480141,19.899825465212288,675741000
2021-08-23,21.85785484313965,21.896676532709122,20.854452674261367,20.875356807002596,575807000
2021-08-24,21.693603515625,21.85884677029652,21.436780805743606,21.65378693903574,297299000
2021-08-25,22.111692428588867,22.367520297278727,21.62293250890913,21.637863490780983,347701000
2021-08-26,21.96735191345215,22.23811072383032,21.6906199517518,22.098749850642953,237940000
2021-08-27,22.532766342163086,22.618374572579988,22.06590539192151,22.08282805948357,304722000
2021-08-30,22.584522247314453,22.937902675579686,22.448147955070617,22.725874798350432,262580000
2021-08-31,22.286832809448242,22.59547280041693,22.022995550957603,22.59547280041693,259850000
2021-09-01,22.34259033203125,22.597468221617223,22.25895905860022,22.386398003393204,201767000
2021-09-02,22.297786712646484,22.493923309725275,22.197229795135584,22.419251447689817,187834000
2021-09-03,22.742828369140625,22.885200930384197,22.102648427978476,22.227100272958122,280532000
2021-09-07,22.5626220703125,22.798582279426377,22.42323471429615,22.73287172125641,198107000
2021-09-08,22.241037368774414,22.510848859948066,21.88062343636692,22.414274113005263,254434000
2021-09-09,22.079744338989258,22.43916125911204,22.033946539770156,22.214152533662265,196856000
2021-09-10,22.37942886352539,22.526778660735864,22.172340814379883,22.24999788331724,248376000
2021-09-13,22.054855346679688,22.8632946864074,21.76214402740333,22.584521910954482,297500000
2021-09-14,22.144460678100586,22.31172320295667,21.989144662598154,22.17731500306125,199755000
2021-09-15,22.243026733398438,22.268913686849235,21.86967123574188,22.21116747444568,166538000
2021-09-16,22.144460678100586,22.179307037445604,21.83084154501127,22.085719401064107,156033000
2021-09-17,21.803958892822266,22.223112159489396,21.734266176153632,22.202204344488806,294503000
2021-09-20,21.020414352416992,21.33901075751113,20.57139190308022,21.053268680937446,349440000
2021-09-21,21.15283203125,21.33104602969822,20.858130525552628,21.323081688701794,204688000
2021-09-22,21.844785690307617,21.863701476380758,21.103051781941048,21.27230638458267,268726000
2021-09-23,22.38340950012207,22.436176576629713,21.794004654713568,22.042908323767797,248555000
2021-09-24,21.984163284301758,22.05186586068765,21.765128776614166,21.97321184376497,217655000
2021-09-27,21.565017700195312,21.703408104868426,21.23148763384745,21.61479768356571,245215000
2021-09-28,20.60822868347168,21.32507250371504,20.560438842257536,21.120971560225616,343069000
2021-09-29,20.427024841308594,20.92483213876471,20.3772429721725,20.848170149177676,218394000
2021-09-30,20.62514877319336,20.973614214240555,20.597271689828297,20.67692077072618,221009000
2021-10-01,20.65104103088379,20.767526631043445,20.11440324016766,20.659005371326064,240978000
2021-10-04,19.645471572875977,20.451919028744175,19.46924770779128,20.414085560020563,345635000
2021-10-05,20.36131477355957,20.557451354715955,19.766932724840515,19.86251239664923,279282000
2021-10-06,20.609224319458008,20.629135169524517,19.991942391773726,20.031767889875287,297202000
2021-10-07,20.98258399963379,21.22850061256001,20.880035030674634,20.999507750816413,256919000
2021-10-08,20.73965072631836,21.113006266424186,20.683896542065902,21.00846717095083,151258000
2021-10-11,20.604248046875,20.970634324809474,20.421054907907763,20.484775333931104,163388000
2021-10-12,20.580350875854492,20.964657828842242,20.437978323976292,20.73666197268602,162134000
2021-10-13,20.84717559814453,20.897952540851815,20.622166840732383,20.826267780379947,180652000
2021-10-14,21.650636672973633,21.65959608070997,21.029372578571422,21.194644976644554,243589000
2021-10-15,21.76612663269043,21.834824285475865,21.56700484536949,21.71435462616983,226994000
2021-10-18,22.124549865722656,22.19324752272249,21.5490835543678,21.653624540532604,189494000
2021-10-19,22.19225311279297,22.280861623084096,21.940362329321403,22.178312668438,161473000
2021-10-20,22.006071090698242,22.334623846905142,21.88560143025834,22.207184914348492,146276000
2021-10-21,22.59248924255371,22.611406925381793,21.986160606952357,22.00009915262171,187590000
2021-10-22,22.6263427734375,23.02857050189633,22.462067311679963,22.722917534822606,249384000
2021-10-25,23.064414978027344,23.25258537246077,22.670151571513273,22.87226051368251,230235000
2021-10-26,24.608606338500977,25.148231194964065,23.819084651019782,23.88380013492317,485898000
2021-10-27,24.343778610229492,24.979976430776865,24.175519079784742,24.366678465515687,245990000
2021-10-28,24.831621170043945,24.84058247530801,24.415455039247025,24.768897730147334,234204000
2021-10-29,25.45488166809082,25.596259159623884,24.89036866878223,24.891363736621464,292503000
2021-11-01,25.7137393951416,25.78044501501722,25.116370221539132,25.53652048764444,265740000
2021-11-02,26.285226821899414,26.56101256170564,25.68686246202582,25.70876724972974,294112000
2021-11-03,26.481359481811523,26.666544637188032,26.11995237716791,26.55304424185898,239910000
2021-11-04,29.670312881469727,31.227453379184272,26.999078204026905,27.109591491333024,1153631000
2021-11-05,29.62152671813965,31.26229841246148,29.28102556401493,30.054618542304095,851260000
2021-11-08,30.668914794921875,30.963616262925747,29.775847185212836,30.016786509890455,503101000
2021-11-09,30.52255630493164,32.16830901202429,29.832596497880946,32.140431924829684,646746000
2021-11-10,29.329814910888672,30.714715789314535,28.65180150099656,29.22726785132228,636206000
2021-11-11,30.256732940673828,30.45585665879576,29.646422105832695,30.334391912355496,332172000
2021-11-12,30.256732940673828,30.545462142052177,29.500065470388805,29.87840015502357,413054000
2021-11-15,29.893329620361328,30.509614574948284,29.11874154072653,30.41801896863416,384909000
2021-11-16,30.070552825927734,30.25673306637881,29.57573253019145,29.62850151207324,264484000
2021-11-17,29.1326847076416,30.37521308737603,28.673705838544485,30.284610635448647,428508000
2021-11-18,31.53609275817871,32.61633372407065,31.18364508674992,32.22505942148186,781711000
2021-11-19,32.8403434753418,32.94289240248238,31.765079937625835,32.10159697087747,533867000
2021-11-22,31.815860748291016,34.49505972389229,31.760106571634346,33.37001411954836,754335000
2021-11-23,31.606786727905273,32.218094514763855,30.744583214227514,31.39671157119762,532163000
2021-11-24,32.53071212768555,32.71091813220103,30.792368699348174,31.323032237725272,435162000
2021-11-26,31.364852905273438,32.56655878387352,31.212523964338434,32.45704054958605,283069000
2021-11-29,33.229644775390625,33.26548621557435,31.895520560316285,32.224075324268114,454964000
2021-11-30,32.53269958496094,33.20673257688012,31.724262199478087,33.023537586316976,622066000
2021-12-01,31.300979614257812,33.1470772684117,31.24621379716434,33.07737601000796,484368000
2021-12-02,31.989032745361328,32.33953320579173,30.89272694054253,31.08092223246618,472890000
2021-12-03,30.56214714050293,31.992025853618237,30.00154575602389,31.863574209549956,544325000
2021-12-06,29.90894317626953,30.11207202986678,27.918465014907625,29.752611029224973,658938000
2021-12-07,32.28874969482422,32.310659060877626,30.520322375117104,30.82501943857468,593053000
2021-12-08,31.69031524658203,32.15233775708551,31.287041214384153,31.86257802352817,475551000
2021-12-09,30.360010147094727,32.067700548302355,30.29827420147728,31.59870601970093,488507000
2021-12-10,30.069259643554688,31.171540623379336,29.733696450512255,31.017200736673654,488825000
2021-12-13,28.040937423706055,30.16484489291169,27.9961292011688,30.12003667037444,598344000
2021-12-14,28.216190338134766,28.555736152702433,27.13382466783278,27.580909846868153,667035000
2021-12-15,30.329137802124023,30.3699633634261,27.719312137195885,28.2789163257731,698297000
2021-12-16,28.265974044799805,31.027152355261656,27.97322876019045,31.01918703981043,707366000
2021-12-17,27.682472229003906,28.798693182569515,27.64164666608465,27.86568776813946,713758000
2021-12-20,27.60082244873047,28.02400974051841,27.02927023764738,27.188587940382853,461847000
2021-12-21,28.9510440826416,28.995852308207283,27.284179231128302,28.25303247287371,524385000
2021-12-22,29.2746524810791,29.42899232103665,28.327706864600266,28.767823731054484,395184000
2021-12-23,29.513629913330078,29.930844139118374,29.305521344818228,29.628139385488993,343022000
2021-12-27,30.813072204589844,30.954467015008788,29.513635493426495,29.53355068344991,403686000
2021-12-28,30.192726135253906,31.196428065606888,29.88404641723083,31.178505155996454,420591000
2021-12-29,29.873092651367188,30.41776144298987,29.240799693853926,30.143934262767104,343139000
2021-12-30,29.459867477416992,30.327154462138402,29.41406405862047,29.699839255631407,308864000
2021-12-31,29.285608291625977,29.901970626455444,29.20594944000827,29.54748750226571,266530000
2022-01-03,29.992584228515625,30.580069009930835,29.658016270092954,29.687889053615017,391547000
2022-01-04,29.165124893188477,30.33810206507223,28.228136800951273,30.147916396398475,527154000
2022-01-05,27.48631477355957,29.290589869699456,27.415618321755158,28.825579893631648,498064000
2022-01-06,28.057863235473633,28.316754959283724,26.949609518873476,27.522156879900578,454186000
2022-01-07,27.130834579467773,28.300826210955492,26.941644095796043,28.02102409273095,409939000
2022-01-10,27.283184051513672,27.351890124020873,25.53466996334042,26.467675485447426,594681000
2022-01-11,27.698406219482422,27.94535000609593,26.724577023199927,27.20651282406831,404089000
2022-01-12,27.879634857177734,28.47309275177093,27.490301028814116,27.94734384957758,383413000
2022-01-13,26.461702346801758,28.358579457679358,26.385029059468522,28.2580102227296,540171000
2022-01-14,26.827131271362305,27.081045133437073,26.09825182970304,26.18786826346866,395832000
2022-01-18,25.792564392089844,26.524431382788112,25.660132004918143,26.148042698978056,424270000
2022-01-19,24.96013069152832,26.429837857961516,24.945195249139907,25.967817240669206,488315000
2022-01-20,24.047039031982422,25.46994751510898,23.97534549383341,25.19612032401024,435181000
2022-01-21,23.274351119995117,24.717173064459438,23.163824281021945,23.40678352912288,718958000
2022-01-24,23.272356033325195,23.280321348926336,20.798947012783948,22.234798657209716,913982000
2022-01-25,22.228822708129883,22.8451850306954,21.906204650379927,22.449876349333593,664616000
2022-01-26,22.674911499023438,23.954432781138927,22.20492373788374,23.140916602745857,755959000
2022-01-27,21.850446701049805,23.89270329457415,21.582592522124454,23.467523671999473,573353000
2022-01-28,22.742626190185547,22.760549101180075,21.20520811526972,21.918155191484143,543774000
2022-01-31,24.381607055664062,24.404509712140047,22.953720720505,23.083165646073763,564680000
2022-02-01,24.532958984375,25.03779741322022,23.78814690915183,24.996971847725337,518925000
2022-02-02,25.134387969970703,25.70693546964293,24.448324260936168,25.684034709186335,543419000
2022-02-03,23.845901489257812,24.970087889771477,23.678618459668993,24.35372741378853,410178000
2022-02-04,24.21531867980957,24.529971431012495,23.531247360390374,23.869797957184883,354829000
2022-02-07,24.622577667236328,25.074640699200273,24.098819192519745,24.26809450688,376868000
2022-02-08,25.000953674316406,25.12243327791411,23.877762561815906,24.255146434255927,410359000
2022-02-09,26.59114646911621,26.611061657409135,25.244911267514784,25.51276352295215,524282000
2022-02-10,25.71390151977539,26.810207355807123,25.490857492439208,25.884173907605756,513200000
2022-02-11,23.84689712524414,26.040506046365,23.671648776457072,25.805512129420663,605472000
2022-02-14,24.163537979125977,24.76894557701756,23.653719855080432,23.831957540433464,440424000
2022-02-15,26.382043838500977,26.431829912184345,24.67833795995591,24.8426335224846,699869000
2022-02-16,26.397974014282227,26.468672364813905,25.44306293139375,26.147049472381745,732676000
2022-02-17,24.402515411376953,25.675066590866578,24.06197445592718,25.52072674309447,810595000
2022-02-18,23.54120635986328,24.879476296810182,23.001517271399226,24.562831248228793,761255000
2022-02-22,23.2902774810791,23.961403708378384,22.90194083125501,22.93679145884349,633422000
2022-02-23,22.291555404663086,24.052019342712313,22.205923511795177,23.700523668904758,566511000
2022-02-24,23.646757125854492,23.698535485921912,20.800941500265946,20.925408602396242,735801000
2022-02-25,24.05401039123535,24.113754059814244,23.28131966006848,23.6198702807105,528866000
2022-02-28,24.28104019165039,24.559847157502983,23.60593119558958,23.889716009396203,477319000
2022-03-01,23.376907348632812,24.27307180434672,23.033378906753704,24.187438016478104,412056000
2022-03-02,24.120849609375,24.309076976729223,23.319146643220492,23.658750292293792,389642000
2022-03-03,23.61692237854004,24.226416539633046,23.372924502534758,24.162677458354135,365095000
2022-03-04,22.84210777282715,23.583061545150027,22.389965840443992,23.288273750720784,431415000
2022-03-07,21.26459503173828,22.93871552707428,21.24268572682127,22.72359821703987,450821000
2022-03-08,21.42592430114746,22.281406917450838,20.56546109047921,21.221763621611906,557467000
2022-03-09,22.919782638549805,23.124938669540057,22.155922471831474,22.29534871623843,492742000
2022-03-10,22.56524658203125,22.694713569217846,21.792422296882368,22.43876567263354,428066000
2022-03-11,22.009525299072266,23.05024725471571,21.955745518411543,22.92774970967302,367209000
2022-03-14,21.24268341064453,22.170867384126904,21.072383887534045,21.7794765189099,385354000
2022-03-15,22.878957748413086,22.94369219754842,21.23471717688526,21.429913984102225,491996000
2022-03-16,24.395719528198242,24.49630589121448,23.077140259936503,23.403796625061247,671422000
2022-03-17,24.66461753845215,24.740304734658185,23.808137465094195,24.021262124146144,471941000
2022-03-18,26.34470558166504,26.460231824316143,24.523194587296928,24.69747741085638,730719000
2022-03-21,26.624557495117188,27.040847486368627,25.860697187971265,26.398487485905324,591727000
2022-03-22,26.415414810180664,27.126492498169284,25.965265566055862,26.617582876634945,547007000
2022-03-23,25.52906036376953,26.503055368285953,25.470301882639813,26.019044893201844,502120000
2022-03-24,28.034761428833008,28.204065572576116,25.80094361026962,26.058884112048176,877379000
2022-03-25,27.578636169433594,28.241910117249173,27.159360096245305,27.771842231076484,579016000
2022-03-28,28.103479385375977,28.134352617050098,27.094625830029123,27.642375427784486,425494000
2022-03-29,28.53868865966797,28.827500474518697,27.86545546506131,28.5775285613948,488984000
2022-03-30,27.57664680480957,28.37934706350977,27.390412047597884,28.188133610446798,463487000
2022-03-31,27.17429542541504,28.13235706761943,27.158362081398682,27.668265181187795,523440000
2022-04-01,26.60264778137207,27.38343868051935,26.1594698017538,27.26293373491524,517235000
2022-04-04,27.247997283935547,27.44518668797612,26.504055527761597,26.61858452561167,397120000
2022-04-05,25.824844360351562,27.2071627020829,25.714298707379786,27.14242826487716,436615000
2022-04-06,24.307086944580078,25.19643100477937,23.90474143009996,24.831930039640117,703833000
2022-04-07,24.10890007019043,24.620795851372538,23.381888921729562,24.340946042246006,557992000
2022-04-08,23.024354934692383,23.825064370958277,22.96758907146771,23.819088417079787,524781000
2022-04-11,21.82727813720703,22.228628253478472,21.571330249174363,22.123063188914138,575207000
2022-04-12,21.415966033935547,22.631968138584455,21.1948747421812,22.44473805178245,662258000
2022-04-13,22.11210823059082,22.407893303585002,21.367171071947986,21.639054224925435,516943000
2022-04-14,21.170974731445312,22.683757345759695,21.07636432042871,22.41286958131203,569097000
2022-04-18,21.693822860717773,21.9975726163944,20.992704516489646,21.11320943966605,525701000
2022-04-19,22.107128143310547,22.281410987109858,21.226746193463015,21.631084290617952,512781000
2022-04-20,21.394062042236328,22.577198594461343,21.113216842382243,22.42482503392664,468974000
2022-04-21,20.10038185119629,22.3003389887017,19.918130395810504,21.620134273420653,656209000
2022-04-22,19.435108184814453,20.402133738806455,19.42017020020564,20.219882348509838,624713000
2022-04-25,19.820524215698242,19.863347449845236,19.01782411842625,19.12338916520078,641566000
2022-04-26,18.711088180541992,19.706994507674615,18.593571203547693,19.637281368701824,653143000
2022-04-27,18.339614868164062,19.088535288837406,18.21512658445252,18.52186437824128,499460000
2022-04-28,19.701017379760742,19.954974541798094,18.414306664090166,18.88935323961421,570327000
2022-04-29,18.4710750579834,20.045602297833724,18.441197185099483,19.32257448999954,500435000
2022-05-02,19.453041076660156,19.493871705119716,18.31571574556032,18.46510132890273,572049000
2022-05-03,19.52175521850586,19.743843804731753,19.054675285256874,19.320582473628384,475751000
2022-05-04,20.250755310058594,20.316485100829365,18.67423569064355,19.841438581021603,648855000
2022-05-05,18.766860961914062,19.843435208726394,18.424269280704653,19.78567397204199,626331000
2022-05-06,18.598552703857422,19.43212631898755,17.91635729877483,18.65930381957469,633297000
2022-05-09,16.880611419677734,18.180267458938104,16.75811385880719,17.960173412210224,644455000
2022-05-10,17.522968292236328,18.1235003480761,16.955302082018957,17.6165833349949,761474000
2022-05-11,16.561920166015625,17.680323983243905,16.50017560428246,17.275985907406866,670167000
2022-05-12,16.108781814575195,16.71927317338393,15.503272000214082,16.15260230985151,708728000
2022-05-13,17.63351821899414,17.854609562915,16.52507542137206,16.719276866807252,670437000
2022-05-16,17.19332504272461,17.715180072849822,17.035972816221634,17.437322904145635,521446000
2022-05-17,18.10258674621582,18.29579278898957,17.561810417904773,18.000007771051944,585830000
2022-05-18,16.86865997314453,18.043829664901942,16.794963502496497,17.63252027278685,545161000
2022-05-19,17.053905487060547,17.614600639899894,16.66550061404829,16.867670675814722,621310000
2022-05-20,16.625656127929688,17.338724476895592,15.690500201719123,17.261044685045487,739105000
2022-05-23,16.82882308959961,16.845753691955995,16.112766693765444,16.207377095601466,639889000
2022-05-24,16.087865829467773,16.52905300438988,15.71539736561761,16.442409283517915,588550000
2022-05-25,16.90550994873047,17.040952887419728,15.934500919066734,15.954419501105296,781132000
2022-05-26,17.777923583984375,18.01793623253497,15.9564104502552,15.970353077975645,996575000
2022-05-27,18.733997344970703,18.803710493636046,18.025907407236858,18.111555803971783,738379000
2022-05-31,18.59556007385254,19.12139838703036,18.27487779966752,18.902297823512807,664100000
2022-06-01,18.244998931884766,18.97499788497941,18.047809575252625,18.647346215803537,544514000
2022-06-02,19.511789321899414,19.538679209275184,18.123497260738528,18.21711228754978,648656000
2022-06-03,18.643362045288086,19.252858009305765,18.446172677395946,19.003881477132655,598779000
2022-06-06,18.70909309387207,19.25783800037351,18.488001796850387,19.060648619208788,422406000
2022-06-07,18.84852409362793,18.92222057056187,18.11354434422296,18.396382141540013,388914000
2022-06-08,18.57558250427246,19.1055161089121,18.463020465534342,18.72599517911052,363252000
2022-06-09,17.977914810180664,18.859478331118886,17.97094202357339,18.409233910241724,395574000
2022-06-10,16.9080867767334,17.628278767149297,16.803493073192044,17.531655320031188,465248000
2022-06-13,15.5862398147583,16.248657445936082,15.545398661343508,15.937868732069086,604153000
2022-06-14,15.774505615234375,16.003612016416973,15.35215136745031,15.669912860368118,469680000
2022-06-15,16.46282196044922,16.80249737716836,15.86415501064633,16.03249841468416,563936000
2022-06-16,15.54041862487793,15.88009502147224,15.341195447240926,15.79841271116568,545749000
2022-06-17,15.81833553314209,15.932888741748645,15.268478991865372,15.587236076673541,630334000
2022-06-21,16.501672744750977,16.94195585735891,16.343289760595702,16.41102650097026,483089000
2022-06-22,16.296472549438477,16.59729988882193,16.117171209417034,16.162992114105894,437135000
2022-06-23,16.161996841430664,16.520597628121397,15.791440668578582,16.454853928901507,463680000
2022-06-24,17.059497833251953,17.07344340934076,16.24666644132576,16.435929188204064,472153000
2022-06-27,16.80349349975586,17.2627037776178,16.561437091028537,17.24477402510874,427968000
2022-06-28,15.919938087463379,17.135199826222774,15.88308111450523,16.834372525159395,461149000
2022-06-29,15.481647491455078,15.758567846845672,15.111092291433094,15.752591579090298,482352000
2022-06-30,15.100133895874023,15.50654951386169,14.804287295645784,15.301349140819207,686070000
2022-07-01,14.46660327911377,15.004506284421517,14.336112418461335,14.841143578722336,577610000
2022-07-05,14.905890464782715,14.912863251478607,14.000420913948414,14.119954807294123,651397000
2022-07-06,15.071247100830078,15.259513302763182,14.731570721690755,14.951713200390376,529066000
2022-07-07,15.796419143676758,15.883081194089858,15.329240527095354,15.395980736594536,492903000
2022-07-08,15.776498794555664,15.974726402731946,15.329241976596508,15.37008313178978,467972000
2022-07-11,15.093161582946777,15.466705368190304,14.9796039530425,15.465708848641963,437321000
2022-07-12,15.023431777954102,15.37107648181063,14.819227931417547,15.208709354081796,458483000
2022-07-13,15.10511589050293,15.315296992454249,14.408830785871842,14.533345395566592,521918000
2022-07-14,15.312307357788086,15.412914988487683,14.67080807841094,15.049332580525368,456235000
2022-07-15,15.700793266296387,15.720715108541247,15.385023849466009,15.598193546303452,385935000
2022-07-18,16.038476943969727,16.83138547101321,15.939862350377403,16.23869663998441,670517000
2022-07-19,16.926015853881836,17.043557657032984,16.109200448917402,16.42198027766924,702366000
2022-07-20,17.737852096557617,17.86336417339984,16.735759920763662,16.88119289080597,760538000
2022-07-21,17.97990608215332,18.07354091727774,17.476867973237123,17.815547810901403,557049000
2022-07-22,17.251745223999023,17.897227654554197,17.070450876572462,17.823515612161977,536671000
2022-07-25,16.9578914642334,17.05750351772412,16.58434768859962,16.95290981659082,480748000
2022-07-26,16.46880340576172,16.853304250961923,16.414016666430314,16.823420056796863,397865000
2022-07-27,17.72092056274414,17.86635353894504,16.84732523587989,16.965862630194085,569776000
2022-07-28,17.914165496826172,18.069559869258693,17.372279182649145,17.90520156953599,474646000
2022-07-29,18.092472076416016,18.173156925324996,17.623300329186787,17.743830767643395,435460000
2022-08-01,18.369394302368164,18.772822387172514,17.920145304952133,18.11139921407141,476469000
2022-08-02,18.454055786132812,18.86445649184929,18.02174115290596,18.05162533582695,489527000
2022-08-03,18.81963348388672,18.8943430004141,18.06656870107235,18.11338707008379,418146000
2022-08-04,19.140384674072266,19.199155581116848,18.68715160109545,18.77580669644715,409652000
2022-08-05,18.915264129638672,19.154331957599457,18.593518416599398,18.736958353398986,386068000
2022-08-08,17.72390365600586,18.168172751532033,17.175044663246958,17.434035232399516,981859000
2022-08-09,17.0196533203125,17.379251571998445,16.659059498937633,17.185009085897445,668263000
2022-08-10,18.026723861694336,18.047642220988486,17.24975215946494,17.629273135163704,597422000
2022-08-11,17.872329711914062,18.634360468808346,17.806586008570317,18.06059689418251,509327000
2022-08-12,18.636348724365234,18.645314550682862,17.883283911712684,18.089480817540075,478094000
2022-08-15,18.95809555053711,19.089582944835495,18.540723865569156,18.628381495120706,457666000
2022-08-16,18.80569076538086,19.067669997846224,18.429158316805072,18.846531923284925,451240000
2022-08-17,18.2637996673584,18.615429517874343,18.074538853147352,18.451071242381392,446799000
2022-08-18,18.70009994506836,18.79174174116326,18.112390926823224,18.229932730472253,415447000
2022-08-19,17.779687881469727,18.448081715081848,17.700994191090388,18.33452409224492,441588000
2022-08-22,16.967851638793945,17.489816937587364,16.900114915309967,17.422080214103385,409593000
2022-08-23,17.114282608032227,17.397180176245477,16.904101521089547,16.923028743581053,369986000
2022-08-24,17.155122756958008,17.338408253803493,16.829392914726995,16.94593725189229,522661000
2022-08-25,17.843441009521484,17.877309377171127,16.767634901441976,16.7785918674599,770691000
2022-08-26,16.196857452392578,17.8543951679038,16.173946054363714,17.787655912695254,769127000
2022-08-29,15.739643096923828,16.27455758661338,15.705775676424397,15.957793515595643,496132000
2022-08-30,15.407937049865723,15.976718964475275,15.123047357717592,15.898026205963157,530181000
2022-08-31,15.035388946533203,15.479657200303354,14.900912931720901,15.324262820960845,573710000
2022-09-01,13.882882118225098,14.324161764698152,13.218472299157947,14.15382528853648,1178865000
2022-09-02,13.59400749206543,14.11597195898287,13.538224239518152,14.045248511057261,743157000
2022-09-06,13.412713050842285,13.725493859595561,13.299155414870102,13.67767991813969,535751000
2022-09-07,13.664806365966797,13.788362113873305,13.298126385508025,13.514347994091015,512657000
2022-09-08,13.939817428588867,13.957753462874559,13.321045626435659,13.410721996850224,624873000
2022-09-09,14.3353910446167,14.422078851833046,14.075327622967663,14.106215606366773,486612000
2022-09-12,14.452966690063477,14.494815842064591,14.14706782384788,14.317454878749421,484159000
2022-09-13,13.083895683288574,13.87205855128794,13.052010885075777,13.752489132610048,714956000
2022-09-14,13.080907821655273,13.242326402784114,12.866678912295647,13.206455290226598,588507000
2022-09-15,12.882620811462402,13.185530199582288,12.744119495023593,12.968312751976555,523625000
2022-09-16,13.150655746459961,13.164605464480621,12.571739597842733,12.6962911946005,670751000
2022-09-19,13.33399486541748,13.41470462187878,12.963329595471533,12.96532227645463,569685000
2022-09-20,13.128734588623047,13.434633475375263,13.010161983326146,13.167595196842449,524818000
2022-09-21,13.213431358337402,13.980669759694642,13.06297298523187,13.16560415413887,807679000
2022-09-22,12.515941619873047,13.10183266935545,12.38341928920965,13.023115583255532,759162000
2022-09-23,12.471100807189941,12.5657602771744,12.213030099787952,12.375445471878537,663309000
2022-09-26,12.184136390686035,12.61359104915648,12.170186671175692,12.446193464778984,547343000
2022-09-27,12.3684720993042,12.690313385658438,12.214028382542947,12.462134764959494,553854000
2022-09-28,12.690314292907715,12.777002105621296,12.309684609382174,12.365483486484552,542414000
2022-09-29,12.176163673400879,12.455158968218063,11.903146421572972,12.403345461298121,532763000
2022-09-30,12.095455169677734,12.587683536419725,12.031684619918396,12.043641657389104,565638000
2022-10-03,12.467116355895996,12.632521236553906,12.061575828714862,12.302708290891008,547478000
2022-10-04,13.119768142700195,13.17257847359488,12.832801128271297,12.832801128271297,584182000
2022-10-05,13.161616325378418,13.273215022829856,12.57572625208159,12.864685926402442,507131000
2022-10-06,13.082900047302246,13.607013197671234,13.055996476257599,13.172577350446693,644157000
2022-10-07,12.032681465148926,12.624550545260242,11.978875271525471,12.460142467451544,672478000
2022-10-10,11.62813663482666,12.08050753530761,11.367076415950967,11.993819734228161,698699000
2022-10-11,11.544439315795898,11.803505925509853,11.242525784323794,11.51952842526829,667482000
2022-10-12,11.458746910095215,11.692903570079896,11.304303196073544,11.537463990629318,492590000
2022-10-13,11.917098999023438,12.034675758311112,10.774213026112694,10.931646265654487,850103000
2022-10-14,11.186726570129395,12.067555297007958,11.163809311742797,12.013749105457423,713432000
2022-10-17,11.845354080200195,11.90513926216049,11.475685618444233,11.476681483829186,580774000
2022-10-18,11.924072265625,12.44718861782601,11.576324213052954,12.299719755620746,659362000
2022-10-19,12.007769584655762,12.305697731615245,11.791548012253855,11.836386661619711,523131000
2022-10-20,12.150256156921387,12.723193243429106,12.06157473125038,12.06954640498869,652398000
2022-10-21,12.421279907226562,12.45316565230335,11.84435745216042,12.054600015489106,609494000
2022-10-24,12.553805351257324,12.664407237339118,12.020724633774568,12.463132178101741,517457000
2022-10-25,13.213431358337402,13.252291971392953,12.6185727259184,12.648465797577563,505482000
2022-10-26,12.849739074707031,13.339973788252896,12.662413746395243,12.822836454280946,532953000
2022-10-27,13.128734588623047,13.788360510627266,13.07492839668743,13.581106467465899,583113000
2022-10-28,13.78437614440918,13.800319496329138,13.014149183187982,13.056995159747698,521040000
2022-10-31,13.448582649230957,13.78835995245815,13.24930028897117,13.728574769253589,486341000
2022-11-01,13.494421005249023,13.875050727465137,13.470506926844779,13.7614593301717,432817000
2022-11-02,13.171581268310547,14.159026573083835,13.163610543300285,13.800318290781895,672628000
2022-11-03,13.372855186462402,13.731564388380816,12.909524051073214,12.99621185480263,500065000
2022-11-04,14.105217933654785,14.177956013160445,13.64786393146218,13.935827703250586,612576000
2022-11-07,14.249698638916016,14.360300516988321,13.90394423701555,14.176960552458848,410061000
2022-11-08,14.549619674682617,14.837582527688992,14.165003709961418,14.747905225291545,595292000
2022-11-09,13.726581573486328,14.160021522270355,13.709642359692431,14.111196561878556,454414000
2022-11-10,15.693500518798828,15.71641777595713,14.494815934563771,14.746908614064782,700819000
2022-11-11,16.268430709838867,16.330208574296904,15.426462616385566,15.750296571579392,655487000
2022-11-14,16.23654556274414,16.480667518589406,15.864883468839679,16.159822116780518,527852000
2022-11-15,16.606218338012695,16.93702626168871,16.323236669194443,16.662017219102463,545876000
2022-11-16,15.852928161621094,16.303306431643236,15.816061182952085,16.1040250035794,649547000
2022-11-17,15.62076473236084,16.207652616827055,15.479273906047151,15.658628528149201,710894000
2022-11-18,15.35372543334961,15.944598642065296,15.065761621009438,15.90872657967121,492072000
2022-11-21,15.262055397033691,15.421481294578124,15.025905097362354,15.092665143329405,404739000
2022-11-22,15.980469703674316,16.0003984171812,15.067755150531777,15.273016528487188,472866000
2022-11-23,16.45974349975586,16.46771612556409,15.99043426388969,16.040254147784076,427241000
2022-11-25,16.211637496948242,16.427858142364496,16.11398946353445,16.259465648152826,167934000
2022-11-28,15.770225524902344,16.29832500895063,15.668592130839407,15.968511085101463,303741000
2022-11-29,15.582901000976562,15.874850195864996,15.464328384954916,15.770226349121932,298384000
2022-11-30,16.866605758666992,16.873582401297774,15.545024337202593,15.644690524714274,565298000
2022-12-01,17.07790184020996,17.20746780911725,16.57956797350174,16.942355347832123,470977000
2022-12-02,16.819761276245117,16.876572437618908,16.390197799139116,16.60348535757367,371389000
2022-12-05,16.554649353027344,16.938366605030453,16.417108738331706,16.623419660375163,352255000
2022-12-06,15.933727264404297,16.51777403742583,15.766286867339783,16.474918055552177,352694000
2022-12-07,16.066286087036133,16.132066147916248,15.614794545863099,15.719445161170468,372388000
2022-12-08,17.11178970336914,17.12175660926792,15.905820703517822,16.218775465562125,515456000
2022-12-09,16.94434928894043,17.5244106979877,16.918436852955416,17.102819869864998,465338000
2022-12-12,17.476572036743164,17.47956229907445,16.74103213701686,16.980232212594135,457328000
2022-12-13,18.011781692504883,18.727389611689624,17.651984541709513,18.469251865722775,656589000
2022-12-14,17.615102767944336,18.191177653739228,17.36194948910425,17.92705944978632,496888000
2022-12-15,16.895511627197266,17.26228539533921,16.64435244524807,17.088865417042985,478542000
2022-12-16,16.51578140258789,16.984216489206464,16.355318584988897,16.807806241482627,478232000
2022-12-19,16.1998348236084,16.553651364106894,16.09119880078537,16.51677591008969,354039000
2022-12-20,16.03139877319336,16.255649382131462,15.799176351187127,16.010468843091985,403260000
2022-12-21,16.446014404296875,16.571595897427166,16.048343794868938,16.060304842306547,325025000
2022-12-22,15.287885665893555,16.084223899243984,14.832408745526728,16.040369896727526,565045000
2022-12-23,15.155330657958984,15.287886895394593,14.83340700919184,15.14536375199491,349326000
2022-12-27,14.073945045471191,15.049682826445732,14.009161111934528,15.023769443130346,464902000
2022-12-28,13.989230155944824,14.214476922152242,13.837736217329413,13.88059315527946,351066000
2022-12-29,14.554338455200195,14.634071797044276,14.179591938632296,14.354008980352377,354923000
2022-12-30,14.565301895141602,14.580251302126825,14.185570989377842,14.28623425846336,310490000
2023-01-03,14.267297744750977,14.946029157402801,14.049027654749226,14.801511884284999,401277000
2023-01-04,14.69985294342041,14.803506485615852,14.193546280154266,14.518460195074866,431324000
2023-01-05,14.217464447021484,14.515467863086679,14.100853753433299,14.442711169863427,389168000
2023-01-06,14.809486389160156,14.959983243102146,13.987235680701085,14.425769075047109,405044000
2023-01-09,15.575921058654785,16.00249427719532,15.090543487719035,15.23306755109054,504231000
2023-01-10,15.855986595153809,15.908809480593666,15.42044254309106,15.455325759984621,384101000
2023-01-11,15.947678565979004,15.974589018428674,15.511138407767845,15.787215773433328,353285000
2023-01-12,16.45598030090332,16.58155988533878,15.44037584745414,16.046350570153667,551409000
2023-01-13,16.842687606811523,16.865611678653806,16.11113426118995,16.22375667699758,447287000
2023-01-17,17.64301300048828,17.668927336507764,16.842689261696506,16.842689261696506,511102000
2023-01-18,17.319095611572266,17.81344118394388,17.224410962438323,17.60812825910423,439624000
2023-01-19,16.70913314819336,17.139694698743703,16.675247952454153,16.979229999863364,452932000
2023-01-20,17.779552459716797,17.79649600513695,16.768931662608438,16.954310740218375,564967000
2023-01-23,19.129043579101562,19.180870344101777,17.75862551866824,18.00380415598392,655163000
2023-01-24,19.200801849365234,19.430036855773828,18.75728504510627,18.764261688305943,496204000
2023-01-25,19.25861167907715,19.30545594731295,18.518087479978714,18.84997803686339,449537000
2023-01-26,19.73601531982422,20.09880270917431,19.213761238604867,19.63535204186898,489535000
2023-01-27,20.297136306762695,20.559260383334514,19.340336282657464,19.397145547454056,542142000
2023-01-30,19.09814453125,20.07288414739655,19.08618348633209,19.883518678793106,488611000
2023-01-31,19.471893310546875,19.62139305311499,18.886849603242535,19.106115765609612,498017000
2023-02-01,20.873212814331055,21.1213817226709,19.545650683627567,19.62538402504865,660477000
2023-02-02,21.636655807495117,21.875855795019138,20.631019359616392,20.93001886877329,564276000
2023-02-03,21.02968978881836,21.672540940249053,20.71972529905481,20.93002263417135,429366000
2023-02-06,21.018726348876953,21.49812252080445,20.716734629117404,20.736668439852636,452197000
2023-02-07,22.09911346435547,22.184827328430092,21.079521682438997,21.310748940899305,664150000
2023-02-08,22.13100814819336,22.801765903840348,21.934664092168923,22.31240089472821,559651000
2023-02-09,22.262569427490234,22.943294124655456,22.046293449181803,22.5306740800766,523876000
2023-02-10,21.19413948059082,22.00443010232316,20.74165374341449,21.6177244226343,550737000
2023-02-13,21.71539878845215,21.97453265239466,20.89215094788676,21.4662318309297,474919000
2023-02-14,22.894453048706055,22.972192242637163,21.294800040276197,21.506093473695493,675474000
2023-02-15,22.688142776489258,22.778839139042542,22.032336407803555,22.47385907538401,420575000
2023-02-16,21.92868423461914,22.474856585066412,21.853933394359046,22.059246323523663,412026000
2023-02-17,21.316726684570312,21.667552957905706,20.90510286763505,21.558916936890704,465888000
2023-02-21,20.586172103881836,21.422375105842487,20.549294744904135,20.930021777294268,410015000
2023-02-22,20.684843063354492,21.03367717070481,20.3529525061691,20.6380006960692,513184000
2023-02-23,23.585145950317383,23.808400461151948,22.94827529850247,23.361893340475753,1117995000
2023-02-24,23.208406448364258,23.39578162812699,22.870537254569477,23.14761079034492,589716000
2023-02-27,23.422685623168945,23.800422369181604,23.375843263094975,23.59112307758857,452994000
2023-02-28,23.13863754272461,23.745609343959064,23.128670637340598,23.294117844928124,455963000
2023-03-01,22.62236213684082,23.178503244860902,22.432994752211638,23.11471543588402,460026000
2023-03-02,23.236312866210938,23.30209292749656,22.357251874394603,22.41306693029748,389415000
2023-03-03,23.810394287109375,23.82036119371135,23.052926494296837,23.242293917748235,412393000
2023-03-06,23.47551155090332,24.16719726800564,23.408733477576387,23.811388454961868,437429000
2023-03-07,23.21434211730957,24.04869465009514,23.167489892153753,23.525355561288883,515154000
2023-03-08,24.104516983032227,24.12345789128584,23.349911350313405,23.412711812029624,513573000
2023-03-09,23.361873626708984,24.37665338080257,23.309039864365545,24.098534615353046,501257000
2023-03-10,22.892362594604492,23.55226936391661,22.654118224508185,23.334958480231546,474866000
2023-03-13,22.893356323242188,23.22430691098968,22.22647370103853,22.68003442386319,421890000
2023-03-14,23.986888885498047,24.14239559716936,23.385795524923413,23.421682859195702,474910000
2023-03-15,24.151369094848633,24.20918430620047,23.286114490388712,23.68584522635948,524486000
2023-03-16,25.460214614868164,25.507064935559395,23.818422785484607,23.951003432054158,583253000
2023-03-17,25.643630981445312,26.3154988744337,25.58681016478867,25.89981804779798,848547000
2023-03-20,25.81808090209961,25.941689251957087,25.050515867118953,25.533982476387376,432747000
2023-03-21,26.116134643554688,26.3085249951989,25.300723004441352,26.09719563603672,547408000
2023-03-22,26.384279251098633,27.501733695308825,26.154009031774457,26.341414093559983,797295000
2023-03-23,27.104991912841797,27.412018238340906,26.605577177571398,27.02923209610895,564889000
2023-03-24,26.69429588317871,27.081069104608634,26.271637231409848,26.94549959949804,454920000
2023-03-27,26.447086334228516,26.914602816630044,26.281611003710644,26.752118256115214,361026000
2023-03-28,26.326465606689453,26.42914045882786,25.768237406573,26.363349230566957,356104000
2023-03-29,26.898645401000977,26.992347930047334,26.512870398647703,26.740149844240367,393694000
2023-03-30,27.296388626098633,27.412022850595726,27.016277275445294,27.142876388177367,364516000
2023-03-31,27.68914031982422,27.745959234891043,27.019265008815836,27.054154149877146,433933000
2023-04-03,27.87654685974121,27.911436002639256,27.249536675681906,27.421989811329777,398716000
2023-04-04,27.366165161132812,27.911435879998983,27.220627051021687,27.877543026671038,368592000
2023-04-05,26.795978546142578,26.912607163282487,26.31151565571502,26.74414297141955,515015000
2023-04-06,26.951480865478516,26.99434412357807,26.34340972671135,26.499912714821207,397654000
2023-04-10,27.491771697998047,27.533638674959434,26.584650061202737,26.738162310061163,395279000
2023-04-11,27.08306312561035,27.702099147015957,27.040197966487828,27.63630792496598,314378000
2023-04-12,26.411195755004883,27.381117678822534,26.36434353627186,27.28342808388289,446259000
2023-04-13,26.379295349121094,26.801953999694348,26.24572032443633,26.649438069211914,353615000
2023-04-14,26.673364639282227,26.79796926788527,26.13706621130104,26.420168322960834,395660000
2023-04-17,26.91659164428711,26.920578703015185,26.34939118660513,26.480973631209377,321471000
2023-04-18,27.579490661621094,28.02109026862938,27.270471706452536,27.445915621619545,604812000
2023-04-19,27.842653274536133,27.911435269103396,27.145864822992923,27.274456503625604,358660000
2023-04-20,27.01827049255371,27.94134215983428,26.914599351934957,27.583476516154896,427713000
2023-04-21,27.033222198486328,27.09702084669948,26.637478546679382,26.866750601318966,345103000
2023-04-24,26.956466674804688,27.27944127802104,26.586639849155418,26.92755907031357,339282000
2023-04-25,26.157995223999023,27.160813620648227,26.142046990265335,26.99234756795708,378527000
2023-04-26,26.87073516845703,27.24355272101591,26.620529651196374,26.91659109618502,406337000
2023-04-27,27.13988494873047,27.408035115051412,26.54078605798617,27.276452656846956,377161000
2023-04-28,27.66123390197754,27.67020431051468,26.98537693252425,27.13889108167587,292216000
2023-05-01,28.81855583190918,28.96608841417271,27.69213092438785,27.751940608520385,570329000
2023-05-02,28.120769500732422,28.744790786364405,27.994172302997715,28.58928408497182,402730000
2023-05-03,27.714065551757812,28.27727905481044,27.38510937944624,27.7519454686492,383387000
2023-05-04,27.474817276000977,27.77087679857131,27.153835311361888,27.5635345531882,321850000
2023-05-05,28.58928680419922,28.664048441913906,27.643289040070506,27.73798787503542,361494000
2023-05-08,29.058794021606445,29.127576016939173,28.260328904734493,28.43178384704761,344979000
2023-05-09,28.48063087463379,28.881359799846795,28.360015202328924,28.807594450396753,314869000
2023-05-10,28.793636322021484,29.02091579172388,28.370977656526804,28.91325569457964,369350000
2023-05-11,28.48760986328125,28.8584349085419,28.15666111611045,28.804604853160228,322149000
2023-05-12,28.250364303588867,28.68897317140732,27.957293564906564,28.438765699038676,274222000
2023-05-15,28.861419677734375,28.877369814441632,28.06295457930079,28.4178275338678,293926000
2023-05-16,29.1205997467041,29.775523171518977,28.740806219257955,28.749776627024,449405000
2023-05-17,30.082544326782227,30.103477811017896,29.336911110410703,29.49042332813896,432535000
2023-05-18,31.577800750732422,31.727325914629347,30.22409635534029,30.313811833941568,748725000
2023-05-19,31.165111541748047,31.48011201484415,30.818212695710137,31.43625056372688,473908000
2023-05-22,31.077390670776367,31.420302459294863,30.582959233506156,30.803258976791746,372000000
2023-05-23,30.5909366607666,31.189039301220525,30.53411773699589,30.901950109855278,356253000
2023-05-24,30.441404342651367,30.510186329824062,29.71171940636352,30.114440831259103,721419000
2023-05-25,37.859867095947266,39.3551225285011,36.51912017458201,38.40114883242656,1543911000
2023-05-26,38.822818756103516,39.04610930402264,37.43123418725733,37.77015897004827,714397000
2023-05-30,39.984130859375,41.8053518099001,39.82264450499864,40.4666011461992,923401000
2023-05-31,37.71432876586914,40.1675430373075,37.70236568816468,39.36309641035941,1002580000
2023-06-01,39.64421463012695,39.92332782034196,38.21873717558826,38.36726417962924,635873000
2023-06-02,39.20260238647461,40.37189234380446,38.93445227046938,39.97016721574659,482731000
2023-06-05,39.0471076965332,39.43985871743566,38.58457457981163,38.78593534052818,396094000
2023-06-06,38.53173828125,39.03613834073106,38.02733822176895,38.70718409484521,388729000
2023-06-07,37.36033248901367,39.378141523481524,37.241697122376735,38.79592881153469,511998000
2023-06-08,38.39215850830078,38.74507536675845,37.390236526079995,37.60856435210394,417772000
2023-06-09,38.65137481689453,39.589493696488056,38.44899682390139,38.91755616586712,427717000
2023-06-12,39.3611946105957,39.40904807873509,38.49983979013749,39.080059763680346,388701000
2023-06-13,40.896480560302734,40.97524120979665,39.61840552630367,40.06304000704874,613208000
2023-06-14,42.86542892456055,42.86841810152168,40.427907233726714,40.6990780658338,740465000
2023-06-15,42.52249526977539,43.15655089419858,42.018042951563174,42.47165262178882,568622000
2023-06-16,42.561370849609375,43.587221609742976,42.53046366608263,43.317050916384595,655709000
2023-06-20,43.6739501953125,43.85539630398405,42.543421257103255,42.86643115503074,451153000
2023-06-21,42.91328811645508,43.481547516431846,41.95124449603973,43.367894115226505,551603000
2023-06-22,42.89335250854492,43.29312268887753,42.10477246580242,42.12371153008249,417737000
2023-06-23,42.07984924316406,42.678011851996246,41.886442597723466,42.33407006327904,358140000
2023-06-26,40.50766372680664,42.63313965450452,39.977290186433514,42.33106545231296,594322000
2023-06-27,41.74787139892578,41.811674756586335,40.32424305595563,40.6741670319384,462175000
2023-06-28,40.991188049316406,41.716961105450416,40.39402188289312,40.53558567810239,582639000
2023-06-29,40.69709014892578,41.4727094781301,40.47576930987673,41.430838173608656,380514000
2023-06-30,42.17255783081055,42.41980006839875,41.37401012697036,41.552463254955796,501148000
2023-07-03,42.28322219848633,42.76673879586181,42.07286928017555,42.38690406882019,198209000
2023-07-05,42.18751907348633,43.04488443654503,41.95622669958026,42.00607294813804,323618000
2023-07-06,41.97416687011719,42.04993452563393,41.219483295168246,41.71596052713125,303582000
2023-07-07,42.37294387817383,43.08177063947781,42.05093416959679,42.19249796154775,355881000
2023-07-10,42.050933837890625,42.680003559932054,41.521556604913506,42.52647545344216,353908000
2023-07-11,42.275245666503906,42.62716617688633,41.93828245284964,42.351013330555574,298244000
2023-07-12,43.76766586303711,43.80056583036438,42.64610822063504,42.90132541025079,481277000
2023-07-13,45.83631896972656,46.01377191487625,44.35586222212897,44.381783639889846,478204000
2023-07-14,45.32987976074219,47.940865860168145,44.922130787066145,46.44046966052176,772075000
2023-07-17,46.31884002685547,46.3537327838852,45.1235111481618,46.147369222609534,510488000
2023-07-18,47.34867858886719,47.74944898576326,45.594065463977465,46.5581057196224,569164000
2023-07-19,46.93294906616211,47.67168281088611,46.59897504315981,47.31876592185892,427502000
2023-07-20,45.380714416503906,46.942920912803515,44.9241156620399,46.36469382160293,537865000
2023-07-21,44.17341995239258,45.72565880367255,43.965059822678604,45.64789454996022,963769000
2023-07-24,44.475486755371094,44.97096757785601,43.90523847536923,44.594122098058854,382516000
2023-07-25,45.53923034667969,46.04168599596265,44.78554306973034,44.803489544215395,348081000
2023-07-26,45.312923431396484,45.912086196628444,44.493440026375104,45.88018262099463,364237000
2023-07-27,45.759559631347656,47.24998426093751,45.61001707056192,46.376665137451575,455976000
2023-07-28,46.606956481933594,46.88310935590441,46.23908604851757,46.52520665161332,331194000
2023-07-31,46.58601379394531,46.985787745643954,46.36369657868276,46.610938817532,251055000
2023-08-01,46.36469650268555,46.75649554152621,45.886165676964275,46.31783943234634,237858000
2023-08-02,44.133544921875,45.69973706046443,43.25424373168055,45.69076572472491,530142000
2023-08-03,44.3787956237793,44.97995124703114,43.66598317678985,43.66598317678985,324176000
2023-08-04,44.54328918457031,45.502343664999096,44.257168589781394,44.84735625489334,362666000
2023-08-07,45.278038024902344,45.400662778704984,44.42665090610347,44.97297453243762,322154000
2023-08-08,44.52733612060547,45.10356664242382,43.92119480836412,44.715756986658505,353843000
2023-08-09,42.42379379272461,44.17641407263371,42.005076934408166,44.138528337331145,586449000
2023-08-10,42.258296966552734,43.440668733202855,41.70698769798923,42.03099398742127,492705000
2023-08-11,40.72998809814453,41.889431464332574,40.51464942799337,41.623246353337215,533085000
2023-08-14,43.61912155151367,43.665978621737146,40.187655955736346,40.36211972462702,690286000
2023-08-15,43.805538177490234,45.12947729570595,43.57624245507038,44.42364365847309,676512000
2023-08-16,43.35294723510742,44.53830846558312,43.27319018328481,44.38378393145876,527451000
2023-08-17,43.21137619018555,43.927177736442225,42.86942340203336,43.83546018459533,452395000
2023-08-18,43.16652297973633,43.44466868724307,41.53253769420619,42.504553081305225,583768000
2023-08-21,46.82329177856445,46.92099149712555,44.086691857163586,44.35785896625514,692573000
2023-08-22,45.52825927734375,48.03955236680591,45.194285260085415,47.98770953500303,755293000
2023-08-23,46.971839904785156,47.055582524189234,45.06967688525946,45.725664540283454,779046000
2023-08-24,47.0186882019043,50.11219423827407,47.014702631702306,50.06234798957418,1156044000
2023-08-25,45.877193450927734,47.65872425455991,44.88623165435981,46.8681514444708,925341000
2023-08-28,46.69169998168945,46.83625678757084,44.75065853629143,46.33977940222967,685192000
2023-08-29,48.63473129272461,48.93082341552477,46.249051833640735,46.52321191086775,701397000
2023-08-30,49.113258361816406,49.7742278710723,48.276824895402335,48.89393031688107,735206000
2023-08-31,49.2039794921875,49.59178914058814,48.8081949008338,49.228904516562515,528570000
2023-09-01,48.360565185546875,49.64761519313272,47.994687598350154,49.60973326514342,463830000
2023-09-05,48.39944839477539,48.7015226451209,47.7135538785842,48.075442101099355,382653000
2023-09-06,46.92086410522461,48.404432152677344,46.441297415473116,48.29675585100986,468670000
2023-09-07,46.103309631347656,46.206003567946354,45.01755163903208,45.38944205496558,433330000
2023-09-08,45.43629837036133,46.46721981309031,45.13619596961709,45.805199355822154,473069000
2023-09-11,45.043479919433594,46.025543800241316,44.180057385036044,46.01058907259866,473966000
2023-09-12,44.736392974853516,45.53700334292315,44.398401689358636,44.604786051563885,349256000
2023-09-13,45.34956359863281,45.793238253815964,44.370485369123514,44.46719666176669,398355000
2023-09-14,45.445274353027344,45.85006363868303,44.996613561123056,45.8131750613874,370097000
2023-09-15,43.76927947998047,45.4632178335496,43.67755057038964,45.20598666420072,506831000
2023-09-18,43.8350830078125,44.11026214230338,41.87493751856223,42.62071131068282,500271000
2023-09-19,43.39040756225586,43.83507862136541,42.873948499445426,43.702475243933286,373064000
2023-09-20,42.113216400146484,43.772262694137574,42.09726520219276,43.47016358744601,367108000
2023-09-21,40.894859313964844,41.97463457715853,40.85797073876032,41.45917578549763,450736000
2023-09-22,41.48609161376953,41.989588856489306,41.108218612281895,41.448202764506604,479236000
2023-09-25,42.096282958984375,42.40934719385333,41.05439249740193,41.46716126153223,419091000
2023-09-26,41.78620147705078,42.692495155477644,41.53096324756663,41.87593363739022,402282000
2023-09-27,42.3415412902832,42.744341431006085,41.50504268914909,42.20395553022343,444935000
2023-09-28,42.960693359375,43.31662875856255,41.98959464052307,42.33356473794384,424663000
2023-09-29,43.36947250366211,44.01255232767132,43.178042888017536,43.696494927606466,397830000
2023-10-02,44.64865493774414,45.04048245716081,43.73039595276652,43.898891446595,433298000
2023-10-03,43.387413024902344,44.995612589410996,43.117220102153354,44.67456903988094,470850000
2023-10-04,43.90985870361328,44.011556163058,43.16308846642664,43.61174925416727,361821000
2023-10-05,44.554927825927734,44.76629832762735,43.75731082612685,43.91882717512689,393483000
2023-10-06,45.625732421875,45.65265244811673,43.894901766019856,44.06140429622766,434436000
2023-10-09,45.1381950378418,45.469207213017526,44.23589096073579,44.708478616295075,409675000
2023-10-10,45.661624908447266,46.12125070086953,44.95374003044169,45.17507908955567,368582000
2023-10-11,46.666622161865234,46.71946573957931,45.91287284021887,46.05843799423147,378137000
2023-10-12,46.805213928222656,47.46723822927066,46.19204731268838,46.63771490362162,481325000
2023-10-13,45.32563018798828,46.97570471236393,45.145169391645375,46.82016719199545,474115000
2023-10-16,45.957740783691406,46.0873509348349,44.778261024252274,44.92881235422657,375099000
2023-10-17,43.80715560913086,44.62072750788772,42.35349724282602,43.868971251552885,812333000
2023-10-18,42.07034683227539,43.090303133703976,41.700453218071786,42.46417104768787,627294000
2023-10-19,41.97563171386719,43.16806936588705,41.75728209596725,42.68351653502678,501233000
2023-10-20,41.263763427734375,42.34353877331354,40.95568161669413,41.76526400722088,477266000
2023-10-23,42.8470344543457,43.119224175669935,40.82308027803106,41.10623502417962,478530000
2023-10-24,43.53297805786133,43.566877207845934,42.563876171456435,42.94872451539136,401463000
2023-10-25,41.65459442138672,43.52002535417708,41.43126239759443,43.26877302407248,398379000
2023-10-26,40.20592498779297,42.130178498809435,39.76125385517592,41.72837859858881,541001000
2023-10-27,40.37940216064453,41.08330116511961,39.895845748458264,41.00752725918924,416784000
2023-10-30,41.03843688964844,41.64163496442114,40.36046137678986,40.96465972958588,388028000
2023-10-31,40.6585693359375,40.75727737613491,39.11318548755272,40.329553945294535,517969000
2023-11-01,42.198970794677734,42.25480380163395,40.74730500713954,40.7622597335259,437593000
2023-11-02,43.37645721435547,43.7533300399268,42.76627999009409,43.198985826861175,409172000
2023-11-03,44.87099075317383,45.17408258825645,43.59280664299351,43.88892315557369,424610000
2023-11-06,45.614768981933594,45.798223011195105,44.765304753189504,45.15015696243412,400733000
2023-11-07,45.81816101074219,46.080374555632474,45.02353336587058,45.582863690228386,343165000
2023-11-08,46.43531799316406,46.72744479735544,45.83111967900613,45.96272659241924,346719000
2023-11-09,46.810203552246094,48.08639103748271,46.61079830684319,47.32566244139073,540496000
2023-11-10,48.19107437133789,48.32766746778713,47.14220871523475,47.358561621942854,421245000
2023-11-13,48.475223541259766,48.969748796661186,47.95577501016581,48.1761176095815,384136000
2023-11-14,49.50813674926758,49.6856081153753,48.89397370012533,49.532067353089744,416954000
2023-11-15,48.74241638183594,49.81122266179067,48.05646545833198,49.78629939156406,475497000
2023-11-16,49.332664489746094,49.37753247238456,48.18609109090698,48.53405091082967,339756000
2023-11-17,49.15120315551758,49.568954199838785,48.86106931599939,49.3765281147281,325205000
2023-11-20,50.2588996887207,50.397485733557765,49.03455561243681,49.16516605663654,414120000
2023-11-21,49.7952766418457,50.366568411025234,49.07542649691953,49.97673388984551,565747000
2023-11-22,48.57093811035156,50.18511670142029,47.547992253967436,49.703557028583894,899420000
2023-11-24,47.63374328613281,48.7753343936509,47.6028335530589,48.32567707703601,294645000
2023-11-27,48.09835433959961,48.385494990493825,47.51011098197541,47.65766910789753,395662000
2023-11-28,47.67860412597656,48.17911204503058,47.33164078012809,48.09236930689928,401491000
2023-11-29,47.99665069580078,48.616800180789156,47.71748568176772,48.2349412356402,382005000
2023-11-30,46.63072967529297,47.96673960192544,46.283766368785,47.88099334816859,526247000
2023-12-01,46.62574005126953,47.059446054000745,46.049462133229746,46.38645686608777,369317000
2023-12-04,45.37447738647461,45.939790296925786,44.87596630034032,45.939790296925786,437543000
2023-12-05,46.431427001953125,46.46532533448676,45.14016755025648,45.33460369954444,371718000
2023-12-06,45.371490478515625,47.25004822206123,45.2807538725136,47.07854443551646,380590000
2023-12-07,46.461334228515625,46.49423979899288,45.47220061553475,45.56792383673814,350823000
2023-12-08,47.36871337890625,47.60303486322498,46.41547483619609,46.46034676903338,359224000
2023-12-11,46.492244720458984,47.39363144924944,45.69755100849952,47.35374994188855,509728000
2023-12-12,47.51926803588867,47.5282408991093,45.91292392475919,45.91292392475919,372387000
2023-12-13,47.94902801513672,48.45356620387965,47.47041566072205,47.49135487990882,447792000
2023-12-14,48.210262298583984,48.52933716331639,47.28494671232897,48.25014760759364,391232000
2023-12-15,48.74870300292969,49.2612174369844,47.98092791403106,48.05471535600333,479948000
2023-12-18,49.93227767944336,50.28724783914224,49.00795855556237,49.25723605827901,412587000
2023-12-19,49.46064376831055,49.55636699628033,48.75369315436852,49.281163666785375,464444000
2023-12-20,47.971961975097656,49.85450624808912,47.958999057496804,49.511498623849185,397894000
2023-12-21,48.848419189453125,48.953115280045736,48.27906644393615,48.66993565248791,300425000
2023-12-22,48.688880920410156,49.24028032151343,48.326927237730985,49.05282392386867,252507000
2023-12-26,49.1365852355957,49.45665670800159,48.8185068878219,48.826483190023204,244200000
2023-12-27,49.27418518066406,49.536425600159234,48.94314392704513,49.36791528650649,233648000
2023-12-28,49.37887954711914,49.73983287122963,49.26919684127221,49.49953204501984,246587000
2023-12-29,49.37887954711914,49.85250906748791,48.61010784761711,49.66903891502132,389293000
2024-01-02,48.0287971496582,49.15253910375024,47.4574550266933,49.101687798613916,411254000
2024-01-03,47.431522369384766,48.04474284454288,47.183241449788504,47.34776550065434,320896000
2024-01-04,47.859291076660156,48.3598392451417,47.37070546015492,47.62895584693761,306535000
2024-01-05,48.955101013183594,49.40380119345811,48.16638677946172,48.321937950337194,415039000
2024-01-08,52.10197830200195,52.123917882916416,49.33599736815209,49.36890293585165,642510000
2024-01-09,52.98642349243164,54.16800018278708,51.54061326714163,52.24956080282397,773100000
2024-01-10,54.192928314208984,54.442205820352854,53.334416522190715,53.4610522035269,533796000
2024-01-11,54.6635627746582,55.18605048150879,53.40521272938546,54.840053191345746,596759000
2024-01-12,54.55188751220703,54.811138243808735,54.172988448593486,54.46214745952533,352994000
2024-01-16,56.219051361083984,56.67074127144449,54.74133601464206,54.858995015384636,449580000
2024-01-17,55.8910026550293,56.30779386315222,54.58179762947745,56.18415168775575,474394000
2024-01-18,56.941959381103516,57.43353464294008,55.94484937824919,57.094517089822695,491650000
2024-01-19,59.319061279296875,59.32803414176751,57.05960778546638,57.82139962518428,543501000
2024-01-22,59.481597900390625,60.15664330232137,58.89928603895681,59.87545679775879,452955000
2024-01-23,59.69996643066406,59.736858252012084,58.41568677878363,59.39784070948938,294654000
2024-01-24,61.184661865234375,62.66736391279241,59.76477747230483,60.12972084943654,560271000
2024-01-25,61.43891525268555,62.53773144131916,60.67412993486616,62.16979463798042,482777000
2024-01-26,60.854618072509766,61.60444749366959,60.39794531790314,60.78382411519858,390309000
2024-01-29,62.28447341918945,62.30840232360706,60.73097744998884,61.055035142050976,348733000
2024-01-30,62.59257507324219,63.30949885561756,62.08006064595033,62.718214176475605,410735000
2024-01-31,61.34918212890625,62.089038263544516,60.524572564425924,61.26243177102061,453795000
2024-02-01,62.8448486328125,63.0083761236307,61.47182934048774,61.92052577068121,369146000
2024-02-02,65.96878051757812,66.40750360669273,63.50591457080732,63.78909411738613,476578000
2024-02-05,69.13162994384766,69.29615400361993,67.01077810938553,68.02782694293316,680078000
2024-02-06,68.02582550048828,69.55239893007112,66.108386710131,69.42875675979734,683111000
2024-02-07,69.89640808105469,70.01706057362387,67.40462981569888,68.12155362100862,495575000
2024-02-08,69.43973541259766,70.5894031052992,69.25427593719057,69.87148269785355,414422000
2024-02-09,71.92453002929688,71.97637408306973,70.00907672049794,70.32914813919767,436637000
2024-02-12,72.03919982910156,74.39536957580593,71.0440830164451,72.39017991002451,613710000
2024-02-13,71.9195556640625,73.2377338167756,69.41880791459157,70.19655257557241,602580000
2024-02-14,73.6864242553711,74.0214517262709,71.73009661007124,72.99044348203591,504917000
2024-02-15,72.44801330566406,73.76120847442633,72.19076331535655,73.65551962549853,420122000
2024-02-16,72.40314483642578,74.18697602398943,72.29146900724291,73.8858468671519,495327000
2024-02-20,69.25128173828125,71.74804279084927,67.53824458047887,71.73906612377016,704833000
2024-02-21,67.27701568603516,68.6889240135881,66.05655384481933,67.80946909427277,673755000
2024-02-22,78.31102752685547,78.34791554573746,74.00550573707999,74.80817959484354,865100000
2024-02-23,78.5892105102539,82.15586840169918,77.3458128505141,80.55650787145979,829388000
2024-02-26,78.86343383789062,80.41294376465017,78.27812461798902,79.46967086730548,503973000
2024-02-27,78.47354888916016,79.25030450092336,76.93900277777333,79.1515839793688,391705000
2024-02-28,77.43856048583984,78.70488691297152,76.9021132659983,77.39568548362723,393110000
2024-02-29,78.88336181640625,79.75882270864132,78.12356300049603,78.86541608909434,507289000
2024-03-01,82.04121398925781,82.06215701188974,79.20543135087004,79.76880094187264,479135000
2024-03-04,84.99066925048828,87.44156594765833,83.47705843914093,83.8868661680974,615616000
2024-03-05,85.7195816040039,85.85220668028344,83.17982622827054,85.02755456111447,520639000
2024-03-06,88.44779205322266,89.4688825349032,86.78254226902789,87.77172605056263,582520000
2024-03-07,92.405517578125,92.5032385135836,89.34723648723485,89.90165539673119,608119000
2024-03-08,87.27913665771484,97.12306982330983,86.26003928547323,94.86750020038097,1142269000
2024-03-11,85.5301284790039,88.5445284611464,83.92669865835357,86.18326495849031,678364000
2024-03-12,91.65167236328125,91.69853581019218,85.90505740123257,87.79866017993605,668075000
2024-03-13,90.62957763671875,91.24382347923168,88.18354935724443,90.7961026211969,635713000
2024-03-14,87.69395446777344,90.3882755061813,86.35377401546849,89.32231468480107,602318000
2024-03-15,87.58727264404297,89.29141349932793,86.01177045145751,86.68285360690051,642086000
2024-03-18,88.2034912109375,92.14225684199752,86.8373838940454,90.13099363074502,668976000
2024-03-19,89.1438217163086,90.28655945618765,84.76829741224358,86.45348714580204,672171000
2024-03-20,90.11504364013672,90.15293760178423,87.97215190090783,89.54167399398385,479063000
2024-03-21,91.17501831054688,92.38457441104313,90.14794815065484,92.03756431354115,480372000
2024-03-22,94.02091217041016,94.50852022791372,90.57573384993215,90.88186017417289,586719000
2024-03-25,94.73188781738281,96.4908723257128,93.2441331194467,93.67390745044557,552136000
2024-03-26,92.29782104492188,96.10097979295517,92.23899068459922,95.57846759747075,513648000
2024-03-27,89.993408203125,92.97490513698298,88.8696134975825,92.84727069991447,586067000
2024-03-28,90.0990982055664,91.04041442208826,88.93940289555813,89.74410760252643,435212000
2024-04-01,90.10607147216797,91.96277679415357,88.9503702442798,90.04225806770008,452441000
2024-04-02,89.19766235351562,89.83783523468522,87.37087059473389,88.19651163521841,433064000
2024-04-03,88.7110366821289,90.1170311402006,88.14864498506111,88.23240577431382,370067000
2024-04-04,85.66073608398438,90.3762935173085,85.63580564756691,90.14893737073052,434965000
2024-04-05,87.75776672363281,88.22942139866663,85.68168582327746,86.61900791219938,399678000
2024-04-08,86.88526916503906,88.57744290321901,86.48540830301685,88.44780764658168,283220000
2024-04-09,85.11131286621094,87.38583323801888,82.78595022062588,87.19338119556187,501700000
2024-04-10,86.79151916503906,87.15149277673736,83.47098569296867,83.68737154662665,431929000
2024-04-11,90.35834503173828,90.48099639616545,86.6788421374309,87.17143320524475,431637000
2024-04-12,87.93527221679688,89.91862324437524,87.28113907907206,89.44397103875566,426805000
2024-04-15,85.75646209716797,90.35534773623158,85.68466822355283,88.84465613304712,443077000
2024-04-16,87.16647338867188,87.86747001961128,85.81931645419519,86.1872630378248,370453000
2024-04-17,83.79606628417969,88.5225868752461,83.71130127056159,88.08881854088399,495400000
2024-04-18,84.43025207519531,85.94493790164843,82.16770633584548,84.72840551757585,447260000
2024-04-19,75.98333740234375,84.08423897081519,75.39103216599602,82.91358102333888,875198000
2024-04-22,79.29190826416016,79.8453305652036,76.18277728835372,77.88192715774476,596341000
2024-04-23,82.18865203857422,82.53366896329221,80.03579390039872,80.53935534918725,438559000
2024-04-24,79.45045471191406,83.84292866853282,78.95785602564062,83.71130021339918,512208000
2024-04-25,82.39705657958984,83.08608614140688,78.00058847000186,78.64375119701494,424641000
2024-04-26,87.48554992675781,88.07985603184983,83.1499127117647,83.57968703669025,551011000
2024-04-29,87.5074691772461,87.74179396217765,85.02354733688567,87.34592726356676,388971000
2024-04-30,86.15634155273438,88.56646933597486,86.05463417701857,86.99195638809022,363709000
2024-05-01,82.80488586425781,85.75547203094351,81.02396098069623,84.83509991070004,559863000
2024-05-02,85.57298278808594,85.99178670245985,82.96341978185738,84.20886882851022,377898000
2024-05-03,88.53654479980469,89.0271426544853,86.79251724081982,87.53938813243457,398341000
2024-05-06,91.87802124023438,91.95779560513117,88.80179361610953,89.13584021044993,376203000
2024-05-07,90.29652404785156,91.52003263915564,88.75791206874568,90.8389759868272,437342000
2024-05-08,90.1549301147461,90.93470430679172,89.1657463302182,89.22857072950318,325721000
2024-05-09,88.49467468261719,90.8130611604946,87.98014293885268,90.27160575755214,378013000
2024-05-10,89.62245178222656,91.14112411341107,88.973301771079,90.04823965753017,335325000
2024-05-13,90.14197540283203,90.73927132421963,88.27728953555432,90.22074555223655,289680000
2024-05-14,91.09625244140625,91.39041184902159,88.68113417048747,89.34424430460986,296507000
2024-05-15,94.36094665527344,94.5922892882104,91.33856611429667,92.20908510921412,417735000
2024-05-16,94.09071350097656,95.54656142094716,93.83543705567772,94.64014935721045,323952000
2024-05-17,92.216064453125,94.47063766933178,91.54498136339171,94.10069789533013,359691000
2024-05-20,94.51051330566406,94.9293173048801,93.17432694405993,93.48344309476195,318764000
2024-05-21,95.11479187011719,95.1287520032466,92.915062881723,93.33287026664621,328946000
2024-05-22,94.68001556396484,95.74697281531282,92.9838557882849,95.18757094825777,548648000
2024-05-23,103.50387573242188,106.01770397120008,101.23134859062449,101.73790743867507,835065000
2024-05-24,106.16627502441406,106.1722546778935,102.70713677897801,104.15201429523188,429494000
2024-05-28,113.5771484375,114.61219912037285,109.57057499198291,109.93054862844438,652728000
2024-05-29,114.49852752685547,115.16363093573716,110.58568822600918,112.72858027740573,557442000
2024-05-30,110.1858139038086,115.48969056494155,109.35119576529627,114.32401567603497,484553000
2024-05-31,109.32129669189453,112.39652795451796,106.63595258887534,112.20008185341744,613263000
2024-06-03,114.67301177978516,114.67301177978516,111.68453173387806,113.29793498606988,438392000
2024-06-04,116.10592651367188,116.2684650577176,113.72072948659991,115.3869834998919,403324000
2024-06-05,122.09188842773438,122.1008579096868,117.13402439586301,118.03445691912442,528402000
2024-06-06,120.65396881103516,125.22991785379394,117.98358173920542,123.69529221491227,664696000
2024-06-07,120.54428100585938,121.34599585382935,117.68643254910567,119.42945596831338,412386000
2024-06-10,121.44371032714844,122.74998311505551,116.6773027177119,120.02774969821236,313434100
2024-06-11,120.57613372802734,122.53072064853247,118.41211998717576,121.43375200225071,222551200
2024-06-12,124.8542709350586,126.5296321042774,122.23153612962203,122.72018091821553,299595000
2024-06-13,129.25210571289062,129.4415834964467,126.80887399420205,129.0327119863157,260704500
2024-06-14,131.51583862304688,132.4731792100278,127.9656714477386,129.60114223243076,309320400
2024-06-17,130.61831665039062,133.36072299109455,129.2221885999668,132.62277611443673,288504400
2024-06-18,135.20562744140625,135.95355648117285,130.32913071079423,130.77788509132313,294335100
2024-06-20,130.41885375976562,140.37129003031137,129.16233868973217,139.41394956266274,517768400
2024-06-21,126.22050476074219,130.2692991464158,123.95677620908012,126.76898910126683,649445800
2024-06-24,117.78384399414062,124.11630717061917,117.71403760101381,122.89967494041525,476060900
2024-06-25,125.7418212890625,126.1506927991438,118.99051878494626,120.86532476106613,414192600
2024-06-26,126.05095672607422,127.7662006748868,122.26144711805412,125.78169805160451,362975900
2024-06-27,123.6476058959961,126.0609289734585,122.58056095000113,123.75730274535012,252571700
2024-06-28,123.1988525390625,127.35733550568747,122.41103316415149,124.23598155381904,315516700
2024-07-01,123.95677185058594,124.49527404629498,118.50187501478464,123.12906191428952,284885500
2024-07-02,122.33126068115234,123.06922274393042,120.69578993975959,120.79551228090267,218374000
2024-07-03,127.9257583618164,127.9257583618164,121.02486950892705,121.32404411348101,215749000
2024-07-05,125.48255157470703,128.49421680843818,125.33296424312091,127.02826704555636,214176700
2024-07-08,127.84598541259766,130.40889591730686,126.6891925935073,127.1379469199517,237677300
2024-07-09,131.0172119140625,133.4504765285805,128.29473958471138,129.99005737514514,285366600
2024-07-10,134.53749084472656,134.72696865235594,132.0543607420923,133.65991582693005,248978600
2024-07-11,127.04820251464844,135.7740328866088,126.69917051710233,135.37514352274295,374782700
2024-07-12,128.8831329345703,131.5557253023775,126.86870653322082,127.90582806874107,252680500
2024-07-15,128.08534240722656,131.02719355977734,126.82881950170466,130.19948360408995,208326200
2024-07-16,126.01107788085938,128.68367018979245,124.23599428065054,128.0853361228611,214769500
2024-07-17,117.6641845703125,121.51352631521466,116.39769484983655,121.01490699704938,390086200
2024-07-18,120.755615234375,122.062002939552,116.23812571295703,121.51351868069985,320979500
2024-07-19,117.60436248779297,121.26422676213605,117.04591123957188,120.0176783628371,217223800
2024-07-22,123.1988525390625,123.72738775820278,119.52901433620336,120.0176590999692,258068900
2024-07-23,122.2514877319336,124.34569507405075,121.76284290265906,122.44096551828241,173911000
2024-07-24,113.93450927734375,119.6187662154648,113.1267484514862,118.84092133007209,327776900
2024-07-25,111.96995544433594,116.30794209044977,106.00647252262672,112.72785895570485,460067000
2024-07-26,112.747802734375,115.87913158113766,111.27189374853045,115.8691646723326,293399100
2024-07-29,111.28185272216797,115.95890423286832,110.99266022089631,113.3760598876514,248152100
2024-07-30,103.44355773925781,111.68074265241845,102.25684143468115,111.21203931839821,486833300
2024-07-31,116.69686126708984,118.01321595584747,110.57381668062193,112.58824297616627,473174200
2024-08-01,108.90843200683594,119.82819978465332,106.51505772619602,117.20545726694776,523462300
2024-08-02,106.97377014160156,108.41977052611269,101.0900691005783,103.47346849787236,482027500
2024-08-05,100.17262268066406,103.12445587816262,90.43957861096249,91.80579073756999,552842400
2024-08-06,103.96212005615234,107.41256456659957,100.27234042123098,103.55324859386288,409012100
2024-08-07,98.63688659667969,108.49957704375008,98.41749285839052,107.51230522144884,411440400
2024-08-08,104.68013763427734,105.208672877848,97.2507054584759,101.71833775867768,391910000
2024-08-09,104.46074676513672,106.30563671378638,103.14439207443418,105.348288539487,290844200
2024-08-12,108.71894073486328,110.76328275608019,105.9665678816549,106.02639975853843,325559900
2024-08-13,115.81929016113281,115.90904559128121,111.27188458899278,112.1295103919247,312646700
2024-08-14,117.75395202636719,118.27251282253927,113.75502255606693,118.20270641520212,339246400
2024-08-15,122.52074432373047,122.89969228155606,117.1456284695593,118.43206727440648,318086700
2024-08-16,124.23600006103516,124.65483849237091,120.84538693237715,121.60329048074249,302589900
2024-08-19,129.64102172851562,129.64102172851562,123.07918972579691,123.93681555512863,318333600
2024-08-20,126.89862823486328,129.521370960835,125.54238295508182,128.0454466862765,300087400
2024-08-21,128.1451416015625,128.9928003758598,126.31022649443915,126.9683999190984,257883600
2024-08-22,123.39830017089844,130.3889447703718,122.7600680862335,129.66096486520394,376189100
2024-08-23,129.01275634765625,129.2421321879317,124.87422213092064,125.51245424374224,323230300
2024-08-26,126.11078643798828,130.8975269250622,124.02656151522957,129.21220655330094,331964700
2024-08-27,127.94570922851562,128.8432178383991,123.53790904760211,124.70468393543807,303134600
2024-08-28,125.26314544677734,127.97563574905244,122.30134548595971,127.76620894054898,448101100
2024-08-29,117.26528930664062,124.0864056350864,116.38772203285157,121.02488328117458,453023300
2024-08-30,119.04037475585938,121.41379989153823,116.89631023816276,119.19992897597831,333751600
2024-09-03,107.7017822265625,115.88911124023056,106.9937436452946,115.68966653869764,477155100
2024-09-04,105.91671752929688,112.95722005840781,103.83249237473713,105.11893116355375,372470300
2024-09-05,106.9139633178711,109.34722825345308,104.47073147298623,104.70009212019605,306850700
2024-09-06,102.54605102539062,107.85136027800363,100.67123751563678,107.74166341909986,413638100
2024-09-09,106.17598724365234,106.25576815185318,103.40366535444588,104.59037402854703,273912000
2024-09-10,107.80149841308594,109.09791172390229,104.66019508943653,107.51229828657068,268283700
2024-09-11,116.58717346191406,116.86639906475774,107.12337325723898,109.0879346022382,441422400
2024-09-12,118.82117462158203,120.46676065848584,115.07123444451854,116.52732649632485,366052700
2024-09-13,118.7812728881836,119.63897203588232,117.28528706438033,118.76132975848293,238358300
2024-09-16,116.46749114990234,117.8637462195167,114.05396898625607,116.47746652004345,248772300
2024-09-17,115.28067779541016,118.48209453930119,114.52271703198278,117.85377554798693,231925900
2024-09-18,113.0666275024414,117.3850347497377,112.91702737683093,115.57988069857915,310318900
2024-09-19,117.55457305908203,119.3397837869768,116.93622949013678,117.03596036023049,293506400
2024-09-20,115.6895751953125,118.30256661567998,115.08120699289479,116.74673611998301,382462400
2024-09-23,115.94888305664062,116.67692526968904,114.55262802291854,116.23810791147417,206228500
2024-09-24,120.54653930664062,121.47405081318132,115.07122576368558,116.20817437054484,354966800
2024-09-25,123.17948913574219,124.60566275738313,121.28457201755812,121.69347090011009,284692900
2024-09-26,123.70806884765625,127.3283521984154,121.4740652366879,126.46068519535362,302582900
2024-09-27,121.07512664794922,123.6980858451405,118.94085404604166,123.63824884420143,271009200
2024-09-30,121.11502075195312,121.17485775300766,117.83382410218941,117.99339197466074,226553700
2024-10-01,116.68690490722656,122.11234975829879,115.48014381228901,121.44413691318621,302094500
2024-10-02,118.53195190429688,119.06053238913914,114.831880901423,116.12840510154699,221845900
2024-10-03,122.52125549316406,124.027216908111,120.01797004879133,120.59641981201312,277118000
2024-10-04,124.58570861816406,124.70539023390367,121.50398120040512,124.60565935860969,243678100
2024-10-07,127.37820434570312,130.2903881845544,124.61561299835192,124.65550686574433,346250200
2024-10-08,132.5343780517578,133.1227955252644,129.07366275536995,129.9114112143918,285722500
2024-10-09,132.2949981689453,134.16000405397224,131.0284078789419,133.75109763690637,246191600
2024-10-10,134.44921875,134.63871270645942,130.64941751515693,131.55698582348705,242311300
2024-10-11,134.43923950195312,135.41661247927368,133.3022910783082,133.6513452469466,170209500
2024-10-14,137.70053100585938,139.22643549757692,135.93526327737888,136.104806530019,232347700
2024-10-15,131.2478485107422,138.19919822128062,128.3955011745818,137.5010592255131,377831000
2024-10-16,135.3568115234375,136.25439701653355,131.22789086287455,133.62146232310147,264879700
2024-10-17,136.56356811523438,140.512977854023,136.50373111006368,138.96712260930138,306435900
2024-10-18,137.63070678710938,138.52829226592988,136.9126323168706,138.2989120156457,176090200
2024-10-21,143.325439453125,143.325439453125,137.63071268872676,137.76036967912168,264554500
2024-10-22,143.20574951171875,144.0335302578968,141.400595506541,142.5275764963188,226311600
2024-10-23,139.1865234375,142.04883820987033,137.09215234233463,141.649914730207,285930000
2024-10-24,140.0342559814453,140.9717429059513,138.08947737101022,140.44316244306268,172354900
2024-10-25,141.1612091064453,143.74428940833508,140.42319920700885,140.55284095753052,205122100
2024-10-28,140.1439666748047,142.7569505719539,139.67522319765803,142.6173258267159,173586700
2024-10-29,140.8719940185547,141.87928563006452,138.5282768804448,139.91455642525435,157593600
2024-10-30,138.96710205078125,139.95445814390004,136.44387391965424,139.1665637778278,179418100
2024-10-31,132.40472412109375,137.24175143875112,131.756469630996,137.2317836775648,270039600
2024-11-01,135.03765869140625,136.94255111570317,134.2098931927627,134.3395349599235,207127800
2024-11-04,135.68594360351562,138.5881603174159,135.2072323079928,136.84284318415706,187528200
2024-11-05,139.5355987548828,139.99435925396384,136.9625011145287,137.08217511986183,160537400
2024-11-06,145.22032165527344,146.09797148430005,141.58009580907174,142.577419626437,242043900
2024-11-07,148.48158264160156,148.53143666074,145.77882825788768,145.9982407267333,207323300
2024-11-08,147.2349395751953,149.369212218998,145.8685954157921,148.37188826922187,175665800
2024-11-11,144.87127685546875,148.45168153400843,143.18581210072784,148.28212306443757,182325600
2024-11-12,147.89312744140625,149.24948830655927,145.61923058187799,146.3871741057391,198634700
2024-11-13,145.8785858154297,148.93039482211316,145.50956558703103,148.67109606044525,191903300
2024-11-14,146.3672637939453,148.60127501764129,145.16051028397845,147.24491377788954,194463300
2024-11-15,141.6000518798828,144.85133773586546,139.70514243904907,144.4823175216733,250132900
2024-11-18,139.77493286132812,141.1711953957962,136.7829612819808,139.1266784396513,221205300
2024-11-19,146.61659240722656,146.73628163269873,140.61271302151263,140.9418317601378,227834900
2024-11-20,145.4995880126953,147.16511715506326,142.34804073132528,147.0155246522584,309871700
2024-11-21,146.27749633789062,152.48085228758558,140.3234713661803,148.95033233522298,400946600
2024-11-22,141.57012939453125,146.7661937868221,140.72241318136372,145.539474391015,236406200
2024-11-25,135.65602111816406,141.66988390343687,135.45655935237875,141.610046895497,344941900
2024-11-26,136.55360412597656,138.9272401830298,135.30694909062626,137.33151565059862,190287700
2024-11-27,134.97781372070312,136.85278753282546,131.44729379106425,134.64869500572706,226370900
2024-11-29,137.88003540039062,138.97709782710584,135.68592576491588,136.41396798376013,141863200
2024-12-02,138.25901794433594,140.07413953973298,137.45118801543165,138.45847968192444,171682800
2024-12-03,139.88465881347656,140.16390831614373,137.58084280749418,137.89001081273594,164414000
2024-12-04,144.75161743164062,145.39987200124563,139.91458952073046,141.62002040602846,231224300
2024-12-05,144.68177795410156,146.1579148411047,143.57467148409813,144.73165063129176,172621200
2024-12-06,142.068603515625,145.32009789302302,140.9415450143936,144.22297517109268,188505600
2024-12-09,138.4480743408203,139.58510137793925,136.77246195727844,138.60766082087318,189308600
2024-12-10,134.71783447265625,141.4502349567079,133.44115786086326,138.6475487860502,210020900
2024-12-11,138.94676208496094,139.8045203384501,134.85746151474785,137.00184953896905,184905200
2024-12-12,136.98191833496094,138.0790564611993,135.445940177233,136.72260169557995,159211400
2024-12-13,133.8999786376953,139.2360360155149,132.19443031399229,138.57775313836598,231514900
2024-12-16,131.65582275390625,134.04955889819416,130.07994062496547,133.8301313094174,237951100
2024-12-17,130.05001831054688,131.24688636654815,126.52922370948323,128.75340490862754,259410300
2024-12-18,128.5738983154297,136.3435808551527,127.94553603601128,133.51098920213212,277444500
2024-12-19,130.33926391601562,133.68053537391728,129.212220572867,131.41644980197495,209719200
2024-12-20,134.34877014160156,134.9272596326742,127.88567083765561,129.4715213006466,306528600
2024-12-23,139.3058319091797,139.42551415908295,134.76769223262775,135.92467137837366,176053500
2024-12-24,139.85440063476562,141.53001300601622,138.28848684636677,139.63497303105362,105157000
2024-12-26,139.56515502929688,140.48276971800976,137.37089410442982,139.33575896662117,116205600
2024-12-27,136.6527557373047,138.65752461945982,134.35876491420703,138.1887488761999,170582600
2024-12-30,137.13153076171875,139.90428131004603,133.67057680049638,134.4784624698932,167734700
2024-12-31,133.93984985351562,137.71000800391963,133.48105776544256,137.67010377599792,155659200
2025-01-02,137.9493865966797,138.51790776015002,134.2789886408903,135.64541181631114,198247200
2025-01-03,144.0933074951172,144.52217900012494,139.36566117903786,139.64492988439244,229322500
2025-01-06,149.04037475585938,151.7632676182901,147.43458721714921,148.2025685915748,265377400
2025-01-07,139.77459716796875,152.73073241075815,139.6449312609891,152.63098706400407,351782200
2025-01-08,139.74468994140625,143.57467420574872,137.20133554653654,142.20825109505992,227349900
2025-01-10,135.55563354492188,139.55517244006612,133.870037595658,137.09161147098868,207602500
2025-01-13,132.8826141357422,133.1419459563911,129.17231238202828,129.6510717959939,204808900
2025-01-14,131.4164581298828,136.02442280388445,129.71092511662002,135.6952813829554,195590500
2025-01-15,135.88479614257812,136.09424010113995,130.94768976753863,133.30153730793728,185217300
2025-01-16,133.2217559814453,138.38824308482273,133.14196273572836,138.27852927433761,209235600
2025-01-17,137.3509521484375,138.13888566634566,135.10681862678206,136.33360735729912,201188800
2025-01-21,140.4628143310547,141.4602070208564,136.7325601923546,138.79717036536638,197749000
2025-01-22,146.6865692138672,147.40467804215123,143.29542449743752,144.28284886721386,237651400
2025-01-23,146.83615112304688,146.8461195709751,143.34527675360425,144.67181084027297,155915500
2025-01-24,142.2481231689453,148.58157206293976,141.5100624088345,147.98313043457708,234657600
2025-01-27,118.11124420166016,128.06521929651885,116.39572750391632,124.47461463210544,818830900
2025-01-28,128.65367126464844,128.6636397113665,115.94688462361518,121.49238479939024,579666400
2025-01-29,123.3774642944336,126.55914919357254,119.73698731182846,126.17016667976266,467120600
2025-01-30,124.32499694824219,124.67408285834512,117.79207196266405,122.77903527699785,392925500
2025-01-31,119.7569351196289,127.51664871512425,118.8792323275003,123.45726093608867,388161100
2025-02-03,116.3558349609375,118.26085104341853,112.71535011762803,114.45081126895413,371235700
2025-02-04,118.34063720703125,120.88398385074507,116.39571701060105,116.65504122535879,256550000
2025-02-05,124.5045394897461,124.67409443189278,120.44515127942377,121.44254403487892,262230800
2025-02-06,128.34449768066406,128.4342745987464,124.8835510706209,127.08778823658054,251483600
2025-02-07,129.50144958496094,130.03006643749526,124.67407312607986,128.88307105233656,228186300
2025-02-10,133.2217559814453,134.64802029874645,129.6211675706223,129.75081827828257,216989100
2025-02-11,132.4537353515625,134.12934755153938,130.67837780772868,132.23430777027943,178902400
2025-02-12,130.79808044433594,131.89521852186024,128.7434538800678,129.68100547013307,160278600
2025-02-13,134.93724060058594,136.14409236479662,130.82798788427175,131.21697039655388,197430000
2025-02-14,138.4879913330078,138.88694235090182,135.14671948687393,136.12416013401827,195479600
2025-02-18,139.0365447998047,143.06602007700403,137.57037622357197,140.90167961185236,219176600
2025-02-19,138.86697387695312,140.99142508356047,136.86222013681927,139.1462426003846,167536000
2025-02-20,139.74468994140625,140.29325896288867,136.43333891646114,139.6648967001902,143903600
2025-02-21,134.07948303222656,141.09116717483585,133.68053207054632,139.6748562571626,228217600
2025-02-24,129.94033813476562,138.22867021014434,129.74086261032588,136.20396396001723,251381100
2025-02-25,126.29981994628906,129.8605111604116,124.11553536570229,129.64108357480436,271428700
2025-02-26,130.93771362304688,133.38132271635274,128.1549946612343,129.6510837247691,322553800
2025-02-27,119.83673095703125,134.6579790491402,119.69709659183455,134.64801060127058,443175800
2025-02-28,124.59429931640625,124.76385425600982,116.09651651556653,117.71228788508736,389091100
2025-03-03,113.76260375976562,123.37746834229016,111.98724605192426,123.18796891235903,411381400
2025-03-04,115.68757629394531,118.9989197292815,109.82291000037466,110.36150296756519,398163300
2025-03-05,116.9941635131836,117.97160407078815,114.21143704412195,117.27343224392774,284337900
2025-03-06,110.28170776367188,115.04924353236196,109.93262184934352,113.2339891683523,321181900
2025-03-07,112.39618682861328,113.18412798197828,107.27955736061682,110.9599388924034,341755500
2025-03-10,106.70106506347656,111.5583622176382,105.18502403072868,109.61344966651625,366487400
2025-03-11,108.47642517089844,111.94734728122161,104.49682307629253,106.71103594468934,354865700
2025-03-12,115.44884490966797,116.46628328215824,112.59603885298675,113.83292501602207,323857500
2025-03-13,115.28924560546875,117.46376184203,113.50374766538481,116.73559490158165,299033100
2025-03-14,121.36392211914062,121.57339292473429,117.85278046649132,118.31162236591584,277593500
2025-03-17,119.22930908203125,122.58085727393843,117.73308248243704,122.43123309193861,255501500
2025-03-18,115.1396255493164,118.7205909220559,114.25186503478537,117.70316017412442,299686900
2025-03-19,117.22435760498047,120.14698705841565,115.3889900516623,116.97498651717953,273426200
2025-03-20,118.23182678222656,119.89762393291265,116.17701131755277,116.25681189739694,248829700
2025-03-21,117.4039077758789,117.6931791575635,115.1296446207881,116.64582513098318,266498500
2025-03-24,121.1045913696289,121.91255134314885,119.03979124138472,119.5784337604655,228452500
2025-03-25,120.38638305664062,120.98487211685925,118.62083157726417,120.24673586292965,167447200
2025-03-26,113.47383117675781,118.54104631031402,112.42646947850851,118.43133002412056,293463300
2025-03-27,111.1496810913086,114.16208047077859,110.38162149260253,111.0698805170997,236902100
2025-03-28,109.39411163330078,112.58606625933987,108.79562251910656,111.20953292547101,229872500
2025-03-31,108.10736083984375,110.68087252083329,103.38926370156523,104.86553641067388,299212700
2025-04-01,109.87291717529297,109.92278683325367,106.20217397842941,108.2470125996811,222614000
2025-04-02,110.14221954345703,111.69830029652357,106.5213541109438,107.0200962834212,220601200
2025-04-03,101.5439224243164,105.36428217323731,101.34442096353821,103.24961996040646,338769400
2025-04-04,94.07276153564453,99.87812106911886,91.87829866162578,98.66119636165205,532273800
2025-04-07,97.39437103271484,101.49403230771996,86.40209687721266,87.23998007579976,611041300
2025-04-08,96.05775451660156,105.58372634261488,94.2223791915971,103.54885717389794,476243400
2025-04-09,114.04239654541016,114.8104562069238,97.28465510127192,98.6412345329499,612918300
2025-04-10,107.29939270019531,110.58111717003517,98.9005761841806,109.09486759895934,437812400
2025-04-11,110.65094757080078,111.26939065397997,107.20962934859612,108.22706011361765,313417300
2025-04-14,110.43150329589844,114.00249947758738,108.7956293956101,113.82295197096049,264705000
2025-04-15,111.9177474975586,113.33418114021705,110.22202704858428,110.69084593782598,228966900
2025-04-16,104.22714233398438,106.52135948725393,100.1973044637503,104.2869965726397,397016900
2025-04-17,101.23468780517578,104.20719461222582,99.79831546993584,104.1872406628714,292517500
2025-04-21,96.66620635986328,99.18984040018822,94.80090799474428,98.52152014100793,288501100
2025-04-22,98.64122772216797,99.55891150664588,97.03527729423074,98.53150383378456,241004800
2025-04-23,102.45162200927734,104.53636836662163,101.76335533667917,104.25706634151078,247526000
2025-04-24,106.16226196289062,106.2719858525715,102.85061415392688,103.21968611105362,220815000
2025-04-25,110.73074340820312,111.63845023877658,105.46402708737592,106.5812047250048,251064700
2025-04-28,108.45648193359375,110.09235573735528,105.75329251827114,109.4140660423662,207708500
2025-04-29,108.74574279785156,109.92277466025524,107.16972327513623,107.39914041879526,170444300
2025-04-30,108.64599609375,108.64599609375,103.81817538074749,104.20719367744803,235044600
2025-05-01,111.32923126220703,114.6508560442669,111.02001354244473,112.79553450528941,236121500
2025-05-02,114.21195983886719,115.10969728977199,113.08480524563223,113.89276514634567,190194800
2025-05-05,113.53367614746094,114.38153638068397,112.3765981799359,112.62596928442517,133163200
2025-05-06,113.25437927246094,114.45135750397539,110.54122049681273,111.19956385128708,158525600
2025-05-07,116.7655258178711,117.38396890879066,111.99755142427854,112.7656187028628,206758800
2025-05-08,117.07474517822266,118.38144728921775,115.55856464909375,117.95252869863282,198428100
2025-05-09,116.3565673828125,117.93259470484641,114.92018728068513,117.05480348234514,132972200
2025-05-12,122.69058227539062,122.69058227539062,119.9774234659773,121.66317455201767,225023300
2025-05-13,129.60313415527344,130.88989748886456,124.1568781333485,124.66559728217729,330430100
2025-05-14,134.99954223632812,135.099296769805,131.34874548490453,132.8649261154048,281180800
2025-05-15,134.49081420898438,135.9571173935552,132.32627503661865,133.9521641466833,226632600
2025-05-16,135.0593719482422,136.00699423634137,133.12426513669956,135.87731640314823,226542500
2025-05-19,135.2289581298828,135.52819125301625,132.05695004104146,132.05695004104146,193154600
2025-05-20,134.04197692871094,134.24147079199417,132.28639440284374,133.95219175288827,161514200
2025-05-21,131.4684600830078,137.05436414816955,130.26149714159004,132.72528507307794,270608700
2025-05-22,132.495849609375,133.9122755767364,131.21907084385478,131.89735290411087,187344000
2025-05-23,130.95970153808594,132.3462040479136,128.83507041838283,129.67295354222074,198821300
2025-05-27,135.1591339111328,135.31873506532702,132.9746406768617,133.81252390577552,192953600
2025-05-28,134.4708709716797,136.904735369061,134.45091702175245,135.68780317037033,304021100
2025-05-29,138.83985900878906,143.12904506361895,137.56308016740775,141.8921589021039,369241900
2025-05-30,134.79006958007812,139.26876471984463,132.58562239610197,138.37103486307464,333170900
2025-06-02,137.034423828125,137.77255260816483,135.05939358324852,135.14917875467413,197663100
2025-06-03,140.86474609375,141.64278269656361,137.60296789247522,138.43088175862894,225578800
2025-06-04,141.56298828125,142.03180718032695,139.18897047063936,141.83231333868676,167120800
2025-06-05,139.63784790039062,143.63775490128222,138.48076233301106,141.8123566062966,231397900
2025-06-06,141.36351013183594,142.90961421188257,141.1540316815974,142.1515162209299,153986200
2025-06-09,142.2711944580078,144.6352274429253,141.58292783698045,142.82978324597119,185114500
2025-06-10,143.5978546142578,143.92701105784593,141.17395971410352,142.3310452201821,155881900
2025-06-11,142.4805908203125,144.6353103750697,141.52293261104455,144.25623511410478,167694000
2025-06-12,144.64527893066406,144.64527893066406,141.50299102868564,141.62269259555393,162365000
2025-06-13,141.62271118164062,143.2287733742275,140.50545582034982,142.13145812905782,180820600
2025-06-16,144.33604431152344,145.82238955213242,142.84968384945327,142.9993260342438,183133700
2025-06-17,143.76742553710938,144.8647406282524,143.42826095310537,144.13653073401778,139108000
2025-06-18,145.1240997314453,145.2936820241915,142.7698725249477,143.6576946584193,161494100
2025-06-20,143.4980926513672,145.84233449814036,142.30101614416546,145.09416929186932,242956200
2025-06-23,143.8173065185547,144.42581484809375,141.68254233682853,142.1513937655616,154308900
2025-06-24,147.53819274902344,147.59805875973223,145.14406985038545,145.20392063963206,187566100
2025-06-25,153.9324951171875,154.0721520137232,148.8948463426075,148.90483162044157,269146500
2025-06-26,154.64076232910156,156.33660039378947,153.6232534017049,155.59840525486092,198145700
2025-06-27,157.3640899658203,158.32174817747665,154.880175871103,155.65826650868465,263234500
2025-06-30,157.603515625,158.2718747820143,155.57848281781088,158.01250107649778,194580300
2025-07-01,152.92498779296875,156.81544119896878,151.1194180014287,155.9076636637482,213143600
2025-07-02,156.86532592773438,157.2144758260153,152.5957971297394,152.60576718743292,171224100
2025-07-03,158.9501953125,160.58618269349765,157.3840439934681,157.98256705200242,143716100
2025-07-07,157.85289001464844,158.92026447090194,156.95508262544374,157.81297934590498,140139000
2025-07-08,159.6085968017578,159.8280598400772,158.00253468758166,158.9402376292259,138133000
2025-07-09,162.48155212402344,164.01777813022636,160.7657585360006,160.8256093227867,183656400
2025-07-10,163.6985626220703,164.0975779997467,161.214648514871,163.91802564623063,167704100
2025-07-11,164.5165557861328,167.4792915182188,163.07010595303956,163.319494380175,193633300
2025-07-14,163.66864013671875,165.08516454052796,161.62365204151925,164.96544774793,136975800
2025-07-15,170.2824249267578,171.9782632858091,168.7860942767486,170.771231752154,230627400
2025-07-16,170.95077514648438,171.32985042878116,168.4868162544787,170.64153593048928,158831500
2025-07-17,172.5767822265625,173.7339481189201,170.4120926228971,171.59918390717252,160841100
2025-07-18,171.98822021484375,173.82371518980958,170.8410244393951,173.21520688358655,146456400
2025-07-21,170.96075439453125,172.9558617527255,170.58167912560677,172.32739806402674,123126100
2025-07-22,166.6213836669922,170.97071815657463,164.17738028748298,170.9208374301641,193114300
2025-07-23,170.36221313476562,170.84103463039327,167.55908978070133,169.1152710575868,154082200
2025-07-24,173.31497192382812,173.4047480967394,170.88093864849802,172.01814916975516,128984600
2025-07-25,173.07554626464844,174.29256285091202,172.5368740284716,173.1852777673922,122316800
2025-07-28,176.31761169433594,176.56700011257405,173.54441370124516,173.594294429185,140023500
2025-07-29,175.0806427001953,178.9411858321479,174.5918511336965,177.52466141853475,154077500
2025-07-30,178.83145141601562,179.4499298230835,175.60934208925488,176.07819353379378,174312200
2025-07-31,177.43487548828125,182.85160010862035,175.49961883405416,182.45256948733228,221685400
2025-08-01,173.29502868652344,176.1081221843386,170.47194991004753,173.6641186818972,204529000
2025-08-04,179.5596466064453,179.75915428060495,174.09305718288007,174.7314908730668,148174600
2025-08-05,177.82391357421875,179.81902093485988,175.46968627980374,179.18058718831315,156407600
2025-08-06,178.98109436035156,179.4599159046609,175.81885075769642,175.89865688532507,137192300
2025-08-07,180.32778930664062,183.43018196887525,178.3626072705472,181.12583532286254,151878400
2025-08-08,182.2530517578125,182.85159004607542,179.95867528141937,181.10587113034643,123396700
2025-08-11,181.6146240234375,183.39026839012567,179.80905426349312,181.6046539661726,138323200
2025-08-12,182.71192932128906,184.02869221788941,179.0209838780724,182.51242163652668,145485700
2025-08-13,181.14576721191406,183.51994981646104,178.9112567337155,182.1732462738988,179871700
2025-08-14,181.57472229003906,182.57227595462552,179.02098734413144,179.3102712094187,129554000
2025-08-15,180.008544921875,181.45499460438234,177.6044370814236,181.43505449173978,156602200
2025-08-18,181.56472778320312,182.49246055927404,180.14820347806383,180.15818875593718,132008000
2025-08-19,175.2103271484375,182.0535459787435,175.06070018553257,181.98370991508045,185229200
2025-08-20,174.9709014892578,175.56943975883806,168.38705663117767,174.74146841521826,215142700
2025-08-21,174.55194091796875,176.4672421817212,173.38480492387563,174.42226928848822,140040900
2025-08-22,177.55458068847656,178.15310374912357,170.78118284108405,172.1877371490149,172789400
2025-08-25,179.3701171875,181.46498591558236,176.13805314258047,177.91369740024777,163012800
2025-08-26,181.32533264160156,181.94381103857447,178.37256711704984,179.61950918930867,168688200
2025-08-27,181.15573120117188,182.04355325393357,178.66184732021665,181.5347912004848,235518900
2025-08-28,179.72923278808594,184.01871637210735,175.9784366795831,180.3776517699909,281787800
2025-08-29,173.75389099121094,177.714180280125,172.72641192849127,177.67428483075477,243257900
2025-09-02,170.36221313476562,171.9583050821389,166.81092453439402,169.58412249632292,231164900
2025-09-03,170.20260620117188,171.9882358353705,168.46687251736884,170.64153226145447,164424900
2025-09-04,171.24008178710938,171.43958949445846,168.9955858311417,170.1527518438138,141670100
2025-09-05,166.61141967773438,168.61649709218636,163.66863936987482,167.61894341349083,224441400
2025-09-08,167.8982391357422,170.54176523233733,166.94059623139324,167.14010390134433,163769100
2025-09-09,170.3422393798828,170.56170237945196,166.33208505275803,168.67632677148754,157548400
2025-09-10,176.8961944580078,178.85139113084074,175.04074401948455,176.2078799889887,226852000
2025-09-11,176.7465362548828,179.84910351407555,176.05818301908454,179.25053151190707,151159300
2025-09-12,177.39501953125,178.17315412234487,176.02828346447401,177.34513598621658,124911000
2025-09-15,177.32516479492188,178.4225418052247,174.0929031464731,175.2501343169162,147061600
2025-09-16,174.46202087402344,177.0757538913052,173.96321593348455,176.5769489507663,140737800
2025-09-17,169.8829803466797,172.78602876073558,168.00748411706098,172.22736966160153,211843800
2025-09-18,175.81875610351562,176.6767011378293,172.54659718713728,173.56414822000986,191763300
2025-09-19,176.24774169921875,177.65437533147113,174.76129744715922,175.34989886544702,237182100
2025-09-22,183.17115783691406,184.10891359634738,174.2924356467209,174.88102184557565,269637000
2025-09-23,178.00352478027344,181.98399370831066,175.78884483629412,181.5350723037516,192559600
2025-09-24,176.54702758789062,179.35030900890538,174.98077271717747,179.34033838980653,143564100
2025-09-25,177.2653045654297,179.82915407834395,172.7162058826927,174.06297010669513,191586700
2025-09-26,177.76409912109375,179.3403244887289,174.51188131329135,177.74414266212372,148573700
2025-09-29,181.41537475585938,183.56023005067578,179.88903275637574,179.99875523700084,193063500
2025-09-30,186.13406372070312,186.90222763381766,181.04624695721463,181.6448190078555,236981000
2025-10-01,186.79248046875,187.6903232769056,183.46045188172369,184.79726069745416,173844900
2025-10-02,188.43853759765625,190.59337868298996,187.6105195355423,189.146847340247,136805800
2025-10-03,187.17156982421875,189.90502650703218,184.93693332773543,188.73782471792558,137596900
2025-10-06,185.09654235839844,186.78250559975277,182.8918329061041,185.0566446584491,157678100
2025-10-07,184.5977325439453,188.6081286768816,183.56022492696124,185.78489078203316,140088000
2025-10-08,188.65802001953125,189.14685437964263,186.0941551173159,186.12409742063042,130168900
2025-10-09,192.10975646972656,194.833227386451,190.60335569438294,191.7705575158363,182997200
2025-10-10,182.72222900390625,195.15243956582322,181.6148814298513,193.04748211324375,268774400
2025-10-13,187.8699188232422,189.6556339904095,185.51555866051012,187.52074924115996,153482800
2025-10-14,179.59971618652344,184.35831986008523,179.2705030798172,184.32839277968645,205641400
2025-10-15,179.4001922607422,184.42813951825556,176.86625456034105,184.35831474003746,214450500
2025-10-16,181.37545776367188,182.84194556906473,179.34034021746592,181.79445210488134,179723300
2025-10-17,182.7821044921875,183.66000615888444,179.32039659193174,179.74936158304564,173135200
2025-10-20,182.20347595214844,184.75735492260156,181.2956472677441,182.69231029505525,128544700
2025-10-21,180.72702026367188,182.35311411361405,179.37027013728058,182.35311411361405,124240200
2025-10-22,179.84912109375,183.0015721983185,176.33752979723928,180.7070662621498,162249600
2025-10-23,181.724609375,182.59252505160657,179.36026373857848,179.98876279946896,111363700
2025-10-24,185.8148193359375,187.02193404421294,183.06142142022418,183.40060514170608,131296700
2025-10-27,191.03233337402344,191.54110896467577,187.9796341631504,189.5359184602369,153452700
2025-10-28,200.54953002929688,202.6644582837766,191.45133202040452,192.58860677151606,297986200
2025-10-29,206.54513549804688,211.68283533037862,204.29054272961417,207.48289118740504,308829600
2025-10-30,202.4050750732422,205.66726375798942,200.9286166610889,204.65966800141675,178864400
2025-10-31,202.0060272216797,207.4729250244422,201.58703290468912,205.95655376605836,179802200
2025-11-03,206.38555908203125,210.83489110171476,205.06870659183733,207.58268802254912,180267300
2025-11-04,198.21511840820312,203.4824975937368,197.4569251230167,202.51481474882632,188919300
2025-11-05,194.74343872070312,202.43500266122365,194.18476438007542,198.29492759193732,171350300
2025-11-06,187.63046264648438,197.14765392942226,185.9345289438528,195.95052515240693,223029800
2025-11-07,187.70028686523438,187.86989393508227,178.48238160939712,184.45805485831954,264942300
2025-11-10,198.5742645263672,199.46213677715232,193.32682642239038,194.6436788693004,198897100
2025-11-11,192.69833374023438,194.9529266552934,190.84277869998112,194.69355355890158,176483300
2025-11-12,193.33680725097656,195.4218083488666,190.673190567689,195.25221648764446,154935300
2025-11-13,186.41339111328125,190.9824463944715,183.41059072037282,190.59337913278358,207423100
2025-11-14,189.71546936035156,190.55345800755302,180.14839424900484,182.42294356130517,186591900
2025-11-17,186.15402221679688,188.54828000089623,183.87947275520656,185.52552307898492,173628900
2025-11-18,180.92654418945312,184.3583249108488,179.22062444838815,182.94172058465782,213598900
2025-11-19,186.07420349121094,187.41099710874653,182.39302051116815,184.3483273978252,247246400
2025-11-20,180.208251953125,195.53154064523628,179.42014682895694,195.4816571057099,343504800
2025-11-21,178.4524688720703,184.11888595894638,172.51667761994415,180.80682891210233,346926200
2025-11-24,182.1136932373047,183.06141961318156,176.0581937395723,179.0610093294625,256618300
2025-11-25,177.39501953125,177.73420328176402,169.14478047484366,174.49197074476177,320600300
2025-11-26,179.8291473388672,182.4728225932506,177.81398638784032,181.1958831941039,183852000
2025-11-28,176.57696533203125,178.86148547381688,176.0781603452176,178.58215589898685,121332800
2025-12-01,179.48995971679688,179.86905632530258,173.26486886531237,174.34228931397226,188131000
2025-12-02,181.02630615234375,185.2162648499111,179.56978894419797,181.32557695606172,182632200
2025-12-03,179.1607666015625,182.01393165685582,178.68191808959097,180.6472109015755,165138000
2025-12-04,182.95188903808594,184.08922700452197,179.53987513877786,181.19598816136636,167364900
2025-12-05,181.98414611816406,184.22889322931675,180.4876480440623,183.4606866221248,143971100
2025-12-08,185.1168212890625,187.5610985176648,181.97416608957425,182.21361127014939,204378100
2025-12-09,184.53817749023438,185.2864265695677,182.89203560496765,185.12679644575,144719700
2025-12-10,183.35096740722656,185.0469957406681,181.61502392815055,184.53819180758595,162785400
2025-12-11,180.50759887695312,180.89670300875093,176.20766331092784,179.85912243695617,182136600
2025-12-12,174.61141967773438,182.39321360477518,174.21234434473615,180.6871989054384,204274900
2025-12-15,175.87843322753906,178.0034654802094,174.6213802569945,177.52459033283526,164775600
2025-12-16,177.3050994873047,178.0733061224419,174.4916756985292,175.84850127733236,148588100
2025-12-17,170.54092407226562,175.71880987812392,169.91239000563186,175.68888113429998,222775500
2025-12-18,173.73345947265625,175.7387615308714,171.41888356310693,174.1225483861358,176096000
2025-12-19,180.56748962402344,181.02640724251643,175.9283357789888,176.25756723043006,324925900
2025-12-22,183.26116943359375,183.73007341419415,181.9243013805983,183.49062822521734,129064400
2025-12-23,188.76829528808594,188.88801027625055,182.47301321780614,182.54285710968043,174873600
2025-12-24,188.169677734375,188.4689804086018,186.154389299292,187.50124372172942,65528500
2025-12-26,190.085205078125,192.240166195598,187.5611125998212,189.47662851874142,139740300
2025-12-29,187.7805938720703,188.31932652162573,185.47598909796272,187.2717899684254,120006100
2025-12-30,187.1021728515625,188.5487999407664,186.49359631469858,187.8005508490403,97687300
2025-12-31,186.06460571289062,190.11512498868174,186.05463453876877,189.12744593978846,120100500
2026-01-02,188.4091339111328,192.47959571470966,187.8204997023152,189.39681300359115,148240500
2026-01-05,187.68081665039062,193.17796293683364,185.7154145267434,191.31231822272787,183529700
2026-01-06,186.80288696289062,191.72137039337454,186.3838692947835,190.07522846701318,176862600
2026-01-07,188.66851806640625,190.9232365533545,186.12446806753155,188.12978540958392,153543200
2026-01-08,184.60801696777344,189.10749810453436,183.28113525242415,188.66852284990722,172457000
2026-01-09,184.42843627929688,185.9049768874807,183.2412119543349,184.64792389684447,131327500
2026-01-12,184.5082550048828,186.6831584288149,182.59273912358015,182.79226917353867,137968500
2026-01-13,185.37620544433594,187.6708389078061,182.97182817799478,184.56809890645206,160128900
2026-01-14,182.71246337890625,184.029389177148,180.37792970729708,183.88971661277398,159586100
2026-01-15,186.6133270263672,189.25713440169068,185.895006678512,186.06460797964908,206188600
2026-01-16,185.7952423095703,189.99542077422674,185.64559857342888,188.63859508159712,187967200
2026-01-20,177.65431213378906,181.95424822676716,177.19537928172147,181.4753578011745,223345300
2026-01-21,182.89202880859375,184.947217101084,177.9835016341843,178.6319932794081,200381000
2026-01-22,184.40847778320312,185.7353746560278,183.5005985718231,184.31869154642928,139636600
2026-01-23,187.23187255859375,189.15737478680413,186.38386606278428,187.06227125943187,142748100
2026-01-26,186.03468322753906,188.6784906596197,185.55580805974404,186.7230748442759,124799600
2026-01-27,188.07989501953125,189.55643562401056,185.2664711415707,186.80288446054914,143711600
2026-01-28,191.0728759765625,191.9009400606663,189.39679023846315,190.82345963399504,148552700
2026-01-29,192.06057739257812,193.0283141326731,185.62563804704834,190.89331059974717,171764400
2026-01-30,190.68380737304688,194.0359639826301,189.0276790286862,190.76362243793778,179489500
2026-02-02,185.1766815185547,189.8557348322644,184.44839001538193,186.7629659025267,165794100
2026-02-03,179.91897583007812,185.8351396091497,175.81857039871747,185.8052108647954,204019600
2026-02-04,173.78335571289062,179.16077214377114,171.50867959294058,179.04105715530034,207014100
2026-02-05,171.47874450683594,176.40721432559468,170.63072277473634,174.52161198787914,206312900
2026-02-06,184.9771728515625,186.5634574188361,174.1924107166939,176.27752805781466,231346200
2026-02-09,189.59632873535156,193.20788788877485,183.5205500126207,183.8298238555102,196387400
2026-02-10,188.099853515625,192.03065816435006,187.68083581715956,190.9332352083219,136764800
2026-02-11,189.6063232421875,192.80882083578368,188.329312674443,192.00071425091673,144192700
2026-02-12,186.5035858154297,193.1580126884611,186.07458174632154,192.5793648877844,189932500
2026-02-13,182.3832244873047,187.0622780376601,181.16607138035295,187.04232046551596,161888000
2026-02-17,184.53817749023438,186.71308084037668,178.76168607280786,181.3256935584433,162276900
2026-02-18,187.5411376953125,189.92555739322245,186.3239846890322,188.3093443160685,164749100
2026-02-19,187.46133422851562,187.9900957055448,185.22657333636724,186.62329889395997,126554500
2026-02-20,189.37686157226562,189.88566546751952,185.5059147845697,186.13444888465776,178422300
2026-02-23,191.10281372070312,193.49720463285962,189.13741163084848,190.9531547742145,171584800
2026-02-24,192.39979553222656,193.31764595479845,186.96250644177093,191.04296985904048,175123600
2026-02-25,195.10345458984375,197.16862939564908,193.33758246616242,193.9960453222018,250637100
2026-02-26,184.4583740234375,193.83642365132246,183.8897126034445,193.81648130196652,360807900
2026-02-27,176.77635192871094,182.16373952566906,175.96824531148394,180.82687141264745,311636500
2026-03-02,182.05398559570312,183.03170868955394,174.23229218389588,174.6014235260267,209095300
2026-03-03,179.62966918945312,180.4776756968921,176.50697142699124,178.07331350693755,178099400
2026-03-04,182.6126708984375,184.26879914121506,179.6396322236537,180.01874995283958,177731200
2026-03-05,182.91197204589844,183.63029235671348,177.46472744924466,180.74703993972415,198779700
2026-03-06,177.40489196777344,182.33334690173646,176.40722643712078,179.4201653790109,189021900
2026-03-09,182.2235870361328,182.48298979408452,175.1501427003192,176.4171820751478,177213600
2026-03-10,184.33863830566406,186.00473767957752,181.58507208744064,181.97416098047233,179118500
2026-03-11,185.60574340820312,187.1921136401388,184.02934488988058,185.4860219488843,145280400
2026-03-12,182.72235107421875,184.51824924312825,181.33552155955923,183.63027948516628,155762700
2026-03-13,179.83892822265625,185.6656060713691,179.5296376335348,184.49827615888313,160988400
2026-03-16,182.8021697998047,188.44926587891726,180.9962999229416,182.55273992235968,217307400
2026-03-17,181.5150909423828,184.97717862722422,181.26566108165355,184.63795767039014,182497800
2026-03-18,179.98858642578125,182.96180140975886,179.91875397930713,182.06384475172882,156683100
2026-03-19,178.1527862548828,179.56954607641802,175.38909905828712,177.60403750119184,170968500
2026-03-20,172.30613708496094,177.85345450506617,171.32837633709812,177.59405294207926,241323500
2026-03-23,175.23944091796875,177.96321071223454,174.36144294367455,176.85574153065542,182836300
2026-03-24,174.80044555664062,175.81812366395545,173.58322660302642,174.4312942297872,147667800
2026-03-25,178.2725067138672,180.8067226806179,176.44669348987364,176.69612335614488,162602100
2026-03-26,170.8494873046875,176.10745794358192,170.74970926821888,175.66847416549638,186152200
2026-03-27,167.13795471191406,170.58008352629554,166.62910808502988,169.61229451028825,196212700
2026-03-30,164.79331970214844,169.0635577295173,163.89537828689438,168.3950875250076,185627000
2026-03-31,174.0022735595703,174.22177306603788,166.57925331681818,166.58922503111532,226181300
2026-04-01,175.3491973876953,176.96549806235143,174.3514779146501,175.59862725595661,168132000
2026-04-02,176.98544311523438,177.0852211444685,170.9791680862979,171.7873183615289,143143200
2026-04-06,177.23487854003906,177.3845303646084,175.35916114415525,176.75597747742694,107564300
2026-04-07,177.69383239746094,177.8235255680002,173.26395579650787,175.32922705160684,132534900
2026-04-08,181.66476440429688,184.83750503722598,179.8888249511496,184.079243714486,147732700
2026-04-09,183.49058532714844,183.6601958045732,180.20807985372045,181.42529878487736,116428500
2026-04-10,188.1998291015625,189.56669990817062,183.87970195572368,183.88967366981893,160459500
2026-04-13,188.87826538085938,189.2274732756209,185.3164148846483,185.605746824658,133648200
2026-04-14,196.0618438720703,196.0618438720703,190.33494396561244,190.40477641072036,161307000
2026-04-15,198.41647338867188,199.94298301571828,195.2936216855987,196.09178511161633,185338400
2026-04-16,197.8976593017578,199.39423847906178,195.36344336942167,196.97974400923295,134012900
2026-04-17,201.2200469970703,201.2400056483541,198.8155547450397,199.44410763257105,160324400
2026-04-20,201.59918212890625,201.70893187328167,197.38880498867078,199.52392392325544,119381400
2026-04-21,199.42417907714844,202.28762917830338,198.54618104306965,201.66904795828867,107945300
2026-04-22,202.03819274902344,202.03819274902344,198.54617460274403,200.53164182940822,107501000
2026-04-23,199.18470764160156,203.3651545152774,196.77022843278436,201.99828375930824,113561800
2026-04-24,207.79502868652344,210.46890943516505,199.35431566144254,199.50398270942756,214134400
2026-04-27,216.1160125732422,216.33551207209098,206.90706623150768,209.17187844164343,187172400
2026-04-28,212.68385314941406,214.2402930542568,207.72518626919629,209.01225288404052,180275400
2026-04-29,208.77279663085938,212.23488436877426,207.10660696252424,212.2149257168926,123711800
2026-04-30,199.11488342285156,209.82040915320695,198.24685712515335,209.45124259423534,225239200
2026-05-01,197.99742126464844,202.5370477944956,196.67045257290908,200.8209691272831,128647000
2026-05-04,198.02734375,201.2699318245734,194.29588290907526,199.04502180842945,125368100
2026-05-05,196.05186462402344,199.7833407086998,195.58293528206713,198.84548202478717,113406600
2026-05-06,207.3560333251953,207.7950323152332,198.15705885791613,199.43413852494058,188362800
2026-05-07,211.01766967773438,213.7115092245668,206.02907228582575,207.86487247229027,168307900
2026-05-08,214.709228515625,217.30330524675068,212.40449895841255,212.5441790763045,136421400
2026-05-11,218.93955993652344,221.79303819063418,213.40221390900197,213.55186573785767,160685800
2026-05-12,220.27650451660156,223.23973257586303,214.42986778297353,218.05159434962442,159176600
2026-05-13,225.3149871826172,227.32039781394542,221.0647077692387,224.41703053540263,150405400
2026-05-14,235.202392578125,236.00055597235212,228.77707677625682,229.32582552778115,180782900
2026-05-15,224.80616760253906,230.9720668751014,223.7286287034134,229.23602944473367,180977600
2026-05-18,221.81300354003906,229.4754818886306,217.8719993892805,229.34577348371204,146280900
2026-05-19,220.1068878173828,223.96805720569674,217.41304835521052,219.11914008419038,140948200
2026-05-20,222.9603729248047,225.61431038954527,219.9971448577806,222.6710257508039,184201600
2026-05-21,219.0093994140625,226.8814055684356,217.43300079554024,221.78305837384474,203381800
2026-05-22,214.83892822265625,220.50596731800164,214.3101381389001,220.39621757095847,169275700
2026-05-26,214.37001037597656,217.68243116855118,211.5165320236786,216.04617181279934,187202600
2026-05-27,212.1151580810547,213.66161102691768,208.30386252985457,213.63168066177133,167601200
2026-05-28,213.76138305664062,215.02849096688144,210.73829446983814,210.79815519844968,143996000
2026-05-29,210.6584930419922,217.36316924965476,210.64852132770383,214.09065053210412,289410600
2026-06-01,223.8483428955078,224.35717434911126,215.20808855445495,215.23801892090273,212850700
2026-06-02,222.3118438720703,231.75026086454594,220.84519513709748,226.66188583823322,193362900
2026-06-03,214.26025390625,222.31185725112735,214.02079575535723,221.2143597561905,160907000
2026-06-04,218.4156036376953,221.35231998810906,210.73419644348996,213.67091279390368,169022200
2026-06-05,204.87075805664062,214.62982678346356,204.10161444712602,214.2902104723603,219655500
2026-06-08,208.40679931640625,210.23475572682116,205.76975069388217,209.94507132882276,138372800
2026-06-09,207.95730590820312,211.16370951624515,199.11719156565087,210.3845825512031,180962500
2026-06-10,200.19598388671875,206.98838641050182,199.696542748819,204.20149632565034,161746600
2026-06-11,204.64100646972656,205.43013200106668,199.31696212361035,201.26479475008583,158643200
2026-06-12,204.96066284179688,206.83856645475237,203.21261880599855,204.6310298517525,112001800
2026-06-15,212.21253967285156,212.47225882321928,208.10713284720606,208.68648640498938,149936700
2026-06-16,207.1781768798828,211.25361840198772,207.05830064217733,210.94395209283806,125694100
2026-06-17,204.42124938964844,208.9761653200819,202.8530121596522,208.29691745433288,128363500
2026-06-18,210.4545135498047,211.1537281092123,206.26919428756833,207.09826842291386,241272000
2026-06-22,208.41677856445312,213.7508214450341,207.48782537372824,211.2036686200953,122041400
2026-06-23,199.81640625,203.54224815949766,199.77645766483005,201.94403040148535,153496200
2026-06-24,198.77757263183594,201.44458647582786,196.36027935647695,199.89631590195674,151810700
2026-06-25,195.52122497558594,200.5755669254449,191.9152592982058,199.85637045714446,149550000
2026-06-26,192.31480407714844,195.33143282930595,191.0062707295152,192.90414096411192,179304100
2026-06-29,194.7520751953125,195.96071419295149,189.58785574691487,193.63333194293918,148835700
2026-06-30,199.86634826660156,200.4057532237791,194.89191886651452,197.0195429632178,166476700
2026-07-01,197.35916137695312,199.62662840490702,193.23377271109229,195.98069896251877,146147600
2026-07-02,194.61224365234375,199.8363939026278,192.1350197738411,196.9196593659626,142068700
2026-07-06,195.33143615722656,197.32920075051607,193.77318221313826,194.20269428466304,108999000
2026-07-07,196.7098846435547,198.18824142626735,190.92636281467173,192.15498377986222,124154600
2026-07-08,203.891845703125,204.93069180759116,194.84197470333905,194.9618356993413,147419100
2026-07-09,202.5533447265625,204.36131918975943,198.73762239526957,204.23147485952867,132037400
2026-07-10,210.72421264648438,210.7641612313501,201.69430829342895,201.7742207048944,148421000
2026-07-13,203.30250549316406,210.33464515051216,202.77309911383117,208.3069001369788,121411000
2026-07-14,211.5632781982422,212.31243993744155,203.57221964678251,207.96729575339148,124379600
2026-07-15,212.26248168945312,213.57101502024952,205.80969553973085,211.7230919717581,124797200
2026-07-16,207.16818237304688,210.84407715298516,205.61992700554663,209.93509060438328,122986100
2026-07-17,202.58331298828125,206.41901728963356,197.74872640584337,202.41350482950477,144281900
2026-07-20,203.05279541015625,207.50781723343968,202.05391309694542,205.63989694335598,88701500
2026-07-21,207.0583038330078,208.4167843613107,203.78197113093626,207.30802440628602,108685600
2026-07-22,211.82298278808594,214.15038042761168,204.72092886821054,205.57996827489498,137645600
2026-07-23,208.5266571044922,210.63429930291466,205.72979894313582,209.22588688656515,110505300
2026-07-24,206.6088104248047,211.6731509810223,204.5810805834776,207.21812923496972,114836800
2026-07-27,196.2903594970703,208.51668459839084,195.22156333884286,207.96729627325774,154353700
2026-07-28,196.789794921875,198.47790843456414,192.52457850774027,194.78204700134697,134111500
2026-07-29,189.79762268066406,196.84974460884015,189.79762268066406,195.63110696844683,147680800
2026-07-30,194.82199096679688,197.02952748682713,191.3059363552755,193.23377181769484,129010200
2026-07-31,200.52561950683594,201.77422236802423,194.73209918257555,198.2182038580375,139961200
2026-08-03,206.40904235839844,208.50670133078404,196.62999113475112,197.46904862701152,128406900
2026-08-04,211.70310974121094,212.82185300096492,208.8163406042335,211.06382570110384,134922000
2026-08-05,218.9749755859375,221.9716224388697,216.15812022814887,216.6176127852948,158187400
2026-08-06,218.7452392578125,223.38005249670454,216.75745800384053,221.28239358061882,113940600
2026-08-07,223.70968627929688,224.50877992471257,220.41337164588714,221.29237770419127,105669400
2026-08-10,217.3068389892578,223.88946943306019,216.5277120448001,223.15029107269072,115846600
2026-08-11,217.25689697265625,221.9516406634887,215.95834695389817,221.92167541427946,101273100
2026-08-12,223.8395233154297,224.84840415873398,219.95387191061064,220.7929293559802,108783600
2026-08-13,225.04818725585938,226.97602279610956,223.45996804263754,224.80845001468583,98867200
2026-08-14,224.90834045410156,227.23573802273873,224.24907448357243,226.51654155338588,75680900
2026-08-17,224.7584991455078,227.66525027466162,224.60867289832842,225.72741618855906,93678700
2026-08-18,219.49440002441406,221.39227027986857,218.44557057093272,220.20359791537197,103128200
2026-08-19,217.31683349609375,222.62089613745684,216.51772459764655,221.4222404106533,96797300
2026-08-20,216.60763549804688,219.6142657707553,215.41896310784705,218.1159423024499,92457000
2026-08-21,214.48001098632812,218.49552214328025,214.26025565862156,218.17587248780362,98869300
2026-08-24,208.24697875976562,215.34903256074918,207.01835779182306,215.28910206110334,135187300
2026-08-25,212.81187438964844,214.48998931653267,209.87515802586688,210.79412790131315,122309000
2026-08-26,209.4256591796875,213.3612577394914,208.99613188036045,212.40232405945306,179900000
2026-08-27,227.7251739501953,230.21239627098788,220.6530857022795,222.61090164325523,298909800
2026-08-28,217.3068389892578,229.00374173344596,216.56766062888835,227.10587153371227,195116400
2026-08-31,220.53323364257812,221.05265670783686,215.96834944345454,218.62536478578363,124702700
2026-09-01,217.1969757080078,220.1636574397174,214.8595947199138,216.50774446342592,109756200
2026-09-02,224.1591796875,227.6952163087265,218.23579974693772,218.5454508199983,157104700
2026-09-03,228.1946563720703,230.14247379152744,224.49879494304554,225.76737972053164,134681600
2026-09-04,230.10252380371094,234.49759976142684,229.37334400327853,230.83170360414334,135352400
2026-09-08,225.47769165039062,233.44878317831424,224.59868561283858,232.84944771666764,122965600
2026-09-09,223.4199981689453,225.92718720955042,223.21024142511232,225.0281992525124,82955500
2026-09-10,218.36000061035156,220.99000549316406,217.1999969482422,220.52999877929688,105768000
2026-09-11,218.2899932861328,222.0,218.14999389648438,221.24000549316406,89060100
2026-09-14,210.9600067138672,212.77000427246094,208.92999267578125,211.24000549316406,132267200
2026-09-15,212.1699981689453,213.94000244140625,211.16000366210938,213.3800048828125,88059700
2026-09-16,213.89999389648438,216.75999450683594,212.5,214.13999938964844,96563600
2026-09-17,219.33999633789062,219.91000366210938,217.14999389648438,218.3800048828125,94191300
2026-09-18,222.27000427246094,222.72999572753906,218.02999877929688,219.35000610351562,190287400
2026-09-21,227.3800048828125,228.5,221.55999755859375,222.94000244140625,109806100
2026-09-22,228.8699951171875,229.97999572753906,226.5,226.85000610351562,95746700
2026-09-23,225.50999450683594,228.9499969482422,224.02000427246094,228.02999877929688,89547300
