Date,Close,High,Low,Open,Volume
2015-01-02,65.87915802001953,66.50697291403475,65.60710348005591,66.22096917908608,3545700.0
2015-01-05,65.38387298583984,66.30467410924393,65.37689572795594,65.88612378962429,6441000.0
2015-01-06,64.8885726928711,66.00469950542511,64.83277060991306,65.6280075045012,6195000.0
2015-01-07,66.7859878540039,67.12780424887593,65.87216413362418,66.36046566617344,6526300.0
2015-01-08,67.99979400634766,68.29975226617204,67.44173039483147,67.48358330296402,7131600.0
2015-01-09,67.5394058227539,68.13234521619883,67.3789607689066,68.04863938122651,4061500.0
2015-01-12,67.26033782958984,67.90210705610903,67.09989818400372,67.63005259438704,4192700.0
2015-01-13,67.2115478515625,68.00678526455205,66.84183286578022,67.43477229517201,5371300.0
2015-01-14,67.43476867675781,67.52545709472993,66.59070112833497,66.59070112833497,5127800.0
2015-01-15,67.43476867675781,67.88819480034766,67.23247070401494,67.76263072492416,4424000.0
2015-01-16,67.86724853515625,67.96490886286341,67.20454737189912,67.42777706047401,4404400.0
2015-01-20,68.02071380615234,68.59272655705809,67.54636137939475,68.59272655705809,7029500.0
2015-01-21,67.94398498535156,68.51599777878387,67.38592138693954,67.67890238116584,5031100.0
2015-01-22,68.99031829833984,69.06007488532187,67.69282555654567,67.99976092577032,7620400.0
2015-01-23,68.73226165771484,69.05314644232855,68.43230333177961,68.61367484381003,4857700.0
2015-01-26,68.84386444091797,69.02523059900093,68.13233303829034,68.49507599863482,4298700.0
2015-01-27,67.46964263916016,68.3974212487357,66.44420368353347,68.11838940769398,7365300.0
2015-01-28,66.77204132080078,68.20207033567597,66.73018842265536,67.81142909408473,6280100.0
2015-01-29,66.98828125,67.30219391889212,66.17909514694719,66.77203420318271,4600300.0
2015-01-30,65.41876983642578,66.50001630911274,65.26530204576413,66.34654851845109,7741500.0
2015-02-02,66.50000762939453,66.5767415147099,65.29319724205344,65.47456872753423,6889500.0
2015-02-03,67.10688018798828,67.35800823988897,66.67438601578343,66.98131616203793,5090400.0
2015-02-04,67.38592529296875,67.85330052352913,66.98830668573109,66.98830668573109,5064700.0
2015-02-05,67.39290618896484,67.82540579224946,67.2533929347902,67.82540579224946,4466200.0
2015-02-06,67.46263122558594,67.7067819671088,67.21150322799471,67.44170477946784,4629200.0
2015-02-09,66.9464340209961,67.60215779532906,66.68135147966781,67.37195621641375,4217100.0
2015-02-10,68.3555679321289,68.43230182698943,67.23246854963217,67.47662475441936,6797400.0
2015-02-11,70.0367202758789,70.28784838009352,69.19962482113378,69.79256943069505,9736400.0
2015-02-12,69.94601440429688,70.10645938939429,69.32517155785932,69.79255199857546,9062300.0
2015-02-13,69.1507797241211,69.86231097315658,69.0182437636836,69.86231097315658,5643000.0
2015-02-17,68.61365509033203,68.85780590810825,68.3625270143083,68.67643444829363,5877800.0
2015-02-18,69.290283203125,69.40189268881738,68.4741198790646,68.52992196086731,3472500.0
2015-02-19,68.86479949951172,69.47866531867098,68.73225817181657,69.26939542040961,4186300.0
2015-02-20,69.10196685791016,69.1089441171807,68.24395024076355,68.51600480933097,3945500.0
2015-02-23,69.37401580810547,69.39494758422191,68.87873688179658,69.17172320444764,3075700.0
2015-02-24,69.4646987915039,69.73675331683683,69.15776329745093,69.37401040166719,3389900.0
2015-02-25,69.40887451171875,69.63209881987797,68.99730685564816,69.53443851768877,3366100.0
2015-02-26,69.10893249511719,69.31123040322699,69.04615313850823,69.16473991571752,5722000.0
2015-02-27,69.0461654663086,69.31822003769834,69.03918820696566,69.2135824359124,6461700.0
2015-03-02,69.06010437011719,69.26937954249848,68.87176097264499,69.04615517559984,3613600.0
2015-03-03,68.64156341552734,69.02522749151285,68.44624274817632,68.93454441655388,4148100.0
2015-03-04,68.37120056152344,68.71530226662288,68.20266171625582,68.62401150830152,3884200.0
2015-03-05,68.2799301147461,68.70128003213269,68.26588208143878,68.60998388889975,3537200.0
2015-03-06,67.53553771972656,68.22374667197566,67.37402284577072,68.118407856317,6466100.0
2015-03-09,67.44419860839844,67.7672334825874,67.39504124401644,67.41610792050146,4810500.0
2015-03-10,66.31358337402344,67.13521602120196,66.31358337402344,66.98071989450138,5390300.0
2015-03-11,65.75180053710938,66.45405197859074,65.6253950633326,66.33467051939971,4637300.0
2015-03-12,67.21246337890625,67.24757808287923,65.8992516734901,65.9835237483743,4455000.0
2015-03-13,66.23636627197266,67.12822338696942,65.96951261059465,66.63664944291675,4703800.0
2015-03-16,67.02989196777344,67.08607336394182,66.34871263080495,66.40488866922051,4687400.0
2015-03-17,66.10293579101562,66.91755015233683,66.05377839733274,66.67176318392235,4507400.0
2015-03-18,66.4610595703125,66.74898516189357,64.77565545567843,66.0045951745936,7692100.0
2015-03-19,66.08183288574219,66.4189157989391,65.80093135103662,66.31357705370561,4386400.0
2015-03-20,66.9526596069336,67.05097975218874,66.08186919288686,66.15209327570845,8810400.0
2015-03-23,67.31080627441406,67.500417182773,66.95265650354457,67.04395262895957,4739400.0
2015-03-24,67.31781005859375,68.23073889185703,67.28269535048662,67.91472259214947,7118600.0
2015-03-25,66.89645385742188,67.72511052545393,66.87538717770312,67.71808651296378,4965600.0
2015-03-26,67.15630340576172,67.40209569643046,66.56641476676465,66.88944978684685,5077700.0
2015-03-27,67.38103485107422,67.52851239308683,66.84030350879335,66.91052759304677,4245600.0
2015-03-30,67.78131103515625,67.89367384457807,67.10013159461263,67.61277217877716,5021200.0
2015-03-31,67.14927673339844,67.83045604966584,67.14927673339844,67.57062647635077,4397600.0
2015-04-01,66.77706909179688,66.91049854437894,66.13099922474495,66.82623182296027,4241200.0
2015-04-02,67.19844055175781,67.36697939353432,66.55938918348573,66.55938918348573,3586200.0
2015-04-06,67.75323486328125,68.18160339837381,67.08609264696429,67.08609264696429,4861800.0
2015-04-07,67.5635986328125,68.02708707421444,67.54955596386957,67.88663359602337,3376600.0
2015-04-08,67.43718719482422,67.83747019606842,67.19842433972327,67.48634456838923,3879100.0
2015-04-09,67.66194152832031,67.85857112181091,67.16334352832499,67.29677304865986,3487000.0
2015-04-10,67.55657196044922,67.7812921589576,67.52146261059762,67.61275334951435,2704900.0
2015-04-13,67.08606719970703,67.6127556854467,67.05095784864245,67.42315018799145,3772900.0
2015-04-14,67.7602310180664,67.97793257905661,66.98775560739016,67.18438512744382,4501700.0
2015-04-15,67.8585433959961,68.3290558541821,67.76725265281942,67.93579147012727,3508700.0
2015-04-16,67.73213958740234,68.06219857438185,67.56360076600414,67.78832098045258,3699000.0
2015-04-17,67.28268432617188,67.50038583681157,66.96667343599516,67.30375100448349,4991600.0
2015-04-20,67.76725769042969,68.07625000992395,67.58467083275102,67.5987188605932,4468600.0
2015-04-21,67.96390533447266,68.51166069576408,67.79536645971089,68.2588497047443,4184300.0
2015-04-22,68.31501007080078,68.56782098394088,67.89366033481815,68.29394338766454,5293600.0
2015-04-23,67.2265396118164,68.42738905459609,67.02990468791204,67.88665238992832,7827700.0
2015-04-24,66.83325958251953,67.21247595381935,66.3697764783215,67.21247595381935,5381700.0
2015-04-27,66.3557357788086,66.90349103414724,66.3346690932576,66.83326696305951,5348500.0
2015-04-28,66.30655670166016,66.55234354893672,66.0256551514506,66.53127687027751,5065900.0
2015-04-29,66.27848815917969,66.34169357403016,65.49196998506348,66.16613071620019,4963600.0
2015-04-30,66.79813385009766,66.94560595426039,65.84307182125701,66.12397336346038,6714400.0
2015-05-01,67.10712432861328,67.14926304474523,66.54532657178584,66.82622812907535,4622300.0
2015-05-04,67.38103485107422,67.59171246158864,66.89648491929776,67.02990907205299,3729400.0
2015-05-05,67.00883483886719,67.53552344810578,66.88242935833978,67.43018465470733,3502800.0
2015-05-06,67.05097198486328,67.39507370125548,66.67877420929226,67.3599589850354,3376400.0
2015-05-07,66.81920623779297,67.18437452343471,66.67875277581403,66.81920623779297,3157400.0
2015-05-08,67.80237579345703,67.84450916358527,67.10012438330315,67.3529353195788,5231600.0
2015-05-11,67.66194152832031,68.18863023563638,67.50042665841929,67.60576011367883,3070300.0
2015-05-12,67.55657196044922,67.6829774069697,66.71387255548085,67.41612384553855,4229900.0
2015-05-13,67.70405578613281,68.09029081718111,67.53551160315459,67.60573566718585,3739800.0
2015-05-14,68.82064819335938,68.82064819335938,67.9358097878451,68.00603386751204,4018500.0
2015-05-15,68.9751205444336,69.12961668095697,68.6450615905431,68.70124297796104,3809500.0
2015-05-18,68.85575866699219,69.05238822103863,68.58889967985473,68.82766796530649,3328300.0
2015-05-19,68.78553771972656,69.0594153977576,68.51868405742185,68.77851906175441,3323900.0
2015-05-20,68.6029281616211,69.05236854502027,68.59590414876273,68.82062434046233,2789800.0
2015-05-21,68.25885772705078,68.67318898348856,68.0481854482773,68.39931127065462,3406100.0
2015-05-22,67.59872436523438,68.2658610827378,67.57765767950842,68.2658610827378,3311100.0
2015-05-26,67.26866912841797,67.61277084943801,67.06501555866019,67.4582746683974,3806200.0
2015-05-27,67.68297576904297,67.82342923830683,67.2124687019511,67.40909820116848,4028200.0
2015-05-28,68.1604995727539,68.39224375398605,67.36695764769551,67.80235531930579,5321700.0
2015-05-29,67.71810913085938,68.28693110425966,67.37400741243542,68.26586441750462,5731700.0
2015-06-01,67.39505767822266,67.83045005241858,67.16331346487517,67.83045005241858,4407000.0
2015-06-02,67.45123291015625,67.66190506489738,66.97370185855729,67.15628332111594,3959800.0
2015-06-03,67.41799926757812,67.91319750716546,67.31188381702198,67.78586004594929,3248800.0
2015-06-04,66.59735107421875,67.64434814020309,66.5832048721024,67.2128161127285,4793700.0
2015-06-05,65.8262710571289,66.48418024749897,65.72015562695535,66.40636262518869,4741200.0
2015-06-08,65.6777114868164,66.08095123328474,65.60696966010904,66.00313360473001,4466600.0
2015-06-09,65.84039306640625,66.01725025261635,65.59279408516271,65.64938968009065,3411900.0
2015-06-10,66.27906036376953,66.55495739029067,65.88289624068808,66.05268317797635,3892000.0
2015-06-11,66.56201171875,66.70350079897752,66.42052803577901,66.49834568059002,3020100.0
2015-06-12,66.31440734863281,66.54786026466721,66.102181840902,66.47004262598908,3748500.0
2015-06-15,65.53621673583984,66.08801044687696,65.46547492111154,65.98189502615725,7203000.0
2015-06-16,66.17997741699219,66.29316323726435,65.49377050318726,65.62817832743207,2728700.0
2015-06-17,66.53369903564453,66.68932888060947,65.96775368161876,66.19413074377809,3108900.0
2015-06-18,67.36847686767578,67.57362656104915,66.58323011974389,66.73178958593968,4035400.0
2015-06-19,67.10675048828125,67.42509154596496,67.00771080823486,67.12089670089169,5463300.0
2015-06-22,67.63023376464844,67.82831308682321,67.20577730323723,67.20577730323723,3626700.0
2015-06-23,67.63023376464844,67.72927342573583,67.30481696432462,67.63730956822803,3679900.0
2015-06-24,67.41091918945312,67.75048213298906,67.3896971801391,67.3896971801391,4742000.0
2015-06-25,67.08550262451172,67.90611757120078,67.08550262451172,67.73633609899886,4426400.0
2015-06-26,67.14210510253906,67.5241121046805,67.0855094736084,67.27651297467911,5119600.0
2015-06-29,66.27906036376953,67.03600958475842,66.22954052304158,66.78133457608386,3625600.0
2015-06-30,66.03143310546875,66.99353716427693,65.97484287638167,66.85912929828214,4188500.0
2015-07-01,66.86619567871094,66.90156929236008,66.1799939903162,66.35685126405062,4808600.0
2015-07-02,66.96524047851562,67.19161757219761,66.6468941485763,66.92279106283699,3209600.0
2015-07-06,66.78131866455078,67.1491794798453,66.50542170376575,66.5266437165559,4952400.0
2015-07-07,68.19617462158203,68.38010772120545,66.88035590361518,67.05013739705261,7724800.0
2015-07-08,67.63729095458984,68.11126711610751,67.5665491300321,67.70803277914759,6055100.0
2015-07-09,66.91571044921875,68.86821611511908,66.55492552405373,68.86114031347215,9932300.0
2015-07-10,67.59488677978516,68.10423145516222,67.21287422530854,67.5029174961236,7233600.0
2015-07-13,68.7762451171875,68.96724856371284,68.02637213839618,68.12541176211373,7263800.0
2015-07-14,68.71258544921875,68.96018994809276,68.42961813151526,68.9035943256498,4479400.0
2015-07-15,68.16079711914062,68.86115046225875,68.13957510832735,68.67014696768328,5464700.0
2015-07-16,68.54989624023438,68.86116144389476,68.52867422603673,68.68430412923846,4253000.0
2015-07-17,68.4649887084961,68.49328652069336,67.94856847834929,68.29520723256825,3573300.0
2015-07-20,68.83991241455078,68.96017944323542,68.4791275202613,68.67720677138215,3391800.0
2015-07-21,68.57110595703125,68.96019413839961,68.50743452860009,68.96019413839961,3065400.0
2015-07-22,68.74089050292969,68.9601972136882,68.4791451667511,68.63477504898282,3371300.0
2015-07-23,68.5286636352539,68.88237820990159,68.2386150933599,68.62062748165012,2742900.0
2015-07-24,68.04054260253906,68.5428167011203,67.97687116615903,68.38718140914312,3631700.0
2015-07-27,67.67267608642578,68.21031836239972,67.43922316811133,67.93442142157578,4783400.0
2015-07-28,67.99102020263672,68.07591364884853,67.65852761821104,68.07591364884853,4937100.0
2015-07-29,68.28811645507812,68.45789789377403,67.9485535776863,68.04051739921854,3851100.0
2015-07-30,68.35884857177734,68.53570578619002,68.01928574256716,68.04050774473606,3380700.0
2015-07-31,68.16079711914062,68.74088880281286,68.05468166781823,68.74088880281286,5049600.0
2015-08-03,68.93896484375,68.96019225081665,68.03345644344849,68.04760804815959,3711100.0
2015-08-04,69.19364166259766,69.3280549247778,68.74796325252194,68.83285669136035,3955000.0
2015-08-05,70.1698989868164,70.28308484403547,69.25023893460212,69.34220278092111,4320400.0
2015-08-06,70.1416015625,71.17444747766588,70.10622794596615,70.5023919415719,6224000.0
2015-08-07,70.10620880126953,70.35380785762337,69.83738773969317,70.04254278560195,4608300.0
2015-08-10,70.09917449951172,70.53070685202117,69.95769078276605,70.40336934804694,4753700.0
2015-08-11,69.76663208007812,69.85859588354646,69.43413967155283,69.75248048123466,3581300.0
2015-08-12,69.59684753417969,69.63222113518181,68.62059767521376,69.35632431857722,3743300.0
2015-08-13,69.88692474365234,70.19819528950319,69.34927709097978,69.61102781337763,4190600.0
2015-08-14,70.19818878173828,70.22648119486917,69.82324684206081,69.91521607513029,3375600.0
2015-08-17,70.64388275146484,70.80658845054656,69.85863588092155,69.90815571071903,3253100.0
2015-08-18,70.58019256591797,71.04002251889274,70.38918910093888,70.38918910093888,4578500.0
2015-08-19,70.02842712402344,70.51655508367764,69.78082794059645,70.30432412802172,3903500.0
2015-08-20,69.31389617919922,69.7524987073885,69.31389617919922,69.54734364858014,3956800.0
2015-08-21,68.09003448486328,69.04506246052478,67.98391906595548,68.76208980918875,7514400.0
2015-08-24,64.96322631835938,65.31694092700043,54.104188912530034,64.78636901403884,13366900.0
2015-08-25,63.413963317871094,66.59739523301425,63.35029727025175,66.59739523301425,8258100.0
2015-08-26,65.43013000488281,65.52916966838019,63.44933133767826,64.88541185564719,7614100.0
2015-08-27,66.21536254882812,66.49125946549883,64.98443742850837,66.14462071841999,6690000.0
2015-08-28,66.16583251953125,66.38513377913864,65.63526077744508,65.79089601868446,6002300.0
2015-08-31,65.74138641357422,66.02435913274421,65.53623132710736,65.74846221579878,5328000.0
2015-09-01,64.6094970703125,65.19666448295617,64.2911507563134,64.46093761601507,8367800.0
2015-09-02,65.3316879272461,65.70240766835829,64.7827444448706,65.14632805669,5935400.0
2015-09-03,65.6810073852539,66.12301765542811,65.50277822715303,65.58833018112546,3774100.0
2015-09-04,64.81838989257812,65.26040023762617,64.618774071951,64.87542453822107,5653600.0
2015-09-08,65.85209655761719,65.87348318154409,65.28889189135081,65.53841156903312,3638200.0
2015-09-09,64.75422668457031,66.358289297178,64.51896286266502,66.32977197581468,4474400.0
2015-09-10,64.9181900024414,65.37445623451448,64.46905445999766,64.51895840915809,3928100.0
2015-09-11,65.31742858886719,65.33168452934254,64.65441585474882,64.81838364626734,4062600.0
2015-09-14,65.01801300048828,65.33169814755944,64.86830111823808,65.31744220411247,4383600.0
2015-09-15,65.63111114501953,65.83072695527204,64.98235976169886,65.35307406086454,3725100.0
2015-09-16,66.35113525390625,66.52936437035481,65.69525341076458,65.83783452827502,4152000.0
2015-09-17,66.56503295898438,67.27794964529582,66.02321475443333,66.52225425920227,5300800.0
2015-09-18,66.33689880371094,66.75038634159814,65.43862226999511,65.72379002790265,9622400.0
2015-09-21,66.80744171142578,67.20667343290481,66.46524464705068,66.52940455694942,3654000.0
2015-09-22,65.85209655761719,66.35826660066445,65.55266750527738,66.2941012897627,4547900.0
2015-09-23,65.87350463867188,66.08737638672692,65.48852896522543,65.78082198597083,3401600.0
2015-09-24,65.92340087890625,66.20143792623968,65.19622287886331,65.50990793293063,4064000.0
2015-09-25,66.63630676269531,67.14247682984274,66.06597138159104,66.25846188434029,4897200.0
2015-09-28,65.92340087890625,66.76464271007774,65.7309103451387,66.27985918975651,4659200.0
2015-09-29,66.32975769042969,66.55789077308059,65.8093262060989,65.98043009742838,5632200.0
2015-09-30,67.22802734375,67.2993179050966,66.67907859922667,67.05692346957272,5873600.0
2015-10-01,66.90721893310547,67.37061579092028,66.3939181330104,67.15673864450675,5061800.0
2015-10-02,67.12824249267578,67.17101575632924,65.96618473160845,66.42245100765547,5163700.0
2015-10-05,68.3045425415039,68.42574250581771,67.43478335766466,67.6629219073742,5700200.0
2015-10-06,69.20283508300781,69.86584793917926,68.96044597644716,69.83733061385618,7094300.0
2015-10-07,70.23652648925781,70.5715980921071,69.20993049652061,69.28835174140536,6528200.0
2015-10-08,70.557373046875,70.5858903701474,69.580675121508,69.580675121508,4683300.0
2015-10-09,70.91384887695312,71.02078750575527,70.44332108587355,70.50748643880468,5607000.0
2015-10-12,70.67855834960938,71.36295770128575,70.35774802320945,70.54310244155837,4581300.0
2015-10-13,69.80879211425781,70.6928126137627,69.78740548653337,70.55022603039642,5989400.0
2015-10-14,69.50225067138672,70.01555158862482,69.44522146656705,69.70186648606308,4238400.0
2015-10-15,70.06546020507812,70.21517207604857,69.45948203044821,69.94426565797683,5763900.0
2015-10-16,71.07778930664062,71.15621057490033,70.07971032719433,70.47181122937037,5550800.0
2015-10-19,71.41997528076172,71.48413515506724,70.94944777936952,71.07777296710182,4902700.0
2015-10-20,71.4841537475586,71.5697057080053,71.05640482357039,71.25602062549004,3613600.0
2015-10-21,71.46987915039062,71.9332759633795,71.1062902123075,71.22035946312623,4332000.0
2015-10-22,73.48745727539062,73.7013290292917,71.52693628278776,71.76932535836691,5934800.0
2015-10-23,73.02405548095703,73.74410284805884,72.66759714227017,73.65855088868986,5015800.0
2015-10-26,73.10247039794922,73.29495549089911,72.61055619278976,72.99553181781167,3770700.0
2015-10-27,73.38764953613281,73.57300396877774,72.7246367631966,72.81018328930259,3995700.0
2015-10-28,73.24504089355469,73.57298183626204,72.34677000492546,73.5088219609834,5164800.0
2015-10-29,73.28782653808594,73.50169824843317,72.64620052880055,72.7816509802839,3008100.0
2015-10-30,72.85295867919922,73.60151794420796,72.85295867919922,73.16663832586457,5425800.0
2015-11-02,72.28976440429688,73.13100644349333,72.07588718924961,72.81732131185697,5007300.0
2015-11-03,71.94754028320312,72.15428674506038,71.1704638181635,72.11864417936754,4174900.0
2015-11-04,71.73368072509766,72.24697618318987,71.57683817993498,71.92616584199189,3345600.0
2015-11-05,71.7265396118164,71.96180339537194,71.4271159449941,71.73367030077561,2834100.0
2015-11-06,71.092041015625,71.498403241731,70.68567878951902,71.34156072654592,4660400.0
2015-11-09,70.49321746826172,71.00651847997554,70.02982585852608,70.92097193743925,3959900.0
2015-11-10,70.45755004882812,70.73558709229738,70.1367343100483,70.22228626154734,3367800.0
2015-11-11,70.8852767944336,71.26312161044348,70.6428823937674,70.77833824823146,3147300.0
2015-11-12,70.12962341308594,70.81402284778366,70.10823134149142,70.5074684244075,3892800.0
2015-11-13,69.89433288574219,70.54308405915432,69.73035970087649,70.0012714463832,4001000.0
2015-11-16,70.9780044555664,71.04930049649629,69.61633601196924,69.68762661377484,3446600.0
2015-11-17,70.45755004882812,71.20610922773683,70.2650595177358,70.96372019050604,3446500.0
2015-11-18,71.4841537475586,71.56257501818742,70.51459205810924,70.62865589958218,4074200.0
2015-11-19,71.9546890258789,72.26837414176403,71.64813460057024,71.66239054259991,3496000.0
2015-11-20,71.36296081542969,72.82444223085574,71.29167023302122,72.37530122734911,4800600.0
2015-11-23,71.89765930175781,72.49651225134403,71.46277961191652,71.63388356272607,4604000.0
2015-11-24,71.74080657958984,72.00458772041222,71.29167101030912,71.52693483003263,3405400.0
2015-11-25,71.64813232421875,71.9618174301377,71.6124843115923,71.6695189561454,2906000.0
2015-11-27,71.8192138671875,71.997443010006,71.35581700803505,71.35581700803505,1463400.0
2015-11-30,71.40574645996094,71.98320730448377,71.38435438794762,71.81923405378836,6083300.0
2015-12-01,72.04736328125,72.09014198382462,71.3700945606922,71.3700945606922,4473200.0
2015-12-02,71.41773986816406,72.06385494469292,71.33158863525637,72.04949914448623,4361600.0
2015-12-03,71.13778686523438,71.78390775626804,70.90088043620985,71.51828423461696,5661000.0
2015-12-04,72.55203247070312,72.7745884474334,70.7429004432873,71.21671851921096,6422700.0
2015-12-07,72.27208709716797,72.87513508554399,71.87723939883608,72.53053545258264,3408000.0
2015-12-08,71.91312408447266,72.3725865618918,71.52545159217061,72.07824597974427,3385200.0
2015-12-09,71.16645812988281,72.4802355161005,71.0659511090246,71.45362339400138,4195100.0
2015-12-10,71.0013656616211,71.5039009347996,70.67830257695746,71.29570618527602,3926600.0
2015-12-11,70.19731903076172,70.92241049183599,70.02502196776258,70.3050067490955,5429700.0
2015-12-14,70.31935119628906,70.80035553018307,69.50093343271728,70.41985825657163,6633900.0
2015-12-15,71.3531494140625,71.55416354886091,70.49883386394487,70.73574572733916,5554200.0
2015-12-16,72.56640625,72.74588390367893,71.53979385186757,71.67619314415171,4994500.0
2015-12-17,71.93465423583984,72.58795564083889,71.91311778991228,72.50898502095495,4303600.0
2015-12-18,70.28343200683594,71.61874584128732,70.2690707310296,71.61156520338415,6926800.0
2015-12-21,70.80035400390625,70.81470980768401,70.19012553748621,70.63523213573079,3089100.0
2015-12-22,71.6474838256836,71.84131728786352,70.8075242169746,71.00854379637683,3882100.0
2015-12-23,72.25051879882812,72.33667003839906,71.80541227687938,71.93463639762432,2929600.0
2015-12-24,72.17874145507812,72.48744327097491,71.87003963918134,72.15720501072643,1044300.0
2015-12-28,72.27924346923828,72.3582140778325,71.89157106629128,72.0710487263284,4017700.0
2015-12-29,72.83202362060547,73.0115012593721,72.34384422407135,72.58793666094984,2362200.0
2015-12-30,72.61665344238281,72.89663811953179,72.4946099630559,72.87510167932385,2333000.0
2015-12-31,71.733642578125,72.44437818159184,71.65467195551757,72.17156858450274,3041500.0
2016-01-04,70.90802764892578,71.07314949712965,70.21165896684161,70.75726707998653,6689000.0
2016-01-05,71.39620208740234,71.68336740317186,70.86494981342358,70.93673977306024,4893800.0
2016-01-06,71.41773986816406,71.61875393439281,70.44138113743365,70.6280339262332,5483400.0
2016-01-07,70.04653930664062,71.0587959147104,69.78809104403658,70.68547932329415,5440000.0
2016-01-08,69.7881088256836,70.80754085613258,69.59427531795448,70.23321549740663,4853500.0
2016-01-11,69.95321655273438,70.2978106027306,69.54400769509904,69.88142110486346,5638000.0
2016-01-12,70.08244323730469,70.64959333730611,69.7378436975634,70.64959333730611,5185800.0
2016-01-13,69.27838134765625,70.31217449042617,69.1706936490804,69.97475559092634,5161500.0
2016-01-14,68.78301239013672,69.69476191350755,68.67533018260906,69.20658248956383,6592500.0
2016-01-15,67.433349609375,67.88563136072872,66.98106785802129,67.44770541283002,8229400.0
2016-01-19,68.75430297851562,68.99121481595006,67.81384174637887,67.9574271678045,6828900.0
2016-01-20,67.31849670410156,68.50305067934003,66.9810832119385,68.0938417217731,7558100.0
2016-01-21,67.82100677490234,67.96458668605324,66.94515507610335,67.51230503642765,6076300.0
2016-01-22,68.8117446899414,69.12762717447971,67.56976215250559,68.1153703820589,6946600.0
2016-01-25,68.8763427734375,69.51528275123262,68.58199680667502,68.8619814945977,4407000.0
2016-01-26,69.14915466308594,69.7952753535676,68.75430160856278,68.85481414016986,3735200.0
2016-01-27,68.8763427734375,69.83834032122861,68.60353324771168,68.84044505356104,5795100.0
2016-01-28,69.96038818359375,70.2834512510311,68.97685413321332,69.22812175640455,5169900.0
2016-01-29,71.28853607177734,71.28853607177734,70.053728767676,70.2619235319465,7340600.0
2016-02-01,71.09471893310547,71.36034795054444,70.01067188890681,70.7357634660275,3648100.0
2016-02-02,70.5059814453125,70.84340021789254,70.35522091490432,70.82186378172305,3809900.0
2016-02-03,70.87213897705078,71.09468952185968,70.06807709162818,70.97982666806988,5146000.0
2016-02-04,69.91729736328125,71.00134366207645,69.63731272965936,70.84340248880831,5212000.0
2016-02-05,69.8670654296875,70.14705014978152,69.49375429530336,70.09679662251396,5574800.0
2016-02-08,70.01065826416016,70.27628722990518,69.20660167980714,69.73785413407248,4729500.0
2016-02-09,70.5562744140625,70.92241046537079,69.23532113618731,69.41479884093502,4994200.0
2016-02-10,70.08244323730469,70.87932453805901,70.010647786825,70.50600791357064,4505500.0
2016-02-11,69.5655517578125,70.31217958421112,68.98404033426473,69.19941574701934,5898500.0
2016-02-12,70.70701599121094,70.7788059583359,69.02710775614871,69.20658541257279,5110600.0
2016-02-16,70.78597259521484,71.2885132201229,70.4270173533758,71.21671778997724,4709700.0
2016-02-17,71.46800994873047,71.71209694937342,70.92957694201645,71.07315688625067,4493200.0
2016-02-18,71.51824188232422,71.76950944747689,71.05159898862803,71.48234416849292,3729100.0
2016-02-19,71.48954772949219,71.92747368798668,70.6854857859628,70.6854857859628,4531300.0
2016-02-22,71.6977310180664,72.19308558975906,71.48953629427899,71.77670161940725,4731500.0
2016-02-23,71.46080780029297,71.79104595441663,71.34593949769928,71.712075365689,3721100.0
2016-02-24,71.56133270263672,71.61158622826937,70.64240796122621,71.07315324910945,5691200.0
2016-02-25,72.27208709716797,72.2936235472483,71.6690445860173,71.6690445860173,4668900.0
2016-02-26,70.61367797851562,72.17872310445625,70.24036144725135,72.14282538818075,6506200.0
2016-02-29,70.22602081298828,71.08751141742178,70.204484369461,70.61369322815045,5955300.0
2016-03-01,71.13778686523438,71.1736846003239,70.3911643658459,70.71422207275005,5160200.0
2016-03-02,71.09656524658203,71.11825557638862,70.525362657446,70.89411481323975,4180000.0
2016-03-03,71.69667053222656,71.74728312673867,70.87239961017958,71.11100420560479,4856600.0
2016-03-04,72.30401611328125,72.30401611328125,71.27006846220699,71.44359655629844,7067200.0
2016-03-07,71.7617416381836,72.01480461121771,71.5592912597563,71.7617416381836,5967100.0
2016-03-08,72.11605072021484,72.39080961323452,71.4002422413133,71.55931201803824,4871200.0
2016-03-09,72.4486312866211,72.72339011377174,72.11603343154972,72.30402544228028,5085000.0
2016-03-10,72.86801147460938,72.94031441217595,72.31849921965441,72.62940681591517,5502800.0
2016-03-11,73.25120544433594,73.32351388191213,72.73061558539932,73.02706473365573,5912400.0
2016-03-14,72.77400970458984,73.35243865390012,72.7523193774902,73.12106597090403,3580500.0
2016-03-15,73.13553619384766,73.43921183223497,72.48479874276028,72.49925712329095,3860300.0
2016-03-16,72.9041748046875,73.27292148722843,72.31128181643365,72.98370970084994,4176600.0
2016-03-17,73.65612030029297,73.83688038254094,72.87523542105535,73.02707322818046,5635800.0
2016-03-18,73.23674774169922,73.7067250084801,73.03429735388207,73.51150105139975,7273900.0
2016-03-21,73.41752624511719,73.83689102027706,72.53541603404322,72.9620127581157,4420300.0
2016-03-22,72.86077117919922,73.39582499189066,72.61494011636253,73.22952328981415,3457600.0
2016-03-23,72.88969421386719,73.57658584012148,72.68724380321875,72.8029329043664,3407900.0
2016-03-24,72.79568481445312,72.96921291133584,72.41247440550603,72.81014319071055,3183100.0
2016-03-28,73.0125961303711,73.46810943496529,72.89690705953913,72.99813223833783,3785500.0
2016-03-29,73.29460906982422,73.48982755524922,72.85355397406927,73.06323635699873,3356700.0
2016-03-30,74.24899291992188,74.39359873977774,73.32350243358412,73.35965113036887,4673600.0
2016-03-31,74.09716796875,74.7985123843378,73.96702050182826,74.14054861893744,5367700.0
2016-04-01,75.03712463378906,75.116659511471,73.71395950474586,73.72842340052073,4128600.0
2016-04-04,75.06607055664062,75.16006384334769,74.3068757637334,75.05161217267096,4220400.0
2016-04-05,74.54547882080078,75.14560379494075,74.37918258520537,75.02991466029911,3589200.0
2016-04-06,75.13834381103516,75.18895640946707,74.3791548345565,74.65390815227838,4196800.0
2016-04-07,74.90697479248047,75.17450169228339,74.49484203764665,74.71898276785248,6220900.0
2016-04-08,75.97708129882812,76.09999683439669,75.12389346520852,75.18896444885301,6154500.0
2016-04-11,75.41309356689453,76.47595800601712,75.31186838221619,76.03490856783797,5354000.0
2016-04-12,75.85415649414062,76.00599428711716,75.2829540254997,75.31910272876492,3777200.0
2016-04-13,75.28295135498047,76.17228775606117,75.0226564287229,76.16505580912089,3802400.0
2016-04-14,74.58885955810547,75.26128191775486,74.26348802795518,74.27795192691003,5593300.0
2016-04-15,75.02989196777344,75.05881424268641,74.4803852935067,74.64668147880641,4553500.0
2016-04-18,74.99373626708984,75.62277775960953,74.83466652808414,75.31187574510123,7736900.0
2016-04-19,75.42755126953125,75.6372335834513,75.02265053443531,75.05879923357814,4996200.0
2016-04-20,74.06824493408203,75.44924894230789,74.03209071505839,75.36248764282605,4778000.0
2016-04-21,73.01983642578125,73.9959397017547,72.6077036863098,73.9959397017547,7145600.0
2016-04-22,73.73563385009766,73.79347286725378,72.98367146348457,73.14996760189074,5660200.0
2016-04-25,74.32854461669922,74.35023494295623,73.46812489943996,73.6055043208806,3501300.0
2016-04-26,74.1839370727539,74.76237154577763,73.88749340469022,74.61776016934172,3222900.0
2016-04-27,74.20562744140625,74.733449312061,73.68504303502728,74.2707039399286,3730900.0
2016-04-28,74.45144653320312,74.58159398331368,73.86578576588498,73.87301219574319,4350200.0
2016-04-29,74.44422912597656,74.59606692803308,74.0393283204925,74.42253879944845,4604000.0
2016-05-02,74.78404998779297,75.1021894490304,74.21284755346171,74.28515047200865,3998100.0
2016-05-03,74.87805938720703,75.14558631155177,74.47315854288875,74.76960774416483,3945400.0
2016-05-04,75.21064758300781,75.5143286933827,74.56714217439269,74.84190101157188,3852600.0
2016-05-05,75.34803009033203,75.83246577440912,74.90697505964698,75.10219903263075,3401400.0
2016-05-06,75.89029693603516,75.8975288824447,74.96480638453065,74.96480638453065,3547700.0
2016-05-09,76.12168884277344,76.44706031725927,75.85416743784889,75.86139386972886,4432300.0
2016-05-10,77.0544204711914,77.09780113291953,76.15785185852474,76.2301548001919,3885500.0
2016-05-11,76.43982696533203,77.32193707818908,76.3747504650858,76.83026941772908,3424900.0
2016-05-12,76.7145767211914,76.93149102337473,76.3385981826148,76.73626704813776,3195200.0
2016-05-13,75.3263168334961,76.71455248304545,74.86357161697966,76.46148955469397,7811500.0
2016-05-16,75.29019927978516,75.66618339898803,74.92867905859205,75.18174762651586,4243200.0
2016-05-17,74.01764678955078,75.47095400322951,73.75735180756286,75.31911618312996,5443300.0
2016-05-18,72.96199798583984,73.75010925056681,72.49924712725603,73.71395502968446,6970100.0
2016-05-19,73.26567077636719,73.34520564617459,72.52094019213366,72.8463061021753,4722400.0
2016-05-20,72.3763427734375,73.59828281191601,72.30403983687272,73.54043825612,5704000.0
2016-05-23,72.6076889038086,72.86075184733741,72.304013371574,72.39078017350893,4185900.0
2016-05-24,73.09213256835938,73.30181489233355,72.80292089591407,72.96199062557442,3446300.0
2016-05-25,73.09213256835938,73.4608846219939,72.99813932645056,73.14997710939205,3223800.0
2016-05-26,73.67781066894531,73.72119132347403,73.03430521708974,73.17167912855064,4543100.0
2016-05-27,73.72118377685547,74.02485936018995,73.46088884360896,73.84409929634428,2877000.0
2016-05-31,73.14999389648438,74.01764566201366,72.89693086684012,73.85134394747011,6368700.0
2016-06-01,73.98989868164062,74.01175165641091,73.06475421744018,73.25415037059932,4741400.0
2016-06-02,74.30313873291016,74.31042491051758,73.69851381917069,73.81507042998918,3618200.0
2016-06-03,74.6892318725586,74.90777276558491,74.24486946573732,74.24486946573732,4511700.0
2016-06-06,74.81307220458984,75.07531906394955,74.47069960938923,74.69652113249998,2944200.0
2016-06-07,74.66007995605469,75.16272058947277,74.50710358017197,74.90047378575245,4078700.0
2016-06-08,75.16270446777344,75.28654166582254,74.42695633971782,74.56536588913956,2860800.0
2016-06-09,75.51240539550781,75.62895647458569,74.69652561105727,74.95877248614043,3552200.0
2016-06-10,75.2574462890625,75.38856973905676,74.87136211900354,75.21374032497337,3462400.0
2016-06-13,75.07530975341797,75.53424447924526,75.01703700346279,75.20643316683643,4368300.0
2016-06-14,75.19914245605469,75.2428484020877,74.11372996262166,74.74020779180965,4363600.0
2016-06-15,74.92962646484375,75.44683398841208,74.8494951738109,75.22829309328142,3434400.0
2016-06-16,75.65079498291016,75.7090732901639,74.6746583461737,74.6746583461737,3520900.0
2016-06-17,75.33029174804688,75.65809757143295,74.59454324312472,75.46140963122012,5577900.0
2016-06-20,75.30113220214844,76.25541581173673,75.28655984725665,75.81105346886166,3567000.0
2016-06-21,75.81835174560547,76.05874562015796,75.58524404966163,75.62166382725312,3214500.0
2016-06-22,75.57066345214844,76.1170100759795,75.49053216936854,75.81834347830231,3398900.0
2016-06-23,76.0805892944336,76.12429524528898,75.69450524127726,76.09515609214365,3068100.0
2016-06-24,74.28855895996094,75.35939345676397,74.15743557455508,74.6600705871741,8654800.0
2016-06-27,74.39784240722656,74.55081880213913,73.79322300573179,74.13559557088344,6381900.0
2016-06-28,74.40514373779297,74.55083398421947,73.9389282799562,74.41971609707161,5195100.0
2016-06-29,75.1190185546875,75.27199493853938,74.63823087024575,74.90047768762759,4898700.0
2016-06-30,77.17327880859375,77.21698475734291,75.41768243083676,75.57794498655025,7973200.0
2016-07-01,76.94744873046875,77.50836765329409,76.7653332075793,77.38453043158319,4115700.0
2016-07-05,77.52293395996094,77.93087650790885,76.94744824433906,76.97658739474424,5365200.0
2016-07-06,77.1587142944336,77.74877245113134,76.94745959113754,77.64678263081127,6126500.0
2016-07-07,78.30241394042969,79.40239360990464,77.99646109707157,79.0600154271211,9912800.0
2016-07-08,78.87061309814453,79.03816187747799,78.17857611585627,78.70306987653753,6052800.0
2016-07-11,79.33682250976562,79.49707952858904,78.50637047149097,78.7904758484715,6446600.0
2016-07-12,79.24938201904297,79.48248963782858,78.94342931146014,78.97984907699674,4175800.0
2016-07-13,80.0652847290039,80.17454961508791,79.32225015727875,79.4533735783052,5232100.0
2016-07-14,80.10169982910156,80.81559520362137,79.95600961767727,80.0070017474483,4834300.0
2016-07-15,79.88316345214844,80.4877828234905,79.38052278127016,79.96328917696104,5230600.0
2016-07-18,79.55535888671875,79.91230382063233,79.28582586281827,79.8831702224451,3688700.0
2016-07-19,79.78848266601562,79.81033564792565,79.19114374365833,79.30041421093536,3987500.0
2016-07-20,79.34410095214844,80.0652825268208,79.16927158149703,80.02885719397757,3021800.0
2016-07-21,79.0964126586914,79.30766732528866,78.75403459757601,79.19111072672831,2765400.0
2016-07-22,79.540771484375,79.70103402152093,79.24209938192588,79.24209938192588,2693100.0
2016-07-25,79.41693115234375,79.60633284366907,78.95071587963868,79.57719369440944,3053100.0
2016-07-26,78.8196029663086,79.56992365462288,78.69576573378373,79.4023749135347,3386100.0
2016-07-27,78.29510498046875,78.70304195729688,77.71961928374365,78.70304195729688,4724200.0
2016-07-28,78.76862335205078,78.95073891977674,78.06930023891023,78.34611945879837,3446500.0
2016-07-29,79.34410095214844,79.48251054768211,78.76133453073524,78.86331879342568,3995300.0
2016-08-01,79.35138702392578,79.46793808496203,78.92159143939871,79.1984106300951,3880700.0
2016-08-02,79.19841003417969,79.58449410490334,78.87788489272212,79.58449410490334,3431600.0
2016-08-03,78.70305633544922,79.38781257827172,78.44080950022892,79.35138724537565,3691900.0
2016-08-04,78.9798583984375,79.07456202700276,78.65933885835614,78.79774287608855,3226900.0
2016-08-05,79.15470886230469,79.6646302020362,78.94345414792285,79.21298161704131,3189400.0
2016-08-08,78.77587890625,79.1255431057489,78.43350088279087,78.97984737357274,3304200.0
2016-08-09,78.87788391113281,79.2202620247517,78.7176213423984,78.85603093498273,2378200.0
2016-08-10,79.27123260498047,79.37321683777314,79.00169967104331,79.00169967104331,2189900.0
2016-08-11,79.02359008789062,79.53351145762599,79.00173155113674,79.40967420465114,2786800.0
2016-08-12,79.10371398925781,79.35868022593438,78.94345696086455,79.14013932527617,2563400.0
2016-08-15,79.19841003417969,79.39509237970337,79.14013172523732,79.19112385613053,2357800.0
2016-08-16,78.67391204833984,79.17655270934294,78.60835312267429,78.85602758548877,2677200.0
2016-08-17,79.01628875732422,79.05999470699902,78.38252469841434,78.63748533439244,2963900.0
2016-08-18,78.87788391113281,79.27125415501034,78.81960560291569,78.97258755141698,2373000.0
2016-08-19,78.79776000976562,78.86332450208434,78.33883079443822,78.70306191833404,2846600.0
2016-08-22,78.64479064941406,78.82690622767532,78.50638103146306,78.73220812776097,2304600.0
2016-08-23,78.58650207519531,79.07457598511525,78.4553786536494,78.85603509663017,2473000.0
2016-08-24,78.7540512084961,78.88517463067099,78.3461141429412,78.54279649734069,3422600.0
2016-08-25,78.58650207519531,78.95073318418667,78.5209431432852,78.73947847404462,2129500.0
2016-08-26,78.27326965332031,79.03815726933986,78.18585773678743,78.61564781367713,2868900.0
2016-08-29,78.66664123535156,78.68121359349573,78.23685115144431,78.3096962689865,2576400.0
2016-08-30,78.09842681884766,78.71761853784929,77.96730340889347,78.6156342809655,3708100.0
2016-08-31,78.31338500976562,78.40875292505493,77.95391530148135,78.01260023556247,3995000.0
2016-09-01,78.70954132080078,78.74621870665943,77.97592643917942,78.10063962576608,3799000.0
2016-09-02,79.13499450683594,79.41376598914033,78.86355513933104,78.92224563993224,3671200.0
2016-09-06,79.17171478271484,79.31844111374298,78.79023751611618,79.0763468653245,2913300.0
2016-09-07,78.65084075927734,79.20838956539453,78.335386176518,79.05433113154044,3260500.0
2016-09-08,78.40872192382812,78.74618394877666,78.12261269404492,78.57011802207197,3491400.0
2016-09-09,76.33263397216797,77.90256943895928,76.33263397216797,77.77785064994235,6134500.0
2016-09-12,77.77783966064453,77.92456598080463,76.51602688948854,76.51602688948854,4569400.0
2016-09-13,76.728759765625,77.72647621812061,76.50867871103794,77.71914410089293,4597700.0
2016-09-14,77.06621551513672,77.49904544001181,76.73608558885901,76.89748169543454,4007800.0
2016-09-15,77.3816909790039,77.55775696249644,76.80946673783892,76.99287043644603,3598600.0
2016-09-16,77.23497009277344,77.39636625442235,76.72144193937885,77.0295588314156,4934100.0
2016-09-19,77.52107238769531,77.85120239661228,76.9708613032036,77.18361026085145,3439300.0
2016-09-20,77.9832534790039,78.28403262883158,77.73382154294126,77.83652716454452,3561700.0
2016-09-21,78.59217071533203,78.76824234022668,77.67515199123204,77.9832745362786,3913900.0
2016-09-22,79.09835052490234,79.18638631918877,78.7242053954812,78.85625628839237,3869400.0
2016-09-23,78.74620819091797,79.22305891970085,78.52612711404353,78.99564012781961,3235900.0
2016-09-26,78.51878356933594,78.77554760514408,78.40140812312488,78.67284199082083,4440400.0
2016-09-27,78.85623168945312,79.13500881921141,78.29868862400697,78.76820151966437,3779300.0
2016-09-28,78.77554321289062,79.16436369919074,78.39406603767928,79.16436369919074,5030500.0
2016-09-29,79.0543212890625,80.48486770891266,79.01763831541057,80.33080929423926,7249100.0
2016-09-30,79.79527282714844,80.14007265056085,79.50183140870375,79.50183140870375,7173300.0
2016-10-03,79.413818359375,79.8393163737813,78.84159959374344,79.79529567078342,4566000.0
2016-10-04,78.57012176513672,79.50181543228099,78.18864463959724,79.45779475073151,5830100.0
2016-10-05,77.7704849243164,78.85623139254794,77.53572847737159,78.67282774346495,6297000.0
2016-10-06,78.05661010742188,78.15197800948543,77.36701045500998,77.56508957080486,4886000.0
2016-10-07,77.75582122802734,78.43808312942113,77.50639491422378,78.32070768675946,4398400.0
2016-10-10,77.924560546875,78.21800756969539,77.63111352405461,78.09328880699714,3119300.0
2016-10-11,77.44770812988281,77.91722111724741,77.02954795060384,77.85119847701003,3814400.0
2016-10-12,77.82186126708984,77.8805517958416,77.396363329195,77.66780282689416,3419800.0
2016-10-13,77.7044677734375,77.88787144865636,77.24229252681893,77.65311496825765,3582600.0
2016-10-14,78.37207794189453,78.54080622773225,77.60178008922081,77.81452907326438,4788600.0
2016-10-17,78.38670349121094,78.54809956702967,78.17395462736208,78.37203366478839,4104400.0
2016-10-18,78.46009826660156,79.3624469062183,78.45276614868806,78.82690565559369,3850000.0
2016-10-19,77.95390319824219,78.5041142487156,77.82185232224712,78.35738794370094,4330600.0
2016-10-20,77.66778564453125,77.99791000091223,77.45503672265004,77.84385159479872,3751600.0
2016-10-21,77.48438262939453,77.77049189986346,77.22761302001952,77.77049189986346,3615400.0
2016-10-24,78.72418975830078,79.157025331271,77.85119209243976,77.85119209243976,5126000.0
2016-10-25,78.66551971435547,78.95896116511038,78.35739723580376,78.78289517525005,3756300.0
2016-10-26,78.54812622070312,79.1937051460077,78.4600904411923,78.85624305343694,3440700.0
2016-10-27,78.22534942626953,78.89294162622534,77.98326077956199,78.7022001980898,4205300.0
2016-10-28,78.54812622070312,78.88558831327389,78.14463589424024,78.42341306417315,3378900.0
2016-10-31,78.64350128173828,78.81223514191315,78.43809004120298,78.51878811384707,3141700.0
2016-11-01,78.28404998779297,78.7168857151308,77.85121985749298,78.59950463753484,4289600.0
2016-11-02,78.28404998779297,78.81959135950835,78.2106896128144,78.26204243500318,3679200.0
2016-11-03,78.22534942626953,78.59949456687154,78.1446513450213,78.5481417512624,3447700.0
2016-11-04,77.623779296875,78.47477514158506,77.623779296875,78.17399039049512,2897600.0
2016-11-07,78.4674301147461,78.64349608112808,78.04193223203981,78.24734905602764,5469100.0
2016-11-08,79.75859069824219,79.91264911286139,78.47476497937947,78.47476497937947,4671000.0
2016-11-09,78.68019104003906,78.75355140411887,77.0295576615767,78.09329693332653,6515800.0
2016-11-10,75.7457275390625,78.41608494352414,75.12215608308773,78.41608494352414,9095200.0
2016-11-11,75.70169830322266,76.12719055085223,75.24685520061131,75.5623097272375,5888400.0
2016-11-14,74.38117980957031,75.81172596312048,73.69158033194361,75.4595941085704,7248800.0
2016-11-15,74.71867370605469,74.8654000388975,73.96305128228535,74.3885492519736,5672300.0
2016-11-16,74.61595153808594,75.48895483468834,74.43988557472477,75.09280221934867,3962900.0
2016-11-17,74.54991912841797,74.77733786782504,74.22712690703864,74.6893020991665,4212600.0
2016-11-18,74.322509765625,74.68198502896053,74.22714186147445,74.38853800468036,4919200.0
2016-11-21,75.01945495605469,75.06347005531511,74.32251750122147,74.32251750122147,3870800.0
2016-11-22,75.48162841796875,75.56232649597011,75.15150398762636,75.21752663488007,4540300.0
2016-11-23,74.48390197753906,75.48161844920985,74.43254917077819,75.210178986596,4658400.0
2016-11-25,74.9533920288086,75.49627078800052,74.63793757031821,74.82867890725144,3644900.0
2016-11-28,75.40825653076172,75.74571862490389,74.75533988819855,75.02677374814114,5556900.0
2016-11-29,75.22486114501953,75.59900625462612,75.04879516280799,75.40826484229224,3886800.0
2016-11-30,73.97810363769531,75.3231598624373,73.97810363769531,75.02015557211192,8123500.0
2016-12-01,73.18729400634766,73.9411196500569,72.79560283234437,73.8228702791063,7123000.0
2016-12-02,74.34762573242188,74.37718808969514,73.46077756799662,73.46077756799662,4594600.0
2016-12-05,74.42890930175781,74.57672106527866,73.99287728586634,74.36239823700511,3961800.0
2016-12-06,75.0497055053711,75.09404621406813,74.50281045204437,74.70235491806528,4828400.0
2016-12-07,75.98091125488281,76.06959833060418,74.76149638476352,74.76149638476352,4873400.0
2016-12-08,75.49311065673828,75.83306916155821,75.38225327423508,75.48571866098722,3993900.0
2016-12-09,76.54256439208984,76.89730696199202,75.4118312605921,75.55225101678448,5040200.0
2016-12-12,77.3924560546875,77.50331344930548,76.61645993080292,76.7273173254209,4858400.0
2016-12-13,78.06498718261719,78.34582668917251,77.36289969311238,77.45897310204661,4508600.0
2016-12-14,77.20772552490234,78.7301503763185,77.0155730090087,78.24977190580614,5007500.0
2016-12-15,77.82111358642578,78.02065241661649,77.03033898647229,77.03033898647229,4179400.0
2016-12-16,78.24236297607422,78.27931168564452,77.69546794539187,78.00586980874522,7499300.0
2016-12-19,77.90242767333984,78.24238635053335,77.69549115646925,77.93937639394835,3683800.0
2016-12-20,77.5254898071289,77.62895521320439,77.13379853578003,77.5180978099973,4903400.0
2016-12-21,77.37767791748047,78.10933339426578,77.37029155880391,77.46636496757492,3245200.0
2016-12-22,77.85806274414062,77.93196580617389,77.04511778489018,77.26683260943221,2605000.0
2016-12-23,77.6658935546875,77.78414293924159,77.32593503175599,77.57721215471292,1769300.0
2016-12-27,77.69547271728516,77.83589248222543,77.5920073026267,77.66591036474814,1505000.0
2016-12-28,77.3185806274414,77.67331765082358,77.24467191233042,77.50334113833226,1878600.0
2016-12-29,77.59198760986328,77.67328264909693,77.21508039716996,77.22985875046662,2438100.0
2016-12-30,77.32594299316406,77.71024789409154,77.10423383195968,77.38506769152853,3484000.0
2017-01-03,77.34074401855469,77.6659186542844,77.01556374438218,77.55506686849178,3741200.0
2017-01-04,77.48854064941406,78.06499241856652,77.44419994053837,77.68069311861225,3029700.0
2017-01-05,77.38507080078125,77.68808066324259,77.0007715228546,77.24465104613411,5087200.0
2017-01-06,77.27422332763672,77.71765300173392,76.9490487086593,77.58462522719327,4109700.0
2017-01-09,76.46128845214844,77.05252433697683,76.30609030103072,76.9786212609841,5603500.0
2017-01-10,75.36009979248047,76.35780518143369,75.19750968021037,76.35780518143369,5399200.0
2017-01-11,75.24185943603516,75.64833476559141,74.94624716556801,75.26402979247592,4650300.0
2017-01-12,75.2640151977539,75.76656385391667,75.07186838689869,75.1679417923263,3126000.0
2017-01-13,75.0497055053711,75.46356715572246,74.80582033065313,75.29358504164695,3478600.0
2017-01-17,75.52269744873047,75.61877087083143,74.68757645018495,74.69496844832888,3745800.0
2017-01-18,75.92916870117188,76.12132118778848,75.61877243402071,75.67789714350931,4340400.0
2017-01-19,75.6483383178711,76.12132473896007,75.50791853589556,75.58921360562424,3923100.0
2017-01-20,76.29869842529297,76.35782314156008,75.70746817795167,75.9661317635662,4750800.0
2017-01-23,76.86775207519531,77.02295020258424,75.995682379551,76.04741508868064,4584800.0
2017-01-24,77.38507080078125,77.54766090859545,76.69776166039325,76.86035176820747,4992300.0
2017-01-25,77.31117248535156,77.73981813434176,77.25943977864186,77.38507554658797,3566100.0
2017-01-26,76.96383666992188,77.39987440027407,76.9121039532811,77.2372842512764,3634600.0
2017-01-27,76.4760513305664,77.16336046053176,76.43909698355382,77.14118446925917,4248200.0
2017-01-30,76.63125610351562,76.65342645827467,76.12131539028888,76.12870738802263,3462600.0
2017-01-31,76.69776153564453,76.98598740323116,76.27650791083008,76.27650791083008,3846600.0
2017-02-01,76.12870025634766,76.69775998280872,76.10652990366552,76.57212422531548,3515600.0
2017-02-02,76.88251495361328,77.14857044369728,76.33562561885896,76.68297615527092,3213700.0
2017-02-03,77.68067932128906,78.16844394761327,76.90468322314099,77.18552269865114,4287100.0
2017-02-06,77.28160858154297,77.77676528417174,77.2520462299535,77.67329987282967,4355200.0
2017-02-07,78.05020904541016,78.26453185527151,77.32594556248415,77.32594556248415,3980400.0
2017-02-08,78.10932922363281,78.50841247008626,77.78414902909118,77.96890947809139,3407100.0
2017-02-09,78.31627655029297,78.70057588439221,77.61418331287489,78.10934570589778,4012400.0
2017-02-10,78.41236114501953,78.59712165932847,78.03544811706517,78.212822270481,2475500.0
2017-02-13,78.72274017333984,78.84838158070409,78.2497538116221,78.70796181635463,3463700.0
2017-02-14,79.01837158203125,79.07749629697497,78.09456905519743,78.46409006593096,5665000.0
2017-02-15,78.8779296875,79.26222892257412,77.42940287310071,77.85804844800579,7617200.0
2017-02-16,79.90521240234375,79.94955311212243,78.57493472456112,79.18834085589657,5559900.0
2017-02-17,79.92738342285156,80.03824083666368,79.23268222550838,79.29180693133382,5498400.0
2017-02-21,80.8216323852539,80.92509781266043,79.77958047409034,79.8682675426286,5370700.0
2017-02-22,80.85857391357422,81.13201579758294,80.68119980463439,80.82901156208425,3815300.0
2017-02-23,80.95466613769531,81.29462480115969,80.64426983259001,80.64426983259001,3382700.0
2017-02-24,81.1689682006836,81.23547926111004,80.79944727358053,80.92508303556951,3991800.0
2017-02-27,80.75509643554688,81.20591239260776,80.72553972485181,81.06549828226072,3475100.0
2017-02-28,81.575439453125,81.73802956642133,80.59251805277884,80.59251805277884,4684700.0
2017-03-01,81.652099609375,82.09112666010704,81.23538952104438,81.55536060166183,4750700.0
2017-03-02,81.93484497070312,82.09110909144493,81.42884443237082,81.71160726840306,3880800.0
2017-03-03,82.26969146728516,82.35154490862628,81.59254698011902,81.92739783857246,4111300.0
2017-03-06,81.57767486572266,81.99438491126999,81.42885349906584,81.70417927226931,4491000.0
2017-03-07,81.34700775146484,81.68185869675374,81.10889013595076,81.22795178229369,4361100.0
2017-03-08,81.33209991455078,81.3544225462705,80.71448061017955,81.23536094087227,5244500.0
2017-03-09,81.12374877929688,81.56278138886056,81.0419010153141,81.55533861861838,4066900.0
2017-03-10,81.54790496826172,81.63720118964336,81.31723015948945,81.5404678743581,3488900.0
2017-03-13,81.41395568847656,81.7041612635118,81.13118720611506,81.34698211422307,3131200.0
2017-03-14,81.36186981201172,81.65208109216472,81.19816859987509,81.31722454298996,3630000.0
2017-03-15,82.6789779663086,82.76827419874536,81.48094714768038,81.52559242531296,4973400.0
2017-03-16,82.70128631591797,82.74593158583669,82.24737381450879,82.6640781395386,4580700.0
2017-03-17,82.8873062133789,82.98403951268759,82.54501260370587,82.95427978764644,6444400.0
2017-03-20,82.70875549316406,82.92455049528613,82.45575230278313,82.70875549316406,3382100.0
2017-03-21,83.17005920410156,83.57188357077935,82.94682722961568,82.99891525804598,5587700.0
2017-03-22,83.35611724853516,83.62400025143887,83.02126633349114,83.57191220516155,3882200.0
2017-03-23,83.17753601074219,83.58680331386616,83.09568255011739,83.30403474909991,3208400.0
2017-03-24,83.43052673339844,83.52726004646364,83.1849663881128,83.32635064942953,3913200.0
2017-03-27,83.2147216796875,83.55701529643207,83.02124939990316,83.24448708251356,3514600.0
2017-03-28,83.67607116699219,83.90675161942639,83.07333737244014,83.19983607647723,3945400.0
2017-03-29,83.66120147705078,83.74305492542081,83.31890781894471,83.38587572551793,2683700.0
2017-03-30,83.47518157958984,83.75050736290112,83.34124007381293,83.55703503740747,2104900.0
2017-03-31,83.237060546875,83.69097309345482,83.21473790969422,83.57191145892907,3744400.0
2017-04-03,83.237060546875,83.60911963901115,82.93941213773184,83.30402845841733,3587100.0
2017-04-04,83.40076446533203,83.5049405532211,83.06590788811343,83.3337908790199,2360700.0
2017-04-05,83.29657745361328,83.7802496508801,83.11054793861213,83.3709881241797,2992000.0
2017-04-06,83.02869415283203,83.54957452180278,82.9096325386843,83.43051858482528,2740600.0
2017-04-07,83.05103302001953,83.31147325541266,82.92453428813877,83.11800093319005,2799600.0
2017-04-10,83.35611724853516,83.45285624674393,82.90221037507351,83.11799965452866,2873200.0
2017-04-11,83.14032745361328,83.40076768338515,82.85755890942848,83.12544191067133,3031500.0
2017-04-12,84.53926849365234,84.65832445259024,83.26682706288483,83.37844592744436,6260300.0
2017-04-13,83.84723663330078,84.36811708771053,83.82491399627911,84.2713837682262,3257300.0
2017-04-17,84.3234634399414,84.3234634399414,83.84722830686745,83.89187357647732,2917700.0
2017-04-18,85.03784942626953,85.28340985958575,84.38302728126575,84.4127926983804,4574200.0
2017-04-19,84.54669189453125,85.19407094174582,84.44251582538936,85.14198290717488,3044700.0
2017-04-20,84.52438354492188,84.8071520940839,84.37556217591019,84.47229549805066,2973000.0
2017-04-21,84.40531921386719,84.68064496412057,84.28625758872927,84.49461543272064,3885300.0
2017-04-24,85.06761169433594,85.18667335838708,84.76252611525696,85.09737711034873,3221500.0
2017-04-25,84.94855499267578,85.25364056918768,84.82949332962646,84.98575750449928,3643600.0
2017-04-26,84.33091735839844,84.65088841296458,82.85011804598908,83.1552092344418,5343900.0
2017-04-27,83.81747436523438,84.41277120158168,83.72074104212577,84.15976805912409,4096200.0
2017-04-28,84.29369354248047,84.4053123877276,83.48260757621394,83.59422074429077,4872000.0
2017-05-01,83.5495834350586,84.16720285070595,83.5421406640878,84.03326135908569,4074300.0
2017-05-02,83.55703735351562,84.00350715942383,83.39333043334257,83.89933106061764,3082400.0
2017-05-03,83.18498992919922,83.869577439637,83.11801632645401,83.63145979786853,3342600.0
2017-05-04,84.0555648803711,84.08533028031474,83.19982808279238,83.46771100511562,3488800.0
2017-05-05,84.2490463256836,84.29369159188121,83.89186716459216,84.11510484992057,3046100.0
2017-05-08,84.2490463256836,84.40531043454541,83.92163256778062,84.23416078550427,3097200.0
2017-05-09,83.87699890136719,84.39044224232718,83.75050017819967,84.2639378419887,2708200.0
2017-05-10,83.96630096435547,83.98862928077527,83.69842361620685,83.8621248630833,2160100.0
2017-05-11,84.11509704589844,84.15229953855483,83.73559528691757,83.81744871879913,2277200.0
2017-05-12,84.01838684082031,84.30859247826962,83.87700256923227,84.03326670653796,2383500.0
2017-05-15,84.78482818603516,84.82947346063544,83.91420559113114,84.01094458899338,3500300.0
2017-05-16,84.67322540283203,85.32061039333844,84.52439833061499,84.87413485385964,2444300.0
2017-05-17,84.63600158691406,85.04526886347175,84.32347330872707,84.67320976739069,2999300.0
2017-05-18,84.85176849365234,85.03779798019536,84.30112280309245,84.66573900710934,3439500.0
2017-05-19,84.59879302978516,85.20152690561052,84.42764335987984,84.95596655724802,5750100.0
2017-05-22,85.3503646850586,85.57360244055491,84.5988093077097,84.5988093077097,3324000.0
2017-05-23,85.61080932617188,85.90101499760932,85.3578061619712,85.3578061619712,3261300.0
2017-05-24,86.36234283447266,86.5632578959543,85.66287569742919,85.80425427262209,2816000.0
2017-05-25,87.45622253417969,87.56784141415915,86.42934132814723,86.58560548924964,3596200.0
2017-05-26,87.73898315429688,87.80595106990106,87.21065421550769,87.2478623978466,3104800.0
2017-05-30,87.81340026855469,87.89525373395364,87.43389835417523,87.61248515269476,3231600.0
2017-05-31,87.56241607666016,88.3640910683452,87.56241607666016,87.59238592971516,5232900.0
2017-06-01,87.8321304321289,87.8546063906767,86.95552803561405,87.50996168856024,4404900.0
2017-06-02,88.16177368164062,88.18424963670351,87.6897614768291,88.00443628003678,3162900.0
2017-06-05,88.3191146850586,88.3865482691609,87.69725894369165,87.95199406634447,2968800.0
2017-06-06,88.18427276611328,88.36409188610742,88.0044593622842,88.244212472778,2643200.0
2017-06-07,87.69725036621094,88.08684690279897,87.5249251936165,87.78715418133567,3681100.0
2017-06-08,86.82814025878906,87.71972451485001,86.60336929327624,87.69724856153135,3956700.0
2017-06-09,86.86561584472656,87.00796547388964,86.43106163405974,86.65583263024297,3197700.0
2017-06-12,87.08287811279297,87.3750769283477,86.86560104447943,86.86560104447943,3492100.0
2017-06-13,87.15031433105469,87.35260363962846,86.51347084416577,86.51347084416577,2760000.0
2017-06-14,87.93701934814453,88.4539835273565,87.53243495821934,87.59237465661514,3597200.0
2017-06-15,87.8171615600586,88.01945666288101,87.29270336045542,87.65982410017764,3372700.0
2017-06-16,87.5549087524414,87.9594931323686,87.13534230636762,87.93701717506667,5156200.0
2017-06-19,87.87706756591797,87.87706756591797,87.08288667795517,87.67477254069051,2436600.0
2017-06-20,88.37158203125,88.51393740870913,87.7946780612025,87.87709373066146,3703500.0
2017-06-21,87.97447967529297,88.58884730952053,87.83961820845451,88.24420260896989,3767100.0
2017-06-22,87.02295684814453,87.96698706845687,86.9480350850451,87.90704737151168,3288100.0
2017-06-23,87.62981414794922,87.9370007501368,86.97798292712194,87.06789245570044,3453400.0
2017-06-26,87.74969482421875,88.28164668151811,87.70473720117946,87.97446007476267,2704000.0
2017-06-27,86.86561584472656,87.94450176437992,86.86561584472656,87.83961015713813,2884300.0
2017-06-28,87.19525909423828,87.56238537832819,87.0603976608541,87.30015068507454,3110600.0
2017-06-29,86.29618072509766,87.06039165074301,86.07890366874688,86.96299395630822,3474400.0
2017-06-30,86.52845764160156,86.99298169032986,86.38610801524975,86.55842748824504,3313300.0
2017-07-03,86.49099731445312,86.9105637239481,86.4160698417602,86.57341296148445,2250800.0
2017-07-05,86.38610076904297,86.57340800773027,86.07142026376422,86.53594427352749,4023100.0
2017-07-06,86.25872802734375,86.47600511148275,86.04894483332356,86.13885436625935,4007000.0
2017-07-07,86.54345703125,86.65584254219661,86.03398100230135,86.46853526267378,3972500.0
2017-07-10,85.61439514160156,86.91056382409008,85.56194934035426,86.85062413233211,5771200.0
2017-07-11,85.21730041503906,85.39711948129857,84.10095086378713,84.91760768743656,6368500.0
2017-07-12,85.98902893066406,86.1463720858662,85.62190823957718,85.77924567861442,3885200.0
2017-07-13,85.42709350585938,86.19131033558506,85.35217174432023,86.12387674888502,3089400.0
2017-07-14,86.10888671875,86.2512420538226,85.59941078477614,85.60690467508613,2956400.0
2017-07-17,86.10888671875,86.28121189889912,86.04145313828697,86.11638060906,2481300.0
2017-07-18,86.16881561279297,86.27370719933715,85.70429164655245,86.0489362475066,2694800.0
2017-07-19,86.41606903076172,86.42356292119341,85.88411713338326,86.1688278081517,2578200.0
2017-07-20,86.54345703125,86.9555296165015,86.24376424078058,86.41608373688943,3518100.0
2017-07-21,87.38255310058594,87.41252293859893,86.44601709828802,86.74570976225579,3476400.0
2017-07-24,87.00794982910156,87.41253411978524,86.97797998725504,87.28516657905969,3681300.0
2017-07-25,87.24771118164062,87.49495811336935,87.01545203034823,87.38257262475052,3075100.0
2017-07-26,87.80215454101562,87.97447402213565,87.02295564003782,87.13534114120883,3305600.0
2017-07-27,87.9145278930664,88.45397368628318,87.37508781601325,87.90703971872323,2954800.0
2017-07-28,87.36759185791016,88.01192923831901,87.06040523220113,87.89204985770179,3276300.0
2017-07-31,87.36759185791016,87.55489910300196,87.04542316770574,87.30765216760155,3098600.0
2017-08-01,86.85063934326172,87.49497685209924,86.8356572757801,87.42754897418502,2946100.0
2017-08-02,86.61835479736328,86.89557155205787,86.26621629485373,86.708264324439,2626400.0
2017-08-03,87.13531494140625,87.4050377766509,86.67079101044882,86.70825473829593,2986200.0
2017-08-04,87.18778991699219,87.27769374806103,86.81317537776742,87.15032617660401,2955200.0
2017-08-07,87.62981414794922,87.82461526845444,87.19526000073103,87.24770579669439,2569600.0
2017-08-08,87.4425048828125,87.62231821962301,87.18776979867783,87.50993845671826,2412600.0
2017-08-09,87.38255310058594,87.43499888806814,86.88057117523317,87.27766152562154,2513800.0
2017-08-10,87.19525909423828,87.53990370929499,86.97049384937328,87.17278314136807,2236000.0
2017-08-11,87.29266357421875,87.84709137769732,87.17278420256768,87.47247691553231,2759700.0
2017-08-14,88.28914642333984,88.54388726672957,87.6672906708093,87.92951968888408,3191700.0
2017-08-15,89.13575744628906,89.27061886830958,88.29661907414336,88.3190950251197,2749800.0
2017-08-16,89.23318481445312,89.42798598130156,89.02340158069222,89.12829319757267,2373900.0
2017-08-17,88.70123291015625,89.45046201200141,88.59634129319107,89.15826311957495,3096900.0
2017-08-18,88.10932922363281,88.73119066527823,87.95948571015462,88.62629906261077,3776500.0
2017-08-21,88.60380554199219,88.75364902576474,88.07185374358836,88.2591609563853,2119500.0
2017-08-22,88.34906768798828,88.93346529669513,88.14677840657541,88.59631458895278,2313700.0
2017-08-23,87.87706756591797,88.49892898989357,87.83211565638452,88.33409770005295,2616300.0
2017-08-24,87.07540893554688,87.884577754188,86.93305357407357,87.85460790355339,4760000.0
2017-08-25,86.79816436767578,87.584856975992,86.76070635347573,87.46497761176134,3442500.0
2017-08-28,86.56593322753906,87.1278550676481,86.22128851821192,87.00048748910288,2932700.0
2017-08-29,86.79069519042969,86.9854963546892,86.5434539345913,86.57342378418232,2348700.0
2017-08-30,86.8774642944336,87.08116923066278,86.69639260043374,86.86237162883714,2491800.0
2017-08-31,87.3150405883789,87.39802720652563,86.71146073087539,86.94534519148004,4709500.0
2017-09-01,87.39804077148438,87.58665878670892,86.87745896365685,87.05098431421102,2591900.0
2017-09-05,87.42066955566406,87.56401531629628,87.0736131389352,87.48102293879978,2711400.0
2017-09-06,87.78280639648438,87.8733450987483,87.24713202612496,87.64700122117044,2617500.0
2017-09-07,88.26569366455078,88.49203760803661,87.8130115337447,88.00917590102138,2623800.0
2017-09-08,86.79447174072266,87.88091341503193,86.4398689300153,87.82055426508911,4818300.0
2017-09-11,87.28487396240234,87.4357660710703,86.58321472038291,86.82464554795062,3247900.0
2017-09-12,86.76428985595703,87.48103603490972,86.65866422445168,87.28487743706563,2998500.0
2017-09-13,86.34931945800781,86.89254022755283,86.00980935512449,86.6662020776855,5141500.0
2017-09-14,86.15316009521484,86.42477047751524,85.78346466831651,86.34177809646987,3456900.0
2017-09-15,86.65110778808594,86.74919283173617,86.09280012149162,86.56811540784244,5543000.0
2017-09-18,86.75674438476562,86.93782183157141,86.52285987784806,86.89254959178733,2441200.0
2017-09-19,86.37950134277344,86.85482240693844,86.28142205082048,86.80955017082071,2568300.0
2017-09-20,85.69293975830078,86.50022464923042,85.05918022136775,86.26633439151978,4059800.0
2017-09-21,85.10443115234375,85.87398994433806,84.9082668500065,85.4137616327951,3630900.0
2017-09-22,84.3876953125,85.15726000571541,84.35751574059304,84.9233697624777,3746300.0
2017-09-25,84.45558166503906,84.60647373424254,84.06325307524845,84.5310276996408,3885000.0
2017-09-26,84.3575439453125,84.72723950765584,84.29719053748437,84.67442667820204,2953800.0
2017-09-27,83.82183837890625,84.41032562023773,83.24843804492178,84.28961309296785,4016200.0
2017-09-28,84.229248046875,85.05162546567183,83.8897379718029,84.02554315306458,11581100.0
2017-09-29,84.07083129882812,84.5235134343324,83.9048465060379,84.40280088440856,5122300.0
2017-10-02,82.32799530029297,83.38425160554507,82.2072770047412,82.92402893320816,8306400.0
2017-10-03,82.33554077148438,82.72786949918635,82.1544690735572,82.55433837805558,6064400.0
2017-10-04,82.49397277832031,83.11264539719512,80.11739037982241,80.6832444282581,9092400.0
2017-10-05,83.3314208984375,83.73883642420196,82.65240077832733,82.73539314965882,5670400.0
2017-10-06,83.29370880126953,83.49741370574476,82.93155971355701,83.12017771095293,3240300.0
2017-10-09,82.99946594238281,83.6935787976473,82.8334811821751,83.43705532564506,1977800.0
2017-10-10,83.58040618896484,83.64076532968602,83.20317019370418,83.20317019370418,3032300.0
2017-10-11,84.13117218017578,84.35751032068873,83.57285877001547,83.67094381145239,4051100.0
2017-10-12,84.84037017822266,84.88564241032314,84.03308540576282,84.13117044517696,3287200.0
2017-10-13,84.9686050415039,85.24021531436541,84.63663565108156,85.05159738910949,3090500.0
2017-10-16,85.6854019165039,85.73066840356852,85.02146849617147,85.20254020059564,2675900.0
2017-10-17,84.64421081542969,85.67783371401099,84.24434159865028,85.42131601123333,3825200.0
2017-10-18,84.463134765625,84.8328301754797,84.33487591216405,84.463134765625,2590500.0
2017-10-19,85.00637817382812,85.09691690661974,84.19909318064191,84.21418584752344,2673700.0
2017-10-20,84.20663452148438,85.27043722692535,84.03310339963053,85.26289665009753,3772300.0
2017-10-23,84.2669906616211,84.84038531298235,84.04819306195748,84.22926475416811,2263200.0
2017-10-24,83.5577621459961,84.40277273833708,83.20315943531583,84.38013374637056,3351100.0
2017-10-25,83.04470825195312,83.39176457858264,82.37322883101473,83.31631855212629,3836900.0
2017-10-26,83.54267883300781,83.92745537052721,83.30124804712419,83.49740660329189,2865000.0
2017-10-27,83.44461059570312,83.6332286150226,82.93911568540656,83.30126481521262,3343200.0
2017-10-30,82.72787475585938,83.27109564032362,82.5090771353854,83.26354930688221,2206100.0
2017-10-31,83.16543579101562,83.57284553063107,82.9541788347068,83.17297636518975,4379400.0
2017-11-01,83.08999633789062,83.50495822562432,82.69767344453142,82.81084539174645,2822400.0
2017-11-02,83.0296630859375,83.12774239401634,82.64488067457846,82.92403744457081,2169800.0
2017-11-03,83.15792083740234,83.4823440903677,82.99193604432719,83.09756168425399,1725700.0
2017-11-06,82.43363189697266,82.9919396977584,82.38081907468435,82.96930645337282,3331800.0
2017-11-07,83.34652709960938,83.42951948442273,82.350624238014,82.350624238014,3882000.0
2017-11-08,84.50086212158203,84.5310416916509,83.36915414673942,83.42196695531884,3685300.0
2017-11-09,84.1085433959961,84.83283584509084,83.76148120106711,84.01045834936475,2856900.0
2017-11-10,85.06672668457031,85.24025779499873,83.98028505168145,84.07837010564039,3699500.0
2017-11-13,86.03997039794922,86.15314232659405,84.98370865753648,85.02143455247256,3194500.0
2017-11-14,87.33769226074219,87.66211549530011,85.70048342243902,85.77593523767624,4998900.0
2017-11-15,86.83972930908203,87.46594247407211,86.24369571596478,87.2546912271272,3861500.0
2017-11-16,86.93780517578125,87.3980277687874,86.71900761993273,87.05851769436006,3058100.0
2017-11-17,86.52285766601562,86.86991412927348,86.4096857036964,86.56058357217707,2646400.0
2017-11-20,86.69636535644531,87.40556500015052,86.54546752872666,86.5756470942704,3594300.0
2017-11-21,87.55646514892578,87.76771635716845,86.74163412613518,86.75672103122521,3179300.0
2017-11-22,86.82465362548828,87.51876659980007,86.2210736223338,87.34523547813937,3598500.0
2017-11-24,87.44332885742188,87.74511888771009,87.08872600354567,87.25471080801249,1183000.0
2017-11-27,87.40556335449219,87.82052517770119,87.2622176160628,87.5187352841095,2818900.0
2017-11-28,88.09970092773438,88.14497316604778,86.99063182194483,87.71492431714344,3600400.0
2017-11-29,88.15250396728516,88.55991952993804,87.73754782922043,88.15250396728516,3276300.0
2017-11-30,88.52095794677734,89.04515704443095,88.18669118250511,88.52095794677734,5984000.0
2017-12-01,88.718505859375,88.77168507157171,87.3966184446998,88.50578901058812,4956600.0
2017-12-04,89.2350845336914,89.79726546714038,88.59693414373818,88.8856203968935,4403000.0
2017-12-05,89.33385467529297,89.59975649824298,89.02237812843816,89.3642436206615,3198600.0
2017-12-06,90.32907104492188,90.33666973005703,89.37183958134159,89.51618561841677,3203500.0
2017-12-07,88.6805191040039,90.13155512556399,88.54377173792136,90.04038828280926,5409500.0
2017-12-08,88.5589599609375,88.5817502217386,88.04995814938337,88.52097232886975,3127500.0
2017-12-11,89.18192291259766,89.21991054638627,87.79165897976196,88.37663608195145,2429400.0
2017-12-12,89.18951416015625,89.92643014384302,88.97679733931857,89.81247304808035,2664600.0
2017-12-13,89.493408203125,89.80488478518663,89.25030240879664,89.27309267137441,3193900.0
2017-12-14,89.66053771972656,90.1011687782756,89.4402279865513,89.59976561890198,4057800.0
2017-12-15,90.57218170166016,90.678540114909,89.98720463269267,90.07837147094831,7173500.0
2017-12-18,89.68331146240234,90.96721088787748,89.64532383725252,90.63294413016985,3472700.0
2017-12-19,90.1087646484375,90.70133463467859,89.8200783412198,90.21512306668082,3942500.0
2017-12-20,90.42023468017578,90.49620994151319,89.31106425861411,90.1467457645361,4273400.0
2017-12-21,89.84284973144531,90.83806292000689,89.52376874763885,90.74689609661964,2790000.0
2017-12-22,90.10114288330078,90.21509995825704,89.77446902634487,90.10114288330078,2045600.0
2017-12-26,90.32147979736328,90.5873758380036,89.95682402622771,89.95682402622771,2156300.0
2017-12-27,90.63294219970703,90.70891165229074,90.25308914069082,90.30626833710919,2465100.0
2017-12-28,90.67094421386719,90.80769157740077,90.44303580537724,90.65575263840746,1999300.0
2017-12-29,91.10395050048828,91.5977606050839,90.72409746558354,90.7544864039076,3116400.0
2018-01-02,89.69091796875,91.30149730442078,89.59215824290223,91.11157074202983,4165800.0
2018-01-03,89.45539855957031,90.00238791125928,89.37183041994572,89.57695432487803,4224000.0
2018-01-04,89.89604187011719,90.48861181719134,89.34145375784856,89.49339848536674,3147000.0
2018-01-05,90.15435791015625,90.47343320997044,89.83528261034205,89.95683841756644,2714200.0
2018-01-08,89.63773345947266,90.20751311293299,89.39462770584018,89.80486975186342,5730400.0
2018-01-09,89.70613098144531,90.38986788449438,89.60736544227728,89.84287836205513,4573600.0
2018-01-10,89.25028228759766,89.91882162225565,88.65770661367353,89.74408665505405,3363900.0
2018-01-11,88.79447174072266,89.53138779140875,88.41461858437718,89.37185016127556,3685200.0
2018-01-12,89.17430877685547,89.65292737683343,88.77166543129175,88.84763488960786,4335500.0
2018-01-16,89.53897857666016,89.91123301412378,88.9084210017023,89.03756967240007,4936500.0
2018-01-17,90.5417709350586,91.29387833208908,89.80485510936015,89.86563298688314,4554600.0
2018-01-18,90.44303131103516,90.87606364135651,90.13914765205028,90.4734144604448,6221800.0
2018-01-19,91.29389190673828,91.68134368843651,90.13154235774189,90.76969857442711,6002600.0
2018-01-22,92.31190490722656,92.57020224127629,91.16474688600344,91.24071634918873,4308600.0
2018-01-23,92.15235900878906,93.07160276169361,91.81048776105065,91.97762404268748,3536900.0
2018-01-24,92.03079986572266,92.28910296316717,91.78769413665019,92.10676931928947,3445200.0
2018-01-25,91.84849548339844,92.26633048281332,91.43825337401164,91.62817995450001,2712900.0
2018-01-26,92.50182342529297,92.56259551290131,91.6281601843327,91.6281601843327,3993900.0
2018-01-29,90.91405487060547,92.80572780030701,90.89886329433085,92.21315199580935,3854700.0
2018-01-30,91.0811996459961,92.07641317320832,90.78491461429016,90.92166199785443,4945200.0
2018-01-31,91.39265441894531,91.73451987644313,90.79248585010183,91.04318448075445,4018100.0
2018-02-01,91.39265441894531,91.93204510322533,90.61775088100639,91.10396236531791,3485600.0
2018-02-02,90.15435791015625,91.37748568887723,89.94923973058995,91.09639802784564,3348900.0
2018-02-05,86.95594787597656,90.90642254507132,86.91796605371698,90.07833999289599,5347600.0
2018-02-06,86.27225494384766,86.5685399693412,83.68165919343747,85.42138750493274,6642600.0
2018-02-07,86.22665405273438,87.95118458350578,85.65687440040352,86.58371689557077,4931400.0
2018-02-08,83.68162536621094,86.39377582359954,83.63603906033981,86.37857845627671,4907900.0
2018-02-09,84.4641342163086,85.07949437385628,82.716807665415,84.1830408401445,5301700.0
2018-02-12,85.03390502929688,85.65686380695813,84.37295862773895,85.01111477339792,4759200.0
2018-02-13,85.19344329833984,85.59608661203676,84.084273065634,85.08708490589528,5274700.0
2018-02-14,82.89155578613281,85.0111370824311,82.6256597373712,84.83640208118824,7702700.0
2018-02-15,84.3045883178711,84.35776751395667,82.59524956299487,83.21060965999907,5125200.0
2018-02-16,84.37295532226562,84.85916674938721,83.3853408967175,84.37295532226562,5578500.0
2018-02-20,83.17263793945312,84.31219724785424,83.06627373825852,84.29699987792714,3835500.0
2018-02-21,82.04827117919922,83.44612783197684,82.00269066107339,83.07387340971952,4501900.0
2018-02-22,83.0055160522461,83.54490685630076,82.06347602062164,82.29898892657744,5394700.0
2018-02-23,83.32457733154297,83.6056707157942,82.48130297488768,83.08147157622513,4760400.0
2018-02-26,84.28181457519531,84.45654376966935,83.59047909453172,83.65885567209457,5355400.0
2018-02-27,84.24381256103516,85.14786471337344,84.10706522535456,84.4717267192021,6385800.0
2018-02-28,83.36257934570312,84.82121412931534,83.3245917102145,84.32740384846034,4638900.0
2018-03-01,82.74649047851562,84.09345093913903,82.07300440926934,83.5806873829153,6896300.0
2018-03-02,83.45059204101562,83.66488095982432,82.57812667790309,82.585781521842,4903600.0
2018-03-05,83.7490463256836,83.87914944627738,82.66994131162835,83.00668429569104,3781700.0
2018-03-06,83.86386108398438,83.89447461899955,82.99139577232374,83.69548956086832,3380800.0
2018-03-07,84.06283569335938,84.23120720724229,83.12149435873678,83.33578325315706,4612600.0
2018-03-08,85.77716827392578,85.81543081574341,83.86386601499062,84.2082580860249,5437700.0
2018-03-09,86.12921142578125,86.15217011765576,85.44042147487185,85.922571521041,3680600.0
2018-03-12,86.28990936279297,86.55011559942501,85.77714589253551,86.09857918682225,4509600.0
2018-03-13,86.94044494628906,87.17004353040358,86.2669647192528,86.68788767155002,4590000.0
2018-03-14,86.1827621459961,87.07053109756265,85.89194238993579,86.91746929730637,4055700.0
2018-03-15,85.70824432373047,86.67254982422553,85.45569298699672,86.02202854300013,3906800.0
2018-03-16,85.4404067993164,86.63430528320112,85.39448942345433,85.96847997746565,7730800.0
2018-03-19,84.46078491210938,85.70825543283127,84.22353738605952,85.44804922218731,4216700.0
2018-03-20,84.10875701904297,85.18020730595411,84.05518479664413,84.75927853072442,3319000.0
2018-03-21,83.2209701538086,84.24650291413779,83.06025350966151,84.10109011465227,3867600.0
2018-03-22,82.60871124267578,83.93271267194122,82.50156682084851,82.99902056264666,4325500.0
2018-03-23,81.23880767822266,83.22098583513866,81.07809100379174,82.72352612536604,4873300.0
2018-03-26,81.74391174316406,82.24902626744853,81.19287983992075,81.64442214244178,4119400.0
2018-03-27,82.37913513183594,83.06792505881143,81.51432468064901,82.0653566222294,5036300.0
2018-03-28,83.55770874023438,84.26945717777787,82.654630140329,82.761774564137,6413000.0
2018-03-29,83.5347671508789,84.69040320295386,83.39700917222801,84.2771292670012,3829500.0
2018-04-02,81.92760467529297,83.5883496268415,81.46075845920826,83.12915825465812,4325500.0
2018-04-03,82.80007934570312,83.06028567825996,81.57556109692638,82.18782022131475,4699000.0
2018-04-04,84.32304382324219,84.74397258806188,82.07299886026816,82.4862727823818,4694200.0
2018-04-05,84.62152862548828,85.08837482475481,83.99396574369416,84.51438417046988,3275700.0
2018-04-06,83.6495590209961,84.93529809473195,83.24393412504486,84.23119857799685,3579100.0
2018-04-09,83.71077728271484,84.52967021007963,83.25158602381627,83.83323139918575,2620000.0
2018-04-10,83.72610473632812,84.33835793182307,83.35874814788325,83.98631103065313,2817000.0
2018-04-11,83.17505645751953,83.77966052971284,82.97607143452248,83.09087071082593,4000200.0
2018-04-12,82.89189147949219,83.81027991515386,82.86127794774339,83.3893511522755,2691700.0
2018-04-13,83.61894226074219,83.77200406689643,83.0526007323175,83.30515796751227,2828300.0
2018-04-16,84.12406921386719,84.67510117832741,83.81793969595208,83.99396606640711,2769800.0
2018-04-17,83.32048797607422,83.48120466342031,82.63935284634958,83.18272998135828,5022000.0
2018-04-18,81.8740234375,83.695484876956,81.47605334350946,83.39701022593032,6525500.0
2018-04-19,80.79490661621094,81.84339808437444,80.41990110555597,81.66737175304372,6320200.0
2018-04-20,78.4300765991211,80.81787371089142,78.26935409604344,80.70307442537919,8650000.0
2018-04-23,78.50660705566406,78.67497856158343,77.94026547412905,78.48364836648126,6670600.0
2018-04-24,77.6341323852539,78.71323151806097,77.27443072800706,78.53721102979131,5695500.0
2018-04-25,77.41221618652344,78.33825384643121,77.1826175632021,77.45813357561349,4828300.0
2018-04-26,79.02703094482422,79.65459379507602,77.41220351815167,78.25405526766976,5978800.0
2018-04-27,77.84077453613281,78.82038418398093,77.79485715855682,78.23108976233088,4765900.0
2018-04-30,77.2514877319336,78.36120061829394,76.97597176144205,77.94792666255663,5479900.0
2018-05-01,75.86624145507812,77.2438210972467,75.43766371704068,76.80758851704894,4543900.0
2018-05-02,74.41213989257812,76.04227100560809,74.2590722375702,75.88920918953416,5927700.0
2018-05-03,74.6953125,75.07031807511076,74.00652257912897,74.60347773650693,6668200.0
2018-05-04,75.75908660888672,76.35603575880891,74.61876051893448,74.65702888554301,5937000.0
2018-05-07,75.17745971679688,76.00400168783459,75.05500559431192,75.75145027834375,3475400.0
2018-05-08,74.07540893554688,74.99379165919233,73.79989295066625,74.93257042616827,5333700.0
2018-05-09,73.59325408935547,74.63408505020898,73.42488257189937,74.38153361295942,6201500.0
2018-05-10,74.4427490234375,74.80245072099078,73.77692368781977,73.79988237678118,3100600.0
2018-05-11,74.5652084350586,75.20042612304196,74.14427964448298,74.6800077269369,3507300.0
2018-05-14,74.35092163085938,74.79480912452055,74.0294882756984,74.76419558989551,4307900.0
2018-05-15,74.08306884765625,74.41980608859876,73.74632576777839,73.93765600153893,6555700.0
2018-05-16,74.38152313232422,74.65703906044304,73.89171833543158,73.9605943979944,5544700.0
2018-05-17,74.94019317626953,74.99376538573135,74.35089887218962,74.65702828579978,6531100.0
2018-05-18,74.62641906738281,75.3458165161117,74.48100627376601,75.23867209100456,6894000.0
2018-05-21,76.15707397460938,76.51677568262706,75.04735531807248,75.16980944800798,6678100.0
2018-05-22,76.4784927368164,76.88411174681534,76.0958324120728,76.3636934716067,6807600.0
2018-05-23,76.87646484375,76.991264120814,76.23359823448568,76.4785006340531,6249900.0
2018-05-24,76.6698226928711,76.97595211962884,76.3483894222954,76.76931227502077,4696700.0
2018-05-25,76.76931762695312,77.3815765231519,76.45553917587809,76.66982803786759,5324300.0
2018-05-29,77.37391662597656,77.5193294180832,76.53206507790622,76.53206507790622,8302600.0
2018-05-30,77.93260955810547,78.2463880139966,77.36626802680226,77.80250643831972,6256600.0
2018-05-31,77.42900848388672,78.23998798715517,76.97331939209624,78.12413293059782,8270100.0
2018-06-01,77.42900848388672,77.95421296666478,76.96559415029029,77.65299335519546,4414200.0
2018-06-04,77.32865142822266,78.07783535003865,77.25913599451889,77.83068049407213,3932000.0
2018-06-05,77.39814758300781,77.97741722892731,77.14326752457069,77.59123746498098,4851900.0
2018-06-06,77.87700653076172,77.90017637196763,77.0969218185637,77.54489172399505,3946700.0
2018-06-07,78.13187408447266,78.40219867640454,77.49081441458124,77.6298393322368,5052900.0
2018-06-08,79.15913391113281,79.25181918466572,78.14734471876874,78.14734471876874,4795500.0
2018-06-11,79.71521759033203,79.86969301487228,78.98919782658012,79.25180310198111,3984500.0
2018-06-12,80.69611358642578,80.7501785093111,79.41399413995305,79.73066432587751,5075900.0
2018-06-13,81.30628204345703,81.56116209291277,80.44896841893062,80.44896841893062,7553500.0
2018-06-14,81.19812774658203,81.37577297103132,80.65747861588171,81.29853822273607,4812600.0
2018-06-15,83.11359405517578,83.22172389787828,80.95871065965981,81.1749703450648,10573000.0
2018-06-18,81.3912353515625,82.80465453553701,80.96644119678376,82.65018500518744,5964400.0
2018-06-19,81.83919525146484,82.39529492107168,81.26765098776188,81.47618541754737,5504400.0
2018-06-20,81.72333526611328,81.95504541208587,81.3757759397882,81.66155100080321,4601400.0
2018-06-21,82.82782745361328,82.97457763774285,82.10181356283064,82.31034802581495,6550700.0
2018-06-22,83.70060729980469,83.93231163128547,82.7506024520897,82.82783722924995,5709400.0
2018-06-25,84.1794662475586,84.64288080202068,83.19084696000326,83.19084696000326,5183000.0
2018-06-26,83.45343017578125,84.31846887702636,83.00546033827406,84.22578952625537,5034100.0
2018-06-27,83.62336730957031,84.15629729378779,83.12133830763099,83.70060797999405,6229200.0
2018-06-28,83.94003295898438,84.41889798324476,83.6465384624196,83.7392178336319,4297400.0
2018-06-29,84.08677673339844,84.57336107301786,83.26035234492002,83.97092163559333,4721400.0
2018-07-02,84.5965347290039,84.95954463526715,83.65425520022748,83.9554749325235,4711900.0
2018-07-03,84.03273010253906,84.62744442488959,83.46117973363081,83.86281004111426,3769100.0
2018-07-05,84.61197662353516,84.66604154710548,83.41481716823347,84.11766706728233,4870400.0
2018-07-06,84.61968994140625,84.97497454134054,84.16400074561041,84.5656250216909,4387300.0
2018-07-09,83.22947692871094,84.418911488178,83.04410637136064,84.2876058702291,7866400.0
2018-07-10,87.19166564941406,87.27662566793529,84.71239229994562,85.43841213362313,16107200.0
2018-07-11,86.92134857177734,87.23029358490437,86.58150846807402,86.9985833519001,5521400.0
2018-07-12,86.14127349853516,87.05265814956208,85.70875396673821,86.92135841921467,5500100.0
2018-07-13,87.03720092773438,87.11443570540749,86.21077643209685,86.25711612017356,4417100.0
2018-07-16,87.24573516845703,87.36931552649102,86.31118080820927,86.93679016600787,5413600.0
2018-07-17,88.72864532470703,88.84450041267777,87.6396216401049,87.6396216401049,6783800.0
2018-07-18,88.6900405883789,88.8213402858734,87.96402079083371,88.75955011318122,5379000.0
2018-07-19,89.41605377197266,90.04938830537047,88.62824970072568,88.64369429745653,9241300.0
2018-07-20,89.60143280029297,90.20387230482301,88.99126805034605,89.40061766790438,27559700.0
2018-07-23,88.35018157958984,89.57823595472277,87.72457242002498,89.22294548427213,7769300.0
2018-07-24,88.62052154541016,88.75954648196236,87.9331221070784,88.15710705444779,5095100.0
2018-07-25,88.98352813720703,89.33881276355487,88.4351536557157,88.77499368641135,4762300.0
2018-07-26,88.82135009765625,90.28883445170992,88.72866482837935,89.70183953156128,5096300.0
2018-07-27,88.2652359008789,89.09166026635272,88.0721460407903,88.64369037671479,4563700.0
2018-07-30,88.18800354003906,88.50466785504887,87.79409856477973,87.87905857694615,3621800.0
2018-07-31,88.82135009765625,89.19980463509083,88.13395055526786,88.55875067365882,4892100.0
2018-08-01,87.74774932861328,88.45831854151443,87.45425488658047,88.3733585385986,4169000.0
2018-08-02,88.5819091796875,88.76727380187951,87.3461293180472,87.74003429626093,4167200.0
2018-08-03,89.82539367675781,90.13433269891776,88.33473991356294,88.64367893572289,3934500.0
2018-08-06,90.6595687866211,91.47827397918576,90.28883947416284,90.5591641587962,6704800.0
2018-08-07,88.21888732910156,89.94124540763123,87.68595748332434,89.94124540763123,6919600.0
2018-08-08,87.65508270263672,88.70549215034066,87.63963810456858,88.45061208744875,5172900.0
2018-08-09,87.81727600097656,88.14167148122984,87.57012118765323,88.14167148122984,4115400.0
2018-08-10,87.17622375488281,88.02581807380307,86.94451353488834,87.73231767612532,3711900.0
2018-08-13,87.29206085205078,87.38474610570668,86.5119820644943,87.12986607762909,3170100.0
2018-08-14,87.35385131835938,87.65507102797233,86.58921712415994,87.04490636442343,3836700.0
2018-08-15,87.62418365478516,87.84816861878491,86.69735460404551,87.09125960229579,6513300.0
2018-08-16,88.24205780029297,88.6127928897185,87.56238367775286,87.84815287264726,4504600.0
2018-08-17,88.79043579101562,88.89084039152485,88.04897147518287,88.04897147518287,3391600.0
2018-08-20,88.69776153564453,89.47784627516576,88.51239690686954,88.81361663836714,3676000.0
2018-08-21,87.83272552490234,89.01443464724584,87.77866059422765,89.01443464724584,4667700.0
2018-08-22,86.68963623046875,87.90996576169212,86.4733764943301,87.81728049221732,3860900.0
2018-08-23,86.4501953125,86.68190550948113,86.12580575083452,86.63555993450385,4508800.0
2018-08-24,86.6201171875,86.91361166965922,86.34979254700661,86.4038574751053,3677700.0
2018-08-27,86.82091522216797,87.09895916009181,86.37294539597647,86.95221489419974,3155700.0
2018-08-28,85.86319732666016,86.85181646469081,85.6469376267953,86.6741770937882,5229400.0
2018-08-29,86.54290008544922,86.59696502458523,85.90184016952466,85.96363035500481,2403200.0
2018-08-30,86.47335815429688,86.68189849322711,86.15669386286505,86.40384863640986,2119100.0
2018-08-31,86.51197052001953,86.95221510402622,85.93270102039841,86.32660003744425,4248800.0
2018-09-04,85.73188781738281,86.5737566800981,85.30708781799075,86.3652222484365,4576300.0
2018-09-05,87.36930847167969,87.40792291097046,85.50019400947379,85.54653958631216,4392100.0
2018-09-06,88.38790893554688,88.41127042781709,86.78368975830958,87.21978679102422,4808300.0
2018-09-07,87.7960433959961,88.38789350951275,86.83818673182977,87.88170614695412,3833800.0
2018-09-10,88.44244384765625,88.76951670644712,87.7649306904083,87.93625626635914,3289700.0
2018-09-11,88.25553131103516,88.58260411568567,87.1029814081153,87.1029814081153,2807300.0
2018-09-12,88.66046142578125,88.95638947765438,88.02967742700059,88.23993677946883,3651400.0
2018-09-13,89.54823303222656,89.5638113197755,88.53586417245381,89.15885902276568,3808100.0
2018-09-14,89.22116088867188,89.47036001874334,88.55922625642356,89.47036001874334,2698300.0
2018-09-17,89.86752319335938,89.9064570297492,88.9486002870215,89.24452239736301,3092600.0
2018-09-18,88.76171875,89.92984100130454,88.53588106844921,89.92984100130454,4081200.0
2018-09-19,88.59815979003906,88.96417231075672,88.35674980461928,88.73833467156123,2844900.0
2018-09-20,89.72735595703125,89.95319361628924,88.86294510108308,88.95639701085838,3375900.0
2018-09-21,89.4859390258789,89.96096985836103,89.43142096002951,89.758499648246,6989500.0
2018-09-24,87.4300537109375,89.33799027653505,87.37554157714197,88.85516427621965,3387400.0
2018-09-25,87.19641876220703,87.80384128120406,87.03288238719828,87.71817852171719,3538700.0
2018-09-26,86.83040618896484,87.88950399536903,86.68244216058638,87.43003956368767,4053500.0
2018-09-27,86.47999572753906,87.53130467905493,86.37097144761165,86.7759179242881,3841500.0
2018-09-28,87.06402587890625,87.25871287242673,86.3709406572834,86.86154974205981,5945300.0
2018-10-01,86.21520233154297,87.593589809999,86.18405169425496,87.3366015084053,5064700.0
2018-10-02,84.66548919677734,86.52669656646647,83.87116285625976,86.01272000008731,6702200.0
2018-10-03,83.7309799194336,85.43643989125292,83.45841931560702,85.04706590253622,6107500.0
2018-10-04,83.0223159790039,83.63752754693485,82.39153206692444,83.20921381566168,4930300.0
2018-10-05,82.92887115478516,83.33382343364629,82.53171396072501,82.74197330220534,3438100.0
2018-10-08,84.25277709960938,84.36958458682284,82.78872655183753,82.8276663418272,3994100.0
2018-10-09,84.19825744628906,84.83683073205297,83.73100377361239,84.63435453665157,4105600.0
2018-10-10,83.59081268310547,85.15609792434385,83.48178843161385,83.78549969525137,5796200.0
2018-10-11,81.81525421142578,84.47857660146934,81.69065763429295,84.26831133683099,5755100.0
2018-10-12,81.98658752441406,82.36038917421982,81.40252653128834,82.00216581140113,4543000.0
2018-10-15,82.25916290283203,83.05348932327729,81.90093947569315,81.92430096899271,3805700.0
2018-10-16,83.6297607421875,83.8633875564442,82.4226987708224,82.78871134051543,4061600.0
2018-10-17,84.34619140625,84.71220390570694,83.47399747533187,83.48956982065161,4495900.0
2018-10-18,84.0502700805664,85.15609079099255,83.75434798578881,84.47858384795887,4093700.0
2018-10-19,85.88812255859375,86.12953255119822,84.48637370165406,84.56424731784492,5109000.0
2018-10-22,85.1950454711914,86.35537850579192,85.07044292019656,85.73237763357093,5477700.0
2018-10-23,85.7635269165039,86.07502734769359,84.35399474355687,84.8290315643114,4484100.0
2018-10-24,87.96739196777344,88.90189333019954,85.62335832854143,85.81804536970807,8222900.0
2018-10-25,87.8817367553711,88.20880958674074,86.76812654643186,87.96739953616469,6712900.0
2018-10-26,86.01271057128906,87.26649527336254,85.42086639420971,86.92385020804699,5872800.0
2018-10-29,87.91287231445312,88.2399450897071,86.55006314285168,86.66687654583568,5706000.0
2018-10-30,88.59815979003906,88.95638910833253,87.6870260308329,88.58258744381477,4900400.0
2018-10-31,87.51570129394531,88.38011208079172,86.58899518027174,88.38011208079172,6449500.0
2018-11-01,86.83819580078125,88.10755296996254,86.42546028926606,87.21978067766071,5736700.0
2018-11-02,86.57342529296875,87.29766126732055,85.37415249988209,86.82262444858569,6705700.0
2018-11-05,89.08098602294922,89.11992580071397,86.65907919210468,86.97836873392305,5270400.0
2018-11-06,89.71956634521484,89.82859060202993,88.66825761656848,88.80064336536161,3913400.0
2018-11-07,90.03105926513672,90.15565585909475,89.1199255056669,89.90645672980277,4219600.0
2018-11-08,90.3814697265625,90.72412066723217,89.75068589612452,89.85192097342497,2925100.0
2018-11-09,91.48731231689453,91.66642101927503,90.39706399222378,90.39706399222378,5026300.0
2018-11-12,91.09014892578125,92.1414574730492,90.88767279461008,91.11351041372882,4781900.0
2018-11-13,91.22254180908203,91.69757857253857,90.49830591900695,91.69757857253857,3609900.0
2018-11-14,90.8409652709961,91.48732760724498,90.54503719632119,91.45617697089097,4423800.0
2018-11-15,90.95777893066406,91.10573702704593,90.02327766151514,90.66963999960227,4045700.0
2018-11-16,92.16484069824219,92.26608175839334,90.98892934941257,91.15247168636802,4484300.0
2018-11-19,92.67882537841797,93.07598268448116,91.86892653367028,91.95458931138053,4673900.0
2018-11-20,90.33477783203125,93.66781868417908,90.16345230276407,93.29402293066559,5087800.0
2018-11-21,89.7740707397461,91.02785552648477,89.4937209774085,90.2491075069639,3245000.0
2018-11-23,89.87531280517578,90.77865742856079,89.38469774482681,89.38469774482681,1444700.0
2018-11-26,90.22575378417969,90.66963995586396,89.54824080997678,90.24132613170528,2972500.0
2018-11-27,90.67742919921875,90.74751367522494,89.47815643164273,89.84416898334548,2884700.0
2018-11-28,92.28165435791016,92.2972267064652,89.99992207579368,90.31921166425153,3989400.0
2018-11-29,92.1025390625,92.56979269533441,91.456182627649,92.2037801222566,2878700.0
2018-11-30,94.96055603027344,95.00727902035423,91.99352139122263,91.99352139122263,8051100.0
2018-12-03,92.65543365478516,94.15841743512229,91.51067321828803,93.8235555791495,6112600.0
2018-12-04,91.73652648925781,93.92480669970419,91.46395990729894,92.95916074105055,7018200.0
2018-12-06,91.7114028930664,92.13526666470959,89.56069204159049,91.2953901140146,5191700.0
2018-12-07,90.9107666015625,91.82129002118651,90.56539482328414,91.34248132441046,4615500.0
2018-12-10,91.20121002197266,91.53873086987542,89.84327563709316,91.36604494928984,4150600.0
2018-12-11,92.06463623046875,92.77107593070016,91.5858274330093,91.75851335846069,5545100.0
2018-12-12,91.83699035644531,93.085028632938,91.3738836214607,92.88879574756099,4889700.0
2018-12-13,92.89665985107422,93.32052366193841,91.92334627902677,91.94689327042703,6181200.0
2018-12-14,89.44294738769531,92.2687057478152,89.22316751269766,92.08816885703715,7404200.0
2018-12-17,88.59522247314453,90.32206941499648,88.06931380549358,89.77261974855783,6015300.0
2018-12-18,87.78673553466797,89.11327167768115,86.93116307954135,88.8699448305446,5846200.0
2018-12-19,86.37386322021484,88.84639864984098,86.0520384298097,88.40683293639609,6915400.0
2018-12-20,86.50730895996094,87.85739223958088,85.71452638510453,86.49945796734379,8468300.0
2018-12-21,85.88722229003906,89.6078027347473,85.40841349004775,87.09601778603734,13263600.0
2018-12-24,83.22630310058594,87.19805539095734,83.17135812382973,86.44452171463509,3354000.0
2018-12-26,85.03164672851562,85.1179896887412,82.44136989885482,83.37544047481155,4537000.0
2018-12-27,85.88722229003906,85.92647126914133,83.226304395558,84.59208383085853,5175900.0
2018-12-28,86.62504577636719,87.20589344281271,85.73022429424348,86.41311090564963,5410300.0
2018-12-31,86.71923828125,87.19804100625174,85.80871482972013,86.79773023673131,5019100.0
2019-01-02,85.77734375,86.35819158898121,84.9531689761525,85.67530477472961,4835400.0
2019-01-03,84.97669982910156,86.46022012877087,84.8118649056442,85.48690658564276,5975900.0
2019-01-04,86.71923828125,86.81342623240664,84.96098733799627,85.98140072491044,6293900.0
2019-01-07,85.97354888916016,86.64073948703292,85.2828113037293,86.35031865574662,5220300.0
2019-01-08,86.7977294921875,86.97041538589653,85.88720604846804,86.45235770476945,6407700.0
2019-01-09,84.3722915649414,87.025364065929,84.3722915649414,86.6015003056194,8521300.0
2019-01-10,84.89034271240234,85.03947562481746,84.27024611031233,84.30949508063593,7905000.0
2019-01-11,84.89820861816406,85.16508249987938,84.49004081388364,84.66272673195974,5939000.0
2019-01-14,84.23887634277344,84.74123219068018,83.95630042975662,84.65488921789427,5804600.0
2019-01-15,85.54969787597656,85.61249384450946,83.77575667907108,84.34875342341252,4508000.0
2019-01-16,85.03948974609375,85.59679647218276,84.53713398300351,85.54969650226282,4953500.0
2019-01-17,85.73023223876953,85.92646514318402,84.84325567814213,84.88250465444622,4612200.0
2019-01-18,86.39742279052734,86.57795969728966,85.6909831379511,86.31893082658621,5142700.0
2019-01-22,86.27183532714844,86.52301320046999,85.38485878342478,86.23258635159235,5298200.0
2019-01-23,86.91547393798828,86.96256791506953,85.95785648031938,86.09129340775127,5197400.0
2019-01-24,85.95001220703125,86.58580490154083,85.09443961755802,86.58580490154083,4478000.0
2019-01-25,85.8322525024414,86.80556581959469,85.588925670291,86.46020005524773,5074800.0
2019-01-28,85.416259765625,86.02850547906127,84.77261606835187,85.5261497147775,4055900.0
2019-01-29,85.55753326416016,86.04419294869743,85.17291850701494,85.5025882988537,4301500.0
2019-01-30,86.98612213134766,87.31579197541394,85.19647899092718,85.51045283751304,5023800.0
2019-01-31,88.43824005126953,88.61877695038787,86.5073090750191,87.10385875510912,6183400.0
2019-02-01,88.06145477294922,88.91702711560932,87.48060123119059,88.65799831903192,5010500.0
2019-02-04,88.7679214477539,89.01125434250014,87.7946078344295,88.07718372032264,3665000.0
2019-02-05,88.61878204345703,89.1211378065453,88.29695720130978,88.72082099926921,4593400.0
2019-02-06,88.73653411865234,89.15254697572753,88.14783532349601,89.01911001941168,4209400.0
2019-02-07,88.7679214477539,88.82287241475589,88.03794072917573,88.55599252761081,4227700.0
2019-02-08,88.71297454833984,88.72867653530142,87.8574019040895,88.64233357267295,3868300.0
2019-02-11,88.67372131347656,89.15253005507948,88.41469245551707,88.82286022961432,4851100.0
2019-02-12,89.31736755371094,89.87466827152812,88.08502518027227,88.87780777369802,6765300.0
2019-02-13,89.57638549804688,90.05519419513598,89.19176474887556,89.56853450620302,5528000.0
2019-02-14,88.37543487548828,88.69725966559412,87.81813422807407,88.69725966559412,6359200.0
2019-02-15,90.9814224243164,91.27184327660022,89.56854318315587,90.93432245724259,8889500.0
2019-02-19,90.99713134765625,91.81346102645209,90.42412857718917,91.68002407598495,5596100.0
2019-02-20,90.91862487792969,91.55441753110807,90.58895505691515,90.85582891529285,6038900.0
2019-02-21,91.13055419921875,91.78204884042876,90.63604946534693,90.6595964543095,4825900.0
2019-02-22,91.64862060546875,91.65646561016545,90.73024602893238,91.13841383818259,4865400.0
2019-02-25,91.0991439819336,92.07246331104275,90.82441916668175,91.97041838784077,3755900.0
2019-02-26,91.02851867675781,91.44453146689368,90.6046548938214,91.34249251469807,4074600.0
2019-02-27,90.55755615234375,90.81657901561289,89.80402257404187,90.69099308017218,4175100.0
2019-02-28,91.50553894042969,91.96449242034336,90.37398455353298,90.7933707883419,5586300.0
2019-03-01,91.93280792236328,92.08315615703962,91.18107882320533,91.67959333807842,3629100.0
2019-03-04,91.9249038696289,92.52629084057554,91.39473671594129,92.22560037365852,4383100.0
2019-03-05,91.81414794921875,92.43927301774704,91.5213720568863,91.77458673958384,3785400.0
2019-03-06,92.31266021728516,92.44717918449574,91.45805847774673,91.6163153759811,4770700.0
2019-03-07,91.86953735351562,92.84283486281704,91.55301749472005,91.95658046561226,4858300.0
2019-03-08,91.18109130859375,91.99612567470321,90.41353279694108,91.65586796449983,5003300.0
2019-03-11,92.25727081298828,92.35222858155734,90.98328879809314,91.23650347716314,4821600.0
2019-03-12,92.24143981933594,92.74786913510515,91.79831567731628,92.38387344171564,4356400.0
2019-03-13,92.24934387207031,93.02481103147149,92.15438612236053,92.48672919067532,5968600.0
2019-03-14,91.3947525024414,92.5658740652962,91.35518525967282,92.47091630491977,8986600.0
2019-03-15,91.52134704589844,92.20977106913266,91.29187035911616,91.53717031800535,18194200.0
2019-03-18,92.79534912109375,92.89030688593844,91.82997234551873,91.92492407324949,9476000.0
2019-03-19,93.44419860839844,93.96645718403555,92.7795124617109,92.86655555765041,6751700.0
2019-03-20,93.626220703125,94.54412772784787,92.85866197589299,93.42839653784311,5733500.0
2019-03-21,94.51246643066406,94.69446126517434,93.38091206800347,93.38091206800347,4305600.0
2019-03-22,95.52530670166016,95.97634542860972,94.52035684734848,94.55992408398603,6668100.0
2019-03-25,95.6281967163086,95.97636916607047,95.01890096633952,95.16133460150445,4275400.0
2019-03-26,96.55400848388672,96.66479556204098,95.95262741455758,96.11088431972547,4583000.0
2019-03-27,96.45113372802734,97.47982163367833,95.89722857090047,96.9021725094345,5318500.0
2019-03-28,96.41155242919922,96.91007303503939,96.21372832519599,96.45111966484488,3694700.0
2019-03-29,96.97339630126953,97.13956785520145,95.96053162850593,96.76765750430512,5758800.0
2019-04-01,96.53816986083984,97.24242323997038,96.21373540857525,97.00503188284442,5025700.0
2019-04-02,96.28498077392578,96.74393429966445,96.19002299846153,96.45906701038629,3242600.0
2019-04-03,96.19001007080078,96.72018336616252,95.54114711845352,96.28496783350298,4534400.0
2019-04-04,96.11878204345703,96.64103456820017,95.88139069041104,96.38781994227047,3022500.0
2019-04-05,96.23749542236328,96.2770566304061,95.60445572253822,96.02384195789887,3971500.0
2019-04-08,96.53816986083984,96.56982244426418,95.91304492171363,96.31660781398256,3140100.0
2019-04-09,96.67269897460938,96.69643690539465,95.62818776026154,96.33244121342186,3864400.0
2019-04-10,96.56981658935547,97.09206909141085,96.26912612072435,96.81511654963053,2681100.0
2019-04-11,96.27704620361328,97.13164789468965,95.88139794334978,96.82304273465319,3399700.0
2019-04-12,96.72016143798828,96.79928987041006,95.86555987876311,96.16625033681089,3501100.0
2019-04-15,97.85176086425781,98.1207988665605,96.82307265484295,96.88637784495484,4419800.0
2019-04-16,96.86260223388672,97.97832709935776,96.45112469531611,97.50355043241024,5263700.0
2019-04-17,100.5025863647461,100.58171482008552,97.99417146697549,98.91207845283257,7318200.0
2019-04-18,100.56588745117188,101.49170307448347,100.28102621386502,101.46796514113409,6331200.0
2019-04-22,100.05152893066406,100.68456249282387,99.60839879632785,100.31265218103455,3707000.0
2019-04-23,100.56588745117188,100.92197456275545,99.79833477871331,100.24145896687318,4464100.0
2019-04-24,100.43135833740234,101.27013679950608,100.23353419663196,100.81909800003415,3517200.0
2019-04-25,99.80623626708984,100.01988972619692,99.05450692487182,99.4264172864099,4433700.0
2019-04-26,100.01988983154297,100.69249072325393,99.79832775306066,100.11484155825605,3033800.0
2019-04-29,100.24937438964844,100.46302182853952,99.7192010466329,99.81415881787024,2793400.0
2019-04-30,101.3255386352539,101.59457659893795,99.97241604858392,100.53424198378644,4963600.0
2019-05-01,100.68456268310547,101.28594969983992,100.50256787302187,101.16725402011281,3810800.0
2019-05-02,100.36015319824219,100.9298877387253,99.83789452376128,100.68458167778084,2875900.0
2019-05-03,101.02482604980469,101.42838293144008,100.43135365516198,100.57378727136077,2854900.0
2019-05-06,100.70830535888672,100.99317258881484,100.30474848074968,100.73204932564185,2883900.0
2019-05-07,99.68755340576172,100.4551060757109,99.05451367864784,100.20980604908355,3558900.0
2019-05-08,99.71918487548828,100.28891933629158,98.87249783988152,99.54510471212136,3844700.0
2019-05-09,99.74293518066406,100.13066881002828,98.79337567327896,99.52136706962793,3127200.0
2019-05-10,101.29386901855469,101.5075224720563,99.40267674680081,99.81414830459424,3720400.0
2019-05-13,100.62126159667969,101.23847187472647,100.20186939818177,100.51047453720517,4297200.0
2019-05-14,100.819091796875,101.6895107181735,100.72413404178683,100.9377814443436,5150300.0
2019-05-15,102.35420989990234,102.76567539769614,100.57378668916722,100.57378668916722,3751900.0
2019-05-16,103.08220672607422,103.46202569583741,101.88734118747338,102.37003257426244,4812900.0
2019-05-17,103.2720947265625,103.55696192983174,102.59157930065406,102.80523272166238,4011700.0
2019-05-20,102.86064910888672,103.22463878235716,102.5124766739304,102.90020427939986,3965600.0
2019-05-21,102.11681365966797,103.32749631406756,101.95855677773703,103.32749631406756,4080800.0
2019-05-22,102.92394256591797,103.37497529676945,102.03768226670155,102.1563839874083,3588000.0
2019-05-23,102.84479522705078,103.58069509167387,102.4807935663106,102.55201941952008,3901400.0
2019-05-24,102.472900390625,103.24836760739217,102.04560557810382,103.12967795786595,2702700.0
2019-05-28,100.9931640625,102.7894043534038,100.7795166766477,102.47289060208377,8806000.0
2019-05-29,101.42049407958984,101.53127513187844,100.36806804573344,100.95363193596133,5502700.0
2019-05-30,101.76864624023438,102.00603761182632,101.11186867766159,101.40464452722983,2710300.0
2019-05-31,101.28594970703125,101.64203070912481,100.48673856973255,101.28594970703125,4191200.0
2019-06-03,102.06143188476562,102.20387155108159,100.88240164349627,101.17518355827653,3588700.0
2019-06-04,102.13265991210938,102.71821167980903,101.30179605136382,102.67073581477696,4242400.0
2019-06-05,103.96845245361328,104.13463004054583,101.9664731628382,102.25134040170323,5084200.0
2019-06-06,105.19996643066406,105.4311294112522,104.06809974979949,104.48259007998274,5528000.0
2019-06-07,106.38760375976562,107.37599974283398,105.6861606645153,105.88543316542703,6332700.0
2019-06-10,106.48326873779297,106.5550039312635,105.50285127247166,106.1564588618091,2957900.0
2019-06-11,106.17239379882812,107.08107598277148,105.76588224585815,106.85789173847866,3553600.0
2019-06-12,106.12455749511719,107.16077688254815,105.74195771730322,106.81802187289766,3302800.0
2019-06-13,105.96516418457031,106.64268349977064,105.09633885897978,106.37167577369051,2851400.0
2019-06-14,105.7977523803711,106.44339333487484,105.66224853977644,106.02093660754207,3291800.0
2019-06-17,105.63038635253906,106.20429221327842,105.12821568373461,105.7898019443822,2725800.0
2019-06-18,105.26373291015625,107.144866323063,105.10431729807227,107.144866323063,4378200.0
2019-06-19,105.89341735839844,106.2441267616402,104.68183708428963,105.2637094116865,4349900.0
2019-06-20,106.93761444091797,107.16876522637136,106.28399469820475,106.70645149283446,3847500.0
2019-06-21,106.7781982421875,107.25644501847016,106.51515704204851,106.93761383428172,7696300.0
2019-06-24,106.9216537475586,107.79845762600989,106.76223817764792,107.32816527522509,3685800.0
2019-06-25,106.65863037109375,107.19267930880153,106.44341262637765,106.79413423624673,4176300.0
2019-06-26,105.47097778320312,106.62675610430796,105.45503257416813,106.06081672855865,6024100.0
2019-06-27,104.96879577636719,105.56661334317377,104.72169979477452,105.41516428022871,4750900.0
2019-06-28,104.5224380493164,105.54271249551826,104.2275064153614,105.43908688121266,6318500.0
2019-07-01,105.11228942871094,105.4470658807346,104.4746269463605,105.2079485311693,3544800.0
2019-07-02,105.55866241455078,105.73402325326839,104.69781559510606,105.2876546320355,3233300.0
2019-07-03,106.8021240234375,106.8818257486549,105.82967297231095,105.99705510910965,2859200.0
2019-07-05,106.02891540527344,106.40354867898944,104.85719213005589,105.92528981303722,3356000.0
2019-07-08,105.66226196289062,106.32384820698975,105.2477717043622,106.09269742899355,5854500.0
2019-07-09,105.0086669921875,106.33182747637467,104.19563158523955,106.01299626244236,8233200.0
2019-07-10,107.13688659667969,107.17674353544693,105.11227086855286,105.53472766169938,6141500.0
2019-07-11,107.08905029296875,107.39991491786581,106.29196026373229,106.97745817538079,3944200.0
2019-07-12,106.2361831665039,107.1528320511545,105.70213418054044,106.81008909585034,4481200.0
2019-07-15,106.92964172363281,106.93762040943764,105.65430474583376,106.49125185907643,3077900.0
2019-07-16,106.65067291259766,107.79848476513067,106.05285525295601,106.8738571991867,4019700.0
2019-07-17,105.83763885498047,107.03327418968439,105.59054283182938,106.74632122285018,4105100.0
2019-07-18,105.9173355102539,106.17239801559191,104.83329249665083,105.70211777948495,3698600.0
2019-07-19,103.69344329833984,106.16442735682566,103.6296746338325,106.14848215004153,5022000.0
2019-07-22,103.84491729736328,104.26737415888832,103.32681349741961,104.01231160222794,4411700.0
2019-07-23,104.21156311035156,105.40719824954162,103.9485219202142,104.5224277600358,4145800.0
2019-07-24,102.99201965332031,104.57822120644406,102.52172723939384,104.57822120644406,4669700.0
2019-07-25,102.81664276123047,103.24706600667116,102.33838389951585,102.52968987672732,3335200.0
2019-07-26,104.59416198730469,104.75357757187115,102.59347025134224,103.17534260819308,4580800.0
2019-07-29,104.84129333496094,105.26375024975702,104.56230684588415,104.81738159734104,4533400.0
2019-07-30,104.00431060791016,105.2796596055609,103.80503808719156,104.68980856568727,3367900.0
2019-07-31,101.87609100341797,104.00432026274278,100.6246597003861,104.00432026274278,5757600.0
2019-08-01,101.342041015625,103.14346037307627,101.04711547134296,102.79275092427025,6199400.0
2019-08-02,101.9637680053711,102.68115642019745,100.83190147989501,101.3101543417975,5573300.0
2019-08-05,99.15803527832031,102.94420815033807,98.74354491368128,102.30654563567226,6192800.0
2019-08-06,100.79202270507812,101.23042461427966,99.14204673611368,99.46088393541353,6258600.0
2019-08-07,101.8521728515625,102.29854136525186,99.34133779943002,100.75219069369304,6149000.0
2019-08-08,103.19925689697266,103.4224411534263,101.23044336404733,102.10724734485083,3702100.0
2019-08-09,102.50579833984375,103.41448062597667,101.48551783769966,103.39056889444399,2929500.0
2019-08-12,102.3065185546875,102.94418090056128,101.9239126333225,102.38622026660691,2920800.0
2019-08-13,103.56591796875,103.92461826849244,101.97971634487882,102.25072407846288,4088200.0
2019-08-14,102.92027282714844,104.04417282001839,102.6652103122633,103.23911617404242,6232700.0
2019-08-15,104.19561767578125,104.59416272130898,103.14345291752583,103.35070412528317,3701800.0
2019-08-16,105.02458953857422,105.47097022113351,104.13185249871557,104.75358181756427,3405000.0
2019-08-19,105.67023468017578,105.8934189230951,105.1680640522928,105.27168965173,3101200.0
2019-08-20,105.26373291015625,106.09271355320347,105.16010728911746,105.85358405376171,3160300.0
2019-08-21,105.48689270019531,106.52311218202584,104.91298689987775,105.94123985987537,2936900.0
2019-08-22,105.74197387695312,105.95717944338347,104.67387607923752,105.01661897863885,2484200.0
2019-08-23,103.8369369506836,106.29197606521616,103.25505238574478,105.57458763467842,4239500.0
2019-08-26,106.60282135009766,106.61078787157929,104.09198054376952,104.27532000150082,3954100.0
2019-08-27,107.41585540771484,107.89411432346236,106.55499665694698,106.96948690641955,7187800.0
2019-08-28,107.75861358642578,107.87817223750716,107.03325866951927,107.20861946619183,3972600.0
2019-08-29,108.42019653320312,108.75497290866494,107.22456140828399,108.09338668002749,3045200.0
2019-08-30,108.98612976074219,109.28902790132611,108.21295136382123,108.49193777358327,3742800.0
2019-09-03,109.56803131103516,109.73541345275834,108.30862725428395,108.68326064545946,2989800.0
2019-09-04,110.91508483886719,110.93899656935027,109.40061848266551,109.84698700185632,3201700.0
2019-09-05,109.13733673095703,111.40067029910698,108.79222526660155,111.40067029910698,4994600.0
2019-09-06,110.25294494628906,110.29307731804825,109.1694443888736,109.89979966949691,3051600.0
2019-09-09,109.47441864013672,109.69914521605385,108.69589719975245,109.47441864013672,4062100.0
2019-09-10,109.04104614257812,109.56273033321949,108.09397342754764,108.94473822964316,4175000.0
2019-09-11,109.44231414794922,109.7874255684063,108.2544719902347,108.5674848644527,5005100.0
2019-09-12,110.18873596191406,110.9913344130063,109.7473166111577,109.7473166111577,4146900.0
2019-09-13,109.50651550292969,109.91583623270044,108.8965329487478,109.2175796211273,4008200.0
2019-09-16,108.2544937133789,109.55469941385797,107.85319444812667,109.46641308563522,2953600.0
2019-09-17,108.91262817382812,109.40221381240679,107.95753387506952,108.31871304441593,4013300.0
2019-09-18,108.7520980834961,109.15339733841674,107.62846506839081,109.00090166207788,2647800.0
2019-09-19,108.7360610961914,109.02499709852623,108.41502653656758,108.67988555926478,2804500.0
2019-09-20,108.1180419921875,108.96076056269881,107.93343553209496,108.3507901528654,6671100.0
2019-09-23,108.7039566040039,108.952760211131,108.31871270415175,108.31871270415175,3346500.0
2019-09-24,108.63972473144531,109.51455408703609,108.01369893141886,109.35403684925396,4798500.0
2019-09-25,108.42301940917969,108.88050639454138,107.95751084829031,108.51933954891278,3579500.0
2019-09-26,108.92864990234375,109.41823538957897,108.35879968080283,109.04903475712331,4309600.0
2019-09-27,108.83236694335938,109.34602951918974,108.08594393274295,109.34602951918974,3559400.0
2019-09-30,110.03623962402344,110.54186826110279,109.04903482747812,109.20956429619312,3705200.0
2019-10-01,110.25294494628906,110.71043194031901,109.22561991199213,109.89979966949691,3638900.0
2019-10-02,107.50004577636719,110.26098659450521,107.13887889826127,109.8677089180407,5728600.0
2019-10-03,110.702392578125,112.16312755963352,109.5546827326653,111.11172560423202,8829700.0
2019-10-04,112.58851623535156,112.72495651030759,110.4536012930676,110.63017394222982,5278700.0
2019-10-07,111.03145599365234,112.05075935654303,110.73449851454751,111.79392199874913,4273300.0
2019-10-08,110.14861297607422,111.11975021853371,110.02019428803126,110.47766902499909,4074900.0
2019-10-09,110.63817596435547,110.89500104142961,109.81952230324366,110.21279986273449,3065300.0
2019-10-10,110.6703109741211,110.95924693521206,109.66706281014993,110.04428509953762,2191000.0
2019-10-11,110.46966552734375,111.32041804315972,110.02823386913296,110.82281085391237,2761400.0
2019-10-14,110.317138671875,110.99935215514472,110.14859987970256,110.63015153258821,2371500.0
2019-10-15,109.41824340820312,110.71844892182284,109.28180314722772,110.34122668696381,3369300.0
2019-10-16,109.490478515625,109.54666628524231,108.8162987602997,109.26575193051657,2812000.0
2019-10-17,109.92390441894531,110.45361016228513,109.63496844681353,110.01219075061564,2322500.0
2019-10-18,109.35404205322266,110.25294842492413,109.33798665467633,110.17269592555411,3630400.0
2019-10-21,109.24971008300781,109.74732950890908,108.8805216102586,109.42628274273376,2829400.0
2019-10-22,109.6831283569336,110.23692335414786,109.40221394636082,109.67509453300231,3248100.0
2019-10-23,110.317138671875,110.3572710379518,109.64295900982785,109.64295900982785,2323600.0
2019-10-24,110.6703109741211,110.84688363071456,109.78744769115379,110.5178152937284,2292500.0
2019-10-25,109.66706085205078,110.6943859738799,109.33799252094013,110.58202267138864,2520000.0
2019-10-28,109.61089324951172,110.3974364238212,109.27379107098244,109.5948378489431,3212600.0
2019-10-29,109.21759796142578,110.05229495642182,109.105234668894,109.81954679570612,2550300.0
2019-10-30,109.8757095336914,110.18872240122835,108.67984582661181,109.04101263581921,2653700.0
2019-10-31,110.0924072265625,110.38134310412825,109.23363341473093,109.79544977480927,4492300.0
2019-11-01,109.8998031616211,111.03146994911515,109.71520894167978,110.39742254322235,3054900.0
2019-11-04,108.47919464111328,110.03623738115088,108.13407098642554,109.79545542966528,3202400.0
2019-11-05,107.55624389648438,108.43108575864485,106.42458907359728,108.21438068758823,4300800.0
2019-11-06,107.90133666992188,108.25448194442048,107.1870245452971,107.94949061704799,3645600.0
2019-11-07,107.00241088867188,107.94947100120633,106.84188143184802,107.87724009364247,3338700.0
2019-11-08,106.84994506835938,107.65254358972511,106.4004918558636,106.97835152429992,2604000.0
2019-11-11,106.25601196289062,106.76967449870332,105.91892207188988,106.76967449870332,2227200.0
2019-11-12,105.92694091796875,106.48875738849117,105.61392800962909,106.48875738849117,3246500.0
2019-11-13,106.97833251953125,107.20307133253569,105.95100757442255,106.44862689701037,3166600.0
2019-11-14,107.01045227050781,107.47596083877087,106.52888830425489,107.22715727998967,2141900.0
2019-11-15,107.39568328857422,107.48396959696977,106.5850633636179,107.27529843470707,3648700.0
2019-11-18,107.59632873535156,108.90456791486272,107.47594388611736,107.54817479565789,3619700.0
2019-11-19,108.00569152832031,108.39895697548857,107.60439225786659,108.06988863451289,3019100.0
2019-11-20,107.33952331542969,108.51131021834482,107.06663052935019,107.79699807304758,3047700.0
2019-11-21,107.47593688964844,107.71671881912089,106.81780043220228,107.09068090382146,3391200.0
2019-11-22,107.6043930053711,107.97358147861135,106.76166208222764,107.4839958753895,3014900.0
2019-11-25,107.4117431640625,108.17420917926923,106.91413608508789,108.07790129215915,3612400.0
2019-11-26,108.91262817382812,109.04906846698181,107.44387125809213,107.78096120235702,4947400.0
2019-11-27,109.0811538696289,109.57073939420701,108.61564531784316,108.91260281340236,2476100.0
2019-11-29,109.01695251464844,109.49048267650207,108.55946550471195,109.20154673514241,2978400.0
2019-12-02,109.0571060180664,109.67509814699797,107.90136202869759,109.67509814699797,3866300.0
2019-12-03,108.719970703125,109.68308621021566,107.80500913438716,109.68308621021566,5000000.0
2019-12-04,110.19679260253906,110.25296813747383,107.9816125809559,108.31068095324659,4228200.0
2019-12-05,110.19269561767578,110.35433712738727,109.32790675786813,110.07146756850634,3351800.0
2019-12-06,111.01709747314453,111.28381154770572,110.19270963654252,110.45942371110371,3216900.0
2019-12-09,110.85547637939453,111.5667017102159,110.72615819835046,110.84738628529145,3882900.0
2019-12-10,110.13615417480469,111.21916612634553,110.05532723351249,111.21916612634553,2940200.0
2019-12-11,110.80696105957031,111.16256748145597,110.17655047958242,110.76654759522077,3339100.0
2019-12-12,110.87161254882812,111.45353192948554,110.52408387195518,110.56449733803441,3502100.0
2019-12-13,111.48589324951172,111.73643953132488,110.07150793898862,110.66958297752035,3557900.0
2019-12-16,110.774658203125,111.14644491994582,110.04726495897049,110.6857534881762,4701000.0
2019-12-17,110.05533599853516,111.08177903888719,109.66739378084759,110.76657367467965,5491800.0
2019-12-18,109.8936538696289,110.9685877488355,109.61886208072212,110.76653278655884,5370500.0
2019-12-19,110.29780578613281,110.51602868155992,109.8775278515038,110.0957507469309,3641700.0
2019-12-20,111.4697265625,111.63945822782665,109.2390432890407,111.05753870736574,10311300.0
2019-12-23,110.75848388671875,111.63945322254693,110.59684232327366,111.28383438349127,2992900.0
2019-12-24,110.63726043701172,111.03329276665214,110.13616786957954,110.79890200723553,1220600.0
2019-12-26,110.47560119628906,111.00093929860428,109.99875432403873,110.61299712562598,2934700.0
2019-12-27,111.16260528564453,111.19494100110404,110.42713424717816,110.62918930518298,2554000.0
2019-12-30,110.57258605957031,111.51012430273175,110.3058719559575,110.48368135836604,3024700.0
2019-12-31,110.45941925048828,110.9362660619059,109.94215897501915,110.47558710260043,3229400.0
2020-01-02,109.77246856689453,110.91204962518214,109.22287244263082,110.6210898729157,3784100.0
2020-01-03,109.61886596679688,110.55639165232992,109.21475602791755,109.4814700674727,4000100.0
2020-01-06,110.03915405273438,110.17656231277235,109.27134747746028,109.35217441484036,4085100.0
2020-01-07,108.30960083007812,109.97454505141525,108.26110958398874,109.91796370933537,5718100.0
2020-01-08,108.86726379394531,109.4006921118052,108.35809342913558,108.67329882924147,3681400.0
2020-01-09,108.93998718261719,109.4168464376172,108.72985438602203,109.34409725238831,3954700.0
2020-01-10,108.7298355102539,109.44915081627316,108.61668520365959,109.24709581646485,3099500.0
2020-01-13,110.34629821777344,110.39478945451349,108.8106848361874,108.82684036012674,5127200.0
2020-01-14,110.60491943359375,110.67765627873632,109.67545897108782,110.06340114430752,4159700.0
2020-01-15,112.50419616699219,112.54460962437179,110.5644735373282,110.75843840082118,5002600.0
2020-01-16,112.83560180664062,113.28012530115582,112.01930399486493,112.62546903307857,4977900.0
2020-01-17,114.16915893554688,114.21766249743548,113.0699791827956,113.23163305750602,6908700.0
2020-01-21,114.6540756225586,114.86420835708533,113.42557792023565,113.64380074654298,4440000.0
2020-01-22,115.88257598876953,116.03613974664712,114.54092796278955,114.61366479574507,5366100.0
2020-01-23,116.10077667236328,116.26243050854106,115.06625624959783,115.64817552896042,3915700.0
2020-01-24,115.51081848144531,116.50492577949305,115.13095403709708,116.24630175305234,2791500.0
2020-01-27,114.88037109375,115.86640031544007,113.99941440087399,114.4843389202986,3895300.0
2020-01-28,115.12286376953125,115.51080593327958,114.57326773280033,114.8723175318509,2908300.0
2020-01-29,114.54903411865234,115.130953591467,114.09643282478767,114.76725700407292,3263200.0
2020-01-30,116.24630737304688,116.35137994048779,114.37932077213802,115.02589936818956,4058500.0
2020-01-31,114.78341674804688,116.90902712669589,114.41972018635448,116.23012523387551,4753100.0
2020-02-03,115.17942810058594,115.63204166118823,114.63792217888121,115.3895731939802,3977800.0
2020-02-04,115.75328063964844,116.43218254585841,114.84807809803513,115.73711278498828,3494300.0
2020-02-05,116.62616729736328,116.86054570892512,115.92300739775683,116.12506243038135,3504900.0
2020-02-06,116.65042877197266,117.434403391725,116.44029594916378,116.90097507329229,3571400.0
2020-02-07,117.49093627929688,117.77381820945287,116.24628291801886,116.59381159496525,3138500.0
2020-02-10,117.7253646850586,118.3396076359475,117.29700893875436,117.94357527339012,3775600.0
2020-02-11,118.06481170654297,118.2911123824834,117.08685981000889,118.16988428196599,3870500.0
2020-02-12,118.06481170654297,118.59824001374338,117.47481439658841,118.54973644107451,4217400.0
2020-02-13,118.37998962402344,118.91341780741368,115.9957429850301,117.39396019380236,5041400.0
2020-02-14,118.80026245117188,118.92956827873361,117.95162898316946,118.46081153046262,3555600.0
2020-02-18,117.67682647705078,118.96997096267599,117.5151726254474,118.8972341289289,4938700.0
2020-02-19,117.62028503417969,118.3880917597422,117.58796165237626,117.69302189258357,2978800.0
2020-02-20,117.32122802734375,117.8384883775507,116.34327631880929,117.81424276210815,2805900.0
2020-02-21,117.87893676757812,117.93550577621541,117.03838074170058,117.24043581855109,4271800.0
2020-02-24,115.28450775146484,118.92957574716846,115.21984866739432,117.88697730612199,5027700.0
2020-02-25,114.03983306884766,116.69079335996645,113.6114775075207,115.24407282967148,7585800.0
2020-02-26,114.7510986328125,116.18165181608936,114.08836449272411,115.12288534490699,6157200.0
2020-02-27,110.21696472167969,115.68861793558673,110.16847349167537,114.2904006964721,8605000.0
2020-02-28,106.70928192138672,108.0994212598862,103.73503834387215,107.68723351383247,14164000.0
2020-03-02,111.19490814208984,111.34847191398806,106.45873848873582,106.68503910023054,8504500.0
2020-03-03,109.57843780517578,112.8840537019318,108.89953615873075,110.87967212708959,8728300.0
2020-03-04,115.08246612548828,115.3411024918565,109.92601764628351,110.07150368548082,7635700.0
2020-03-05,112.36882781982422,115.07022970451214,111.20526295176572,112.94653168690022,6579100.0
2020-03-06,111.68535614013672,112.42580555845906,106.95789240362498,107.04739741480385,6754900.0
2020-03-09,105.90824890136719,108.50388168451816,104.29715877792302,105.92451350935498,8716300.0
2020-03-10,109.14668273925781,109.49657046717985,103.22311243419175,107.44610000289347,8258600.0
2020-03-11,105.57463836669922,107.8447927576741,103.84964011385293,106.24999207118705,7465100.0
2020-03-12,93.84956359863281,101.70969154067207,92.42562791706341,99.3500254553551,12808300.0
2020-03-13,103.70318603515625,103.81710037879814,93.62986168029337,98.1945925620751,12007700.0
2020-03-16,92.0187759399414,100.74953733979547,91.13187053681418,93.32066477104586,10733300.0
2020-03-17,103.92288208007812,104.03679642334983,94.70391533248852,94.95615334860928,14242300.0
2020-03-18,98.3898696899414,103.92287849150358,92.57207504003397,98.32477400807224,15250800.0
2020-03-19,95.4769058227539,99.34187358150639,94.43539971470655,98.80484971048588,9393500.0
2020-03-20,84.56549835205078,96.38009229591191,82.52316619683312,96.20922077489047,13093200.0
2020-03-23,85.58258819580078,91.83976931633732,83.70299540994009,86.24980340781072,13926800.0
2020-03-24,92.6290283203125,93.1091011941076,88.99189571068042,89.44755304890032,11447000.0
2020-03-25,91.53870391845703,94.67949905619957,90.35073570588139,91.73398474861402,9485500.0
2020-03-26,97.85283660888672,99.10590043133641,91.60379451950395,91.70957033666969,10376800.0
2020-03-27,98.01558685302734,101.42489742360154,96.00580251785448,96.4777369382324,9852500.0
2020-03-30,102.1002426147461,102.39316076673853,98.86994235198928,98.95130885020195,6916800.0
2020-03-31,97.72264862060547,102.27924054496242,97.25885277881649,101.66085022782082,7091700.0
2020-04-01,96.11158752441406,99.51275968697232,94.1180739456518,95.41995669039181,6873000.0
2020-04-02,100.78208923339844,101.85614321673674,94.7771519003524,95.37927147383407,6181800.0
2020-04-03,101.37606811523438,102.01074172581357,99.62666660545158,100.23692467850124,5552000.0
2020-04-06,106.72191619873047,107.5111841622724,101.94562827775032,104.68772297635026,8242200.0
2020-04-07,106.16861724853516,109.91153802824515,106.01401656537703,107.9831266800183,6253900.0
2020-04-08,107.90174865722656,108.45504326889385,105.0701550926924,105.48512605144286,5241100.0
2020-04-09,108.73173522949219,109.91156519655762,107.00673037682748,107.47866484680048,5502400.0
2020-04-13,106.50224304199219,108.50389507153552,105.31426847855491,107.1531874980236,3785000.0
2020-04-14,112.61295318603516,112.80010793732087,107.69021458667325,108.3981099893074,6278700.0
2020-04-15,109.870849609375,111.92945227474544,108.78865726337011,111.58770928375404,5773100.0
2020-04-16,110.3671875,111.44937978932376,108.91071060879295,111.44937978932376,4564000.0
2020-04-17,111.92134094238281,112.28749332878658,109.77323287098318,112.06779693065106,4866500.0
2020-04-20,109.48028564453125,111.78299394487391,109.44773159899485,111.42497393835696,3995400.0
2020-04-21,106.54290008544922,108.17025456992963,106.25810808437339,107.51931029299159,4359500.0
2020-04-22,107.90988159179688,108.76424525608512,106.77073831656621,107.76342563458029,4084600.0
2020-04-23,105.9896240234375,109.14669661733215,105.80248167953404,107.81226604741236,5527700.0
2020-04-24,109.32569885253906,109.69999592936206,106.3069501557644,106.48596018175816,4063100.0
2020-04-27,109.40705871582031,110.01731671031439,108.94325668045408,109.37450466997144,4009200.0
2020-04-28,110.92050170898438,112.02709097987112,109.56979433554653,111.29478633514172,6674200.0
2020-04-29,108.51200866699219,111.45751661339983,108.13771163419692,111.28665132778838,6706800.0
2020-04-30,107.64137268066406,108.35741273175654,106.1197999878238,107.73902240673291,6783000.0
2020-05-01,105.89196014404297,107.59254267017684,105.3874842062327,106.68936039768208,4488000.0
2020-05-04,106.52664184570312,106.87652957773372,105.22476547802518,105.91638380642958,5245300.0
2020-05-05,107.13690948486328,108.48761704592634,106.40460473841028,107.1125001543637,3580000.0
2020-05-06,106.41272735595703,107.59255708038346,106.33949937112465,107.06367174672968,4192200.0
2020-05-07,107.03925323486328,107.40540554334221,105.87568821863054,107.03925323486328,5528000.0
2020-05-08,109.21992492675781,109.97665144115953,107.77972472302073,108.27606848364417,4209100.0
2020-05-11,109.34197235107422,110.82285875430757,108.35741723986064,108.56896889297062,3591100.0
2020-05-12,108.17025756835938,110.96930934577081,108.1051618972882,109.65114373410674,3914600.0
2020-05-13,108.18655395507812,109.41520237517962,106.95789311924464,108.3655515629016,5168500.0
2020-05-14,108.2841796875,108.67474132632576,105.90009867376818,107.98312305087708,5522200.0
2020-05-15,110.61946105957031,112.01085514079453,108.04823700737789,108.84564995017735,20338200.0
2020-05-18,110.26956176757812,112.27934588494524,109.89526471069273,111.35175417044745,8480300.0
2020-05-19,107.18570709228516,109.65114831433934,106.91719209379913,109.38263331585331,6640300.0
2020-05-20,106.80327606201172,107.95869631793379,106.05469444898038,107.84478199455359,8213100.0
2020-05-21,105.94893646240234,106.94975615725446,105.46072507110641,106.57545910183003,4886300.0
2020-05-22,106.16861724853516,106.29067630058523,105.10270190557887,105.46072192642274,3429200.0
2020-05-26,105.57463836669922,107.446098793918,105.28984632196088,107.35659378692006,5579300.0
2020-05-27,106.43714141845703,106.4615507478202,104.62264424664635,105.55023600964302,5686500.0
2020-05-28,107.64137268066406,107.9993927062103,105.86756199229747,106.76261205616305,4974400.0
2020-05-29,107.03925323486328,107.60069256853853,106.0384336141594,107.41353784682644,13337900.0
2020-06-01,108.21096801757812,108.9920914129595,106.74634613157241,107.0799568642217,4049200.0
2020-06-02,107.91802215576172,108.87815539138298,106.68936151078837,108.2597651251725,5327500.0
2020-06-03,108.0726547241211,109.26061695664579,107.89364467553787,108.41439779439808,5421200.0
2020-06-04,107.0665054321289,109.51827680161205,106.74669611043792,107.90288938822259,5229700.0
2020-06-05,108.59988403320312,109.48547804895435,107.23049710976692,107.4190920122015,7075700.0
2020-06-08,108.41129302978516,108.62448673098304,107.61589872347909,107.73069725675514,5613000.0
2020-06-09,109.03447723388672,109.18206997758507,107.46009207393249,108.09968565416074,6446900.0
2020-06-10,109.98567962646484,110.83027152709417,109.19848073712683,109.28868047952908,7069900.0
2020-06-11,104.82791900634766,110.8138713731888,104.51632386832334,110.05947919309763,8541000.0
2020-06-12,105.77913665771484,106.54172442780894,104.49174741530103,105.9021306489865,7039500.0
2020-06-15,106.99269104003906,107.38629671782643,103.7537209532001,105.19690423545032,5481000.0
2020-06-16,107.968505859375,109.10829593557158,106.6975138649722,108.79669450785765,5197700.0
2020-06-17,108.04229736328125,109.09188763728703,107.8209082124306,108.14890048101877,3309700.0
2020-06-18,108.87867736816406,109.16567994364163,107.11569729623366,107.76348630749008,3417200.0
2020-06-19,107.648681640625,110.55146391058861,107.59948406182907,110.21526377268258,8310100.0
2020-06-22,107.46007537841797,108.04226334868909,106.55807815561879,107.05007891570908,3379900.0
2020-06-23,107.71432495117188,108.79670964672628,107.40272348009917,107.92751871384486,3625600.0
2020-06-24,106.2383041381836,107.47650172814222,105.51670620560384,107.02550302027987,4853500.0
2020-06-25,107.75529479980469,108.01768608192225,105.00011752101163,105.89390698488012,4442000.0
2020-06-26,105.72171020507812,108.54248862650923,105.00832017262522,107.97669135438349,7372700.0
2020-06-29,107.48469543457031,107.74708671633516,106.13169933263707,106.74669414839721,4173900.0
2020-06-30,108.45230102539062,108.91150774829532,107.29612007037554,108.09970993927705,4626700.0
2020-07-01,108.53429412841797,109.56748099585916,108.18989850593758,108.67369146284318,3633000.0
2020-07-02,108.93608856201172,110.01847294992629,108.6818801903278,109.50187329200016,2769200.0
2020-07-06,109.30508422851562,109.83807474597015,108.49328654404765,109.12468474307829,4221600.0
2020-07-07,109.5264892578125,110.3874720415319,108.37849135934947,108.46049567784765,4424500.0
2020-07-08,110.05947875976562,110.44487653130923,109.19028804508504,110.01028117396895,3798200.0
2020-07-09,108.8212890625,109.82987706521753,108.0176868212796,108.97707724026968,4005200.0
2020-07-10,110.25627136230469,110.60886236912822,107.64868694864046,108.54247637310576,5932800.0
2020-07-13,110.62527465820312,113.21645591646855,110.26447568400135,112.15046235962751,8960000.0
2020-07-14,111.1254653930664,112.29804948836635,110.08407068100112,110.36286532451422,6766800.0
2020-07-15,109.6248779296875,111.67486064955719,109.2640789690542,110.98606945858535,5561300.0
2020-07-16,109.78067016601562,110.17426331453834,109.10007445396766,109.92826290467393,3788100.0
2020-07-17,110.4202651977539,110.74825740721585,109.51007242758115,110.41205725965186,3229300.0
2020-07-20,109.1492919921875,110.37928175432073,108.38669183337139,110.37928175432073,3620300.0
2020-07-21,110.23168182373047,111.8552773972184,109.70688666691412,109.87909074729139,5435400.0
2020-07-22,111.5272445678711,111.72404739424277,109.61665935685146,111.15825021651202,3522300.0
2020-07-23,112.40467071533203,112.54406805956359,111.10088451448671,112.00286953812098,5011400.0
2020-07-24,111.56826782226562,113.68385168551745,111.01887390418086,112.33086797060304,3300000.0
2020-07-27,112.88845825195312,112.96225463437428,110.57608401803738,111.13367336802315,3607700.0
2020-07-28,112.65068054199219,113.64286540165075,112.41287548458001,113.1426690015578,3787500.0
2020-07-29,113.10164642333984,113.9790450783129,112.37185303807071,112.65066021148871,3179000.0
2020-07-30,112.90486907958984,113.33946448759211,111.9126717726522,112.53587463099782,2817600.0
2020-07-31,112.8802490234375,112.91304324091419,110.8630605658355,112.55224428816413,4304100.0
2020-08-03,112.09304809570312,112.74904504200408,111.51905545972767,112.42924825109625,2819200.0
2020-08-04,112.7244644165039,112.82285959506974,111.5354767977888,112.76546657827403,2553500.0
2020-08-05,111.72406005859375,113.28204194631324,111.33046687333545,113.28204194631324,2924000.0
2020-08-06,111.40428161621094,111.7568727021114,110.92048860955984,110.92048860955984,2692900.0
2020-08-07,112.12586975097656,112.14226060554279,111.0024706080541,111.46987271734865,3692100.0
2020-08-10,111.50264739990234,112.24064862545183,111.01065909496988,111.78145453600798,3052000.0
2020-08-11,110.79747772216797,112.70806338896729,110.38748112016219,112.31447015443068,3301200.0
2020-08-12,112.99504089355469,113.7166262444279,110.90405618578339,110.97785255483284,4424600.0
2020-08-13,113.24102783203125,113.65921971899975,112.42103490786621,112.42103490786621,2393500.0
2020-08-14,112.79824829101562,113.29844458009158,112.50305027595273,113.24924699626472,2461700.0
2020-08-17,113.09344482421875,113.88883911793558,112.38005484387332,112.7490492298416,2862500.0
2020-08-18,113.24925994873047,113.65925654364845,112.37186122979648,113.65925654364845,2638600.0
2020-08-19,111.8880844116211,113.806865750078,111.601094260988,113.72487392651352,3682200.0
2020-08-20,112.10948181152344,112.46207291475761,111.215692142665,111.24029094000207,2263000.0
2020-08-21,111.89627838134766,112.06027452010538,110.90408109689287,111.82246948361883,4295600.0
2020-08-24,112.86385345458984,112.89664767433176,111.60926497175052,111.89626757092643,3177800.0
2020-08-25,112.58507537841797,113.4706695871252,112.09307442510152,113.3722618891995,2597400.0
2020-08-26,113.54444885253906,113.700249547996,111.83066622671689,111.99466234905499,6019700.0
2020-08-27,113.48705291748047,114.74164150192516,113.08526426061712,113.74126131750204,4159300.0
2020-08-28,114.74983215332031,114.76623551809946,112.5358533679834,113.5854434960261,3355400.0
2020-08-31,114.84825134277344,115.63545035952941,113.97906050917248,114.24146435212577,3828700.0
2020-09-01,114.13485717773438,115.19264291586586,113.57725528729272,115.00404798049892,3421700.0
2020-09-02,117.49681854248047,117.93142644377052,114.26605588809718,114.40545322877006,4918200.0
2020-09-03,115.10421752929688,118.96112004728663,114.07185563683473,117.91224943803827,6642400.0
2020-09-04,114.60043334960938,115.88056471640553,113.0973208701633,115.34374153133369,4836400.0
2020-09-08,111.94931030273438,114.49305115817407,111.00779689407771,114.22876050209467,4901500.0
2020-09-09,113.2376937866211,114.3526494942971,111.82541739703628,111.90801137615001,4282300.0
2020-09-10,111.29685974121094,113.60109840519513,110.57008558158681,112.81650593403913,6050500.0
2020-09-11,112.16404724121094,112.63481028951985,110.85914036244336,111.67677547694518,3411900.0
2020-09-14,112.87430572509766,113.55979545719707,112.15578596104986,112.7586817101696,2779000.0
2020-09-15,112.00713348388672,113.34508308542222,111.83370374058752,112.7173989803324,4080800.0
2020-09-16,111.4785385131836,112.81648780053281,111.31336316718537,112.55219716527876,3353500.0
2020-09-17,110.00846862792969,111.12342438985677,108.761380135892,110.16538963463805,5186400.0
2020-09-18,108.57968139648438,111.32162767591016,107.373877316797,110.42967820576278,8473000.0
2020-09-21,108.38972473144531,108.44753043388187,106.83704869355508,107.67119241493674,4402700.0
2020-09-22,109.14128112792969,109.7524438316442,107.73727164314636,108.19151334171306,3951000.0
2020-09-23,108.19155883789062,109.69468425394868,107.24179065228219,109.59556891308131,5909900.0
2020-09-24,108.67054748535156,109.27344332263459,107.29956782067018,108.55492345351544,4316600.0
2020-09-25,110.29753112792969,110.52877915016529,107.78682031212578,108.10066231461929,4576000.0
2020-09-28,113.94798278808594,114.4517759201732,112.04843429322865,112.35400939558382,7487500.0
2020-09-29,113.27899169921875,115.24459987700897,113.25421602569713,114.51782578358797,4330500.0
2020-09-30,114.46829986572266,114.9555716893249,113.06427750987584,113.96450672207844,7060700.0
2020-10-01,116.28522491455078,116.32652190314484,113.55153313738371,115.1620148759791,6483900.0
2020-10-02,114.02230072021484,115.55020131415601,112.48614576813844,115.02988690394632,5130200.0
2020-10-05,113.9148941040039,114.28655433478471,113.13030186515333,114.06356071673011,4519800.0
2020-10-06,112.07319641113281,114.64998007756843,111.61895469092197,113.9727446761499,5031000.0
2020-10-07,113.15512084960938,113.57633257851649,112.12275892907114,112.27142559870724,4347300.0
2020-10-08,113.84889221191406,114.08014030355143,112.94866292438735,113.37812906688924,2977400.0
2020-10-09,114.33612823486328,115.0133509760592,113.89014091074256,114.55085493776502,3194000.0
2020-10-12,117.38365173339844,118.50686169975525,115.44280681290553,116.54949546447261,6167200.0
2020-10-13,118.54817199707031,118.92808670785497,117.20198069610667,117.45800442199321,4293200.0
2020-10-14,117.70577239990234,119.01893365063208,116.97073126565047,118.55643755744978,3641000.0
2020-10-15,116.80554962158203,117.25153702281557,116.13658112180579,116.58256852303933,3306800.0
2020-10-16,117.05331420898438,117.95354333312025,116.55778807487438,117.06983552741009,5076000.0
2020-10-19,115.36023712158203,117.71402719273891,115.00511069231734,116.73121669005988,3223200.0
2020-10-20,115.385009765625,116.63209818123246,115.13724043348483,116.45040151113446,2750900.0
2020-10-21,115.2941665649414,116.02094067562695,114.88122186034215,115.36022662785369,2560100.0
2020-10-22,115.30242156982422,115.78969329949051,114.80688288069327,115.45934257478477,2909000.0
2020-10-23,115.26113891601562,116.06225275525331,114.83167283881913,115.8062290214488,2758400.0
2020-10-26,114.02230072021484,114.8647115267273,112.65958810556617,114.58391212524765,3431100.0
2020-10-27,114.89774322509766,115.53368166877658,114.22052038807126,114.44351408168637,3390800.0
2020-10-28,110.80960845947266,113.73326476236716,110.61965737604294,113.27075599085822,5196000.0
2020-10-29,110.66093444824219,112.01539267283194,109.23213659389354,110.47097079694782,3856500.0
2020-10-30,110.08280944824219,110.53705120825663,108.7779150861266,109.78548871460309,4303900.0
2020-11-02,111.61892700195312,112.5108889034446,110.48746276307563,111.99884160154147,3126400.0
2020-11-03,113.17988586425781,114.46828400544506,112.55221441245355,112.83301380388653,3293900.0
2020-11-04,113.85713195800781,117.02854475233396,113.69195657119224,114.7986455251382,4576300.0
2020-11-05,114.01405334472656,115.84752912891547,113.53503590000318,115.08771226551522,3667800.0
2020-11-06,114.28658294677734,115.43456874628325,113.41939652796842,114.43523699465014,2867000.0
2020-11-09,114.34440612792969,118.63902928444793,114.11315806118387,117.2763165624047,6111300.0
2020-11-10,117.0450439453125,117.63968530709626,112.47787668193985,113.13859070637423,5284500.0
2020-11-11,118.84546661376953,119.12627855661476,116.95418563964641,117.98654727667385,4389800.0
2020-11-12,118.79592895507812,119.53923698059856,117.90396688569695,119.13454663552392,2570100.0
2020-11-13,119.5145034790039,119.66315757531936,118.32522030017361,118.7381651482632,2580400.0
2020-11-16,120.38165283203125,120.7945975952337,119.49795759185652,119.7539813287102,3399000.0
2020-11-17,119.95215606689453,120.66242130738551,119.01889720616101,119.15104250719877,2924000.0
2020-11-18,118.41604614257812,121.0506357885001,118.34997346720469,120.15867357407022,4335200.0
2020-11-19,118.3664779663086,118.68030737714338,117.55709725955542,118.00308460443125,4263500.0
2020-11-20,118.44905853271484,119.45664462841971,118.10218649023696,118.63900956981817,3469100.0
2020-11-23,118.11868286132812,118.63898451412481,117.17716962999395,118.35818519647965,3443300.0
2020-11-24,118.9528579711914,119.22540300536747,117.95353878128557,118.25911384896492,4472300.0
2020-11-25,119.06021118164062,119.68788254805413,118.68029653744867,119.29971354714525,2278300.0
2020-11-27,119.42362213134766,119.98522092067584,119.07673746491179,119.4401308472174,1596000.0
2020-11-30,119.1180419921875,119.44840536157379,118.00309870095295,119.30800565536235,4906900.0
2020-12-01,120.63766479492188,121.10016081992485,119.3410124514721,119.77873280385504,3999200.0
2020-12-02,119.44013214111328,121.35620177690947,118.83723635143313,120.48076094754764,4432900.0
2020-12-03,120.14962768554688,120.57384011026429,118.96019818594128,118.96019818594128,4757900.0
2020-12-04,121.31415557861328,121.42227749025169,119.65060877707923,119.66723510695907,3592600.0
2020-12-07,120.91485595703125,121.90466801333048,120.29102610896207,121.17270359687039,4217300.0
2020-12-08,121.03963470458984,121.57196902330774,120.01654457198487,120.88159577230853,3623800.0
2020-12-09,121.1810531616211,121.52208325800342,120.00824977173251,121.07291857207224,3842000.0
2020-12-10,120.3326187133789,121.6800871395996,120.12467542825345,121.47214385447414,3985000.0
2020-12-11,120.58216094970703,120.69029552631974,119.2845967977614,119.46758791578979,2975500.0
2020-12-14,119.9666519165039,121.82982855971143,119.81693882406397,120.81506418255451,3952400.0
2020-12-15,120.41580200195312,120.83168857530477,119.68383757146192,120.241124056731,3183300.0
2020-12-16,120.51559448242188,120.99802436553942,119.69213460905497,119.7586779748487,4915800.0
2020-12-17,121.19768524169922,121.60524600939517,120.75683374487811,120.81506396417896,3312500.0
2020-12-18,122.2124252319336,122.35383783903322,121.02299569621746,121.71336894726615,8980400.0
2020-12-21,120.93982696533203,121.15609613578586,119.33451066511597,120.60712273796838,3946900.0
2020-12-22,119.7919921875,120.60712645395267,119.34282750568201,120.27442221633818,2653700.0
2020-12-23,120.11637115478516,121.10618329592673,119.83357131213096,120.18291453397177,2645100.0
2020-12-24,120.65701293945312,120.69860413595454,119.89178315286175,120.46570866576809,883300.0
2020-12-28,122.19579315185547,122.76971864026726,121.05625533723689,121.25588545681293,2493500.0
2020-12-29,122.61998748779297,123.74288623679324,122.13755757224435,122.83624392227333,3186700.0
2020-12-30,122.52853393554688,123.0941464307497,122.27899938448252,122.66162072169513,2224900.0
2020-12-31,123.35194396972656,123.48503070173814,121.97119768176734,122.66988398705416,2076800.0
2021-01-04,119.99993133544922,122.91945089831457,118.0618981237083,122.27898193673603,7486900.0
2021-01-05,120.35758209228516,120.75682968316032,118.8603877616882,119.83357359546528,4126000.0
2021-01-06,118.88531494140625,119.44261404903203,117.7707421098535,117.83728547631404,4843300.0
2021-01-07,118.50272369384766,119.06832335329537,117.40477702524737,118.78552352357151,4473200.0
2021-01-08,119.9250259399414,120.10801701665044,117.82896710248156,118.50270120679714,4312000.0
2021-01-11,118.18663787841797,120.03317519366259,117.85393371193352,119.80027973875339,3902700.0
2021-01-12,117.63768768310547,118.11180453989726,115.99078015943698,117.80405249086932,5150000.0
2021-01-13,118.60255432128906,119.14321459289022,117.28003779223005,117.37984652895794,4361600.0
2021-01-14,117.91215515136719,118.47776748342288,117.33824234887135,117.67925968871214,4724700.0
2021-01-15,117.60440063476562,118.61085169186076,116.88907524568204,117.65430499114463,4309100.0
2021-01-19,118.16169738769531,118.59422300038578,117.64600207108275,118.42787090068995,5158600.0
2021-01-20,117.55449676513672,117.92879213137958,116.38169361797192,117.31327545250535,5019300.0
2021-01-21,116.12384796142578,117.10533416928315,115.40020939489195,116.68944760150953,5684100.0
2021-01-22,115.27544403076172,116.06562602751632,114.97600517293505,116.03236068413634,4014900.0
2021-01-25,116.59796142578125,116.72273502125817,114.4353587145515,114.83460629800359,3829000.0
2021-01-26,117.9454345703125,118.18664319809317,116.24029708366669,117.537861159951,4242500.0
2021-01-27,114.8179702758789,118.38628451487698,114.41040951883566,116.87245115485302,6659800.0
2021-01-28,115.77450561523438,117.105335026744,114.58506342293013,115.47506677657081,5514000.0
2021-01-29,113.59526824951172,115.16731903771179,113.12946461180127,114.87619335062418,6778100.0
2021-02-01,113.93627166748047,114.75141841487483,113.03795522812841,113.93627166748047,4185700.0
2021-02-02,115.10077667236328,116.05731075231162,113.62022142779286,114.32722101545204,3581600.0
2021-02-03,114.80135345458984,115.57489652499711,114.01117136460353,114.57677111175896,3609600.0
2021-02-04,116.18206787109375,116.24861124632847,114.57675177855354,114.57675177855354,3860300.0
2021-02-05,117.2467269897461,118.21157401838907,116.22363706750211,116.85579266664773,4437900.0
2021-02-08,116.78095245361328,117.95375571417196,116.03236164874919,117.438060390459,4112200.0
2021-02-09,116.11553955078125,117.40477781015665,116.02404399445287,117.38815148489792,3179300.0
2021-02-10,114.53516387939453,117.37982662034298,113.75329506269468,117.37982662034298,6966600.0
2021-02-11,112.2644271850586,114.95937685888813,111.7404060199622,114.65993800624041,7528000.0
2021-02-12,111.34947967529297,112.78845651989168,111.00013643720816,112.50564397223523,5659300.0
2021-02-16,111.77367401123047,112.13133035461207,110.95852722946937,111.92338707817615,5180100.0
2021-02-17,111.8402328491211,112.34761502146475,111.34116383991837,111.5075159457019,3353000.0
2021-02-18,112.5971450805664,112.87163178654546,111.3827631967412,111.51584996785584,3935200.0
2021-02-19,110.21825408935547,112.38918249000726,110.03526298341158,112.29768693703531,5414900.0
2021-02-22,109.78575134277344,110.29313351217917,108.7626611490171,109.82732985008947,5792900.0
2021-02-23,110.44284057617188,111.74040469160288,109.21181983741059,110.33470600260218,6264300.0
2021-02-24,109.86891174316406,110.03526383389404,109.12863415134234,109.66929431102848,4944000.0
2021-02-25,108.13050842285156,109.86891124299011,107.9641563328789,109.25340724090616,5702300.0
2021-02-26,107.456787109375,108.85416006312668,106.94109176099319,108.60463824413706,8329000.0
2021-03-01,108.6462173461914,109.7691163051881,108.41332185262732,108.63790418279716,5287300.0
2021-03-02,109.02052307128906,109.81901826262371,108.44659751335041,108.54640623930419,5614000.0
2021-03-03,107.41517639160156,108.57134047963758,107.2820896510873,107.96414967733524,7505800.0
2021-03-04,108.01296997070312,110.46113941923271,107.58538306882345,108.36510261810875,9102800.0
2021-03-05,111.53431701660156,111.85291872641427,108.31480733590588,108.69209142778215,10186500.0
2021-03-08,110.7797622680664,112.49850253874853,110.66238469650963,111.70201096081362,8634900.0
2021-03-09,110.88035583496094,112.27212745493844,110.67075213773039,111.45886408622836,8930200.0
2021-03-10,111.99545288085938,112.74164155686667,109.44666467092348,111.10673522102991,7791700.0
2021-03-11,111.6936264038086,112.83387110197448,111.59302071647477,111.80262442721707,4458900.0
2021-03-12,111.54270935058594,112.17152050689,111.20734851783538,111.60978407577518,5275100.0
2021-03-15,111.53431701660156,112.03737100123276,110.64559939785482,111.97867582597495,5389200.0
2021-03-16,112.35596466064453,112.83386724553692,111.29956660015925,111.5762450240662,5544700.0
2021-03-17,112.02899169921875,112.81710373000567,111.8277803165128,112.64942331335214,6199500.0
2021-03-18,111.11511993408203,111.57625066390233,110.17609938840829,110.97259094362765,6476700.0
2021-03-19,112.76676940917969,113.19435627127869,110.82164129796939,110.93063929530905,16114400.0
2021-03-22,115.5335464477539,115.86890720533631,113.26143701657558,113.71418811182397,7813400.0
2021-03-23,116.92533111572266,117.52059844669783,115.85214842512488,116.07852399833799,6978400.0
2021-03-24,116.3803482055664,117.47028992801337,116.35519678678017,116.54802859520585,5082300.0
2021-03-25,117.06787872314453,117.58769187683427,115.98631631816231,116.69058177668317,5827600.0
2021-03-26,119.64177703857422,119.89330401122243,116.64864316432097,117.05945818622624,6785600.0
2021-03-29,121.41085052490234,121.5366204263962,119.40703957577361,119.78432369386489,6105800.0
2021-03-30,119.50763702392578,121.3605393153627,119.15550435176918,120.46342936069206,4372700.0
2021-03-31,118.59378051757812,120.17000456320905,118.35902537799849,120.16162502007964,6257900.0
2021-04-01,118.45125579833984,119.30644257662834,117.47031190259543,118.37580152786629,4823400.0
2021-04-05,120.02745056152344,121.01677375887104,118.48477059623922,118.9291293602266,5980700.0
2021-04-06,120.4550552368164,120.89941406642103,119.52441427811347,119.92684980822439,4751900.0
2021-04-07,120.2370834350586,120.81559176083222,119.91010213699472,120.73174515386361,4849200.0
2021-04-08,119.50763702392578,120.86587766589469,119.09682196967354,120.46342936069206,6725100.0
2021-04-09,119.53279876708984,120.01068852900102,118.72791496651051,119.25612036042801,4950800.0
2021-04-12,119.91004943847656,120.28733341763301,119.09678632244203,119.2225433844307,4386700.0
2021-04-13,119.93524932861328,120.70658947136323,118.94591313271522,119.11360634073549,5283300.0
2021-04-14,119.14714050292969,119.65857409744292,118.41772364261584,119.5328169812495,4685300.0
2021-04-15,119.31478118896484,119.9771358955339,118.56859269724981,118.77819634990226,4777100.0
2021-04-16,120.86585998535156,121.0000094007954,119.44055762753975,120.27897228427521,6481400.0
2021-04-19,121.36050415039062,122.07316162364496,120.11126188553921,121.14252097646356,6621200.0
2021-04-20,122.1654281616211,122.95352734039861,120.67303802314909,120.84073122048389,4999700.0
2021-04-21,123.23023223876953,123.91773867459966,122.58466190447737,123.54045448593077,6316000.0
2021-04-22,122.46725463867188,122.95352395934773,121.88874638608145,122.60978361793127,4904400.0
2021-04-23,122.26606750488281,122.69365457213225,121.62048433836247,121.99776854984121,4354700.0
2021-04-26,120.19515991210938,122.21574288032045,119.87655815804567,122.03129057988315,5817700.0
2021-04-27,119.80107116699219,120.04420579123702,119.16388062609438,119.57469562497627,4693700.0
2021-04-28,118.91239166259766,120.47184395206642,118.82854505189208,120.30416352385188,4962700.0
2021-04-29,120.68141174316406,121.0922267509574,119.02973379111604,119.13873179393116,4699900.0
2021-04-30,120.86585998535156,120.93293469307349,119.4740885848045,120.16159474405994,5051100.0
2021-05-03,122.23249053955078,123.0625258139182,120.81558024512616,121.59529988419068,6109800.0
2021-05-04,120.69820404052734,123.05414765585827,120.30414804865403,122.39179277879674,6603800.0
2021-05-05,120.63948059082031,121.20960919164162,120.3124993968701,120.49695163891299,5305200.0
2021-05-06,122.0396957397461,122.37506944420794,120.74014982050372,121.12582638233516,4472200.0
2021-05-07,122.0396957397461,122.40860041805476,121.2096730067503,121.76301723101459,4181000.0
2021-05-10,123.01220703125,124.07699729293718,122.50077354743425,122.81937523042565,5270600.0
2021-05-11,122.11512756347656,123.78357785412648,121.58693486505486,123.38952181961719,5266100.0
2021-05-12,120.92457580566406,122.19059047514762,120.60598684735618,121.46955315919408,5651700.0
2021-05-13,122.71879577636719,123.34760700751184,120.37962362551588,120.93298057929051,4849400.0
2021-05-14,122.9032211303711,124.00154245956317,122.76069215109828,123.41465466455914,4224700.0
2021-05-17,122.55107879638672,123.58232532586013,122.16541518714328,123.24696455319683,3747100.0
2021-05-18,121.99776458740234,123.20508425947965,121.83847648036812,122.9451776509737,4527300.0
2021-05-19,121.93067169189453,122.09836490497382,120.79881926278533,121.26832955573694,4432700.0
2021-05-20,123.43978118896484,123.85898849987653,121.66234628452064,121.77972381984823,3964600.0
2021-05-21,123.330810546875,124.34528519485404,122.84452847362813,123.97638067079134,5194200.0
2021-05-24,123.9596176147461,124.37882496171082,123.2553395490187,123.783544900016,3627800.0
2021-05-25,124.33690643310547,124.39558881146895,123.25534427230174,123.95962236501785,4649300.0
2021-05-26,124.33690643310547,124.64711578792517,123.81708060357768,124.00992520167041,4462600.0
2021-05-27,122.8361587524414,124.73098455792206,122.77747636364279,124.55491180513476,9203600.0
2021-05-28,124.03504943847656,124.50455953526807,123.44816181748716,123.59069075449953,4913700.0
2021-06-01,123.77517700195312,124.79804404822191,123.32242586045362,124.73934887339287,5530300.0
2021-06-02,124.26981353759766,124.52972001773722,123.43977847469475,124.25304166343625,4546900.0
2021-06-03,124.71320343017578,124.78920892712502,123.43795284139992,123.90245235607192,4651600.0
2021-06-04,124.85681915283203,125.4902242981528,124.54434340487185,124.99194867663235,4427400.0
2021-06-07,124.78076934814453,125.20303929517716,123.90245352844532,124.78921010788898,4724100.0
2021-06-08,123.6153564453125,124.88216686311372,123.23531589730452,124.73859656216236,5997200.0
2021-06-09,123.3873062133789,124.64566263790577,123.31974146311475,124.35852211427694,4008000.0
2021-06-10,124.65409851074219,125.0003500873167,123.41262378581618,123.5646347872406,4698200.0
2021-06-11,124.73008728027344,125.0932332149575,123.9699937151397,125.03412212899596,4364600.0
2021-06-14,125.47331237792969,125.52398271541523,123.97001934146601,124.5443132351697,3831900.0
2021-06-15,125.48178100585938,125.98005661733521,125.05107015492167,125.75202716135153,4256500.0
2021-06-16,124.23184204101562,126.06449233719574,123.93624787948481,125.71822783635292,5492100.0
2021-06-17,125.43109130859375,125.83646692263049,124.07138131832585,124.35852184132443,5316400.0
2021-06-18,122.81299591064453,124.97501608430434,122.65253126098658,124.97501608430434,10661700.0
2021-06-21,123.7757797241211,123.92780362442898,122.83833981330514,123.09170438937983,4904300.0
2021-06-22,123.96158599853516,124.56965585806311,123.54775673987749,123.9193564192177,3518000.0
2021-06-23,122.3316421508789,123.41265247897378,122.3147477401294,123.35352848468035,3901700.0
2021-06-24,123.02416229248047,123.25219174159444,122.12895179397529,122.34008683179859,3818900.0
2021-06-25,123.64912414550781,123.97004063358682,122.66101373485712,123.10016532626203,6387600.0
2021-06-28,124.18111419677734,124.64561361800627,123.82640906238073,123.94464410717961,4282800.0
2021-06-29,124.09671783447266,124.73856363754575,123.64065898790977,124.52742862364109,3197700.0
2021-06-30,125.135498046875,125.25373313877222,124.31629316492338,124.51053376875628,4943700.0
2021-07-01,125.16084289550781,125.90404232299122,124.94126710405114,125.05950220509081,3997600.0
2021-07-02,125.76045227050781,126.49519793379379,125.46485812106812,125.75199862319626,3835500.0
2021-07-06,125.94625854492188,126.19116948300088,124.79768359096015,125.89558820508886,4313800.0
2021-07-07,126.50364685058594,127.2721813793533,125.83646588948945,126.08137683082255,4225000.0
2021-07-08,126.56278228759766,127.24685771962929,125.99694195632878,126.19118257472628,4216000.0
2021-07-09,126.24181365966797,126.94278328428702,125.98000836701681,126.1827025709994,4088600.0
2021-07-12,126.2671890258789,126.50365922915269,125.65067834496222,126.25030750183048,4873700.0
2021-07-13,129.18084716796875,129.98315760987714,127.31440805308095,127.6522189065188,8750800.0
2021-07-14,130.51519775390625,131.02192687682592,129.04570649342168,129.12171199586254,6390300.0
2021-07-15,131.11485290527344,131.20775283342633,129.4342134365656,130.11830175477837,4920600.0
2021-07-16,131.59620666503906,132.4576280405364,130.9965776966151,131.47795871390414,5852500.0
2021-07-19,131.57931518554688,133.0488063215165,130.70098649846412,131.73977982376329,5750200.0
2021-07-20,131.59620666503906,132.87145720954194,131.3766180548234,131.9171230476799,5213500.0
2021-07-21,131.10643005371094,131.84961669380095,130.54058964553852,131.1571004056874,4905900.0
2021-07-22,131.06417846679688,131.54555961643854,130.03383852733901,131.06417846679688,3333500.0
2021-07-23,132.74478149414062,133.25995137265969,131.10638483643655,131.37663091599288,3588400.0
2021-07-26,132.6519012451172,132.9897120834752,131.7735724467344,132.41541819427763,2999800.0
2021-07-27,133.3866729736328,133.9947429108368,132.61813834651946,132.85460855691434,4043900.0
2021-07-28,132.16207885742188,133.40355377870404,131.67224407537475,133.0995188411113,3556800.0
2021-07-29,132.4323272705078,132.95593799395553,131.91715730862384,132.78703255606843,3055600.0
2021-07-30,132.550537109375,133.09949578623258,132.2718373909685,132.9052423273497,3757300.0
2021-08-02,132.0185089111328,132.68568989116403,131.33442063490858,132.59278996871325,3425900.0
2021-08-03,132.31407165527344,132.71944722066627,132.0100367595646,132.59277138356128,3359900.0
2021-08-04,130.1013946533203,132.30564465478685,129.949370746327,131.90870980836755,4846300.0
2021-08-05,130.32098388671875,131.0641833162288,129.94938417196374,130.88682422085589,3733500.0
2021-08-06,130.3378448486328,130.7009908215291,129.7551102533748,129.86490456455567,3430900.0
2021-08-09,130.354736328125,130.72632305251653,129.81423131750756,130.59964722450306,2636600.0
2021-08-10,130.42233276367188,131.16553223983055,129.8987219800112,130.32099206661763,2670200.0
2021-08-11,130.93748474121094,131.76514327530117,130.45610360987877,130.65879786271572,3058000.0
2021-08-12,130.9628448486328,131.15708547131214,130.5659099544665,131.0979614762977,1958700.0
2021-08-13,132.18739318847656,132.3140690230615,130.81922974167614,130.98814803666488,2113800.0
2021-08-16,133.47958374023438,133.53869485430133,132.3647844693158,132.53368993521408,3224000.0
2021-08-17,133.35289001464844,133.81738969358358,132.79550328658678,133.3613436639585,3736300.0
2021-08-18,131.98472595214844,133.6062413996546,131.91716119766994,133.167076938874,3419200.0
2021-08-19,134.20587158203125,134.63658239767943,131.56245692169904,131.59624574252987,4745600.0
2021-08-20,133.73294067382812,134.81395105725926,133.64848150241684,134.22276263070074,3484100.0
2021-08-23,133.3106231689453,133.876463333472,132.8630180703398,133.29372876334065,3102100.0
2021-08-24,131.6553497314453,133.22619476201368,131.47799064832012,133.22619476201368,3760800.0
2021-08-25,131.07260131835938,131.46953613686267,130.1942854159917,131.2077308069259,3346700.0
2021-08-26,130.59124755859375,131.46956364473482,130.13518866092318,131.33443412789464,3220700.0
2021-08-27,130.85302734375,131.24996216765075,130.2365167629359,130.76856819058315,4166500.0
2021-08-30,131.74822998046875,131.89180022315122,130.9121308048578,131.05570104754028,2540300.0
2021-08-31,132.0775909423828,132.1451556789895,131.19082149357175,131.82422640177165,5291200.0
2021-09-01,133.361328125,133.5977983182394,132.17896427214407,132.4576640470317,4231400.0
2021-09-02,133.45907592773438,133.74818454803375,132.5407194500318,133.32302023289284,2862500.0
2021-09-03,133.57810974121094,133.85871972167467,132.56621668362524,132.821317845409,2035100.0
2021-09-07,131.40130615234375,133.2975357105364,130.6785214948551,133.05944468865516,4609900.0
2021-09-08,133.2635498046875,133.28905863436955,131.2057553687346,131.5118742999088,3199100.0
2021-09-09,132.42172241210938,133.47613497044878,132.1411123044467,133.39960847971986,3560400.0
2021-09-10,132.192138671875,132.86389280490118,131.80948028060524,132.63430036513725,3851500.0
2021-09-13,132.4472198486328,133.84175867357388,132.13260231937434,132.60028579191317,3367200.0
2021-09-14,131.92849731445312,133.22100061748975,131.64790025144583,132.97441099469992,2808600.0
2021-09-15,132.66830444335938,132.97442333366854,131.61389204896383,131.98803880100704,3702400.0
2021-09-16,132.2771453857422,132.75332743534568,130.7890699932374,132.13259104746882,4589900.0
2021-09-17,131.06118774414062,132.22613409834844,130.80608649814937,131.99654167945747,8127400.0
2021-09-20,130.61903381347656,131.758471521135,129.60714026152974,130.8656235061825,5484600.0
2021-09-21,130.55946350097656,132.75331311425813,130.0747828866976,131.46932144223476,4479800.0
2021-09-22,130.95913696289062,131.87749364594984,130.48295489944988,131.47783806235032,3001000.0
2021-09-23,131.06118774414062,131.7414404334662,130.55948386952872,130.68704098001854,2712500.0
2021-09-24,131.12071228027344,131.47784885717624,130.568003691612,130.7380668746625,2366100.0
2021-09-27,129.8622283935547,131.07819247146907,129.58161830442313,130.78058514662462,4482000.0
2021-09-28,128.44216918945312,129.6751433674576,127.63435941593212,129.56459647029575,5910900.0
2021-09-29,129.50511169433594,130.2448937860448,128.1360814599723,128.688790130216,3326500.0
2021-09-30,127.89796447753906,130.4659482431725,127.86394405780216,130.28738645201332,4949200.0
2021-10-01,128.35714721679688,128.918367415099,127.14118309546517,128.69728656803585,4274300.0
2021-10-04,127.71940612792969,130.10032979099827,127.1071682438552,128.29763656288455,5404900.0
2021-10-05,128.47616577148438,129.58159572468628,127.60883980165286,128.7057581634924,6103100.0
2021-10-06,131.76698303222656,131.93704623139888,127.5153381779664,128.2636188493227,5499200.0
2021-10-07,132.98289489746094,134.1393423617023,132.24311313595587,132.24311313595587,4605100.0
2021-10-08,132.6768035888672,133.25503392841537,132.21763173906868,133.13598841365368,4186000.0
2021-10-11,132.85537719726562,133.69719441043293,132.36218493324432,132.98292132805224,2738100.0
2021-10-12,133.4420928955078,134.22440681265994,132.82986809402138,132.83836671106013,3195400.0
2021-10-13,134.34341430664062,134.39443194441074,132.66826599993993,133.89274120635915,3599900.0
2021-10-14,135.42337036132812,135.6189553422591,134.87066178910456,134.87916040675813,3677100.0
2021-10-15,135.04071044921875,135.7634950967191,133.93528044862478,135.7634950967191,4313000.0
2021-10-18,134.428466796875,134.94716784497584,133.3315484361303,134.52200347685996,3274200.0
2021-10-19,136.13768005371094,136.1886977184483,133.96082688331867,134.8961939868072,3125800.0
2021-10-20,137.16653442382812,137.65122805994875,135.78049435034728,136.54579804290813,3716500.0
2021-10-21,135.35537719726562,137.26861763392122,135.18531397567244,137.23461017959943,4164700.0
2021-10-22,136.02708435058594,136.4522487042541,135.6019199969178,135.69545667372424,3240300.0
2021-10-25,135.38934326171875,136.010079610027,135.02369515587492,136.010079610027,3281200.0
2021-10-26,137.0474853515625,137.24305733430703,135.28731155688732,135.34682782338032,3684700.0
2021-10-27,136.57130432128906,137.61720507579537,135.67845651744778,137.54067860046285,3751800.0
2021-10-28,137.4301300048828,137.52366668745896,136.4522571211219,136.7753862018371,3589600.0
2021-10-29,137.41311645507812,137.97432350890932,136.8263876044956,136.92842289155843,4558200.0
2021-11-01,137.1240234375,137.32810702915833,136.20566673752003,137.07300578333252,3017100.0
2021-11-02,138.38247680664062,138.44199305983,136.85188277841183,137.37058372756204,3464500.0
2021-11-03,139.70901489257812,139.78554136535413,137.88080031245636,137.88080031245636,3595000.0
2021-11-04,139.71751403808594,139.93009622437114,138.90120570874348,139.64098756502014,3310100.0
2021-11-05,141.1545867919922,141.52022196351922,139.89610374756634,140.7719414107465,3754300.0
2021-11-08,138.11892700195312,141.23964570895467,137.03050696912592,140.993043044101,5766400.0
2021-11-09,139.0372314453125,139.33485165971317,137.75323986815346,138.01683967091586,3778600.0
2021-11-10,139.4879150390625,140.3042363047386,138.62908771813161,140.08315551246562,2683500.0
2021-11-11,138.33998107910156,139.43689941531005,138.22093557769145,139.4284007991331,2453000.0
2021-11-12,138.3059844970703,139.39440440465648,137.82130379173353,138.61210340701572,3540900.0
2021-11-15,139.2838592529297,139.35188711354627,138.16993060718235,138.18692784109572,3357100.0
2021-11-16,138.8671875,140.29574656153423,138.79915964230912,139.68350881730345,2899400.0
2021-11-17,138.918212890625,139.1733141274343,137.82129443982913,138.28046628609562,3332200.0
2021-11-18,138.96072387695312,139.04576194262657,137.54067641011912,138.44202281631425,3498900.0
2021-11-19,139.29237365722656,140.3297759429794,138.9777561193306,139.8791026684298,5242200.0
2021-11-22,139.58148193359375,141.83486127434423,138.75666187329867,138.77367208407492,4157200.0
2021-11-23,140.51683044433594,140.91648600765316,138.86719054042865,139.07977273474685,3878000.0
2021-11-24,139.23284912109375,140.72942321052403,138.24646455136113,140.38078527165482,3309500.0
2021-11-26,137.02198791503906,139.1648202116437,136.8094057063478,138.35701041361457,3402900.0
2021-11-29,139.57298278808594,139.9471295738144,137.02199613083448,138.3229982880336,5305800.0
2021-11-30,135.86553955078125,139.45392825485024,134.68358299493784,139.30937391060905,7610000.0
2021-12-01,136.1886444091797,138.81615691457688,136.09510773544454,138.1529015826317,5385600.0
2021-12-02,137.5027313232422,138.41873763683103,136.8264379732702,137.0832630279087,4619800.0
2021-12-03,141.00408935546875,141.14962050735483,138.11910832933995,138.23040223599727,6465900.0
2021-12-06,142.46792602539062,143.21270670897223,141.92859487512197,142.15118261975908,5403100.0
2021-12-07,142.30531311035156,142.93025713160807,141.81735725746003,142.46796941553708,5460100.0
2021-12-08,142.55355834960938,142.69908947664695,140.42192770912592,142.2282457934884,3891900.0
2021-12-09,142.37379455566406,142.8617634502878,141.12393269209758,142.03992591400842,3644500.0
2021-12-10,144.65093994140625,144.7793459185335,142.87885908107214,143.42674635458675,5025700.0
2021-12-13,145.3700714111328,146.61137735861777,143.86338434429118,144.61672134637908,5411800.0
2021-12-14,145.01051330566406,145.86658812606768,144.07739488646374,144.97627606042056,4985000.0
2021-12-15,146.8767547607422,147.05652314759712,145.0704364710543,145.33581756009255,5507800.0
2021-12-16,147.09080505371094,148.58036711546123,146.40594247710519,146.87678631493833,6909900.0
2021-12-17,144.07736206054688,147.57014809953336,143.863343404207,146.48292966778132,10159600.0
2021-12-20,145.0362091064453,145.10469666649223,142.75049067337804,143.10148452011865,5263600.0
2021-12-21,144.60813903808594,145.19027663585572,143.6322143871945,144.87352010924695,3401400.0
2021-12-22,145.5070343017578,145.5241594552452,144.0517097592842,144.64240345928383,4362900.0
2021-12-23,145.3443603515625,146.07202906577305,144.89064180922614,145.5155726776523,3241700.0
2021-12-27,146.79115295410156,146.86819655418648,145.3358283476141,145.52416585626526,2868800.0
2021-12-28,147.5530242919922,147.9211301141682,146.5599745825009,146.78256234722338,2332100.0
2021-12-29,148.0752410888672,148.49472239211673,147.18491609067695,147.9211408511306,2299500.0
2021-12-30,147.8184356689453,148.63170412477766,147.44176066304445,148.56321657255342,1988900.0
2021-12-31,148.70872497558594,148.97410601238457,147.33900038626572,147.63863172226132,2914900.0
2022-01-03,148.08380126953125,148.26358270813506,146.0206711238855,147.41606403356897,5488900.0
2022-01-04,148.29782104492188,149.34223325507386,147.4160651226456,147.80986524395848,4717600.0
2022-01-05,148.8029327392578,150.12128222561984,148.29783866356635,148.40913257115915,6564600.0
2022-01-06,148.83718872070312,150.32676381015415,148.297857331603,148.87999507998623,4288700.0
2022-01-07,149.0255126953125,149.54771888066352,147.76708161032997,149.0340687413241,4916000.0
2022-01-10,149.10252380371094,150.53216693602462,148.63168012237102,149.33366762230742,5055900.0
2022-01-11,149.0340118408203,149.15386175255261,146.91950670602418,148.68301814836832,6452300.0
2022-01-12,148.87135314941406,149.23947198398156,148.05808497151628,148.87135314941406,5268000.0
2022-01-13,149.11111450195312,149.54772104551165,148.30641509724884,148.7087713309339,4310300.0
2022-01-14,150.36094665527344,150.61777165537893,148.44333479216948,149.44495359884712,4474500.0
2022-01-18,148.92279052734375,149.60763997502556,148.22935890816717,148.6317151431465,5789500.0
2022-01-19,149.9928741455078,150.6349302570223,148.58891197083608,148.922780626317,6424500.0
2022-01-20,148.9056396484375,151.42250142813674,148.8200269509342,150.16407053828712,6284200.0
2022-01-21,149.1453399658203,151.73068929860915,149.05117122335457,150.0955834351877,6753200.0
2022-01-24,148.38345336914062,151.09720904047808,144.64241050382873,150.2325781558938,9263900.0
2022-01-25,146.6798553466797,147.65578011114147,145.31014348327045,147.3133554109554,6536900.0
2022-01-26,145.13037109375,147.08222074463941,142.49365893702824,144.98483993394382,6841800.0
2022-01-27,144.9933624267578,148.34061751570033,144.48828150737154,146.20043084440655,6543500.0
2022-01-28,147.8184356689453,147.86979806744728,143.14427452795903,144.2571613292744,5796000.0
2022-01-31,148.5460968017578,149.05117777780117,146.03779094904942,146.1918911992533,5908000.0
2022-02-01,147.5359344482422,148.46905288663743,145.1560474435773,148.22935297700684,5952700.0
2022-02-02,150.21543884277344,150.3609699841249,147.73282726944905,147.8954705008436,5767000.0
2022-02-03,150.1298370361328,151.23418086926642,148.81148756061754,150.04423739171318,4632700.0
2022-02-04,147.6643829345703,149.71895773012358,146.5514828108673,148.18658921231807,4592400.0
2022-02-07,147.08221435546875,148.0923894467898,146.56857729540596,147.87837073943066,4813300.0
2022-02-08,147.26199340820312,147.79275561371833,145.79809972624136,147.7841995681234,3957700.0
2022-02-09,147.19349670410156,147.91259636931704,146.39734038266255,147.67289648091187,6780200.0
2022-02-10,144.1373291015625,146.77404140441166,143.22133573609642,144.38559814173544,7899800.0
2022-02-11,144.31710815429688,145.7981140731836,143.55520201609508,143.87194554892065,7299600.0
2022-02-14,142.7076416015625,145.2587404020734,141.3379299985928,145.03616569553975,6822500.0
2022-02-15,142.0741729736328,144.03457842723964,141.47491019126332,143.15282246910238,4943800.0
2022-02-16,142.36520385742188,143.13566574673138,140.85850425143164,141.79163546201835,4161700.0
2022-02-17,142.75045776367188,143.7777448022121,141.2523270225239,142.11695777628478,5156800.0
2022-02-18,143.5723114013672,144.02603000334292,142.29675523840504,143.05866129291755,5181600.0
2022-02-22,144.1201934814453,144.62527446325328,142.30530607728005,144.30853097680836,7733900.0
2022-02-23,142.69908142089844,144.7793364908771,142.55355030207647,144.7793364908771,5812800.0
2022-02-24,140.21652221679688,142.39951613715849,137.22025963742513,141.86019775548596,8888800.0
2022-02-25,144.14584350585938,144.214331040513,140.61880731583574,140.75578238514302,6535600.0
2022-02-28,140.17369079589844,141.43212178202074,138.17903496798124,140.43050278272779,7677000.0
2022-03-01,138.91526794433594,140.73869847092334,138.08487430452277,139.60013042886897,5107900.0
2022-03-02,140.8414306640625,141.9543305237902,139.1035998538409,139.52306814844724,5452100.0
2022-03-03,140.69065856933594,142.34513152684292,140.28565593848668,141.2938497806277,5352200.0
2022-03-04,142.8276824951172,143.47396160142992,138.66564347263323,139.59628696355344,6340300.0
2022-03-07,139.98402404785156,142.31062573964647,139.70828518774863,141.3799955817921,6319500.0
2022-03-08,136.03741455078125,141.29382225795996,135.882313904625,139.9237139559277,6163700.0
2022-03-09,135.6324005126953,137.92453962358834,134.7706952663667,137.70911331200617,5764900.0
2022-03-10,133.14205932617188,134.64143103567292,132.1597159712787,134.24504087732993,6103700.0
2022-03-11,132.46994018554688,135.1929318445569,132.254513879902,133.95207422026988,4762600.0
2022-03-14,134.33123779296875,135.9770980606242,133.13346795991978,133.69357114174338,6075600.0
2022-03-15,137.01112365722656,137.44197624734363,135.14122499394782,135.56346526575047,6203400.0
2022-03-16,137.6143341064453,137.86423600724208,135.32219484735361,136.50274005218566,6299000.0
2022-03-17,138.68280029296875,139.27737882740144,137.2696046648774,137.7263072481367,3587600.0
2022-03-18,140.2769775390625,140.3976157358015,137.92452612836294,139.06198325353998,12123000.0
2022-03-21,140.07879638671875,141.15592789578074,138.7948640430068,139.82890766199068,5122600.0
2022-03-22,141.6126708984375,141.98321108024948,139.79447186784444,140.32011271977652,5779200.0
2022-03-23,140.87158203125,142.4226542369577,140.1391403984017,141.53509880924878,4533700.0
2022-03-24,141.7246551513672,141.94869376965067,140.6906115421372,141.37135286406877,3160300.0
2022-03-25,142.38818359375,142.95689907921158,141.69019128002083,141.69019128002083,4146800.0
2022-03-28,142.81040954589844,142.8448851196203,141.06977438173087,142.26754417127813,4308000.0
2022-03-29,144.9302520751953,145.266316698719,143.36194173302965,144.15470922573726,4440400.0
2022-03-30,144.73202514648438,144.97330157388544,143.14647743253278,144.8526633601849,3871500.0
2022-03-31,144.2322235107422,145.8866959504904,144.13743541087536,145.08530326096562,6076200.0
2022-04-01,146.28309631347656,146.42958464597908,144.22362104122087,144.6717115073687,3239600.0
2022-04-04,145.90396118164062,145.96427372094925,144.29256318079302,145.72299726655356,3759900.0
2022-04-05,146.05905151367188,147.6790617203071,145.04224554896575,145.04224554896575,4480700.0
2022-04-06,148.5493621826172,148.81648869674393,146.0504223068618,146.42094923972715,4294800.0
2022-04-07,148.687255859375,149.31629706248813,147.1620337586681,148.2391654105781,5041600.0
2022-04-08,149.18704223632812,149.66959509874337,147.86000871610685,149.06640402072432,3883100.0
2022-04-11,148.73033142089844,150.77256865601072,148.48905500276612,149.60064898997723,3825100.0
2022-04-12,149.33352661132812,150.49682084206057,148.75618565558761,149.74714146123884,3924300.0
2022-04-13,149.0750274658203,149.78163217321966,147.9806579756537,149.57481815307295,4394000.0
2022-04-14,148.1271514892578,150.1607767384524,148.0065132604319,149.48864758519647,4834300.0
2022-04-18,146.85179138183594,148.48041360377317,146.4554143725392,147.5411581376383,3086000.0
2022-04-19,148.9888458251953,149.22150994516,146.35202962752817,146.35202962752817,3642000.0
2022-04-20,151.20346069335938,151.63431343069757,149.6954761126756,149.6954761126756,4197600.0
2022-04-21,150.66053771972656,152.72863813976414,150.4968116239252,151.45330494540525,3701300.0
2022-04-22,148.34259033203125,151.03112032009204,148.16163954784122,150.78984384211736,5864000.0
2022-04-25,149.7126922607422,149.8677929124426,147.35161486796545,149.25598947707292,7369900.0
2022-04-26,149.33352661132812,151.1000250527133,148.8423482938387,149.91086756706864,7386600.0
2022-04-27,150.66917419433594,152.25470876152636,149.2387402669758,149.43692880072982,5180300.0
2022-04-28,152.95269775390625,153.05609818709567,149.7816284160169,150.39343184382773,5235800.0
2022-04-29,147.96347045898438,152.87518961972575,147.70495615608564,152.87518961972575,6505600.0
2022-05-02,144.5596923828125,149.47142365491348,142.41405436359577,149.07503338769777,7692100.0
2022-05-03,144.7578582763672,145.89530227949376,143.5428508139316,145.74881397636415,5564900.0
2022-05-04,149.81610107421875,150.0401397442874,144.4304423348496,144.4304423348496,6231500.0
2022-05-05,146.8259735107422,149.35077701404933,145.6971416102421,149.1612007858728,6534300.0
2022-05-06,146.84320068359375,147.1792652185971,145.38691664905286,145.83500707858371,5824600.0
2022-05-09,147.95481872558594,148.9802502842967,145.4214026743197,146.19694544535417,7269100.0
2022-05-10,147.7738494873047,150.40204018425027,147.1361828194885,149.17842021242436,5936700.0
2022-05-11,147.05860900878906,148.56659307209023,146.4209424428195,147.19648499309235,5376900.0
2022-05-12,146.8345947265625,148.20471630386035,144.90438304794168,147.56704957512687,6473500.0
2022-05-13,149.6954345703125,150.0745869777237,146.0245750003901,147.0930810773725,4714600.0
2022-05-16,151.20346069335938,151.91867781517064,149.43696184055628,149.6868637914184,5317200.0
2022-05-17,150.33311462402344,151.38438300871934,148.71310442876353,151.0655562505976,5012200.0
2022-05-18,141.01805114746094,149.82467937000675,140.3890100311585,149.6695787448546,8875400.0
2022-05-19,138.9068603515625,140.26835599583347,137.58845259227397,140.02707961822358,6423800.0
2022-05-20,139.77723693847656,140.509678629996,137.54540998799072,139.80308704826072,5768800.0
2022-05-23,142.6984100341797,143.86170435786926,140.94914924009544,141.50064013357155,4657800.0
2022-05-24,144.6113739013672,144.99051314698966,142.3192348990303,143.060301901719,6327600.0
2022-05-25,145.60235595703125,146.05044642652908,143.87033291423242,144.6372501598793,5781000.0
2022-05-26,146.5846710205078,147.42913842869896,145.59371530722277,145.59371530722277,5193800.0
2022-05-27,148.01513671875,148.04959914855462,146.66225296161235,147.57565856011212,6713500.0
2022-05-31,144.55105590820312,147.3343601883507,142.50019320252667,147.3343601883507,13610000.0
2022-06-01,143.46534729003906,145.0939700894119,141.1645952813112,144.92161847792033,5613900.0
2022-06-02,144.6280517578125,144.68879703832275,141.13122611797817,143.70829300748872,4677300.0
2022-06-03,143.04014587402344,144.5499332427184,142.61496871523553,143.91651685516283,4222000.0
2022-06-06,143.6388397216797,145.4436546410282,142.93600587963226,144.43713419218696,3447800.0
2022-06-07,144.52394104003906,144.7842533839368,142.4935285897012,143.76036169528194,4168300.0
2022-06-08,143.80372619628906,144.74084253978916,143.26575714799654,143.81241165838003,2646800.0
2022-06-09,141.24400329589844,144.84494785904306,141.14855590256045,143.33516048810134,3522900.0
2022-06-10,141.01840209960938,142.23317503242603,138.35456062831804,139.6734664125418,5203300.0
2022-06-13,138.606201171875,141.32208921854118,138.01615914522966,139.2916773492678,6300700.0
2022-06-14,135.4651336669922,138.87519686722027,134.37183793533345,138.831809278814,6159200.0
2022-06-15,136.9141845703125,138.69296971601628,135.3002643110932,137.02698964844032,5940100.0
2022-06-16,136.25474548339844,137.49556168844708,134.58876532755625,135.90767124927714,7207900.0
2022-06-17,136.28079223632812,137.95545806107143,135.50854071591226,136.2547623275528,9881800.0
2022-06-21,139.4478759765625,139.6648006703447,136.53240756252845,137.2439136733171,4449600.0
2022-06-22,140.59323120117188,141.42622784928795,138.45001417157414,139.11814593433152,4706500.0
2022-06-23,142.38937377929688,143.2917746765504,141.56504935388193,142.111703817045,5810700.0
2022-06-24,144.15078735351562,144.20284715641924,142.2505251073457,143.72561022975057,5951500.0
2022-06-27,144.34170532226562,145.0185093488488,143.46532103243436,143.92520035203492,4595800.0
2022-06-28,142.31126403808594,146.16384852032232,142.17244230361536,145.0358375225455,4372900.0
2022-06-29,144.67144775390625,145.3916394987276,143.47403216037927,144.09009102399796,3653600.0
2022-06-30,144.6107177734375,145.4089992605252,143.71698886723954,145.01853736054173,6295100.0
2022-07-01,146.97946166992188,147.09226672192668,143.82971159342725,144.6800657331057,3918700.0
2022-07-05,146.64974975585938,146.97947949245318,143.45662495527318,146.32003325929676,4971600.0
2022-07-06,148.11618041992188,149.20080390460208,147.0575868396714,147.50879391650753,4209100.0
2022-07-07,147.82115173339844,148.41118049686483,146.97081071074274,147.09228799969355,5150200.0
2022-07-08,149.1400909423828,149.85159715448466,147.98604981833077,148.00340750351407,3482900.0
2022-07-11,147.9166259765625,149.93836591262678,147.526164136901,148.7322650247639,4921300.0
2022-07-12,147.07493591308594,150.38955144345167,146.52828147199696,150.11188149241218,5201600.0
2022-07-13,147.5955810546875,148.7582943469008,145.75605047234404,146.24195971446102,4533100.0
2022-07-14,148.359130859375,148.51532352160433,145.51307997461691,146.0250190674167,4218300.0
2022-07-15,148.48060607910156,150.0424664793792,147.52614539673297,148.67150086358174,4659100.0
2022-07-18,145.99903869628906,148.58479142131137,145.64329214502575,148.50668844368278,3479700.0
2022-07-19,147.56089782714844,148.159612288036,146.320094545049,147.72576276449854,4201600.0
2022-07-20,145.99903869628906,148.00343464140064,145.30489004209153,147.55222742414273,3460700.0
2022-07-21,146.21588134765625,146.9968180051192,145.39157035369215,145.7646876238202,3088300.0
2022-07-22,147.17044067382812,148.00343761163396,146.19862194641897,146.7626210492824,3757800.0
2022-07-25,147.37863159179688,148.25500252487765,146.67578451315185,147.77776558506866,3357200.0
2022-07-26,149.0966796875,149.2355146668641,146.84934307417706,148.00338401508048,3732100.0
2022-07-27,148.888427734375,149.20079981901046,146.69315092069854,147.93396703801224,4479000.0
2022-07-28,151.70843505859375,151.95138963143276,148.5413401512081,149.1313689023796,3134200.0
2022-07-29,151.81259155273438,152.26378540684516,150.4502980485039,150.68458043739088,4215500.0
2022-08-01,153.539306640625,154.18140854675784,151.45683472673326,151.45683472673326,4034600.0
2022-08-02,152.27249145507812,153.71286163028998,152.03820903451745,153.53065226765898,3781100.0
2022-08-03,153.43516540527344,153.63473240257053,151.18782891040092,151.9166926535977,4401300.0
2022-08-04,152.60218811035156,153.3570950912966,151.4828624517572,153.07942511209075,3822500.0
2022-08-05,151.4568328857422,151.58698241376584,149.59127246385833,151.31799789582803,3295600.0
2022-08-08,150.84942626953125,152.68894330084802,150.38954701170206,152.53275064798308,2846100.0
2022-08-09,151.41343688964844,152.04685329091748,150.9448853747447,151.66506370986787,3228800.0
2022-08-10,152.66293334960938,153.0880973001286,151.6043397241792,152.55012826557774,4041100.0
2022-08-11,151.88201904296875,153.68683445562272,151.5609746668837,153.02738801716725,2743800.0
2022-08-12,153.86904907226562,153.91243666570858,152.17703884826696,152.6542626560357,3756200.0
2022-08-15,155.56106567382812,155.63048317817587,153.40917599918882,154.25084503435681,3043100.0
2022-08-16,156.46343994140625,156.79315645261872,155.00569920330224,155.9948752170032,3395700.0
2022-08-17,156.37664794921875,157.11419707974713,155.94279863479744,156.27252835056734,2666200.0
2022-08-18,156.5328369140625,156.99271615625324,156.1337029348179,156.89728201167702,3010600.0
2022-08-19,156.33326721191406,157.0621309144343,155.59573128913675,155.97750758091098,3704000.0
2022-08-22,154.84085083007812,156.59360614292333,154.4677466949854,156.30726394527784,3385000.0
2022-08-23,154.7714385986328,155.19661579869054,153.8343222581201,154.29421482636363,2575000.0
2022-08-24,155.5436553955078,155.751907838137,154.54580724297492,154.77140412580016,3340600.0
2022-08-25,155.55235290527344,155.62177039152715,153.92107507839043,155.3441004465123,3401800.0
2022-08-26,151.88201904296875,156.1684539930175,151.5609746668837,156.15110954676743,5246600.0
2022-08-29,151.40480041503906,152.09894900989164,150.29414677523198,151.45686023564943,4184500.0
2022-08-30,150.1031951904297,151.57828025686268,149.53051090015768,151.27458043140703,4026300.0
2022-08-31,149.4784698486328,151.3353446748256,149.41772457990996,150.81472012017878,5597900.0
2022-09-01,150.98968505859375,151.10323490932635,148.70977093510965,149.30376501282387,4846100.0
2022-09-02,149.07666015625,152.8415730094624,148.40403820159568,151.7496603105487,5801500.0
2022-09-06,148.07208251953125,150.76255682822958,147.74015014510894,149.356172833433,4900100.0
2022-09-07,151.33909606933594,151.80206597511742,148.43896961974957,149.0417075462607,6074600.0
2022-09-08,150.8324432373047,151.49632132573112,148.98929416296383,150.92853208303853,3888100.0
2022-09-09,151.31288146972656,152.4746780751918,149.95890718040926,150.8149629263795,3662000.0
2022-09-12,151.9068603515625,152.37857401171897,150.90230619187466,151.31286635463644,5953300.0
2022-09-13,146.2376708984375,150.97220223564545,145.83584120509755,150.68393571566463,6926200.0
2022-09-14,147.3470458984375,147.79255476497298,146.37744031600405,146.8578711915846,5156900.0
2022-09-15,144.9011993408203,147.2422539677457,144.4294855506697,147.21604912707218,5461000.0
2022-09-16,145.85333251953125,146.02803588649297,144.35085957143795,145.32047858643986,12012600.0
2022-09-19,147.3907470703125,147.46063108586824,145.44277845436864,145.93195323424575,3720900.0
2022-09-20,147.55670166015625,147.75760984935508,145.7572318018269,146.38617453489502,3872000.0
2022-09-21,147.13739013671875,150.27335952701458,147.05003180819966,148.39527542494014,5134500.0
2022-09-22,147.27719116210938,148.4040392102819,146.79674690551934,147.1024744658857,4290600.0
2022-09-23,147.20730590820312,147.4082141123513,145.46897609593003,147.09374272241777,4565100.0
2022-09-26,147.1461181640625,148.50882276038857,146.34247220543452,147.0412988348095,5326400.0
2022-09-27,145.01470947265625,148.5000989463705,144.3421009743157,146.96269095572225,5400700.0
2022-09-28,147.33831787109375,148.16816878623086,144.3421160767854,145.80090971958694,5480900.0
2022-09-29,145.53884887695312,147.74887893907464,144.1324648984202,147.4518819073376,5167700.0
2022-09-30,142.61251831054688,146.9627077744128,142.39413578710423,146.48226355703667,5971900.0
2022-10-03,144.35084533691406,144.73520070373584,142.40287699580682,142.8396420346477,5093400.0
2022-10-04,145.9756317138672,147.3907463673356,144.61292673956234,146.2202191026392,4596800.0
2022-10-05,145.0059814453125,145.9581259558404,143.02306459342546,145.85330662007883,3538600.0
2022-10-06,142.21072387695312,145.0234922792687,141.9486621425795,144.82257072980795,4623400.0
2022-10-07,141.1711883544922,142.39412506205554,140.62086017158344,141.77392620643784,4779200.0
2022-10-10,141.35464477539062,142.42033921657185,140.80431655646836,141.50314329038318,4839200.0
2022-10-11,142.02725219726562,143.49478965953827,141.12751728315652,141.72152466734175,5222600.0
2022-10-12,147.96722412109375,149.11154611795877,145.5300816489698,147.3906912080294,9795300.0
2022-10-13,152.52708435058594,152.90269587856122,145.72229104612936,145.96687839667396,8412700.0
2022-10-14,148.66610717773438,153.96842857160033,148.4914038031761,153.72384118141613,5937900.0
2022-10-17,150.8848419189453,151.63607829567616,149.43479216489246,150.48302555988624,6401800.0
2022-10-18,152.92018127441406,154.53621733435799,151.47886190236497,152.71054257535928,4547400.0
2022-10-19,151.4351348876953,153.60148517725779,150.53540021113886,152.71049432974078,5200200.0
2022-10-20,149.77548217773438,152.30871422690416,149.469741300174,152.16894620693301,4314000.0
2022-10-21,151.17311096191406,151.7234391683138,149.0067601321829,149.54834450736294,5071500.0
2022-10-24,155.20880126953125,155.4708629307195,152.57948081426562,152.70177447895216,5316500.0
2022-10-25,155.7242431640625,156.24835332259266,154.2741797336692,155.59320562766948,5220000.0
2022-10-26,156.4230194091797,158.0215675378664,155.7678719263046,156.58897890847325,5136000.0
2022-10-27,156.25704956054688,158.04777538467846,155.986257395103,157.55860072077851,5424100.0
2022-10-28,159.1833953857422,159.7948638244917,156.7811874750023,156.97336517418248,6715300.0
2022-10-31,158.61558532714844,159.83852204433117,157.70710662666082,158.266165315803,4877200.0
2022-11-01,157.89930725097656,159.69004674849688,157.13934027548274,158.0565496111895,4084500.0
2022-11-02,155.697998046875,160.36264522912109,155.63684454657454,157.91675846830321,4970600.0
2022-11-03,155.29617309570312,156.27452249821954,154.20426052003359,154.4226430351675,3753800.0
2022-11-04,156.1697235107422,157.05198418842937,154.20428061836947,155.4184870276081,3922400.0
2022-11-07,157.4188690185547,157.77700623822574,156.2133931859204,156.81613110223756,3246100.0
2022-11-08,157.85562133789062,159.07855807735254,156.18717574197342,157.619764492062,3724700.0
2022-11-09,155.96881103515625,158.17011074650551,155.83777351517588,157.19174791423234,4723600.0
2022-11-10,158.72039794921875,159.78610561295466,155.97751428903206,159.55024878140392,6704100.0
2022-11-11,155.53204345703125,158.71169262047326,153.25212926779042,158.22251787671482,7390500.0
2022-11-14,154.3789520263672,156.51909784474051,154.17804385997556,156.0736023464782,5633000.0
2022-11-15,154.7808074951172,156.09983320684458,153.23465541663347,155.5233001160185,5153600.0
2022-11-16,155.77664184570312,156.91223376917458,155.24378789163643,155.75043700607796,4701100.0
2022-11-17,157.26161193847656,157.37517510889035,154.99042850426457,155.04285150300137,3920300.0
2022-11-18,158.397216796875,158.84271235551827,157.25289448288044,157.41886733679019,4498100.0
2022-11-21,161.4458465576172,161.71663876784672,159.06109968318296,159.21834203916237,4397600.0
2022-11-22,161.4633026123047,163.01818514446924,161.05274239357468,162.31062788678906,4109600.0
2022-11-23,161.6728973388672,162.54642714078736,161.16624845427265,161.60301335523272,2511000.0
2022-11-25,160.8256378173828,161.603079124334,160.6771392901014,161.23619805769536,1837000.0
2022-11-28,160.63343811035156,162.0310915023703,160.30149243071975,161.0789336311649,6411400.0
2022-11-29,159.4978790283203,160.22291070748122,158.12644351953193,160.11809134678776,4375400.0
2022-11-30,162.04859924316406,162.21457213084872,157.44510421335357,158.8951543641989,7915600.0
2022-12-01,163.4021453857422,163.78011322516454,161.8727309339836,163.03297591765732,4683300.0
2022-12-02,163.2176055908203,163.7625682553411,161.5914891463472,161.7321289991766,3547700.0
2022-12-05,160.9586181640625,161.67938732805356,160.25544574631553,161.23109948776258,4083200.0
2022-12-06,159.64892578125,161.9869992259689,158.83146851245795,161.5123565692349,5835100.0
2022-12-07,160.13238525390625,160.36971333556264,158.82271514836336,159.80716732093063,4241700.0
2022-12-08,161.5387725830078,161.71456571476307,159.32374156885408,159.80718274029823,3800800.0
2022-12-09,160.94102478027344,161.91669179164268,160.89707315753293,161.91669179164268,3116100.0
2022-12-12,161.70578002929688,161.8903581225598,160.2906231949377,161.8903581225598,4691400.0
2022-12-13,161.6178741455078,164.22844300528115,160.80043006424341,163.91201000978873,5634900.0
2022-12-14,161.1696014404297,163.3846324333876,160.08846094893195,161.79368247616864,5392500.0
2022-12-15,158.4359588623047,160.59825302329918,156.80105744657365,159.95658872039257,6127800.0
2022-12-16,158.51510620117188,159.26224388835456,156.8802043476102,158.2865764368394,15708100.0
2022-12-19,159.39402770996094,161.26625702599532,158.5238471980096,158.97212160076776,4447800.0
2022-12-20,159.29736328125,160.19392563278763,158.7787688808348,159.81597109382056,3249000.0
2022-12-21,160.4136505126953,161.4508391850258,159.44676835022307,159.57862323355315,4236900.0
2022-12-22,159.17428588867188,160.0181115345845,157.26690328385305,159.8511033975281,4304700.0
2022-12-23,160.20269775390625,160.4576091588686,158.6117480087397,159.01608422495568,2197800.0
2022-12-27,160.9146728515625,161.38931555382783,160.21148705266822,161.0992509088282,3045000.0
2022-12-28,159.75440979003906,162.2067549385635,159.65772157775152,161.8200155015666,2694300.0
2022-12-29,159.9565887451172,160.73009452838187,159.87748385696185,159.90385215301362,2549200.0
2022-12-30,158.79635620117188,159.93903163283878,157.59214579901908,159.42922218141337,3136200.0
2023-01-03,157.6976318359375,158.87546052352928,155.20133459628323,158.73482065905858,5137400.0
2023-01-04,157.3108673095703,158.6908573179367,156.0627187818217,157.6976202022553,4771300.0
2023-01-05,155.66717529296875,157.13506851004857,155.45621551946198,156.42309771617525,3647100.0
2023-01-06,159.18309020996094,159.82474107596542,157.16143598062936,157.1702209415882,3713200.0
2023-01-09,157.62730407714844,160.6509939523569,157.1702312463912,158.60297129371682,3319200.0
2023-01-10,156.326416015625,157.80309425529018,155.65838341107238,157.15264498563494,3817300.0
2023-01-11,156.50221252441406,157.961320873001,154.4190231888973,157.68004115715794,4369900.0
2023-01-12,154.50694274902344,156.78349536409706,154.10261988004885,156.1594277235017,4246600.0
2023-01-13,154.03225708007812,154.4629481288234,153.09174328142922,154.17288350154342,4720400.0
2023-01-17,154.75303649902344,156.06272000274282,154.25202545660173,154.83214138801296,5032600.0
2023-01-18,150.85037231445312,154.471774929755,150.59547430474305,154.0322854279302,5032600.0
2023-01-19,149.1011962890625,151.33379681153625,148.9693414057178,150.5515061207779,4720400.0
2023-01-20,149.32095336914062,149.3297383305622,147.19382584764236,148.50349594366728,5779100.0
2023-01-23,148.65292358398438,150.0944486016398,148.30133735027528,149.43521435431893,5440400.0
2023-01-24,150.03292846679688,150.19113824981744,148.06401066778002,149.08362953220777,4125600.0
2023-01-25,151.12286376953125,151.1668154050851,148.84631121669813,149.7252902791501,3852800.0
2023-01-26,149.61981201171875,150.8943289266392,149.4615888115197,150.86796062863195,4558400.0
2023-01-27,149.09242248535156,149.6286002434751,148.1782901727612,149.2242773904248,5451400.0
2023-01-30,148.96934509277344,150.70973302849174,148.67049547590815,149.23304145383568,5191500.0
2023-01-31,150.32301330566406,150.36696494422642,148.82875147964359,149.60224398728133,4665500.0
2023-02-01,150.79763793945312,151.46567057583752,148.99572827302188,150.19993864600963,4147700.0
2023-02-02,149.4000701904297,149.91866461097393,148.11675487617595,148.95179570333895,5653800.0
2023-02-03,148.65292358398438,150.56030639677414,146.83344403569942,150.27025513064945,5308200.0
2023-02-06,151.02618408203125,151.5184101951991,149.06605117916953,149.19790608158243,5640000.0
2023-02-07,150.79763793945312,151.21075915022072,148.77598351887553,149.6813308329861,6044700.0
2023-02-08,150.446044921875,150.59546973850607,149.6373858724955,150.30540506663817,5687300.0
2023-02-09,151.8699951171875,155.13101320666823,151.21954580923796,154.1026093551795,9619400.0
2023-02-10,154.8760986328125,155.21889990968012,151.75572046985297,152.1688416768672,6176000.0
2023-02-13,156.256103515625,156.66042635240024,154.73546016035715,154.9288366169559,5205100.0
2023-02-14,154.49810791015625,155.7989927827848,153.63669902673743,155.6671513272371,5203000.0
2023-02-15,154.70907592773438,154.74424259557856,153.4609274623467,153.82131204090234,4125500.0
2023-02-16,154.2696075439453,155.49138788146928,153.4169967963039,153.59280333523867,4973200.0
2023-02-17,154.94644165039062,155.0694981934441,153.67192458044588,153.9619893059628,3952100.0
2023-02-21,154.85850524902344,155.93965901620052,153.53125186053472,154.33112592537663,5797300.0
2023-02-22,154.80575561523438,155.9572157988284,154.49812105539772,155.3331483066019,5299500.0
2023-02-23,154.9727783203125,155.5704909875434,153.8125330672183,155.2804263212312,3801400.0
2023-02-24,154.6651611328125,154.99037909277322,153.19725430149194,154.22567160328458,2959100.0
2023-02-27,154.62120056152344,155.79902921367145,154.39265743559707,155.55291616433172,3208500.0
2023-02-28,152.52923583984375,153.8740727342349,152.23917113938504,153.71586294061527,4317100.0
2023-03-01,150.59544372558594,151.5886940899152,148.65289462061637,151.4656375908777,5359100.0
2023-03-02,153.37408447265625,153.76343727938317,150.24146534815367,150.88745208741577,4476300.0
2023-03-03,153.2236785888672,153.4891569186308,151.6131334598018,153.09094617537977,3627100.0
2023-03-06,153.5333709716797,153.6749611826968,152.40067628911436,152.40067628911436,3611400.0
2023-03-07,152.77236938476562,154.20593341001737,152.0909781802004,153.68383459869585,4094900.0
2023-03-08,153.18829345703125,153.4095231562354,152.0113498369305,152.80777135294971,2920200.0
2023-03-09,152.029052734375,154.2944427048168,151.49809605258238,153.6395979309778,4042100.0
2023-03-10,152.23257446289062,154.18825087990845,151.28571840330184,152.6750338465537,4129900.0
2023-03-13,153.71922302246094,156.83412691582453,152.745807116543,152.87853951153778,8265100.0
2023-03-14,153.55995178222656,153.80772795551286,151.82551856922245,152.63964221041869,6480800.0
2023-03-15,156.30319213867188,156.32973861908147,153.25906969235618,153.5599388055231,7099800.0
2023-03-16,156.197021484375,156.63063658224553,155.14397939432956,156.28551877056574,4734400.0
2023-03-17,154.97581481933594,156.35628581812918,154.1793798950253,156.19699343215197,8854600.0
2023-03-20,157.1527099609375,157.23234940391131,155.31207742974456,156.18815181082022,4367000.0
2023-03-21,157.5243682861328,157.66595851463134,155.99346276100604,157.21465485192806,3812000.0
2023-03-22,156.197021484375,158.72788993762344,156.11738202847738,157.3739651762035,4380800.0
2023-03-23,155.43597412109375,156.82530304962768,154.87848448659952,155.79879405179494,4655600.0
2023-03-24,158.48007202148438,158.70130167593487,156.09079445397637,156.2146825203572,3713800.0
2023-03-27,158.8340606689453,159.86055608813047,158.6747682831555,158.9137001104464,4078600.0
2023-03-28,158.7809600830078,159.6924387908166,158.69247631232693,158.69247631232693,2850000.0
2023-03-29,159.8782501220703,160.09063545807322,159.27651192424253,159.86054796837334,4496000.0
2023-03-30,160.01986694335938,160.46232633981742,159.35617784867227,160.1703015178204,2743000.0
2023-03-31,161.32069396972656,161.48883069594976,160.45347735860514,161.19680588242352,4479800.0
2023-04-03,161.49765014648438,161.72772412952546,159.63931562039645,160.9666935668059,3902300.0
2023-04-04,160.92247009277344,162.25869246126894,160.25878107149907,161.214481379681,3306400.0
2023-04-05,162.5064697265625,163.6745688933287,161.99321525960048,162.1613519732521,3826300.0
2023-04-06,163.14361572265625,163.47988915707288,162.02862299671048,162.2056040401131,3389700.0
2023-04-10,162.1171417236328,162.7365822605033,160.78091902961285,162.67464495821173,2408100.0
2023-04-11,161.8693389892578,162.71886694549258,161.7277487460872,162.31179837207432,3586700.0
2023-04-12,161.55075073242188,162.63035259337065,161.27642810432278,161.66579448076823,3620900.0
2023-04-13,163.1613311767578,163.3648587181205,161.15256173829806,161.60386546117775,4303600.0
2023-04-14,162.39144897460938,162.842766217867,161.86935010769344,162.24101439445343,2572900.0
2023-04-17,163.22323608398438,163.4887143694447,162.36486394590835,162.99316210473825,3224400.0
2023-04-18,163.55955505371094,163.90467287013786,162.59499673379855,163.50646208238223,2438600.0
2023-04-19,163.46218872070312,163.9931453592821,163.0551201640875,163.922350240619,2209900.0
2023-04-20,164.00198364257812,164.63026835553163,163.00202119464169,163.56836862028982,3868200.0
2023-04-21,164.07278442382812,164.93115666929396,163.82500826047595,164.58603890585428,3781800.0
2023-04-24,164.1524200439453,165.0992895411704,163.72766284563644,165.03733875038168,3540200.0
2023-04-25,167.8779296875,168.2938290469224,164.80726077005403,165.09042772782968,6231600.0
2023-04-26,166.84255981445312,167.62129256360961,166.24966592690436,166.78946685479016,4481700.0
2023-04-27,167.8602294921875,168.09030349198972,165.93109971475076,166.5239936203389,4574500.0
2023-04-28,168.92213439941406,169.56812128606413,167.81598599627924,168.04606000312754,4608900.0
2023-05-01,169.6212158203125,170.19642109694408,168.38233499843994,168.5327695623253,3137800.0
2023-05-02,170.12559509277344,170.3468247352868,167.91329866763985,169.33801810553732,3712200.0
2023-05-03,170.06369018554688,171.0105597922556,169.70972806315993,170.41766581072326,3389600.0
2023-05-04,171.1255645751953,171.62996115983262,170.04596279422645,170.8600862924874,4267600.0
2023-05-05,171.9131622314453,172.09898759969636,170.2495107293762,170.6300327975845,4146500.0
2023-05-08,171.09906005859375,171.67425189320252,170.47960607942778,171.1432951975716,2249900.0
2023-05-09,171.7981414794922,172.26714738016108,170.53271403125453,171.55036528679125,3087600.0
2023-05-10,171.9131622314453,173.07240358554276,170.49728688890292,171.77157199663347,4352900.0
2023-05-11,172.86000061035156,173.01929298397212,170.78929427279067,171.92198903023186,3690200.0
2023-05-12,173.5502471923828,173.63874446149356,172.51489395716698,172.86001170223892,2741000.0
2023-05-15,171.9131622314453,174.22280061350997,171.67423039804885,173.94847797280454,2946400.0
2023-05-16,171.16983032226562,172.09899772656007,170.38225316111468,172.09899772656007,5803100.0
2023-05-17,169.95748901367188,171.31141358947505,168.87788708354555,171.06363742545804,4878800.0
2023-05-18,169.5150146484375,169.64776054777798,168.4973636007623,169.30264281395196,3709400.0
2023-05-19,169.76280212402344,170.66542298920766,169.10797092026002,170.31146090624298,3883000.0
2023-05-22,165.16123962402344,169.36460380522598,164.95771208655663,169.18762275078575,5787000.0
2023-05-23,164.65682983398438,165.15238214807738,163.34714042926677,165.02849406955414,6382300.0
2023-05-24,163.61264038085938,165.24974560188866,163.15247881285936,164.83383267552534,3721000.0
2023-05-25,162.6480712890625,163.01973554907156,161.01096617690928,161.6746552489516,4712700.0
2023-05-26,162.45335388183594,163.0462477077115,161.40914294019677,162.56839761766366,4449300.0
2023-05-30,160.71009826660156,162.0197742646611,159.9048189456993,161.10830901231284,4331800.0
2023-05-31,161.36495971679688,163.3737158094114,160.57738247055832,161.81626347493687,20414600.0
2023-06-01,162.349609375,162.7951596444974,161.11098016968185,162.55455869177658,5277400.0
2023-06-02,164.01596069335938,164.22091000721383,161.91296290743088,162.1981216024588,4288300.0
2023-06-05,164.13180541992188,165.89618062583511,163.61496549149985,163.8288345092618,4311700.0
2023-06-06,161.78819274902344,164.9605081210257,160.78124490673343,164.8357546040519,3975600.0
2023-06-07,160.49609375,161.94859175454332,160.13073932232382,161.03075942938526,5162700.0
2023-06-08,162.26942443847656,162.4476418387674,159.80107197324466,160.13077484363848,4036100.0
2023-06-09,162.49220275878906,162.91992724725634,161.28921148839922,161.92189890846058,3200100.0
2023-06-12,162.0911865234375,162.83080162033983,161.0129624595684,162.61694618796406,4207100.0
2023-06-13,161.7703399658203,162.34956331008775,161.3604414485714,162.29609946845625,2838700.0
2023-06-14,163.22286987304688,163.65059428730092,161.68126988211066,162.18028396492602,3559300.0
2023-06-15,165.48629760742188,165.8961962670521,163.5347851273328,164.19419086598558,4326100.0
2023-06-16,165.7803192138672,167.16152760978272,165.47734832878248,165.86943469635733,8925700.0
2023-06-20,165.1298065185547,167.4110212781895,165.06743656348206,166.22585616068451,4154800.0
2023-06-21,165.23675537109375,166.52886194393523,164.1317994787737,165.49518212450775,3832400.0
2023-06-22,166.9476776123047,167.15262691213115,165.6288391337425,166.3951860777828,3185800.0
2023-06-23,165.80706787109375,167.52688521933717,165.700126570661,167.52688521933717,7592600.0
2023-06-26,164.75558471679688,166.1278736191406,164.06943346706714,165.88728625388848,3706100.0
2023-06-27,165.94073486328125,166.28826351160185,163.92685264443804,164.55952637996594,5763000.0
2023-06-28,163.69517517089844,166.40412857073014,163.41003005345695,165.96748438798258,5193900.0
2023-06-29,163.8555908203125,163.8644969317932,161.63674532110642,163.29419306334205,5770400.0
2023-06-30,165.04962158203125,165.31695442859075,163.85555027746076,163.99811601146087,7635100.0
2023-07-03,165.38824462890625,165.42388266324318,163.49019636902162,164.2298113548118,2389000.0
2023-07-05,166.26150512695312,166.359526709451,164.82683301790928,164.85356494067122,5277100.0
2023-07-06,166.2793731689453,166.41303281669877,164.75558519897714,165.57539609846845,5592100.0
2023-07-07,163.1426544189453,165.6377381292156,163.09809668182913,165.58427428352113,6309900.0
2023-07-10,164.2298126220703,165.66448486396496,163.76643658943425,164.02486332954638,5508800.0
2023-07-11,163.94467163085938,164.61299702806852,162.55455698020276,164.30112000097324,3914300.0
2023-07-12,163.22286987304688,164.50605671292297,163.05355860985296,163.94465907119869,6080100.0
2023-07-13,167.10804748535156,167.5803295829063,163.3030451850805,165.56644768761848,8223100.0
2023-07-14,167.71401977539062,168.08828032849294,166.7159780366708,167.40212918258186,4467600.0
2023-07-17,165.4149932861328,166.64470275328966,165.22785619487263,166.04766703868214,5637400.0
2023-07-18,164.36346435546875,166.47538152759657,163.80208035532942,165.24565863727756,5684100.0
2023-07-19,165.9763641357422,166.27934862111331,164.33674257881705,164.85358246902223,4140800.0
2023-07-20,168.68531799316406,169.30017947952575,166.4664729765358,167.0813344628975,5056500.0
2023-07-21,169.45167541503906,170.61901490188382,168.68532843630757,169.40711767033434,15022100.0
2023-07-24,170.12889099121094,170.58334731161602,169.43383374959683,169.8348262202029,4225800.0
2023-07-25,170.52099609375,171.10020599304897,169.36256269803718,169.67445331896116,3521600.0
2023-07-26,170.73483276367188,171.42988994998097,169.36253060816043,170.30709480508756,3898900.0
2023-07-27,167.99917602539062,171.34970900740112,167.88332860941867,171.09129584536507,4141800.0
2023-07-28,169.58529663085938,170.52986077729503,169.12192066571885,169.4338112108755,5602300.0
2023-07-31,167.04568481445312,168.9437193959613,166.5021130335722,168.8189658854532,5687700.0
2023-08-01,166.47540283203125,168.0615606427935,166.10112865455733,167.07243853858876,2853900.0
2023-08-02,167.80311584472656,169.28234578698672,166.10111080021443,166.27042205346405,4285900.0
2023-08-03,166.7427215576172,168.61403805037634,166.6090619211835,167.67837980399676,2857400.0
2023-08-04,164.49716186523438,167.53580431265124,164.2743867346461,166.74272539164153,4651100.0
2023-08-07,166.53778076171875,166.82293946350555,164.94271676458416,165.10310833650274,3323400.0
2023-08-08,164.3545684814453,167.06350785530796,163.9892140351765,166.81400081812774,5017900.0
2023-08-09,163.94467163085938,164.853597978256,162.74169407415192,163.85556973616715,4413100.0
2023-08-10,163.7397003173828,165.3793218082742,163.54365713943784,164.15851859780042,3727200.0
2023-08-11,163.99815368652344,164.21202273232555,163.32092210382493,163.9625156441147,2873800.0
2023-08-14,163.6238555908203,164.72882501212877,163.1872250849807,164.31000672485698,3385600.0
2023-08-15,161.60108947753906,163.48131217373492,161.40504626962365,163.20505958286117,3331800.0
2023-08-16,161.476318359375,163.02682443861042,161.244623540463,161.8238469906292,2633700.0
2023-08-17,159.01687622070312,161.65453959577167,158.90104240559074,161.47632222111756,4503000.0
2023-08-18,158.77626037597656,159.99707715179525,157.96536935788336,159.02578099359698,6020300.0
2023-08-21,157.7693634033203,158.5802682098213,157.03865438723386,158.37530528260717,4284100.0
2023-08-22,156.5663299560547,157.56437160161605,156.21880136081887,156.9940543200882,3489300.0
2023-08-23,158.72280883789062,158.86538817412765,157.16338304022224,157.94755579241195,4042700.0
2023-08-24,157.88519287109375,160.79018943890154,157.81391679077262,158.62480797774538,5709800.0
2023-08-25,159.8812713623047,160.13969815609153,158.47333075322092,158.66937397708804,4710700.0
2023-08-28,160.62086486816406,161.44958180522394,159.8099601511532,161.12879867896686,3189800.0
2023-08-29,161.226806640625,161.48523339953186,159.52481502257538,160.6654225726997,4368600.0
2023-08-30,161.36045837402344,162.411950295366,161.0396616934742,161.69908086935675,3153400.0
2023-08-31,159.65994262695312,161.19445013952904,159.60610266033095,160.9342053771635,5566700.0
2023-09-01,157.3267822265625,160.45859212068916,156.71656402119456,160.3868009381301,4801400.0
2023-09-05,156.2858428955078,157.82931920985388,155.82817578233823,157.28192338101292,5081800.0
2023-09-06,156.79733276367188,157.03065754327113,155.6756211471947,156.9678351202194,5933800.0
2023-09-07,158.2959747314453,158.88824188923917,157.22811652561762,157.80243245938902,4934300.0
2023-09-08,158.17930603027344,158.96898178149604,157.5870389472788,157.76651008652166,2995000.0
2023-09-11,160.5662841796875,161.01496883500582,158.68181684301194,158.68181684301194,4512700.0
2023-09-12,159.97402954101562,160.55731411108133,159.5522648730227,160.39579420900859,3331100.0
2023-09-13,161.23931884765625,161.65211477504218,159.92019849549592,160.0278784362185,3781400.0
2023-09-14,162.6302490234375,163.04304496336096,160.92525267728735,161.47264854720208,4118300.0
2023-09-15,161.3828887939453,163.15968983556132,161.17649769254214,162.79176514275278,11661200.0
2023-09-18,160.97012329101562,162.42385730063882,160.1176114283156,162.42385730063882,3182600.0
2023-09-19,160.0189208984375,160.7457879348485,159.10360025977113,160.50349435845462,3369300.0
2023-09-20,160.07275390625,161.0060120338336,159.33690444432614,160.7098784961889,3695800.0
2023-09-21,157.38063049316406,160.02786716063642,157.15628817061946,159.82147605787065,5351000.0
2023-09-22,157.2819366455078,158.28698597951094,156.47429597973797,156.98580310400257,4542300.0
2023-09-25,156.43838500976562,157.4344654378008,155.40640214331805,156.7524560356484,3553600.0
2023-09-26,154.8141632080078,155.89100368327746,154.02447380285096,155.24489665956176,5213700.0
2023-09-27,152.16693115234375,154.96671921442112,151.6823440229719,154.62571447099427,5729900.0
2023-09-28,152.1041259765625,152.714330646888,150.91959169731203,152.489988278191,4841600.0
2023-09-29,152.05027770996094,153.3065894290682,150.7939522980829,153.01045587539917,5194200.0
2023-10-02,151.8079833984375,152.09514818585959,150.14785818425477,151.72722343676406,3838800.0
2023-10-03,150.48886108398438,152.55281365433265,149.8876251674205,151.5298129810674,4873400.0
2023-10-04,151.5746612548828,151.77208360868516,149.9145224686639,151.16186532617706,4134000.0
2023-10-05,143.66883850097656,151.48491787636033,143.46243369155476,151.44902912715676,10556400.0
2023-10-06,143.83932495117188,144.40467201496472,139.8370653775424,142.48430218218627,12774700.0
2023-10-09,144.7995147705078,144.85335473914273,142.35866911208424,143.579091941296,7244500.0
2023-10-10,147.52752685546875,148.22747390615058,145.40076571630252,147.3929269198648,11456400.0
2023-10-11,145.93019104003906,148.46077903606624,145.01488421373756,148.07490311720792,7371500.0
2023-10-12,141.85614013671875,145.95711070445776,141.27284187790949,145.91225319381527,9024100.0
2023-10-13,143.57907104492188,143.79444458088548,141.73946145860538,142.3406971754739,6757100.0
2023-10-16,144.54824829101562,145.32895519927038,143.39961668399556,144.47645710398078,5605000.0
2023-10-17,143.91110229492188,145.04179631371858,142.82529316996377,143.57908005398284,6411300.0
2023-10-18,145.40074157714844,146.63013309413208,144.3597899387259,144.4944035447522,6650600.0
2023-10-19,144.08163452148438,146.01995579042645,143.94703458312907,145.28410628002825,6336800.0
2023-10-20,143.57907104492188,145.58020051363565,143.31884000347054,144.80846245905852,5486500.0
2023-10-23,143.65089416503906,145.01489947723374,142.73557354962696,143.22016069010348,5795800.0
2023-10-24,145.5443572998047,146.13662443940183,143.29195115481988,143.94704073017954,5265200.0
2023-10-25,145.68789672851562,146.71986584296465,144.89820744198718,145.4186832269475,4534600.0
2023-10-26,144.8444061279297,146.59427381587471,144.7456949407753,145.9840554699827,5147000.0
2023-10-27,143.23809814453125,145.49947284911255,142.58302232154577,145.39179290362733,5078000.0
2023-10-30,145.6251220703125,145.89433566017155,144.24317905843492,144.74570379002677,4625900.0
2023-10-31,146.52249145507812,146.58531389286182,145.06875724090645,146.22635787575203,5947400.0
2023-11-01,147.94927978515625,148.451804428385,146.05582991621034,146.87243930784183,6682500.0
2023-11-02,149.70814514160156,150.0042786995845,147.76982386722472,147.83264630048063,5413400.0
2023-11-03,149.6722412109375,151.4849312935867,149.5825124835964,151.3682688859953,4063300.0
2023-11-06,149.59144592285156,150.30934403590493,148.25437455121687,148.47871685574808,5784600.0
2023-11-07,150.022216796875,150.4978351986614,149.07100737884429,149.68122571987237,4687200.0
2023-11-08,150.2106475830078,151.0631456851505,149.55557182360582,150.91059454626338,4926600.0
2023-11-09,149.10691833496094,150.63244373544595,148.7928335351088,150.38118137267296,5639300.0
2023-11-10,149.78887939453125,150.56061752726708,147.9403008584536,150.13885286793652,5552900.0
2023-11-13,150.55165100097656,151.45798906280987,149.3760994111152,149.86067280735062,5402300.0
2023-11-14,150.85679626464844,151.15292986058938,149.76200431339018,150.7132138497487,6238900.0
2023-11-15,150.08502197265625,151.46696473012702,149.20560385426575,151.3862047758683,5611200.0
2023-11-16,150.49781799316406,152.55278775635762,149.32225265617402,151.10802257166014,5386400.0
2023-11-17,149.64527893066406,150.9823639329283,148.75689220937758,150.8028928361974,5583100.0
2023-11-20,149.429931640625,149.65427395357037,148.71203350064619,148.96329579572355,4886200.0
2023-11-21,150.57859802246094,150.6324379991803,148.89153905714036,149.95941090464558,3980000.0
2023-11-22,151.8528289794922,152.1669137011299,151.02725089414463,151.07212209620266,3235600.0
2023-11-24,151.9874267578125,152.57072499083586,151.6105333128028,151.6105333128028,1751700.0
2023-11-27,151.04519653320312,152.28355676908942,150.8387917499155,152.28355676908942,3664700.0
2023-11-28,151.52978515625,152.33741207371583,150.77599820757933,151.0990517131195,4056100.0
2023-11-29,150.0042724609375,151.76310882015977,149.5466053027386,151.7451712909221,4722400.0
2023-11-30,152.1698455810547,152.23314704959654,149.03224234225058,150.19866986012252,7346700.0
2023-12-01,152.53152465820312,152.67620188968823,151.34700914442672,152.24217019523292,4897400.0
2023-12-04,152.93841552734375,153.6436997761873,152.07941689577072,152.26929368736242,5323300.0
2023-12-05,151.8533935546875,153.32726380220134,151.6454286194597,152.94748255048762,4553800.0
2023-12-06,151.4645538330078,152.196977174941,150.75926954567728,151.88953459552502,4726600.0
2023-12-07,151.4193572998047,152.17889211718298,150.7321473055453,151.9076257403533,4934800.0
2023-12-08,149.80984497070312,151.1119125228587,149.43912851816563,151.03957390360773,5115200.0
2023-12-11,151.74485778808594,152.02516128820784,150.51512897028886,151.4012528281019,6912600.0
2023-12-12,152.3325958251953,153.06500533322998,151.64539967632402,153.06500533322998,4515800.0
2023-12-13,155.5335235595703,155.56969977120283,152.01613892473412,152.39590636378279,6082100.0
2023-12-14,152.13368225097656,155.49735228772957,151.8533787141107,155.20799779988008,7119300.0
2023-12-15,151.00343322753906,152.3687886448262,150.50611377184413,151.41032594685933,17734600.0
2023-12-18,152.73046875,153.94210964972268,151.3741506033064,151.96188294800095,5439500.0
2023-12-19,151.86241149902344,152.65812252053664,151.28371633715412,151.85337434548114,4855900.0
2023-12-20,149.8188934326172,151.42838974196738,149.8008053288097,150.56034012255643,5157800.0
2023-12-21,150.9762725830078,151.09382455330862,149.54761602564423,150.55129185657523,4374000.0
2023-12-22,151.61830139160156,152.06137035505114,150.87685453123922,151.3289606500794,3030400.0
2023-12-26,152.6852264404297,153.1915829116539,151.22944468707058,151.591123938751,2779200.0
2023-12-27,153.1735076904297,153.2548972565041,152.23313327867615,152.72140168922158,3502500.0
2023-12-28,153.16445922851562,153.30008549999204,152.5405507853658,153.17349638088766,2911100.0
2023-12-29,153.57139587402344,153.7793746128271,152.9655753590885,153.11928977656305,3291500.0
2024-01-02,156.3473358154297,156.41967444755534,152.98366530609565,153.28205698967017,5743100.0
2024-01-03,156.3834991455078,158.41797662042035,156.15744609273975,158.2371369376426,5588200.0
2024-01-04,155.0452423095703,156.90791693694254,154.24049413180714,155.17183144549324,6283200.0
2024-01-05,152.75758361816406,155.1356656887012,151.5097665929878,155.1356656887012,5252500.0
2024-01-08,152.91131591796875,153.4719230310294,151.71774926762785,152.757601509458,5735600.0
2024-01-09,151.1571502685547,151.80818414965444,150.03592218506444,151.71775741170828,6268800.0
2024-01-10,150.93106079101562,151.87144896881745,150.28002706705428,150.63266918443503,4394900.0
2024-01-11,150.2167205810547,151.12996959184474,149.03220525307435,151.12996959184474,4800700.0
2024-01-12,151.24755859375,151.3470224745089,149.7104008160791,150.40663418420996,3546100.0
2024-01-16,150.25291442871094,151.47360621293748,149.3667904844793,151.24755320083486,4576600.0
2024-01-17,150.49705505371094,150.75927047613442,149.59284300825215,150.09016239269064,4392300.0
2024-01-18,151.1571502685547,151.25661416142225,149.1859743154127,149.6199923037515,4709400.0
2024-01-19,149.90028381347656,151.22043957647446,149.71040699512452,151.13001284580454,6528600.0
2024-01-22,149.29446411132812,150.74120902633143,149.21308833161947,150.06304993439528,5697400.0
2024-01-23,151.5821075439453,151.84432296774423,148.61629312305783,148.797132773662,4932700.0
2024-01-24,149.73751831054688,151.6725315109192,149.6651796921839,151.58210478867034,4984700.0
2024-01-25,150.60556030273438,150.64173651198735,149.14074116315743,149.92740124964413,5373800.0
2024-01-26,151.7810516357422,151.93476604515988,150.64174929684404,150.64174929684404,4849000.0
2024-01-29,152.0432586669922,152.54057808002486,151.35606243991717,151.48265158167263,5713600.0
2024-01-30,153.37245178222656,153.44479040579185,151.29277499274724,151.6092409490159,4804200.0
2024-01-31,152.38687133789062,154.0596693211146,151.79913896388348,153.67990187676165,5769200.0
2024-02-01,155.25320434570312,155.3436310684806,151.15712491257437,152.38685383757164,4920800.0
2024-02-02,154.5931396484375,155.4883145701471,153.8064795578687,154.83728077202764,5307700.0
2024-02-05,154.5479278564453,155.14471114365227,152.8570556732071,154.2133738002148,5142700.0
2024-02-06,155.00003051757812,155.37076077552993,153.6618005246671,155.02715577575205,5182700.0
2024-02-07,155.0452423095703,156.3382589266988,154.96386653587294,156.09413160560666,5769700.0
2024-02-08,157.19728088378906,157.42333391134864,154.9910011272587,155.27130467388344,9269700.0
2024-02-09,151.60923767089844,154.97290770945438,150.9762919748651,154.80110520684931,12731700.0
2024-02-12,154.26763916015625,154.68358282988393,151.1842723434447,151.7810556880694,7867500.0
2024-02-13,152.7033233642578,155.02714097477488,151.22041627121,154.81917608290289,7302000.0
2024-02-14,151.4735870361328,152.48629998704357,150.15343154182773,152.215033647427,5731900.0
2024-02-15,151.7810516357422,152.2421948639952,150.71407412712566,151.8624274176958,4451400.0
2024-02-16,150.38856506347656,151.3741529540559,149.8098560666059,151.19331329112475,5246000.0
2024-02-20,152.495361328125,153.2820352175127,151.17521942159894,151.67253882358398,6117900.0
2024-02-21,152.65814208984375,153.87882023921964,151.78105518247287,153.67085530363994,4192600.0
2024-02-22,152.13368225097656,152.65812691231778,150.18963180052015,151.58211233104714,7539200.0
2024-02-23,153.3543701171875,153.94210243433457,151.72678565800504,151.85337479387584,6409800.0
2024-02-26,152.1427001953125,153.19158938556265,151.64539465253046,153.19158938556265,3837000.0
2024-02-27,152.0523223876953,152.10657291054915,151.31991273480295,151.7448935600684,3567600.0
2024-02-28,151.030517578125,152.35971021912255,150.5060730030149,152.01610527059339,5275300.0
2024-02-29,150.64329528808594,151.86418236008808,150.25152369582673,151.43597239510666,8489400.0
2024-03-01,149.9599609375,150.33352029421772,148.7390738668548,150.20596513612747,6109900.0
2024-03-04,150.67062377929688,150.92573408938793,149.05796515532182,149.83240220293067,4303700.0
2024-03-05,147.6366424560547,150.78909737629613,147.42709050345033,150.53398702465478,6631300.0
2024-03-06,148.5113067626953,149.41331295589802,147.6366328266378,147.6548589655581,5302500.0
2024-03-07,148.6115264892578,149.33129908277843,148.05574743509496,149.2584223335996,5801600.0
2024-03-08,148.55686950683594,149.60464313465647,147.6821955451778,147.89176139271868,6065300.0
2024-03-11,150.0875244140625,150.7161941218042,148.79374662387784,149.3495256797467,5404800.0
2024-03-12,149.9144287109375,150.71621207457395,149.38599575123746,150.46110171386636,6158500.0
2024-03-13,150.60687255859375,151.37220358747925,150.09665187267007,150.42465287111685,4585800.0
2024-03-14,150.13308715820312,151.4815295007352,149.60464034367024,151.4815295007352,5155300.0
2024-03-15,150.02374267578125,150.6797445915997,149.0944043112936,150.38818200569403,21887300.0
2024-03-18,156.03709411621094,156.87531579949336,152.1102021609266,152.20131895578228,10478500.0
2024-03-19,156.52911376953125,157.3035509713582,155.80022106592142,155.89133786729965,7653700.0
2024-03-20,156.58377075195312,157.71355508328793,155.9095426006365,156.98466241476453,5046700.0
2024-03-21,157.121337890625,158.00511807183403,155.84578603242255,156.6384494084146,4343000.0
2024-03-22,156.7295684814453,157.71357160164214,156.49267034544235,157.64068093690835,4106400.0
2024-03-25,157.25799560546875,157.70443175494287,156.8115455535236,156.89354232761423,3941900.0
2024-03-26,157.37643432617188,157.59510629784515,156.54733264299568,156.86621362807227,4593000.0
2024-03-27,158.14175415039062,159.16219538446316,157.6679719049416,158.53352573044737,4911300.0
2024-03-28,159.45376586914062,160.1826585227805,158.87065452672294,159.2259877837826,5710400.0
2024-04-01,157.60423278808594,160.56534834602633,157.3035640015983,159.96402467552417,4815400.0
2024-04-02,156.20111083984375,158.41510728107363,156.12822018012602,157.56777942898967,5158500.0
2024-04-03,154.59754943847656,155.72733384918024,153.7046631556064,154.8891120873571,5828000.0
2024-04-04,154.57020568847656,156.51087945622618,154.27865696373965,155.72732227369326,5422600.0
2024-04-05,154.10552978515625,154.8617546424277,153.13064687925595,154.34241397199418,4412200.0
2024-04-08,154.50643920898438,154.93466314017093,153.74110814568266,154.1146536559434,3755700.0
2024-04-09,155.4448699951172,155.54509290417474,153.7319744230317,155.09864287246916,3773900.0
2024-04-10,153.93240356445312,154.5519670903606,152.857297840556,154.49730258270057,4581500.0
2024-04-11,153.39488220214844,154.77065690315987,152.85732922981336,154.54287880615635,4241500.0
2024-04-12,153.15798950195312,153.5315349944678,152.44732299086732,152.7844301069675,5453500.0
2024-04-15,152.11019897460938,154.29687688310136,151.2719773088855,154.16932171445796,5133200.0
2024-04-16,152.61129760742188,153.5315159493001,152.05551859436474,152.18307374969902,4569700.0
2024-04-17,154.41529846191406,154.61574426680698,153.25819592749602,154.0599652445983,4069200.0
2024-04-18,156.95733642578125,157.33088194243913,154.9802241938236,154.9802241938236,5574700.0
2024-04-19,158.65200805664062,158.779563237664,156.52911447766638,156.96644454082195,6636700.0
2024-04-22,160.77490234375,161.44911663106942,158.5608919532337,158.90711911859583,7288700.0
2024-04-23,156.00067138671875,159.3353462173242,155.01666829395947,159.1713387506281,9145000.0
2024-04-24,161.6404571533203,162.2600069233746,152.74799107039763,153.52244218543765,10016700.0
2024-04-25,160.97532653808594,164.5742315144016,160.19178324781774,162.43311188817364,7441500.0
2024-04-26,159.97311401367188,162.69734504608573,158.8433296528858,158.9344464522532,4472100.0
2024-04-29,160.4833221435547,160.64732958906475,159.4628808024985,159.90021081974106,3224500.0
2024-04-30,160.27377319335938,160.7839938734026,159.29887632776396,160.60177418802587,4465100.0
2024-05-01,159.58132934570312,160.56533239395534,158.22378078390182,159.8637858643222,4340500.0
2024-05-02,159.85467529296875,160.64735257180777,159.03467965551883,159.97312435931227,3964800.0
2024-05-03,160.492431640625,160.8022203992281,159.44465802033685,160.17355066606686,3491900.0
2024-05-06,160.19174194335938,161.04817567055292,159.56307234701353,161.04817567055292,3576200.0
2024-05-07,162.19622802734375,162.31466318178306,160.82043945083086,161.2668895170956,3708000.0
2024-05-08,161.6404571533203,162.97979351781834,161.44001130948575,162.82490607530477,3400900.0
2024-05-09,162.23268127441406,162.5697884334772,161.34890108216544,161.50378853099102,2421400.0
2024-05-10,163.80889892578125,164.1460199811415,161.82268048637306,162.13245537834953,4201600.0
2024-05-13,164.82022094726562,165.2302326326961,163.86356408785153,164.4648876817049,4408100.0
2024-05-14,163.88177490234375,165.1664466599359,162.72467222086857,164.95689471090458,3508600.0
2024-05-15,163.5082244873047,164.36465839748286,163.08910669936998,163.30777866296253,4785100.0
2024-05-16,166.8337860107422,167.10712250122717,163.50823143351084,163.66311886754232,5984700.0
2024-05-17,165.9955596923828,166.69712008790333,165.66755869340304,166.35999906792875,4449100.0
2024-05-20,164.2826690673828,165.9409002525265,163.91822968068846,165.9044479723742,3221100.0
2024-05-21,164.9842071533203,165.43976327626328,163.81798459078388,165.36687262829605,3288100.0
2024-05-22,165.90443420410156,165.94088648122872,163.98198670851752,164.41021059870474,4047000.0
2024-05-23,163.33509826660156,165.72220793205034,163.1255324376344,165.21198729233333,4009000.0
2024-05-24,162.1688995361328,163.47178358253552,162.05955659549346,163.42622518247512,3447400.0
2024-05-28,157.9686737060547,160.6108941275671,156.6202173327914,160.56533572668474,6178100.0
2024-05-29,155.9368896484375,157.78644680252737,155.5451179696521,157.10311246769203,5352100.0
2024-05-30,155.326416015625,156.4470941183599,155.2535253656729,156.11909314481042,3903100.0
2024-05-31,157.53131103515625,157.59509556931212,154.4517609162799,154.78886801833133,8155600.0
2024-06-03,156.00978088378906,157.5313370066313,155.82756117432683,157.3673434388571,5032400.0
2024-06-04,158.4333038330078,158.88885994431124,155.63619653888875,155.99152974960666,4619100.0
2024-06-05,158.0688934326172,158.50622348681142,156.67489258911476,158.38777442740542,5370700.0
2024-06-06,157.80465698242188,158.89798902707486,157.33087466549946,158.5335496463476,5536700.0
2024-06-07,157.06546020507812,158.41535746475301,156.7991603294307,157.4878828491793,3521100.0
2024-06-10,152.3453826904297,156.45016913797843,152.08826079317723,156.21141709398472,9429400.0
2024-06-11,151.5832061767578,151.94134124228654,150.1506519025506,151.39953567169303,8284500.0
2024-06-12,150.4445343017578,151.82197920763866,149.168102582792,151.40874853829325,6281100.0
2024-06-13,149.9853515625,150.19655580952195,148.34159317212362,148.83748107115542,5432600.0
2024-06-14,150.4261474609375,150.9587611125227,149.25072906160898,149.80171256658474,3603300.0
2024-06-17,152.5657958984375,152.813739902743,149.48949669701034,150.1323155238834,5412200.0
2024-06-18,152.87799072265625,153.41979628319385,151.74849000035104,152.5290475961125,3519500.0
2024-06-20,153.06166076660156,153.94323161150447,152.18928185485063,152.18928185485063,4942400.0
2024-06-21,153.61265563964844,155.25641441660716,152.8504677726919,153.54838216330447,10899100.0
2024-06-24,154.34727478027344,155.75226728044598,153.43815621635906,153.81466113786735,4476900.0
2024-06-25,153.6769256591797,155.15538359216112,153.58509040387693,154.34727818419333,4217300.0
2024-06-26,153.11676025390625,153.36469021501736,151.38118046566706,152.33620264038444,4778300.0
2024-06-27,152.67596435546875,153.585082894985,151.76685982804446,153.01574357380275,4326500.0
2024-06-28,151.45462036132812,152.6392305784527,151.16995071581346,151.79439956166706,8755900.0
2024-07-01,149.58132934570312,152.492327822657,149.29665964785718,151.55566138773344,4508000.0
2024-07-02,150.21493530273438,151.03221858454768,149.0578868175434,150.14146990512182,4650800.0
2024-07-03,149.3150177001953,150.72001023547574,148.72730849597406,149.6088652962596,2879600.0
2024-07-05,150.958740234375,151.0781232467636,149.1956128792292,149.351721581227,4208200.0
2024-07-08,148.8742218017578,150.3710495575591,148.69056530700675,149.73742274038943,5268800.0
2024-07-09,148.6721954345703,149.27827447805313,148.30488244511596,148.93850926220324,5801200.0
2024-07-10,150.22410583496094,150.38940647448274,147.53350408867144,148.61708712295984,7372300.0
2024-07-11,150.55471801757812,151.41791902481222,145.1184040707623,146.10098811451408,10258600.0
2024-07-12,152.78619384765625,154.30137764328887,151.48221434809676,151.48221434809676,6677000.0
2024-07-15,150.47206115722656,152.71270680118775,150.2792127318955,152.4463929763064,4551800.0
2024-07-16,151.2985382080078,151.55566012728468,149.53541047064058,150.0588462426573,4461700.0
2024-07-17,156.0093994140625,156.1747000783922,152.3362132353693,152.473952112233,7671000.0
2024-07-18,156.45018005371094,158.56226493886976,154.63195679282518,154.92581841709824,6228600.0
2024-07-19,155.52268981933594,156.5603693082981,154.705406526251,156.36752088539401,5332800.0
2024-07-22,153.9615936279297,155.84410424403842,153.67692395657474,155.43085961184707,5308400.0
2024-07-23,152.69436645507812,154.60442517621064,152.60253118487088,154.08098935780015,3344300.0
2024-07-24,154.42990112304688,154.88904931477103,151.47298564737613,152.69432151881324,5867000.0
2024-07-25,157.04708862304688,159.3152823484359,155.06356460202673,155.64209594451447,6270900.0
2024-07-26,158.63571166992188,158.6448895900649,156.78074891832637,156.78074891832637,5746300.0
2024-07-29,159.0581512451172,159.31527315759087,156.89097083134368,158.21330609031125,4152700.0
2024-07-30,159.0305938720703,159.27853787030023,157.5337799854971,158.58063751879772,4994600.0
2024-07-31,158.56227111816406,160.41723416042004,158.18576615192657,159.71014186003885,6245600.0
2024-08-01,160.6651611328125,161.2161306232507,158.4061455869475,158.43369336086477,5994500.0
2024-08-02,163.49351501464844,165.24746482471866,159.6366722264366,164.22815507242538,6856100.0
2024-08-05,159.8203125,166.12901881764327,159.0122211294323,164.85258727662847,7502300.0
2024-08-06,158.39698791503906,161.81305243840066,158.2776048714078,159.1224360744195,7287100.0
2024-08-07,157.75413513183594,160.1417114181592,157.3317266272671,157.5980264225743,5428900.0
2024-08-08,158.28677368164062,158.86530499874297,155.93593672821848,156.30326375974914,5112500.0
2024-08-09,158.3051300048828,158.66326507245464,156.46853704049548,158.02963825780625,3223000.0
2024-08-12,157.41439819335938,158.7459254330505,156.76241546778846,158.16740811539208,3802300.0
2024-08-13,158.28677368164062,158.33269131209366,156.31244168100233,157.59805126112585,3894700.0
2024-08-14,159.5172882080078,160.09580546400525,157.88270757734006,158.1581993246253,3555800.0
2024-08-15,158.42453002929688,160.05909682201195,157.79090314666468,159.51730520228935,4472100.0
2024-08-16,158.516357421875,158.6632882433857,157.12973457561563,158.4245361675016,4614600.0
2024-08-19,159.61830139160156,159.76521817968288,158.35104776126556,158.5530741084812,3521700.0
2024-08-20,161.48245239257812,161.64773904420753,158.40615337438325,159.35199769095559,5330100.0
2024-08-21,160.8947296142578,162.37318748170335,160.3529240513365,161.5650821095566,4020700.0
2024-08-22,161.3814239501953,161.6936413818078,160.42638779079113,161.46406726819416,5265900.0
2024-08-23,161.50079345703125,162.24461134548903,159.4805440534453,162.19870773229886,5283600.0
2024-08-26,161.59263610839844,162.39154957894755,161.37223990420546,161.91404548800162,4146700.0
2024-08-27,160.9773712158203,162.4282812948365,160.26110110254663,161.90484559016394,3520600.0
2024-08-28,159.71014404296875,161.38145059178711,159.18672226380858,161.20697199470231,3915500.0
2024-08-29,158.02963256835938,159.7468564564601,157.86434593331953,159.5631859569601,4654300.0
2024-08-30,158.7550811767578,159.379515983527,157.25825360745725,158.00207142638138,8677300.0
2024-09-03,163.0343780517578,163.35578747813435,157.83682975835274,158.29597807483657,7032100.0
2024-09-04,163.93431091308594,164.97197652993466,161.8864994318899,163.36495749995498,6188500.0
2024-09-05,164.6505584716797,165.04541922461385,163.0159918899628,164.1271227624317,5743100.0
2024-09-06,164.09075927734375,165.2381227998606,163.77616438398596,164.18329383129165,6395300.0
2024-09-09,164.87725830078125,165.43242326025543,162.72133311711994,163.82242934711084,4666200.0
2024-09-10,164.525634765625,165.71926548167298,164.36833732994225,165.30287413680668,4315800.0
2024-09-11,162.64730834960938,164.4701289106398,161.3981624825187,164.1832915636699,4036000.0
2024-09-12,164.00747680664062,164.41460622951115,160.9540202539015,162.64730083422765,4222800.0
2024-09-13,164.10926818847656,164.664447271797,163.193226936635,164.19254081533745,3290400.0
2024-09-16,163.97047424316406,166.02460288825785,163.1747251173461,165.62673538474388,4940100.0
2024-09-17,163.65589904785156,164.78475302040556,163.1284915367232,163.77619116389528,6305100.0
2024-09-18,162.11988830566406,164.7569534258874,161.39814991238921,163.64660947427814,5307900.0
2024-09-19,161.61099243164062,163.05444112252124,161.13908596968992,162.61955412991094,5504000.0
2024-09-20,158.39097595214844,160.78748536959228,157.5027063530047,159.67714131126723,12198400.0
2024-09-23,159.25149536132812,160.94477597881655,157.97459198317193,158.10413188249282,5350300.0
2024-09-24,157.22511291503906,158.7796058532296,156.83649321018902,158.21517897073042,7837900.0
2024-09-25,156.7439727783203,158.01162848561216,156.15178830061308,157.6692619071623,4505100.0
2024-09-26,157.01231384277344,158.22444033722743,156.07776279071993,156.57742682462393,5673600.0
2024-09-27,157.29913330078125,158.82585453530226,157.00303403754884,157.26212795227218,7545800.0
2024-09-30,157.3454132080078,158.909154035373,156.91052620446396,157.8358152981673,5054300.0
2024-10-01,158.57606506347656,159.09422474813564,157.08634891068544,158.49277830653367,7095900.0
2024-10-02,156.88278198242188,158.90916752870362,155.92973526448543,158.68709304459318,5786000.0
2024-10-03,155.93896484375,156.4756341951845,154.6805711518185,155.57810267350152,5090300.0
2024-10-04,155.42080688476562,155.9112089644681,154.35673009721287,154.6620630670881,4390100.0
2024-10-07,154.7175750732422,155.38377014316248,154.0236083449022,155.18946736574927,5459500.0
2024-10-08,157.687744140625,157.90055664988031,154.38446986855593,155.18946675223535,8297800.0
2024-10-09,159.64935302734375,160.3340719494339,156.46637082323278,156.72545060590704,7177500.0
2024-10-10,160.0657501220703,160.13051301067568,158.4279846293007,159.21448593138282,5292400.0
2024-10-11,161.74977111816406,162.09212353710885,159.95470816267743,161.000289271939,4720300.0
2024-10-14,162.9434051513672,163.10070259348745,161.40742196060657,161.88857621336814,4535900.0
2024-10-15,162.7583465576172,164.13703239527484,162.03662219127054,163.1839857546173,5802300.0
2024-10-16,161.44444274902344,162.23094415362937,160.65795546320908,161.93484485629344,4400900.0
2024-10-17,161.62022399902344,162.36045800475085,160.7226925613822,161.35189640782679,4125900.0
2024-10-18,161.9811248779297,162.23095691485995,159.2607723745347,159.42733177208575,5097000.0
2024-10-21,161.93484497070312,164.23881997880457,161.32416487740159,161.42594724608378,6436300.0
2024-10-22,161.34263610839844,161.87930541499082,160.54688701500825,161.47217600179732,3790500.0
2024-10-23,160.0287628173828,160.852269632918,159.58462795880462,160.722729710883,3800700.0
2024-10-24,159.29779052734375,160.57468001027522,158.87215128717153,160.00100522981026,4244900.0
2024-10-25,158.9553985595703,161.0002935578312,158.7796055011014,159.58460245087764,4442600.0
2024-10-28,157.15109252929688,160.05649964931865,157.04931016667103,160.05649964931865,5186400.0
2024-10-29,154.98590087890625,156.55888928794928,154.4954988593597,156.55888928794928,5127900.0
2024-10-30,153.79229736328125,155.11545391184973,153.67200527021492,154.52326949172289,4801500.0
2024-10-31,153.67201232910156,154.9859211303999,153.42218032386873,153.69052206399053,5582400.0
2024-11-01,153.2186279296875,153.82932216106258,152.86702765124082,153.68127250761552,6339000.0
2024-11-04,153.91258239746094,154.1994197536621,152.84850560146484,153.21861558647456,4885500.0
2024-11-05,155.30978393554688,155.41156630316826,153.29264631872076,153.55172614197676,3678300.0
2024-11-06,152.4043731689453,154.9026509036415,151.37730170794018,154.86563143328954,7849300.0
2024-11-07,151.74742126464844,152.5801758557791,151.25701914250385,152.2100658416748,5333500.0
2024-11-08,152.7744598388672,153.4314212088148,151.42353175305993,151.59933891341728,4618300.0
2024-11-11,151.98797607421875,153.73677183472404,151.7288962666469,152.12677790464048,3762000.0
2024-11-12,152.06199645996094,152.67269061091423,150.96090025048792,151.83067420145954,5386600.0
2024-11-13,152.43212890625,152.4876439923291,150.23918417458918,151.27551755029907,4145000.0
2024-11-14,152.8114776611328,154.42148565614096,151.59010348327052,152.432119889103,5422700.0
2024-11-15,146.7693328857422,152.0990064246398,146.24192551108254,152.0990064246398,9108900.0
2024-11-18,146.50100708007812,147.90745029429067,145.97358558020235,147.5003208807984,6991300.0
2024-11-19,145.0113067626953,146.07538356463127,144.20630977547057,145.96435339226673,8248900.0
2024-11-20,146.88040161132812,147.22275407149021,144.53015931408694,144.7614815966379,5067300.0
2024-11-21,148.36087036132812,148.50892002525305,146.14942968707453,146.55655920347152,5977000.0
2024-11-22,149.89683532714844,149.95235041455928,147.94447474671603,148.87901166197844,5846300.0
2024-11-25,150.86839294433594,151.3680428539022,149.89683655034395,150.54453610674148,8580400.0
2024-11-26,150.04486083984375,151.45128989068238,149.8042766747034,151.07193214812628,4653600.0
2024-11-27,150.5630340576172,152.79298403755234,149.60072554732594,149.8413097342939,3622900.0
2024-11-29,151.23849487304688,151.36803477741458,148.9252722102019,149.36940700820674,2799300.0
2024-12-02,150.86839294433594,151.42355794176606,149.67476208009705,151.1182249585148,4967400.0
2024-12-03,149.6192626953125,150.86840877851765,149.36018284556212,150.67409183180843,4277400.0
2024-12-04,148.21279907226562,148.99930044316753,147.5003366413165,148.60143291306278,6964600.0
2024-12-05,148.49964904785156,148.98078920235358,146.9636657915491,148.90676438194,5229600.0
2024-12-06,147.24453735351562,150.05338147688988,147.1512291191674,148.70029104725302,8359200.0
2024-12-09,148.812255859375,150.7065851716377,146.6379733862981,147.35651650995234,8380400.0
2024-12-10,149.1575164794922,149.6987554350462,146.83393810157202,148.37365905655545,5329400.0
2024-12-11,146.29270935058594,149.78274755572977,145.81678469424116,149.50280862730295,7925900.0
2024-12-12,148.2803192138672,148.7469029926887,147.41248021998254,148.45762332806046,6849500.0
2024-12-13,147.41249084472656,148.9055647401713,146.56330488870478,147.00189481152887,4353900.0
2024-12-16,145.59283447265625,148.20570698691154,145.46219155889398,147.3005331419123,6696500.0
2024-12-17,145.70480346679688,147.90707979865905,144.86495823609897,145.33154208404426,6572600.0
2024-12-18,144.1090850830078,145.41552844273693,143.81047881499023,144.66899141417878,7620900.0
2024-12-19,141.34690856933594,143.78247676544188,141.29092078719697,142.85863564312282,9829500.0
2024-12-20,142.57867431640625,143.23190304125413,140.45105328309427,140.77766764551822,19205200.0
2024-12-23,141.17892456054688,142.22408198928687,139.70453223460703,142.22408198928687,6822200.0
2024-12-24,142.59735107421875,142.6160184147637,140.3577543351262,140.4417360090652,3399800.0
2024-12-26,142.25205993652344,142.9425947927743,142.06542927913148,142.33604159649883,5528500.0
2024-12-27,142.67201232910156,143.21325131609538,141.1509443870157,141.17893827953182,4287000.0
2024-12-30,141.58021545410156,142.858650744781,140.9923152014778,142.45739543769568,5397000.0
2024-12-31,141.89749145507812,142.9146409258474,140.85234808981136,141.6548729564299,4274800.0
2025-01-02,140.17112731933594,143.39055305576213,139.87250681882804,142.66268338453565,4970200.0
2025-01-03,139.64852905273438,140.8709905993368,139.5645473840465,140.8709905993368,5218100.0
2025-01-06,136.49444580078125,139.92849616079937,136.33580899774873,139.60189600361804,9470600.0
2025-01-07,135.6825714111328,138.08081912043946,135.6265836300454,136.67174108670827,7473300.0
2025-01-08,136.74639892578125,136.86771529251988,134.89873072573758,135.68258823617913,6791800.0
2025-01-10,133.10704040527344,135.84122917562846,132.0525563458351,135.3093167509177,9632700.0
2025-01-13,134.84271240234375,135.43993907110527,132.64043639147184,133.24698960978964,8101400.0
2025-01-14,135.26266479492188,135.43996894865242,133.96556217011604,134.5534624190099,6996400.0
2025-01-15,135.10401916503906,136.4291155972055,134.53478629553715,135.76657450062686,7141600.0
2025-01-16,136.74639892578125,136.97969086858006,134.08687932128103,134.4228202884717,5068000.0
2025-01-17,138.34210205078125,138.68736951965303,137.33427929511987,137.84752434277263,7338900.0
2025-01-21,138.6220703125,139.7698626431914,137.8942006160606,138.41677227104174,7456200.0
2025-01-22,138.19277954101562,139.46188798297374,137.91282642724414,138.32342242890806,5905100.0
2025-01-23,138.68736267089844,138.9859831344254,136.81170094101972,138.56606056672211,4759100.0
2025-01-24,139.15396118164062,139.33126532073402,138.2301342827988,138.87402226623942,4509600.0
2025-01-27,144.27706909179688,145.07959394134642,140.8150104094699,140.8336777517413,9820600.0
2025-01-28,140.2084503173828,144.2770621573844,140.0871339569646,143.84779873983422,6349700.0
2025-01-29,140.32041931152344,141.8414871845245,140.1897764060454,141.02963586041167,4874100.0
2025-01-30,141.7481689453125,142.84931424345035,140.5630562099471,141.16960952366927,4671300.0
2025-01-31,140.61903381347656,141.55220145257164,140.22710511373762,140.68434814392896,4905500.0
2025-02-03,140.22711181640625,141.02963659394794,138.88334807363793,139.75118718475397,7196200.0
2025-02-04,133.9002227783203,137.87551159052214,133.4429655326204,136.33579076074872,12804900.0
2025-02-05,135.92523193359375,136.04653407110663,133.16304884288954,133.80693693519285,9248100.0
2025-02-06,135.6359405517578,137.08233919857545,134.3388379259274,136.4851123975962,5604900.0
2025-02-07,134.91737365722656,135.4492717862852,134.28281228334095,135.31862889151574,5872300.0
2025-02-10,134.7027587890625,134.8613955841978,133.4523032902754,134.7027587890625,8715400.0
2025-02-11,135.9065399169922,135.9811950398378,133.8162391943418,134.7214129802076,6354000.0
2025-02-12,134.36680603027344,135.10400215912605,133.47095888124284,134.41345301843563,6658200.0
2025-02-13,134.91737365722656,135.25331456363483,134.0028733938404,134.59075930079914,7175300.0
2025-02-14,133.80691528320312,136.40112033747582,133.75092749971665,135.00136879427794,5001800.0
2025-02-18,134.46946716308594,134.5161141554555,132.13654798426077,133.34965456604294,8738700.0
2025-02-19,136.06515502929688,136.17713057621583,134.5160935148877,134.59074862583583,5777300.0
2025-02-20,139.1352996826172,139.21928135216893,135.30930669427917,135.41195570340068,6789800.0
2025-02-21,143.24124145507812,144.22107038449448,138.94866435430603,139.96582796543848,10604400.0
2025-02-24,143.56785583496094,145.87278118496377,141.95346546756022,142.1587634999579,7187000.0
2025-02-25,145.96607971191406,147.8697496605573,143.70781574460833,144.44501191086192,9474600.0
2025-02-26,141.38421630859375,145.2102091197799,141.03894885708448,145.1728886813765,9076500.0
2025-02-27,141.8601531982422,142.48537382854013,139.90982194604925,140.8149957251843,6731000.0
2025-02-28,143.21322631835938,144.7342939949443,142.16808320949497,143.42785086985683,8455500.0
2025-03-03,145.56484985351562,145.7141458794629,140.44175351935706,141.23495184281148,8321700.0
2025-03-04,143.8851318359375,149.44680342732914,143.67050724903385,146.82460443404116,10274200.0
2025-03-05,143.59584045410156,144.95825722948058,142.522689128774,142.7093198082633,5578700.0
2025-03-06,144.27706909179688,144.6130100576318,142.3360784268628,143.86647299588637,8421000.0
2025-03-07,145.3926544189453,148.35811651926545,143.8204874750225,144.27236426752083,8997700.0
2025-03-10,147.09661865234375,150.70225269253848,146.2681658993244,146.74829845614434,11156900.0
2025-03-11,143.40625,146.90832719191206,142.9167084664792,146.6635492427001,7981600.0
2025-03-12,139.48995971679688,140.7702892888905,137.9272017575685,138.89686154030437,8330200.0
2025-03-13,139.6499786376953,141.66461310194566,139.38638267900106,139.6782200357767,5351100.0
2025-03-14,139.8853302001953,140.4219454820448,138.46379385592553,138.51086764001968,5277500.0
2025-03-17,142.4742431640625,142.7849129292269,140.39371674949652,140.4878499612745,5449500.0
2025-03-18,140.26190185546875,142.436575584605,140.03595631760854,141.2127290597733,8158600.0
2025-03-19,139.4334716796875,140.15836782765172,138.1907925688917,139.48054546992745,6080100.0
2025-03-20,138.52969360351562,139.39581105877573,138.04957545399563,138.91567854435286,4536400.0
2025-03-21,136.92929077148438,139.04748197602234,136.27030082527548,138.38849202981345,11574800.0
2025-03-24,137.87069702148438,138.12488396596157,136.34560408442562,136.96694356430223,5968900.0
2025-03-25,137.01400756835938,137.7294946412126,136.34560864650226,137.5882732829324,4763300.0
2025-03-26,139.93240356445312,140.58198443425795,137.2117054848387,137.4470600397012,5882200.0
2025-03-27,140.90206909179688,141.5987237747776,140.35604477782323,140.82675390729335,5397500.0
2025-03-28,140.5255126953125,142.5119058692275,138.4920457337411,141.6269703749379,8550900.0
2025-03-31,141.15623474121094,143.65098700494457,140.9773630006224,141.40099828023182,9985700.0
2025-04-01,140.90206909179688,141.9564529450411,139.96065083285663,141.67403895928112,6072800.0
2025-04-02,140.38427734375,141.68343905611616,139.39579972597755,141.4292521200224,5866200.0
2025-04-03,142.50247192382812,145.02548023307776,142.0223538011088,142.8037326505633,8216200.0
2025-04-04,138.0213165283203,145.8444991121096,137.86127716546952,144.02756896483191,12911400.0
2025-04-07,134.8016815185547,137.54121207368556,132.429303506335,133.04123398778862,14423200.0
2025-04-08,132.08099365234375,136.88221848297215,130.9983539614396,135.51716478695732,9488900.0
2025-04-09,137.06106567382812,137.39997678406334,130.22637504313607,132.03389617609014,14067000.0
2025-04-10,135.696044921875,138.5203000661057,134.54751334736216,136.90105930088774,10980300.0
2025-04-11,135.9690399169922,136.7786602399678,133.794365914497,136.64686225087425,8563300.0
2025-04-14,138.1531219482422,138.55792488230733,135.09351277391997,135.7148522384357,5393800.0
2025-04-15,134.47219848632812,137.42825163668618,134.27450867008855,137.29645363755827,5459600.0
2025-04-16,131.88327026367188,135.94078034800933,131.58202391382184,135.66777539455455,7878600.0
2025-04-17,134.47219848632812,135.15944424919206,131.86447990609022,132.11865252696967,6131400.0
2025-04-21,133.4272003173828,134.46276610549074,132.33516609935322,134.15209636905837,7412800.0
2025-04-22,135.05587768554688,135.82783323349742,133.6343268374629,133.94499660495998,7144700.0
2025-04-23,133.9261474609375,135.5736293047905,132.5987587212155,134.87698903292687,7760000.0
2025-04-24,127.38330841064453,133.5401921628985,126.64900328274683,133.16361622237193,15577300.0
2025-04-25,125.56637573242188,127.66573449051971,124.0789331149888,127.53393650491947,11544700.0
2025-04-28,125.92407989501953,127.47742837908774,125.30275486629245,126.05587785443439,8498600.0
2025-04-29,126.44188690185547,126.58310826281225,123.81533622093359,124.719089725484,7010700.0
2025-04-30,127.6374740600586,128.20231632916762,125.30276107829259,127.68454784037625,7923500.0
2025-05-01,125.72642517089844,126.91260713615124,125.4345877769405,126.59252834051378,6807000.0
2025-05-02,125.91468811035156,126.52660421315129,125.34983142707324,126.29124965593567,7169700.0
2025-05-05,124.25779724121094,126.18769311911407,123.9847779104027,126.18769311911407,8972200.0
2025-05-06,123.08102416992188,124.17305839592136,122.53499987447105,124.17305839592136,6889900.0
2025-05-07,124.19190216064453,124.89796589558483,122.63856768973724,123.27872524759613,6313200.0
2025-05-08,123.7305908203125,125.18979194680409,123.57055144532856,124.16364952578245,6392400.0
2025-05-09,122.7986068725586,123.93771498533282,122.55382891798632,123.46700582949805,4770500.0
2025-05-12,123.96595001220703,124.57788050227398,122.44085702247891,123.17516211863709,8392700.0
2025-05-13,122.67620849609375,123.92829647847044,122.14901658033563,123.48582875669437,8650200.0
2025-05-14,120.92516326904297,122.54440370016799,120.37914617914679,122.45027050039188,10463000.0
2025-05-15,123.79649353027344,123.84356731334134,121.26407626917862,121.6218197826126,9165100.0
2025-05-16,124.24837493896484,124.5119708962215,122.99628695954456,124.35193151966584,8896400.0
2025-05-19,124.06950378417969,124.51197150708177,123.4293462748164,124.3895969037637,9406200.0
2025-05-20,124.07893371582031,124.42725388697127,123.65529835754694,124.03185992825591,7624200.0
2025-05-21,122.52557373046875,124.17305559050527,122.44084953952903,124.07892238887284,9243700.0
2025-05-22,122.4973373413086,123.04336164674525,121.27350511574282,122.4032041358279,7140200.0
2025-05-23,121.76303100585938,122.15842494057152,120.26617946054151,121.97014416664702,8122500.0
2025-05-27,123.67411041259766,123.75884897208567,121.56534273454368,122.4596871954971,13974800.0
2025-05-28,123.01512145996094,124.44608122744091,122.82684068224313,123.59879618035693,9431500.0
2025-05-29,124.19190216064453,124.33312352657467,122.6197353012992,123.19400104698012,6656900.0
2025-05-30,123.74942016601562,124.94502530845838,123.59878980564923,124.4084100364913,12992100.0
2025-06-02,123.2410659790039,123.35403157170707,121.50885985467745,123.23164260301036,6723700.0
2025-06-03,124.1259994506836,124.46491058829598,122.20549821591261,122.97746806015837,7339500.0
2025-06-04,124.02244567871094,124.96386393062642,123.41993857208112,124.49315480466868,6519700.0
2025-06-05,123.42933654785156,123.71176487115578,122.58206594284012,123.51406073537245,9560800.0
2025-06-06,123.75578308105469,124.36490117980799,123.09907468094922,123.96516878898748,7628200.0
2025-06-09,123.68917846679688,124.34587239848035,122.94680165409144,123.56544657759227,8453100.0
2025-06-10,125.46894073486328,125.74494126528833,123.21330261933483,123.91758684577486,11852900.0
2025-06-11,123.63206481933594,125.60219023664928,123.52737195383827,125.57363895719743,9168400.0
2025-06-12,125.916259765625,125.9448110430208,123.45123600030982,123.62254366468467,11444900.0
2025-06-13,124.53624725341797,126.63960246503194,124.28878344791717,125.40232700509935,9581000.0
2025-06-16,125.0692138671875,125.71639556588133,123.94614362427642,124.97403325383952,11183700.0
2025-06-17,123.05149841308594,125.33570243580512,122.89922976292279,124.8312771334907,10235200.0
2025-06-18,122.84213256835938,123.42268495984698,122.38528303035115,123.37510917351234,8785800.0
2025-06-20,122.84213256835938,124.12698377238387,122.68032261373773,123.27992855579647,23001000.0
2025-06-23,122.86115264892578,123.2513728359741,121.65243581684074,123.05149935497872,12840400.0
2025-06-24,124.72657775878906,124.87886092352805,122.82308176711742,122.90873560133738,9226800.0
2025-06-25,121.84278106689453,124.28876583584807,121.47159267250369,123.97468725819628,10922600.0
2025-06-26,122.03313446044922,122.92777993879255,121.44304806348173,121.54774092844791,11538100.0
2025-06-27,124.71704864501953,125.00257594291884,121.9284340403389,122.0997417055655,26536500.0
2025-06-30,125.66879272460938,125.9733590389264,124.28876110384815,124.86932793330895,11402400.0
2025-07-01,128.73342895507812,129.80890883980547,126.07805843111014,126.19226354363978,12846700.0
2025-07-02,129.89456176757812,130.38947478928884,128.37177369523093,128.72391580475414,9388700.0
2025-07-03,128.84765625,130.2276880243553,128.71441210328686,130.10395613007782,4941400.0
2025-07-07,127.96250915527344,129.17123311980117,127.22965916642359,128.99039868544017,7773700.0
2025-07-08,128.52403259277344,129.12363842895437,126.84896148342888,126.9726933601064,7718300.0
2025-07-09,127.99107360839844,128.84765556631447,126.54442702962409,128.39080604641683,7762600.0
2025-07-10,129.5138702392578,130.08491032863944,127.18209053194153,127.9434773177837,8869700.0
2025-07-11,128.73342895507812,128.85716084199987,127.35339726276437,128.3336965387024,7963600.0
2025-07-14,129.02847290039062,129.32351243293667,127.40097756204463,128.2480326326694,8480300.0
2025-07-15,127.35340118408203,128.97136992566578,127.29629862605897,128.89522834079423,8933500.0
2025-07-16,128.81907653808594,128.97134515606268,127.29627417816178,127.4866208425224,10941600.0
2025-07-17,138.4222412109375,138.91715427216565,134.8055956512358,134.86269821166155,26161000.0
2025-07-18,136.32838439941406,139.2883211658969,136.0428571040176,139.2026528115129,13752800.0
2025-07-21,134.86270141601562,136.66150472478148,133.6825430791148,136.19515745520872,9025600.0
2025-07-22,138.99327087402344,139.33590073330706,134.41536533923528,134.41536533923528,8281500.0
2025-07-23,138.63162231445312,139.9355124756751,138.08911896349295,138.82196901701857,6166000.0
2025-07-24,137.53709411621094,139.40252653002784,137.03266885318055,138.7838961576386,9749400.0
2025-07-25,136.5282440185547,137.83214861875322,135.81443303777885,137.82262184459574,7021600.0
2025-07-28,134.7389678955078,136.19514113657948,134.63427503727618,135.8144332327728,10639100.0
2025-07-29,136.94700622558594,137.0421868256196,134.32018722139156,134.73895862550674,6282900.0
2025-07-30,135.9667205810547,137.4324061189081,135.42421724737073,136.83281475104727,9738400.0
2025-07-31,131.2650909423828,134.73898008150968,130.99860264687734,134.1774376879233,11689700.0
2025-08-01,132.55947875976562,133.06390410829133,131.61724288029032,132.3881710666923,7630500.0
2025-08-04,132.82595825195312,133.54929607916682,132.05504463928423,132.56898220688916,8384700.0
2025-08-05,132.72125244140625,133.57783433391756,132.54041800223646,132.86402335141895,5535100.0
2025-08-06,134.0061492919922,134.7485117252345,132.63562956215253,133.14956719957988,6747400.0
2025-08-07,136.9755859375,137.3467671186563,133.70157012292972,134.42490797930256,7674600.0
2025-08-08,138.2033233642578,138.35559199600698,136.8613552969794,136.97556040142152,5315100.0
2025-08-11,137.87973022460938,138.57451673146682,136.81377709548988,138.30802844918693,5773400.0
2025-08-12,139.78323364257812,139.91647779076123,137.73698111208273,138.52693374864074,7668700.0
2025-08-13,142.14358520507812,142.32440514599932,139.76421494401237,139.80227847827905,6147000.0
2025-08-14,141.44879150390625,142.28633444079853,140.9063026634358,141.8485239449168,6892500.0
2025-08-15,143.1428985595703,143.80913380164418,141.3250708510492,142.1816382729692,9162200.0
2025-08-18,142.3339080810547,143.28565602606673,141.73430222849035,143.28565602606673,9901000.0
2025-08-19,144.81797790527344,144.97026106935363,142.6289546198168,142.7621987577565,8596900.0
2025-08-20,143.45697021484375,147.14975705677546,141.51541070855785,145.8173156821206,10023500.0
2025-08-21,141.79141235351562,143.06676570505408,141.4297579904124,143.06676570505408,8153600.0
2025-08-22,142.41957092285156,143.88525646100774,141.8961066154665,142.429083174796,5218000.0
2025-08-25,141.04904174804688,141.63913534592922,140.4589626726856,141.26793970785494,6624300.0
2025-08-26,139.90696716308594,141.09665225801015,138.7743846291144,140.3828412010556,11208100.0
2025-08-27,140.5160675048828,140.65882388913403,139.25024098194393,139.90694939454212,8092900.0
2025-08-28,139.88792419433594,140.8967748028066,139.17411315749092,140.82064773869647,9265100.0
2025-08-29,141.47732543945312,142.01982873593846,139.78321526844445,140.00212775080925,7760700.0
2025-09-02,143.02867126464844,150.18581943959734,142.96205646428382,149.84318961945297,17348600.0
2025-09-03,141.4678192138672,143.20000750886004,140.0116459657793,142.71460674448295,11259200.0
2025-09-04,139.80226135253906,142.25777290386225,139.3834899142871,141.82948921383974,6342200.0
2025-09-05,140.68931579589844,142.12129785915,139.62254055814657,140.31450366720642,7186300.0
2025-09-08,136.19158935546875,140.04542817643073,134.8845493733017,140.04542817643073,11127600.0
2025-09-09,137.52745056152344,138.03681029463687,135.6053339340505,135.68220569431367,5866400.0
2025-09-10,137.10458374023438,137.53705705223044,135.9128661416667,136.69132103617684,6015100.0
2025-09-11,138.61343383789062,139.113188257577,136.95080709295146,137.3256192415698,6144400.0
2025-09-12,137.94070434570312,138.63266753359582,137.33523289015037,138.459684068916,5713700.0
2025-09-15,135.1632537841797,137.94071199403749,135.05753677281814,137.81576970844998,7279600.0
2025-09-16,134.57699584960938,135.80714933036774,134.46167354347148,135.21129786254028,9283500.0
2025-09-17,135.7302703857422,136.5087253242513,134.69232557953438,134.71155085314575,6092900.0
2025-09-18,135.24972534179688,136.1146865778613,134.92296905164568,135.16323361756602,6106600.0
2025-09-19,136.2396240234375,136.54716972903645,134.9902599220543,135.95131825517146,12365500.0
2025-09-22,135.53805541992188,136.00897928196113,134.49050535730203,135.58611126945019,5797600.0
2025-09-23,136.37417602539062,136.6913270453532,134.50973511694184,135.54766524552699,6356500.0
2025-09-24,136.63365173339844,136.7970298786481,135.51882062683984,136.2876701715211,5949100.0
2025-09-25,134.4712677001953,137.8349715531814,134.4136065519063,137.43132885057327,7101700.0
2025-09-26,134.9710235595703,135.49960853227145,134.40400270912053,134.49049443249385,6224700.0
2025-09-29,134.7115478515625,135.19207702903026,133.70243364596286,134.97103771347938,11930200.0
2025-09-30,134.9710235595703,135.5380444100201,134.38477743795363,134.71153372486518,7583400.0
2025-10-01,137.56588745117188,137.78692675886924,135.00946879837213,135.32661980398288,5880800.0
2025-10-02,136.7681884765625,137.6715855202013,135.86479143292368,136.36454579709107,4497300.0
2025-10-03,136.45106506347656,137.77733032421034,136.33574275022568,136.7201602374534,5425700.0
2025-10-06,134.25982666015625,136.32611057433348,133.47176656729826,136.24922415912562,6750700.0
2025-10-07,135.30738830566406,136.3165024289781,134.25023300019,134.90374558925555,6110300.0
2025-10-08,133.43333435058594,135.48999857991998,133.28918146764119,135.3073951517991,8256700.0
2025-10-09,139.0747528076172,139.10358338340103,133.19306604975574,134.99025503960118,13706600.0
2025-10-10,144.23562622070312,144.94681461629915,139.35344847306882,139.95891987289497,17545200.0
2025-10-13,143.09197998046875,144.1395300832265,141.6023365755322,142.86132069264676,7272000.0
2025-10-14,145.63876342773438,145.71564984889687,142.7171527464865,142.89975616367425,8371100.0
2025-10-15,145.27357482910156,146.45567242128965,143.36106355020723,145.43695297886856,6101100.0
2025-10-16,146.72476196289062,148.36817803059412,146.35955513349313,146.44606152148768,8532900.0
2025-10-17,147.7242889404297,147.9164976820787,145.83100277278362,147.7819500964657,6710100.0
2025-10-20,147.65701293945312,148.40663732310927,146.77284096551477,148.40663732310927,4810600.0
2025-10-21,147.2148895263672,149.1466259132445,146.88813325456167,148.6757021112298,5614300.0
2025-10-22,147.0707550048828,149.13702454767932,146.76322396499702,147.1860773117667,6486000.0
2025-10-23,145.6099395751953,147.42633919833335,145.14863569150887,147.2052998926524,6091800.0
2025-10-24,145.6483917236328,146.48450777163117,145.37929656647046,146.11930091637385,3580200.0
2025-10-27,146.68634033203125,146.91698495019085,145.08137465079534,145.12941583652085,4744600.0
2025-10-28,144.27406311035156,147.24374431613015,144.08185438885482,145.5138364934886,5626500.0
2025-10-29,140.46827697753906,142.87092259634787,138.07523666195485,142.2846764787751,7767600.0
2025-10-30,141.8041534423828,142.32311846590622,140.55477473405188,140.6412664605415,5752700.0
2025-10-31,140.40101623535156,141.27558288701016,139.6417865620506,140.50673324450355,6313600.0
2025-11-03,138.0079803466797,140.228022715184,137.67160406950612,140.1799668663612,8331500.0
2025-11-04,137.33523559570312,139.28618291915564,136.5279500821201,139.06514359951464,8302900.0
2025-11-05,137.2967987060547,137.70044145988524,136.06664517116533,137.3352345882632,7136400.0
2025-11-06,136.06663513183594,137.63316484496178,135.79753998247008,136.86431527623682,6449400.0
2025-11-07,137.38328552246094,138.44045555269503,136.13390675888965,137.3640602497513,7592300.0
2025-11-10,137.0661163330078,137.4505484132777,135.7590765892591,136.94118873843146,6617500.0
2025-11-11,139.4303436279297,140.08385625029004,137.1237948479012,137.7004357090549,7683600.0
2025-11-12,138.7672119140625,139.83398724872904,138.45006090488204,138.93059007068524,5790100.0
2025-11-13,139.3726806640625,140.6893258602684,138.05602080327048,138.4885087758102,6663300.0
2025-11-14,140.1703643798828,141.1218027486024,138.32511946718267,140.20880026096194,5770500.0
2025-11-17,142.0732421875,142.34233732306464,139.5648795802413,140.4298261353298,7320200.0
2025-11-18,142.9766387939453,143.99535818431355,141.70803487527806,142.52494024695787,10821500.0
2025-11-19,141.38128662109375,143.00547748893058,140.97764389621014,142.5249483405569,8123200.0
2025-11-20,140.41061401367188,141.35244697798427,139.2573323998862,140.89114313122093,6878900.0
2025-11-21,140.63165283203125,143.1400154038443,140.29527658503625,140.58359698751985,7911800.0
2025-11-24,139.83399963378906,140.64128518433876,139.12281112615946,140.15115067105953,9391400.0
2025-11-25,140.4202117919922,141.39087527817523,139.9012468252666,140.24721369336092,8954000.0
2025-11-26,142.2174072265625,142.68833108638523,140.53555515309222,140.62206154767057,5180600.0
2025-11-28,142.9478302001953,143.02471663114167,141.4966226460372,141.4966226460372,2969300.0
2025-12-01,143.68783569335938,143.98577611475977,142.72677729611095,142.84211427570017,7623300.0
2025-12-02,142.82289123535156,143.68783794056753,140.82388797806092,143.63979675162366,6830300.0
2025-12-03,142.29428100585938,144.83147417889904,142.15012813535117,142.8997523911639,5109200.0
2025-12-04,141.1890869140625,142.47690159447123,140.4394625678791,141.99637241540051,6803000.0
2025-12-05,140.73587036132812,141.4928266697756,140.2409271387148,141.31813647120063,5971300.0
2025-12-08,141.32786560058594,142.23038483072744,139.94010234845013,140.72617130580448,6327400.0
2025-12-09,140.36708068847656,143.20081700153054,139.6586503122175,142.02657081151378,10035200.0
2025-12-10,145.2776336669922,145.35527212351582,142.65739869341138,143.40465588043241,18526400.0
2025-12-11,144.63711547851562,146.43246946726975,143.75400957604512,145.71432491016407,7854000.0
2025-12-12,146.19955444335938,146.21896775792453,144.34599012294336,145.32614779219037,8143100.0
2025-12-15,146.7527313232422,147.21854724356504,145.84049799026164,146.48100413571876,8409600.0
2025-12-16,145.92782592773438,147.84934423544408,145.55906180251364,147.4999786165896,7520300.0
2025-12-17,145.64639282226562,146.77212807670037,145.06411188155263,145.93753329262213,8067100.0
2025-12-18,144.95736694335938,145.9278253465322,144.84091667354505,145.37467175689412,6643200.0
2025-12-19,143.7831268310547,145.46201579542873,143.53079815810574,144.74387121491196,17543500.0
2025-12-22,142.70590209960938,144.57887959112335,142.08480935328123,143.17171795735072,8818700.0
2025-12-23,139.4354705810547,142.84178940317776,139.31902029928008,142.84178940317776,7254800.0
2025-12-24,139.4936981201172,139.73631272424484,138.7270276785825,139.5422091945265,2618700.0
2025-12-26,139.53250122070312,139.68777811156514,138.8628825858776,139.31899919777268,4975500.0
2025-12-29,139.97891235351562,140.7649812175128,139.3578196257138,139.49368319716984,7201900.0
2025-12-30,139.9012908935547,140.9785003437209,139.6683755393494,139.71690142247806,4713800.0
2025-12-31,139.2801971435547,139.77512560885344,138.93083151863192,139.58103688567866,4380300.0
2026-01-02,138.02828979492188,139.1734383714935,137.90214027629705,138.98904891194232,7182100.0
2026-01-05,135.78652954101562,137.62069521649772,135.28188705653878,137.47513238829248,9031400.0
2026-01-06,134.8549041748047,135.92239951728988,134.47642599562923,135.55362059111178,9576500.0
2026-01-07,132.96249389648438,135.69919356561522,132.91398282514663,135.10721337670518,8539800.0
2026-01-08,135.25277709960938,135.35952811169193,131.99203641274693,132.53550553390687,8762800.0
2026-01-09,135.77684020996094,136.63083354453343,134.60257901389596,135.3207235708962,6767600.0
2026-01-12,137.1840057373047,137.3295685801671,134.4667191423817,135.77684396022582,12223400.0
2026-01-13,139.2413787841797,139.40635494907784,136.87345771995456,136.93169766758444,9030200.0
2026-01-14,141.60928344726562,141.9780623661033,138.91141036571096,138.91141036571096,8329500.0
2026-01-15,142.24009704589844,142.67680037120252,141.23081200144168,141.7451537769363,5797800.0
2026-01-16,141.9974822998047,143.19114200324535,141.2113985454206,142.8126638139583,10313500.0
2026-01-20,143.2978973388672,143.2978973388672,140.05656969110106,141.90043481077095,9982800.0
2026-01-21,142.4050750732422,143.6375466151801,140.6582469410218,142.70591481667617,7679600.0
2026-01-22,140.13418579101562,142.78354786123754,139.91098450724547,142.3468297387039,8167400.0
2026-01-23,140.30886840820312,140.5611822454178,138.83376758690255,139.61013721958807,5870100.0
2026-01-26,141.56076049804688,141.60928637911223,139.88187163092888,140.5223777217438,6589600.0
2026-01-27,144.3848114013672,144.42363803304067,141.03673260855732,141.44432339300172,7114900.0
2026-01-28,144.1130828857422,145.60758241495392,143.3949382866024,144.02574517731225,5954100.0
2026-01-29,144.29747009277344,146.40336316388394,144.05485547894014,144.44303293786507,9062300.0
2026-01-30,149.09152221679688,149.34383605888615,144.20040380199734,144.60799453522742,12641300.0
2026-02-02,150.61514282226562,151.9931919925525,148.66452674190563,149.50882082313274,14660500.0
2026-02-03,158.03915405273438,158.61172094643885,150.90627899380635,151.97378914140776,19096400.0
2026-02-04,161.27076721191406,162.97878344559254,159.32015119015512,160.01888241156544,13322900.0
2026-02-05,162.5808868408203,163.04670270443714,160.3682429786162,161.59101517361762,11038800.0
2026-02-06,165.4534454345703,165.70575926860204,162.31885437784746,162.50324382918632,10960400.0
2026-02-09,161.55221557617188,164.90999344211554,160.06741536705462,164.4927034262292,10316200.0
2026-02-10,162.03744506835938,162.46444914638573,158.90286848905913,160.85348460038458,10352500.0
2026-02-11,164.15304565429688,165.23996921926891,161.1155206871708,162.69735793708577,6733400.0
2026-02-12,162.26065063476562,166.41421163548557,162.1538996124472,164.74502190906307,9516300.0
2026-02-13,161.03787231445312,162.92056401538412,160.12563903189724,162.26064459071847,9286100.0
2026-02-17,157.13662719726562,162.59059883490437,156.05941774772276,161.21254964136656,8749800.0
2026-02-18,159.5336456298828,159.66950920491473,155.88472760901175,157.0104480272681,7239800.0
2026-02-19,159.72775268554688,160.17417008794737,158.3108916414468,159.53366395720695,6155800.0
2026-02-20,160.06741333007812,160.09652589788482,158.20413495034887,159.78597209725314,4811800.0
2026-02-23,163.34756469726562,163.82307983526363,159.38809265554076,159.6307072550973,6801600.0
2026-02-24,164.53150939941406,164.77412399761351,162.81380870593625,163.2602112741321,6319800.0
2026-02-25,164.1724395751953,164.49269261211043,161.09608833988395,163.62898526092218,6832700.0
2026-02-26,162.62940979003906,165.03614231805338,162.22181906571544,164.61885234125265,7219300.0
2026-02-27,164.72561645507812,165.24965748289236,162.86233807793164,163.4057924202635,10585200.0
2026-03-02,162.33827209472656,164.53150264147814,162.2024085176361,164.05598752567116,7264000.0
2026-03-03,160.03829956054688,162.28005611295,158.83492580416564,161.62013669557317,6718100.0
2026-03-04,159.07752990722656,161.02814584699132,158.54377485663844,160.16443851350115,6855400.0
2026-03-05,155.95265197753906,158.572886528914,155.4286109904717,157.36952766675228,7133700.0
2026-03-06,156.1024627685547,156.20038160295132,152.8321768880117,154.94709821232027,5937900.0
2026-03-09,158.15863037109375,159.03984007261056,154.80022668209443,155.8478864409948,6416000.0
2026-03-10,157.42430114746094,159.46089050636934,156.25913567834493,157.34596906362015,5341300.0
2026-03-11,156.80743408203125,157.55158135500568,154.59460889837567,156.9640982384802,4359700.0
2026-03-12,155.54437255859375,158.16843007851332,155.37792248668694,155.5541584662411,6165600.0
2026-03-13,156.54307556152344,158.13904492032492,155.91643389431496,156.4451567315188,4676800.0
2026-03-16,154.42816162109375,158.2075985567983,154.25191070682953,157.99218907287343,4498700.0
2026-03-17,153.23361206054688,155.78913807335456,153.0279884993786,155.51498328534046,5460200.0
2026-03-18,150.3354034423828,152.86155710340896,150.09062128461264,152.00971997527031,5124400.0
2026-03-19,149.55210876464844,151.45160571176473,149.47377668327505,150.54102327889328,5555500.0
2026-03-20,146.908447265625,150.20812077773732,146.223060239775,149.26815075634542,14480700.0
2026-03-23,147.73092651367188,149.12128731932629,146.81054324816284,149.12128731932629,6783000.0
2026-03-24,147.4469757080078,149.39544704571202,147.06511614276414,147.30989829844128,5803700.0
2026-03-25,148.56317138671875,148.67087612532328,145.91952727770808,148.14215327964757,4978500.0
2026-03-26,147.6819610595703,149.95353152768627,147.52529690581997,148.7589935008929,5677100.0
2026-03-27,149.8458251953125,151.31451800538554,147.3294726163516,147.98548694534634,6663600.0
2026-03-30,153.5469512939453,155.08417539765304,150.1689457361383,150.6095655499855,10386800.0
2026-03-31,152.0488739013672,154.37920475304423,150.95225464896237,154.37920475304423,8033800.0
2026-04-01,151.42222595214844,151.91179023255023,150.06123785024408,150.34519349945418,5412600.0
2026-04-02,153.73297119140625,153.78193060790397,151.00120905850204,151.432028019176,5410000.0
2026-04-06,153.4588165283203,153.58610802326805,152.15657373792962,153.14550315501646,3562500.0
2026-04-07,150.01229858398438,153.27278365721006,149.38565688092115,152.92029676546719,5151100.0
2026-04-08,151.56910705566406,151.58869381053762,148.58276190089416,148.71005339709768,6878500.0
2026-04-09,154.20297241210938,154.71210853969257,150.05146166676275,150.49206655961314,4339400.0
2026-04-10,153.7819366455078,154.49669634542454,153.0671769455911,153.87985548234764,4412700.0
2026-04-13,152.62655639648438,153.7525482029982,151.71595911634196,153.71338963647122,5827800.0
2026-04-14,152.4698944091797,153.36090494852033,151.06973285588504,151.28514232562267,5655800.0
2026-04-15,151.61807250976562,152.50906819771822,150.13957873442837,151.78452258202748,7684800.0
2026-04-16,155.0743865966797,156.45494651593916,151.04036675750075,152.29365012297882,10422100.0
2026-04-17,154.3791961669922,156.6899401348414,153.2042448990029,154.9568784238755,7799900.0
2026-04-20,153.71340942382812,155.52478843010616,152.5874025320493,155.42688453102795,5731000.0
2026-04-21,151.6865997314453,153.76234756629069,150.52143431611796,153.468620940844,6357300.0
2026-04-22,150.58016967773438,153.93858829618517,150.34518839292508,151.84325384484694,5921300.0
2026-04-23,152.4503173828125,153.34132797900546,151.34391224345387,151.92159452173948,6077600.0
2026-04-24,152.19573974609375,153.0182041183358,151.43202069468106,152.6755031597438,5364900.0
2026-04-27,150.88372802734375,153.38049408437357,150.7858091881077,152.28387479845247,4077000.0
2026-04-28,153.02798461914062,154.81000563636198,152.0782437320909,153.52734970918058,5174300.0
2026-04-29,152.0488739013672,153.22384017502011,150.27665352370698,152.34261546978044,4047600.0
2026-04-30,155.1820831298828,155.68143329211756,152.03907403496353,152.72446100479027,7065100.0
2026-05-01,154.1246337890625,156.6605732325891,153.16507702098502,156.21996835843572,4447300.0
2026-05-04,151.3634796142578,153.4588141227184,150.4626831371951,152.64613562986142,5330800.0
2026-05-05,151.8040771484375,153.04757453559037,149.35625588098753,150.83474948832915,6200100.0
2026-05-06,152.70489501953125,153.6546359666207,151.6376335468742,152.5482308660731,5296600.0
2026-05-07,153.02798461914062,154.06587336495159,151.6474248074741,151.7747013513363,4464000.0
2026-05-08,151.39285278320312,154.01692508632738,151.1578714912001,153.47840139162687,4934400.0
2026-05-11,146.29161071777344,151.47119454446758,145.94890972460468,151.1676670626812,8373300.0
2026-05-12,148.68067932128906,149.53251639623434,145.2635152336898,147.3980083448039,6250700.0
2026-05-13,146.15452575683594,150.04166737309015,145.85099829073266,147.54488653272873,5524900.0
2026-05-14,145.56704711914062,146.85950404204854,145.0578960640269,146.37972564969937,5022200.0
2026-05-15,146.0076446533203,146.9769872967206,145.0970622728089,146.43846360594267,6230600.0
2026-05-18,145.94891357421875,146.9867875484704,144.4018885207864,146.85951098391334,8799400.0
2026-05-19,147.2315673828125,149.38566232209942,145.86079327628195,147.1630361476446,10093900.0
2026-05-20,146.17410278320312,147.50571828285507,145.29289301533328,146.448272537538,7425800.0
2026-05-21,145.74330139160156,146.54617909284622,143.32485249952552,146.17410543550616,6123100.0
2026-05-22,147.42738342285156,147.69173735725002,145.43973884963827,146.29159079253398,7774400.0
2026-05-26,142.6394500732422,147.1140750343239,142.46321409313896,146.5853521536971,9059200.0
2026-05-27,144.6564483642578,145.8020269037154,142.65901787983302,143.2171282899948,7404500.0
2026-05-28,143.23670959472656,145.50829501141862,142.58069525636705,144.68583061171262,7625200.0
2026-05-29,141.18055725097656,143.70671086807536,140.55391553559434,142.110726446265,12776400.0
2026-06-01,138.56626892089844,141.1022081395643,138.37044620978452,139.61392864253122,8077300.0
2026-06-02,139.0362548828125,139.9076786996062,137.87108951130173,138.58584917353755,7864700.0
2026-06-03,139.56497192382812,140.6811778330713,138.8110537244702,138.83062553773877,6225100.0
2026-06-04,139.18312072753906,142.65903015104385,138.26275241844283,141.83656573509418,8089800.0
2026-06-05,140.41990661621094,142.8143254527316,139.71741975666563,140.06371120513737,13228700.0
2026-06-08,139.19300842285156,140.36054370097895,137.7880196015487,139.43047706353104,8800500.0
2026-06-09,141.2708282470703,142.77476622399638,139.36123540388888,140.03404062402373,10390200.0
2026-06-10,142.7945556640625,143.91260138245647,141.48850071832183,142.42845627002652,11249200.0
2026-06-11,142.21078491210938,143.86313137747558,142.0524875692489,143.32884576312276,8653900.0
2026-06-12,142.74508666992188,142.8341317567156,140.90474605532452,142.28005330888078,6781700.0
2026-06-15,144.7041473388672,145.21865520115114,141.30050549184284,141.5082924488725,8976400.0
2026-06-16,144.5755157470703,146.07945366776724,143.49704060349688,145.31758829315368,9345200.0
2026-06-17,140.09339904785156,144.32815851123533,139.36123046336755,143.97196308452527,10126600.0
2026-06-18,140.51885986328125,141.22134674385373,139.54920754452675,139.559111507425,19130300.0
2026-06-22,139.22271728515625,140.98390167143734,138.99513748987445,139.78668459660318,10345000.0
2026-06-23,140.5485382080078,142.16129888403006,139.38100292666553,142.16129888403006,7589000.0
2026-06-24,140.76622009277344,142.22068350147524,140.1725560125873,140.51886257561333,8324100.0
2026-06-25,138.0452880859375,141.58744956086855,137.8968645164054,140.4891815753522,7333300.0
2026-06-26,139.89552307128906,140.63759565602908,138.71809882123404,139.03472370419237,9735700.0
2026-06-29,137.2141571044922,140.86515653809323,136.07631854438839,140.46939054262367,10042400.0
2026-06-30,133.9688262939453,137.66930021446228,133.51369691344348,137.34278647757802,14148300.0
2026-07-01,139.66795349121094,139.84604365852172,135.16604361496206,135.7597077010077,9391700.0
2026-07-02,142.6956024169922,143.21011026812354,140.65737893818897,141.7259651993828,13040200.0
2026-07-06,141.77542114257812,143.1705210963408,139.88562127555292,142.7153917410378,9006600.0
2026-07-07,143.44757080078125,147.4646545668194,143.01221914382054,145.43633495212399,9256700.0
2026-07-08,141.00367736816406,144.45679383395426,140.934425112234,144.45679383395426,8997900.0
2026-07-09,136.40283203125,137.2735353366723,133.26634047558733,135.64096663900548,18763700.0
2026-07-10,135.9279022216797,136.50177345022746,133.87977481475042,134.4239643502271,9074900.0
2026-07-13,137.0261688232422,138.767560222303,136.2939851737771,136.561135506319,6716300.0
2026-07-14,134.01829528808594,137.32298798323302,133.97872472956806,136.7887024069684,8518600.0
2026-07-15,133.9688262939453,135.5420315893886,133.22675373670964,133.66210538588868,8078300.0
2026-07-16,137.9562225341797,138.14421665643164,135.05719977841213,135.5914853544139,7805600.0
2026-07-17,135.67063903808594,140.45949179228919,134.74057240692864,139.4007944277792,8579300.0
2026-07-20,134.0281982421875,136.13567393562545,132.53414923743347,136.11589620526743,8758700.0
2026-07-21,133.57305908203125,133.949047338797,132.85077936022233,133.47411003630194,7989500.0
2026-07-22,134.2161865234375,134.91868853470933,133.29602378068546,134.91868853470933,6198700.0
2026-07-23,133.52359008789062,133.90946722620518,132.31648414803374,133.27623256082987,7755700.0
2026-07-24,135.1957244873047,135.6805506578769,133.14761208816236,134.09745650305294,7968300.0
2026-07-27,138.3124237060547,138.82693157296873,135.56180930207955,135.6211877885543,7237900.0
2026-07-28,141.3499755859375,143.8928029284583,140.2912782003228,141.69628213763494,10648800.0
2026-07-29,141.98321533203125,143.6949251292903,141.07294147749164,141.76553950839082,8390800.0
2026-07-30,138.7180938720703,141.01357889910406,137.94633961927565,139.60859000049058,8253100.0
2026-07-31,138.08485412597656,138.6785181896626,136.91733392423276,138.0551724325427,9699400.0
2026-08-03,138.1541290283203,140.0538329994634,137.24385515240832,139.5887996469044,6645300.0
2026-08-04,137.62973022460938,137.73856813735512,135.6805517583931,136.31378640595798,8525200.0
2026-08-05,137.3131103515625,138.7873666601581,136.462199847525,138.74778100089753,6257600.0
2026-08-06,136.97669982910156,139.03471616420634,135.69043773247301,138.6092533879925,8510300.0
2026-08-07,137.55056762695312,138.01560095098017,135.7003231960887,136.08620030565325,4734000.0
2026-08-10,136.27420043945312,137.05585865581244,135.73001087695707,137.05585865581244,5883800.0
2026-08-11,136.947021484375,137.04595543422474,135.45297239584605,135.5618103089342,5823900.0
2026-08-12,137.23394775390625,137.28342227693042,135.28476930729107,136.06642751756058,5472700.0
2026-08-13,139.13365173339844,139.34143869118154,137.85729358488868,137.9364498022582,6246700.0
2026-08-14,139.30184936523438,139.77678665694404,138.63893304691535,139.13364806931799,3867000.0
2026-08-17,136.77882385253906,138.41137749516867,136.2049525769921,138.23328732215685,6856200.0
2026-08-18,138.64883422851562,139.31175053353675,137.58024798986088,138.87639890695473,6224700.0
2026-08-19,141.07293701171875,142.11184157393262,139.1435514518955,139.3810049992557,6954200.0
2026-08-20,140.57823181152344,141.854590010258,139.61848339722084,140.24182919759406,5350000.0
2026-08-21,141.9634246826172,142.04258090129292,140.1428769455901,141.16198872759466,6627600.0
2026-08-24,143.14085388183594,144.35784870411655,142.85392578947105,143.37832254612468,5997000.0
2026-08-25,140.76622009277344,142.34929914409528,140.578225964131,142.21077953838582,10194100.0
2026-08-26,140.6870574951172,141.181772507001,139.7273091642623,141.181772507001,8577000.0
2026-08-27,138.2431640625,139.59867836321212,138.20357840696596,139.07428165866637,6241300.0
2026-08-28,139.5789031982422,139.7965639176636,138.51031694174438,139.17323325783477,5465100.0
2026-08-31,138.8566131591797,139.54921119246345,137.85729421812061,139.54921119246345,6555600.0
2026-09-01,138.3124237060547,139.9350884270868,137.8968648857604,139.69763487120713,5529500.0
2026-09-02,139.0347137451172,140.21213791083318,137.82760788593814,138.78735623458877,7054500.0
2026-09-03,138.54000854492188,139.26228829956483,137.11522676767714,138.83684059809875,10320000.0
2026-09-04,137.6300048828125,139.47000122070312,137.42999267578125,137.74000549316406,6138900.0
2026-09-08,138.4499969482422,138.97999572753906,137.0,137.0,10086300.0
2026-09-09,136.69000244140625,138.1199951171875,136.3300018310547,138.00999450683594,7371700.0
2026-09-10,136.64999389648438,137.7899932861328,136.47999572753906,137.5,7445600.0
2026-09-11,136.32000732421875,137.49000549316406,136.0399932861328,137.30999755859375,8767100.0
2026-09-14,136.33999633789062,138.8000030517578,136.14999389648438,138.0,10764800.0
2026-09-15,135.5,136.02999877929688,134.75,135.77000427246094,8173500.0
2026-09-16,134.33999633789062,136.0500030517578,134.24000549316406,135.4199981689453,6880700.0
2026-09-17,133.66000366210938,134.91000366210938,132.92999267578125,134.77999877929688,10553600.0
2026-09-18,129.75,132.3000030517578,129.5500030517578,132.2100067138672,23539900.0
2026-09-21,129.58999633789062,130.22000122070312,127.9800033569336,129.64999389648438,12011300.0
2026-09-22,,,,,
2026-09-23,130.17999267578125,131.38999938964844,129.22000122070312,131.08999633789062,8173400.0
