Date,Close,High,Low,Open,Volume
2015-01-02,94.46270751953125,95.61893920549034,94.00388342161412,95.21517876007134,31314600
2015-01-05,93.0770492553711,94.15987431891982,92.81093045997103,94.04975402393028,36521300
2015-01-06,91.82907104492188,93.3707205687547,91.41613208363329,93.21472202792137,66205500
2015-01-07,93.01283264160156,93.23306627422505,92.21447609682758,92.43471673055203,37577400
2015-01-08,94.79307556152344,94.97660242760975,93.70107180533671,93.80201368201453,40212600
2015-01-09,94.16905975341797,95.11423626869325,93.61846523868277,95.0867079431765,41410100
2015-01-12,93.18717193603516,94.45352385588663,92.94858145799947,94.3525819998369,34129800
2015-01-13,93.15963745117188,95.08670417416043,92.40716624544008,94.09564248824057,56162300
2015-01-14,92.64578247070312,93.12296356368176,91.82907594732609,92.22366504297693,51354200
2015-01-15,91.44365692138672,93.2238899098709,91.33353660206869,93.07706981854798,51005400
2015-01-16,92.51731872558594,92.63661050662468,91.17755279574975,91.32437291078956,35362200
2015-01-20,93.25145721435547,93.49004081969782,92.03098284423662,93.07710173259464,30964100
2015-01-21,93.72859191894531,94.16906616048239,92.6457667013131,92.97612063219076,40128800
2015-01-22,95.46295166015625,95.5638935333832,93.26977278022707,94.09565765158347,40887200
2015-01-23,95.67401885986328,95.96766605159993,95.17848791110116,95.4537782152348,34783000
2015-01-26,95.56389617919922,95.73825160161864,95.07754368624094,95.56389617919922,19960900
2015-01-27,93.08624267578125,94.11400425666672,92.77423862365481,94.05894760086234,45253200
2015-01-28,92.60905456542969,94.68294145553627,92.59070468193325,94.58199959355541,43591700
2015-01-29,93.49919128417969,93.67354671375985,91.72812966092789,92.53565770116496,46539700
2015-01-30,92.77425384521484,94.13237658705717,92.64578362652593,93.41661193976125,42927600
2015-02-02,93.58177185058594,93.66435683276515,91.53541316746072,92.98529908636733,43624700
2015-02-03,94.48106384277344,94.54529894081608,93.30647519222188,93.921297845073,30750400
2015-02-04,94.39848327636719,95.02248440130343,93.88459546688381,94.09565765666999,34073200
2015-02-05,95.21520233154297,95.27943744110941,94.39849579515464,94.6370793443432,23605500
2015-02-06,94.63706970214844,95.59142480497277,94.29754430093384,95.36201272259486,34169300
2015-02-09,94.334228515625,94.78387412925139,94.10481648810752,94.26999342796408,22604700
2015-02-10,95.80245971679688,95.93092988625224,94.71045627532708,94.8572833267613,23686500
2015-02-11,96.15119934082031,96.37143299905199,95.72908191208386,95.91260879375997,20303600
2015-02-12,97.27069091796875,97.30739767920174,96.62834009913868,96.77516014297177,22520300
2015-02-13,98.10578155517578,98.12413144039989,97.36248168323404,97.54601554097925,29030200
2015-02-17,98.1975326538086,98.26176774567885,97.85800031043725,98.1057692370082,17675300
2015-02-18,98.33519744873047,98.39025410764363,97.94977983303507,98.07825003789983,15149600
2015-02-19,98.821533203125,98.88576829467905,98.24341037803862,98.27093870283322,19828100
2015-02-20,99.48225402832031,99.53731068511838,98.44530698461787,98.7573110423755,28336700
2015-02-23,99.58319854736328,99.61073387953103,99.20696635428864,99.42720000392016,17868000
2015-02-24,99.65660095214844,99.77589970822866,99.15189860314217,99.45471721210565,19745000
2015-02-25,99.40882873535156,99.89518114918458,99.18858813198945,99.50977059495087,19472300
2015-02-26,99.91351318359375,99.96857682514765,99.23445561395144,99.5097528184247,22255500
2015-02-27,99.47309112548828,99.94109378468876,99.31709257278877,99.87685167358694,27757600
2015-03-02,100.37237548828125,100.40908226295673,99.64743244091873,99.66578932880718,22988600
2015-03-03,99.9043960571289,100.17051496583521,99.27121634327241,100.06957306939135,20788900
2015-03-04,99.51895904541016,99.72084279911411,98.9775498887506,99.57402270621199,21007400
2015-03-05,99.69331359863281,99.99613922654414,99.2803746522818,99.77590558856369,15381000
2015-03-06,98.56460571289062,99.75754428346252,98.31683675517206,99.56483898362632,30990400
2015-03-09,98.84906005859375,99.09682197916231,98.36270765818523,98.7664680843377,26237100
2015-03-10,97.01380157470703,98.17004065734555,97.01380157470703,98.14250532112587,34234500
2015-03-11,96.4540023803711,97.27988715646643,96.4172956124224,97.16058841035814,25459700
2015-03-12,97.08720397949219,97.19731730730776,96.31637567927466,96.38061078753431,21473200
2015-03-13,96.66506958007812,97.38084114254532,96.05942533626863,96.99542353164729,42021100
2015-03-16,97.91307067871094,97.949777450794,96.92201583687206,97.02295770982523,25674100
2015-03-17,98.06907653808594,98.22507506913459,97.41754708391133,97.64695915937143,19603800
2015-03-18,99.03260803222656,99.48226076352283,97.29825321465891,97.80296260648073,40622200
2015-03-19,99.17943572998047,99.45472603537921,98.98673041587095,99.13355051186335,31314000
2015-03-20,99.82144165039062,100.31811234500739,99.8030495582363,99.99619810327546,31761400
2015-03-23,99.62826538085938,100.04215400259459,99.59147418958479,99.76623059383853,17268500
2015-03-24,99.26956939697266,100.07895462971904,99.2511773082024,99.61907522123073,22445300
2015-03-25,96.99774169921875,99.51787831360888,96.96095051293261,99.42590385649414,41581400
2015-03-26,96.66666412353516,97.2185180894206,95.8756708661246,96.19758509479078,47846300
2015-03-27,97.05294036865234,97.28288005652246,96.50108652120453,96.64825128969855,33878400
2015-03-30,98.16584014892578,98.24861505608862,97.64157801862373,97.64157801862373,30570200
2015-03-31,97.12654113769531,98.09229081643468,97.09894949268053,97.88994273005473,30488100
2015-04-01,96.62065124511719,97.14491340716872,95.99521506782749,97.12651430410625,32970500
2015-04-02,96.6850357055664,96.99775029089575,96.37231410303517,96.71262734342466,19164200
2015-04-06,97.47604370117188,97.7427675862139,95.96763276708218,96.11479754785307,24451100
2015-04-07,97.31047821044922,98.13825546874038,97.31047821044922,97.42084476904678,19379400
2015-04-08,98.08307647705078,98.22104169853111,97.33807410514072,97.34726664062413,25866900
2015-04-09,98.69930267333984,98.7360938629649,97.7059686222706,98.03707529449241,23114700
2015-04-10,99.10401916503906,99.11321871864162,98.44179164972199,98.6625318157599,17164300
2015-04-13,98.85566711425781,99.68344432170971,98.74529354523666,99.17758125240044,17783500
2015-04-14,98.5705337524414,99.03961263311727,98.0094804093511,98.75448969447199,23755700
2015-04-15,99.18679809570312,99.39834573387279,98.70852654713345,98.82809267997496,21128600
2015-04-16,99.04881286621094,99.22356224084058,98.78208201133212,98.92004721450417,16195300
2015-04-17,97.50363159179688,98.368200085351,97.08054338916342,98.10147621057122,46514000
2015-04-20,98.9660415649414,99.14079797553907,97.95430832837056,97.99109952098073,28945900
2015-04-21,99.38912963867188,99.71105081933615,99.26956352572964,99.53629440894154,22759800
2015-04-22,99.93181610107422,100.09737300068161,99.00285755232136,99.64668604123666,21429200
2015-04-23,100.30889129638672,100.75957815544353,99.57308847540892,99.59148056362223,29473200
2015-04-24,101.67015075683594,101.80811599678124,101.20107174790338,101.36662863239701,32508100
2015-04-27,101.41260528564453,102.24038959302797,101.19185812554053,102.04723407363632,31121300
2015-04-28,101.21028900146484,101.67936809242991,100.35491278486023,101.48621251240532,36849200
2015-04-29,100.57559967041016,101.23782697307246,100.02374592392528,100.6491820411951,34043900
2015-04-30,98.99365997314453,100.4100896942296,98.46939761679263,100.00540050049413,44080500
2015-05-01,100.29971313476562,100.36409597854288,99.36155510577859,99.37995421383134,32874300
2015-05-04,100.46526336669922,101.09069967219563,100.4100730634003,100.62162068877251,23507300
2015-05-05,98.82806396484375,100.2536926767609,98.78208024274419,100.06974375395941,47843300
2015-05-06,98.1474609375,99.28795988737406,97.4944330300236,99.00283690420625,42687200
2015-05-07,98.7361068725586,99.01203732250261,98.04628776490141,98.11987015384685,29335800
2015-05-08,99.96856689453125,100.18010744800893,99.60986159324179,99.75701932385216,33023300
2015-05-11,99.58228302001953,100.2353179486113,99.50870764847922,100.0329698881691,19679300
2015-05-12,99.13159942626953,99.63746955827546,98.23023975840768,98.99363420688587,33665000
2015-05-13,99.33393859863281,100.07894089261794,99.1867738398594,99.56387827131483,20738400
2015-05-14,100.78717803955078,100.86995296908468,99.77544469220695,100.14334262418416,23904200
2015-05-15,100.78717803955078,101.18267463190921,100.53883921654258,101.04470939881612,23937400
2015-05-18,101.22864532470703,101.43099337155033,100.5480258175815,100.62160820137949,17631100
2015-05-19,101.11827087402344,101.49536828145192,100.9527140320007,101.3390109909865,14212900
2015-05-20,101.18265533447266,101.78969242022426,100.64919361076232,101.19184786897662,21131900
2015-05-21,101.7069091796875,101.84487437517275,100.86073293927328,101.0078906685099,16771800
2015-05-22,101.60577392578125,101.9736789150029,101.52299197003447,101.58737481685796,13543800
2015-05-26,100.43769073486328,101.52300675162529,100.03300150328094,101.38504850063417,25488400
2015-05-27,102.05643463134766,102.16680821248664,100.52043913414431,100.74117927921958,30572700
2015-05-28,101.82647705078125,102.10240744656846,101.51376248494375,101.86326823803297,17302400
2015-05-29,101.2194595336914,101.9000790861653,100.98032027901573,101.7621138616523,30383000
2015-06-01,101.55978393554688,101.83571443384221,100.7319994578649,101.76213203200291,24570200
2015-06-02,101.23788452148438,101.7345552808123,100.68603046129948,101.18270122062741,19449600
2015-06-03,101.54137420654297,101.91847167036263,101.29303539777135,101.69773152039008,20507200
2015-06-04,100.7687759399414,101.614959403087,100.44686175042011,100.97112400684136,31374600
2015-06-05,100.5296401977539,100.88834557034328,99.91339646530297,100.6492063162161,22641700
2015-06-08,99.50869750976562,100.55722188231364,99.3063494699402,100.48363950106764,24549200
2015-06-09,99.34313201904297,99.70183732491199,98.5981227538368,99.26954964419765,27554600
2015-06-10,100.70438385009766,100.99870637022035,99.57308451411456,99.68345107340906,30297900
2015-06-11,100.8515396118164,101.31141894701192,100.67678321893754,101.04468809053431,17593500
2015-06-12,100.0237808227539,100.52965102689984,99.8858155836956,100.3181033913833,27201800
2015-06-15,99.52711486816406,99.68347220511211,98.69933041196286,99.27878303990565,31238800
2015-06-16,100.06974792480469,100.23530476910697,99.37992890974547,99.42591263376161,16456900
2015-06-17,100.34567260742188,100.66758674847095,99.72943596352764,100.23530605460618,23296700
2015-06-18,101.80810546875,101.98285487188642,100.65840695010283,100.71359023349297,43032400
2015-06-19,101.30475616455078,101.94085161880365,101.23100453990135,101.85787928273751,27877600
2015-06-22,102.051513671875,102.35573397270633,101.82104502579277,102.051513671875,19120900
2015-06-23,102.13444519042969,102.22663120532135,101.7103838952543,102.16210029156298,18127900
2015-06-24,101.60897064208984,102.44787246706254,101.58131554273295,102.01459752156858,15815900
2015-06-25,101.40615844726562,102.10678478405515,101.24022081574553,102.00537806294055,18326700
2015-06-26,100.73322296142578,101.61822866585842,100.35525807586188,101.38776004213713,32311700
2015-06-29,98.35475158691406,100.17084471892598,98.30865506782429,99.61771462321414,50874900
2015-06-30,98.70506286621094,99.30428245767332,98.40084271515968,99.09224831299902,34809900
2015-07-01,99.48869323730469,99.88509954919704,99.02775599246912,99.68228603613431,21293000
2015-07-02,99.51634979248047,99.8574458906183,99.21213655181083,99.77448056134774,20499400
2015-07-06,99.2858657836914,99.85743041903905,98.6774323632765,98.88945952745775,24311000
2015-07-07,99.53477478027344,99.62696080868395,97.56196423224748,99.39649222098612,44230800
2015-07-08,97.80164337158203,98.94477259401108,97.61727132065755,98.82492443090156,39691500
2015-07-09,97.7463150024414,99.19365713665624,97.73709429160544,99.10147112832148,28381000
2015-07-10,99.23979187011719,99.60854307878678,98.68666857378494,99.04619906806812,26415800
2015-07-13,100.98210144042969,101.065066743024,100.08788233464458,100.09710304604684,25780700
2015-07-14,101.64584350585938,101.92240152475308,101.06505830283383,101.12037553328574,21977200
2015-07-15,101.7564926147461,102.15289888369627,101.47071380457623,101.83946496716719,28631500
2015-07-16,103.194580078125,103.21301446386025,102.39254714849966,102.59536055829048,29838900
2015-07-17,104.71569061279297,104.71569061279297,103.84913361758498,104.02428493895198,35926800
2015-07-20,105.07522583007812,105.45319059984602,104.61428872385156,104.93694329154174,26539000
2015-07-21,105.01068878173828,105.27802609839063,104.70646862139942,105.11208846850957,35468900
2015-07-22,103.82148742675781,104.32851407775297,103.40663976684235,103.40663976684235,35575000
2015-07-23,103.43427276611328,104.26396087529051,103.16693546242298,103.92287195448638,25698300
2015-07-24,102.42021942138672,104.17178176030805,102.26350249966085,103.98740973867076,30844700
2015-07-27,101.57211303710938,102.28195317008368,101.35086516925728,101.83945743437948,35994800
2015-07-28,102.44788360595703,102.65069706774777,101.21257547809324,102.02382229191383,33553500
2015-07-29,102.83507537841797,103.05632322903388,102.27273152337318,102.66913773212045,26714100
2015-07-30,103.32364654541016,103.49879783449875,101.97771125904154,102.59536519251067,25438100
2015-07-31,103.20382690429688,103.70163987913789,102.99179975020375,103.6463296708254,22081700
2015-08-03,102.88113403320312,103.5080086165001,102.19894926216648,103.22222993539157,25001800
2015-08-04,102.68756103515625,103.01943629191835,102.26349977003615,102.83506427520234,22132300
2015-08-05,103.48040771484375,104.17181355703647,103.13931163402486,103.25915981467838,28989900
2015-08-06,101.82102966308594,103.71087508915927,101.36009244046745,103.57259251570495,42125400
2015-08-07,101.69192504882812,101.93161427315287,100.85302331370285,101.5720839533362,30006800
2015-08-10,102.8534927368164,103.07474055079498,102.32802478277902,102.33724549308599,21500800
2015-08-11,101.53521728515625,102.70600138241419,100.97287349671109,102.30959522061417,36123300
2015-08-12,101.88553619384766,102.08834964856598,99.76522969757,100.83460014061826,41889000
2015-08-13,101.71959686279297,102.47554046631316,101.49834902193017,101.98694122745064,22510500
2015-08-14,101.87629699707031,102.02379317870206,101.27707749459165,101.47989089850816,17924900
2015-08-17,102.7244644165039,102.75211952309981,101.36930792655708,101.62743163257677,21224900
2015-08-18,102.198974609375,102.66913242179051,102.06069207238903,102.58616008626213,13984400
2015-08-19,101.5260009765625,102.42944076821279,100.93600206365115,101.88553134432593,42511400
2015-08-20,98.71427917480469,100.9083369754372,98.70505846457574,100.58568245083552,57747300
2015-08-21,94.3999252319336,98.15195317295175,94.3999252319336,97.32226493578777,97763400
2015-08-24,90.76776123046875,94.51979011471586,78.11964213172591,86.86823608550337,150829900
2015-08-25,90.4266357421875,94.71335212387464,90.35289115247325,94.09569810579872,75088300
2015-08-26,94.98069763183594,95.16507669170751,91.20101482124335,93.07241832055249,104103800
2015-08-27,97.3868179321289,97.45134886335322,95.21119363178892,96.35431599919575,69377700
2015-08-28,97.36833953857422,97.71864914501592,96.65849258252918,96.87052670836286,49919600
2015-08-31,96.16069793701172,97.35913724008097,95.92101570307159,96.82444850281364,39549400
2015-09-01,93.15538787841797,95.22038405401827,92.76819538090272,93.76382117449889,73155500
2015-09-02,95.78269958496094,95.80113396828537,93.7545727856285,94.84238426860199,43963600
2015-09-03,95.31257629394531,96.81522876026186,95.04523192263582,96.16069889947335,45131800
2015-09-04,94.17868041992188,94.81476889449539,93.65320532497019,94.00352205493799,49379600
2015-09-08,96.83366394042969,96.95350505087274,95.58913521400419,95.98554138958256,37343500
2015-09-09,95.74586486816406,98.0044540782091,95.49695486977248,97.97679897468619,47146700
2015-09-10,96.78754425048828,97.4236395280328,95.5245814375945,95.6352018104961,47686700
2015-09-11,97.322265625,97.322265625,96.06851606514955,96.34508115727692,29106100
2015-09-14,97.02725982666016,97.70023108924951,96.65850873894031,97.68178966652543,19718800
2015-09-15,98.17040252685547,98.47462276574291,96.89821839152187,97.25774884353666,30020200
2015-09-16,98.72351837158203,98.81571143102097,97.84774057365571,98.18883660688812,31329100
2015-09-17,98.76038360595703,100.23538799880961,98.30866720315059,98.62210809830152,56139800
2015-09-18,97.3557357788086,98.51088216216051,97.18939441758776,97.24484623829737,48384000
2015-09-21,97.66065216064453,98.4646362197607,96.78274412461087,97.89168133333243,35772600
2015-09-22,96.20057678222656,96.49629393557387,95.3041821782026,96.16361125675151,47359700
2015-09-23,96.2745361328125,96.71811551844895,95.77551196789219,96.45935676406219,21775100
2015-09-24,95.92337036132812,96.28377551348679,94.50946509079618,95.34117199979883,38284300
2015-09-25,95.1101303100586,97.04153871671954,94.51869592965858,96.94912841674216,44700000
2015-09-28,92.40245056152344,94.76819471467981,92.12521971068,94.70350681110439,44077500
2015-09-29,91.92189025878906,93.57606001550954,91.25652509961088,92.63345702319013,49315500
2015-09-30,94.03815460205078,94.13980804333816,92.87376512486573,93.23417021653786,41411400
2015-10-01,94.46327209472656,94.47251524190895,92.95695637449485,94.2045203772637,39339100
2015-10-02,96.1174087524414,96.1174087524414,92.8552769516854,93.15099410230896,59370900
2015-10-05,97.49434661865234,97.7530982588568,96.61643826075105,96.8289812292961,32853500
2015-10-06,97.03227996826172,97.58674872941836,96.27450434957531,97.26330920628139,33051500
2015-10-07,97.61447143554688,97.82702143743327,96.37615809984781,97.6422008665821,37389300
2015-10-08,98.00262451171875,98.16896587723033,96.30224532532766,97.24484874671136,50188900
2015-10-09,98.44617462158203,98.63100223634557,97.78080930933848,98.04880406290616,23916200
2015-10-12,98.68646240234375,98.87128299550864,98.27984863683658,98.63101763448502,16162000
2015-10-13,98.04881286621094,99.12079197672924,97.95640257575842,98.12274391875425,26999600
2015-10-14,97.8917236328125,98.53860277567783,97.48510985703778,98.04882184601495,30902600
2015-10-15,99.4996566772461,99.50889981960604,98.12272458459135,98.25210037582325,38393800
2015-10-16,99.91552734375,99.97097210470032,99.23167572324958,99.7122204863284,27091100
2015-10-19,100.48847961425781,100.55316752160135,99.56436262337695,99.78615577751461,23776300
2015-10-20,99.97099304199219,100.52546191897828,99.62906716013119,100.31291892385319,23404700
2015-10-21,99.361083984375,100.58091847685716,99.32412549863912,100.47927206540083,30195200
2015-10-22,101.38488006591797,101.46805426612589,99.96173897189675,100.24822004988677,42778700
2015-10-23,104.2219009399414,104.64699386008049,103.56577879904508,104.1110114262674,53170900
2015-10-26,104.28661346435547,104.48992035469996,103.75062385352983,104.14799448907932,25918000
2015-10-27,104.49913787841797,104.64699291212807,103.98162763430206,104.00935706292167,31390500
2015-10-28,105.36781311035156,105.36781311035156,103.81529632914835,104.65624615042434,42221900
2015-10-29,105.20146179199219,105.37704625459754,104.77636887503647,104.88726543833232,24913300
2015-10-30,104.73019409179688,105.423281926437,104.70247170648392,105.24769741884954,27199200
2015-11-02,105.91304779052734,106.04242360387273,104.78562394527206,105.00741004665659,22176900
2015-11-03,106.28270721435547,106.66159155045403,105.5434107310822,105.7005089423803,20418400
2015-11-04,106.29194641113281,106.7078033390317,105.84837414858545,106.63387227845581,28633000
2015-11-05,106.00546264648438,106.64310564720142,105.45099384390376,106.38435400936069,25004100
2015-11-06,106.07939910888672,106.19953178959409,105.12755965667604,105.80216116823438,29924900
2015-11-09,104.95194244384766,105.82061447336815,104.30506351789718,105.68199554624977,33479800
2015-11-10,104.68397521972656,104.78562865627569,104.0832977447871,104.39750119878991,35452100
2015-11-11,104.55459594726562,105.47871293958755,104.37901146257947,104.97044577362924,22748800
2015-11-12,103.5380859375,104.63778759795474,103.4641548736727,104.12952034720986,31196900
2015-11-13,101.5050277709961,103.21465019611163,101.44958299628473,103.10375359623434,52836000
2015-11-16,102.9651107788086,102.98359706640363,101.17232865700117,101.40335789876862,33980600
2015-11-17,103.02978515625,103.76908145301437,102.77103356751807,103.14068171590026,30579500
2015-11-18,105.00740051269531,105.10905393544482,103.3439943276579,103.44564775040742,32966500
2015-11-19,105.08131408691406,105.56185874192204,104.87800727521463,105.0628348542374,26188100
2015-11-20,105.79292297363281,105.87609012390521,105.47871951043427,105.58037294995849,22727600
2015-11-23,105.48796081542969,106.21801411816581,105.03514544300722,105.82987960563598,20696200
2015-11-24,105.39556884765625,105.64507738795876,104.27738083796685,104.80413440724209,26374400
2015-11-25,105.48796081542969,105.68202454646787,105.26617470145081,105.55264872577574,14159900
2015-11-27,105.63582611083984,105.84837615140381,105.27542099678043,105.719000318175,8828000
2015-11-30,105.36781311035156,105.95001130983584,105.02589434603519,105.95001130983584,25041600
2015-12-01,106.42132568359375,106.42132568359375,105.66354291406846,105.79292579091586,28639400
2015-12-02,105.76521301269531,106.9665682189213,105.60811477739873,106.50450960890436,22395500
2015-12-03,103.97242736816406,106.2365116710414,103.35326349045133,106.05169105260619,42754300
2015-12-04,106.40281677246094,106.57840123543157,104.07404534202165,104.28658827571553,40037300
2015-12-07,105.92232513427734,106.54148201954894,105.4140578102751,106.47679409199004,25892100
2015-12-08,105.93152618408203,106.2734520026013,104.77637996666245,104.81334549167424,30792600
2015-12-09,104.32360076904297,106.05170264720921,103.6859575799552,105.46950423962285,48509200
2015-12-10,104.79487609863281,105.49720703892643,104.24964336655705,104.56384683344643,30154600
2015-12-11,102.38292694091797,103.86151278375428,102.31823903062056,103.58427485364909,56022200
2015-12-14,103.15916442871094,103.20537309273617,101.07990145571563,102.52152857796656,53098500
2015-12-15,103.78759002685547,104.68398474868211,103.65821419591698,104.11103665465568,48428000
2015-12-16,105.33086395263672,105.50644139698056,103.39945566122617,104.48991405697932,44944100
2015-12-17,103.79684448242188,105.79294103518708,103.77836524046876,105.79294103518708,45668800
2015-12-18,101.80574035644531,103.7059615912774,101.80574035644531,103.47422677688432,53746100
2015-12-21,102.9366455078125,102.95518118815565,102.00970590692086,102.76979609677248,26432800
2015-12-22,103.61328887939453,103.76160258350033,102.9366270523751,103.48351792429528,26540300
2015-12-23,104.38265991210938,104.45681677098572,103.96553995690769,104.15092503211126,25656900
2015-12-24,104.36410522460938,104.65146125189166,104.31776249710265,104.38264797320126,11468600
2015-12-28,104.30846405029297,104.32700679407222,103.3629892051063,104.11380767251879,19183600
2015-12-29,105.94918060302734,106.18091546255104,104.86465608574659,104.92954156353376,27725700
2015-12-30,104.9944076538086,105.8935398742511,104.97587198014351,105.85646145493554,19520100
2015-12-31,103.68746185302734,104.81832927071083,103.66891910113772,104.6236728077963,29886800
2016-01-04,101.49984741210938,101.5925399222896,100.22067379885775,101.45349762102666,50807600
2016-01-05,101.32376861572266,102.1302086391292,100.85103449661122,102.00043765678627,38795200
2016-01-06,100.35047149658203,100.93444083128138,99.56257434189611,99.56257434189611,41891100
2016-01-07,97.20812225341797,99.45131355406424,97.15250108914758,98.20921127447632,61386300
2016-01-08,96.41098022460938,98.52440117171226,96.30901631295202,97.91261770176816,69344000
2016-01-11,96.70759582519531,97.3842576725447,95.2244940995115,97.09690870218976,50024100
2016-01-12,97.82916259765625,98.32971060703414,96.47583223392408,97.63450621711787,46734200
2016-01-13,94.45512390136719,98.46877309980758,94.30681020653986,98.22776688170627,69870700
2016-01-14,96.46659088134766,97.31010919815995,93.31499525191835,94.8259111222553,78445700
2016-01-15,93.4725570678711,94.49219597128145,92.2397331544503,93.26863635917475,91443900
2016-01-19,93.676513671875,94.89080935629417,92.58272466147525,94.74249562580502,56563800
2016-01-20,93.38912200927734,94.39021801692607,90.14483489232974,92.20264099516834,86675000
2016-01-21,93.4818344116211,94.87224347199816,92.52708798834662,93.78772610218073,61660100
2016-01-22,96.18851470947266,96.2255931403878,95.03911163905366,95.36353906957665,42229800
2016-01-25,94.76101684570312,96.39242507845375,94.67758862326328,95.84553423351703,38881500
2016-01-26,95.61378479003906,96.02163324997211,94.32533980182654,95.15958653893884,36143900
2016-01-27,93.23158264160156,95.4655033037566,92.83299834792409,95.05765470631027,54524700
2016-01-28,94.54782104492188,94.81663432594289,92.93494843078238,94.77955590042414,47641500
2016-01-29,96.52220916748047,96.55928759672526,94.49221643823593,94.5200234921727,54245100
2016-02-01,96.78176879882812,97.14327468367406,95.68797976796428,96.0587499571482,32750300
2016-02-02,94.6868667602539,96.37389628578813,94.39951072019944,96.33681785894282,44928100
2016-02-03,94.232666015625,95.31718345337332,92.58270788682741,95.31718345337332,61572900
2016-02-04,94.22339630126953,94.97421499109522,93.10180041785566,93.9823900646392,49321600
2016-02-05,90.95130920410156,93.92678424593166,90.5805319778077,93.88970581610353,70749900
2016-02-08,89.56089782714844,89.95948209854924,87.91093956210254,89.2550060921691,91673100
2016-02-09,89.2828140258789,90.63614487253516,88.22610354188721,88.36514588388344,73778400
2016-02-10,89.62578582763672,91.47966489609469,89.56090034312018,90.31171910280969,59421700
2016-02-11,89.49601745605469,90.20975780645149,88.23537908715664,88.48564965698763,76839200
2016-02-12,90.85857391357422,90.9512734877353,89.6628286131238,90.50633957650976,49186500
2016-02-16,92.90716552734375,92.90716552734375,91.62798426642509,92.20268940335872,40565900
2016-02-17,95.01129913330078,95.14107009806534,93.34280519777478,93.58381144890346,41766500
2016-02-18,93.92678833007812,95.32646198901703,93.80628165989997,95.30792630929069,38991500
2016-02-19,94.20484924316406,94.49220526784458,93.26864553535864,93.47256626411762,28257900
2016-02-22,95.73431396484375,95.82700650387032,94.99276658064377,95.08545911967035,23979100
2016-02-23,94.15852355957031,95.43769762489676,94.09363807231436,95.17815567587294,29869700
2016-02-24,95.05764770507812,95.17814729308688,92.4807499776166,93.05545500840076,40739100
2016-02-25,95.99383544921875,95.99383544921875,94.39949865851717,95.25228822302248,29389300
2016-02-26,95.87334442138672,96.74466973856721,95.64160956656097,96.72612698986869,30925000
2016-02-29,95.01129913330078,96.49440092488658,95.01129913330078,95.78066061868151,27553900
2016-03-01,98.06092071533203,98.06092071533203,95.62307262083309,95.91969294819411,37699800
2016-03-02,98.09801483154297,98.11655051097385,97.33792467910075,97.94043680442402,29209800
2016-03-03,97.91261291503906,98.02384819649646,97.20814401510283,97.99604114412882,25474600
2016-03-04,97.94969940185547,98.58001857133864,97.30084455326431,98.0238562622623,31655400
2016-03-07,97.34716796875,98.01456543599339,96.65196345236913,97.44913186357807,25861200
2016-03-08,96.54074096679688,97.52329447837036,96.37389159011586,96.67978329269546,28898500
2016-03-09,97.16177368164062,97.1803093553066,96.36460534628165,96.90223181840476,31047400
2016-03-10,97.01348114013672,98.1258055929655,95.76210729072132,97.5696433665511,44236100
2016-03-11,98.70978546142578,98.70978546142578,97.75503890710628,98.06093063965152,31454000
2016-03-14,98.8766098022461,99.10834461873509,98.31117628425413,98.33898333071515,25374900
2016-03-15,98.83953094482422,98.95076620216057,98.20921196388889,98.52437499034922,26524600
2016-03-16,99.7201156616211,99.97965749264323,98.57070602140233,98.59852013642714,31693100
2016-03-17,99.66449737548828,99.89623217014778,99.06199256696131,99.43276258082876,29623700
2016-03-18,99.8206787109375,100.07169154013687,99.29075643332826,99.90434728968333,37682300
2016-03-21,100.21115112304688,100.30411857937037,99.58826136342103,99.64404041862267,17288600
2016-03-22,100.51799774169922,100.75042003911929,99.62549697076203,99.64408763365077,18840300
2016-03-23,99.69056701660156,100.3971256377347,99.46743652185577,100.32275589911784,20912900
2016-03-24,99.71845245361328,99.74634199106809,99.03977630603215,99.2071206237258,19017300
2016-03-28,99.57901763916016,100.0159727281353,99.40237440924267,99.99737497079336,13892300
2016-03-29,101.1781005859375,101.24317856117179,99.2257542359413,99.39309861411053,29963900
2016-03-30,101.67080688476562,102.3029957959146,101.45697525752412,101.78237213719146,23807200
2016-03-31,101.52204132080078,101.97759406177751,101.36399588477109,101.59641814703754,21447200
2016-04-01,102.60047912597656,102.63766753732021,100.76899065184601,100.90844542114364,26389000
2016-04-04,102.21002960205078,102.6748741869712,101.96830843186183,102.60049735107222,17163000
2016-04-05,101.22454071044922,101.8009504720688,101.0943848115294,101.41977455882895,20107900
2016-04-06,102.88870239257812,102.9258908118536,101.3268242478365,101.3268242478365,25056000
2016-04-07,101.41049194335938,102.47963586082668,100.97353691764069,102.2936937791564,28567200
2016-04-08,101.33609008789062,102.28436964487341,100.98281085939966,102.04265563783595,22898000
2016-04-11,100.96424865722656,102.28440565756358,100.95494977892393,101.7730808383735,25772100
2016-04-12,101.81025695800781,102.00549082097962,100.4250150698818,101.03861329033467,28564100
2016-04-13,103.11182403564453,103.26986948424151,102.4610373937712,102.59119330355286,25356700
2016-04-14,103.12110900878906,103.50228492866229,102.26579677444161,103.13040788543502,17199700
2016-04-15,102.86080932617188,103.25127707573395,102.60049749313049,103.03745253843516,21353300
2016-04-18,103.40931701660156,103.44649833710348,102.49821861908306,102.56329656940834,17126100
2016-04-19,102.77713012695312,103.60455283665654,102.15423305575588,103.60455283665654,42481400
2016-04-20,102.86080932617188,103.33495278947753,102.4238542808672,102.77714070539378,18078300
2016-04-21,102.87007141113281,103.24194836517064,102.40522699182625,102.80499347614841,20216000
2016-04-22,101.31751251220703,102.00548040092069,100.51797938763536,101.5313370147295,39074000
2016-04-25,101.31751251220703,101.32680429547196,100.82477137355735,101.01071343332072,14351900
2016-04-26,100.82476806640625,101.69867798621816,100.51797609054734,101.53133368440236,19118300
2016-04-27,100.01593017578125,100.24835239290681,99.18850765025132,99.79279974040723,33059800
2016-04-28,98.8073501586914,100.71321553023748,98.61211631120536,100.12750689481484,29818200
2016-04-29,98.2867202758789,99.01187654669879,97.50577784294393,98.80734383585954,67502800
2016-05-02,99.21641540527344,99.35587017975614,98.12868093164444,98.53773928570536,24813800
2016-05-03,98.29601287841797,98.95609116211371,98.03569402207732,98.50983735849331,38569400
2016-05-04,97.66384887695312,98.06361549857844,97.42212770986295,97.7010302014605,27474500
2016-05-05,97.63594055175781,98.23094806710144,97.44070670313009,98.01711646548182,20788100
2016-05-06,98.15656280517578,98.17515346360541,97.059529540766,97.15249701884197,30758500
2016-05-09,98.43547821044922,98.89103097108922,98.1193873247462,98.16586752342702,19289600
2016-05-10,99.78353881835938,99.83001902038136,98.61212849573893,98.78877170513239,21178900
2016-05-11,98.88170623779297,99.93225208041036,98.8538167072843,99.63475193337942,20966300
2016-05-12,98.44478607177734,99.2350204511192,97.7475191912465,99.11416341196143,29196300
2016-05-13,98.08222198486328,98.9654239901944,97.88698808135744,98.36113161442391,21059300
2016-05-16,99.30937957763672,99.6719577234174,98.13796944121067,98.23094401640714,18311900
2016-05-17,98.0635986328125,99.51391119998638,97.80327975527499,99.22570988034649,29932700
2016-05-18,98.41688537597656,98.9468078613952,97.65454062339246,97.84047559993894,27524400
2016-05-19,97.90554809570312,98.2774251210397,97.18969067362576,98.03570399062627,27334600
2016-05-20,98.9839859008789,99.38375244222291,98.24023188671573,98.29601804820454,29549600
2016-05-23,98.85382080078125,99.44882111948188,98.76085333091488,99.09553480384112,15729800
2016-05-24,100.83406066894531,100.95491767658493,99.37444933006974,99.40233886314321,29931300
2016-05-25,101.55923461914062,101.86603372240155,101.0386109963693,101.21525419393738,37951700
2016-05-26,101.8567123413086,101.98686821824492,101.41975742889525,101.66147852590412,21885900
2016-05-27,102.38664245605469,102.39594133167047,101.90320731849197,101.92179797675966,19870000
2016-05-31,102.58187866210938,102.73993117938288,102.0612551029892,102.5260995930505,24366100
2016-06-01,102.59117126464844,102.82359349546684,102.1821129616233,102.2657815600954,19571500
2016-06-02,102.80502319335938,102.8143149774981,101.82884679345317,102.38665883927172,15696600
2016-06-03,102.32157135009766,102.65625996499205,101.65219412030886,102.60977976973491,20269900
2016-06-06,102.69343566894531,102.96304630274469,102.33085756317182,102.50750072499707,12502400
2016-06-07,102.4331283569336,102.85148554546008,102.38664107244676,102.74921919396004,12184300
2016-06-08,102.60977935791016,102.8236038597563,102.22860345632415,102.60977935791016,14568700
2016-06-09,102.44245147705078,102.55400963747917,101.99619755644089,102.19143143015602,17571600
2016-06-10,101.28032684326172,101.70798295285333,100.92704046662531,101.51274910453746,32965000
2016-06-13,100.43431091308594,101.27103250980687,100.30415500836989,100.70392159941629,25154700
2016-06-14,100.43431091308594,100.7968890895042,99.69985568335117,100.1647002267556,24588500
2016-06-15,100.14610290527344,100.81548013813035,99.97875859705921,100.6760253657911,24605700
2016-06-16,100.443603515625,100.53657099990556,99.01188156021823,99.6533692597936,32079900
2016-06-17,99.26628112792969,100.37556011432495,99.03323980217317,100.23573389649967,29208800
2016-06-20,99.89082336425781,100.89755634620715,99.81624844356352,100.42215722845681,20562800
2016-06-21,100.207763671875,100.41284116333307,99.83489615212,100.0213334679257,22804100
2016-06-22,99.96540069580078,100.85096196172826,99.88150923592012,100.2636932951374,22724200
2016-06-23,101.39161682128906,101.41026410997847,100.31963241292513,100.73910395429738,18714200
2016-06-24,97.21549987792969,99.27558391130502,97.00109877406919,97.78412116223865,68012700
2016-06-27,95.28593444824219,96.5723199526214,94.84781563615356,96.5723199526214,48222600
2016-06-28,97.37398529052734,97.42059639974639,96.292677252842,96.33928125020427,28260600
2016-06-29,99.09848022460938,99.3035577066893,98.09174721272191,98.13835120564984,31356700
2016-06-30,100.24505615234375,100.3103074381775,98.93069967959096,99.26627975298074,36300800
2016-07-01,100.7484359741211,101.12130354848102,100.16116723315054,100.19845470177228,19902800
2016-07-05,100.13318634033203,100.35691111392497,99.59252880526681,100.21708490839345,21167900
2016-07-06,100.95348358154297,101.00008756961758,99.34083482282833,99.65777465627022,24579300
2016-07-07,101.25180053710938,101.47551822461872,100.77639422827707,101.04672302695202,19161700
2016-07-08,102.81782531738281,102.87375295408529,101.62464787683273,101.79243789879632,29457900
2016-07-11,103.40512084960938,103.7873050125419,103.15343928981073,103.16275582442138,20218500
2016-07-12,103.92709350585938,104.20674590346884,103.78726730705463,104.03895588727434,21906100
2016-07-13,103.67540740966797,104.23470506806527,103.66608376700226,104.1694537931165,21107800
2016-07-14,104.38387298583984,104.57962684459679,104.12286072897376,104.36522569727815,20871000
2016-07-15,104.2160873413086,104.68217000900343,103.98304600746117,104.62623525281721,17999300
2016-07-18,104.9058837890625,105.09231400445063,104.2626874558168,104.28133474446973,20713900
2016-07-19,104.5236587524414,104.8499221914965,104.3372285974281,104.54230603505546,18936700
2016-07-20,105.74483489990234,105.9405887613161,104.96181234239039,105.09231491666623,24997900
2016-07-21,105.50245666503906,106.02446689651778,105.21348773144993,105.81938941647799,18885400
2016-07-22,105.94058990478516,106.06176883596156,105.25078956018795,105.57704599939899,20003400
2016-07-25,105.9499282836914,105.9778921092474,105.59570086169407,105.85670604936075,12968100
2016-07-26,106.07109069824219,106.45327477436588,105.53975675992406,105.91262430355326,21223800
2016-07-27,106.80748748779297,107.08713277325654,106.36004507445303,106.96595386074125,27646100
2016-07-28,107.18035888671875,107.3015378036507,106.63970135851868,106.97528140279071,16939700
2016-07-29,107.41342163085938,107.70239062761124,107.07784151959895,107.42273816427503,22385300
2016-08-01,107.98200988769531,108.2523386404395,107.35746093059105,107.48796348545297,13990100
2016-08-02,107.16169738769531,107.91674883124146,106.47189721566728,107.82353374505203,21278400
2016-08-03,107.51593780517578,107.52526144910692,107.01257482259872,107.07782610640363,15011300
2016-08-04,107.82356262207031,107.9261013778969,107.22697737645585,107.4786659996146,12835300
2016-08-05,108.85824584960938,109.10061078164443,108.25233707544956,108.37352309739498,23196600
2016-08-08,108.73709869384766,108.9421762260846,108.39219492491664,108.91420528925953,12358200
2016-08-09,108.9887924194336,109.33369622693776,108.75575103616666,108.82100233900705,13276500
2016-08-10,108.70911407470703,109.08197448542573,108.42013801098663,109.05401066580747,14688400
2016-08-11,109.17518615722656,109.40822744734986,108.85824630449389,109.08196395169263,12969800
2016-08-12,109.249755859375,109.25907950246122,108.867571835111,108.98875074780818,19379000
2016-08-15,109.71585083007812,109.96753943881986,109.3523069391016,109.38959440379877,11777800
2016-08-16,109.10993957519531,109.52008742739801,109.09129228854387,109.51077089592837,14161400
2016-08-17,109.30569458007812,109.34298204192275,108.53199574847852,109.1379045577054,15980300
2016-08-18,109.3336410522461,109.49210740605227,109.01670123277873,109.20313851242278,10036300
2016-08-19,109.30569458007812,109.54805241428394,108.83961197480455,109.1379045577054,18743000
2016-08-22,109.38958740234375,109.57602471389673,108.94215207832912,109.14722245325301,14500600
2016-08-23,109.58534240722656,110.0048210287752,109.53873841273649,109.81838371524591,11997900
2016-08-24,108.87692260742188,109.6599381372289,108.51337866688894,109.51079536996657,17728700
2016-08-25,108.69981384277344,109.03539397418308,108.4667724799533,108.59727507418394,24266300
2016-08-26,108.85824584960938,109.5666933599434,108.20573308473311,108.7370669395197,23896000
2016-08-29,109.00739288330078,109.29636179861635,108.86756669103804,108.8862068644738,11184900
2016-08-30,108.6531982421875,109.14724477308343,108.28033776654675,108.83031194641725,19843300
2016-08-31,108.54132843017578,108.65318371316772,108.08456231843618,108.48539367682307,16169800
2016-09-01,108.82099151611328,108.95149410881481,108.04729960562787,108.57863362215781,20944700
2016-09-02,109.17518615722656,109.58533399178162,108.76503121081572,109.36161634458288,18088200
2016-09-06,109.85566711425781,109.85566711425781,109.11925575473464,109.36162069742916,18525200
2016-09-07,109.92095184326172,110.10738920662853,109.50148022143829,109.95823931593507,17546900
2016-09-08,109.27771759033203,109.62261412507588,108.98874157383072,109.59465031002696,20125300
2016-09-09,106.52783966064453,108.60657121986429,106.5091994855563,108.36420627258008,50813300
2016-09-12,108.43879699707031,108.5879397550761,105.92194628206114,105.93126992689189,39646000
2016-09-13,107.46931457519531,108.21504238352163,106.94730439818136,107.89810966515039,45863900
2016-09-14,107.98200988769531,108.56927849642975,107.55321476288391,107.58118569194505,28221800
2016-09-15,109.65991973876953,109.82770976869932,108.00066672716181,108.00999037100694,38521400
2016-09-16,109.6075668334961,109.71970946256526,109.06555482083814,109.5421520822907,27596500
2016-09-19,109.1309814453125,110.22434546141879,108.91605029497055,109.8879246672824,16222900
2016-09-20,109.33659362792969,109.78515714910141,109.14969631975207,109.52349093610731,18078600
2016-09-21,110.41126251220703,110.57012592495023,109.15902782842741,109.80383561267008,31546800
2016-09-22,111.28968048095703,111.41117013008018,110.94391979880467,111.05605531531928,22614400
2016-09-23,110.57948303222656,111.20559686648721,110.42061960496797,111.20559686648721,22213400
2016-09-26,109.65431213378906,110.08418874330232,109.49544872095902,109.9533592115982,16403900
2016-09-27,110.73834228515625,110.79441005038687,109.4767676597414,109.57956331578096,20238400
2016-09-28,110.92522430419922,110.99063906451288,110.35517833731978,110.87850354950325,14794300
2016-09-29,110.12156677246094,110.94393200900473,109.64497651547309,110.73834069986877,27207500
2016-09-30,110.94393920898438,111.27101307216554,110.29913135751616,110.4112740233249,25543200
2016-10-03,110.78507232666016,110.92524174245784,110.35519568596301,110.80375920554143,19216400
2016-10-04,110.6168441772461,111.355100544105,110.19631460819592,111.11212837952095,21239700
2016-10-05,111.00935363769531,111.3644613838096,110.89721097223399,110.94393886526174,14481300
2016-10-06,110.95325469970703,111.18687983986254,110.41124266342464,110.86914594182085,11987100
2016-10-07,110.71029663085938,111.21492785330356,110.16828452567773,111.05605731925075,19984200
2016-10-10,111.41119384765625,111.65416606795301,111.23363640247679,111.28036429742163,19687300
2016-10-11,109.82251739501953,111.33641107182795,109.33658017573966,111.31772419517944,27774400
2016-10-12,109.72907257080078,110.10287428384838,109.39265174202541,109.92531686597397,14267800
2016-10-13,109.33659362792969,109.63563359881907,108.34602506117274,108.98148589052208,22821000
2016-10-14,109.4674072265625,110.31780625317025,109.40199246525992,109.87858980027826,21313300
2016-10-17,109.16837310791016,109.61693658761969,109.02819657489627,109.37396440570726,14182700
2016-10-18,110.14025115966797,110.65422938761199,110.08418340013749,110.46732497305307,19276700
2016-10-19,110.13089752197266,110.28976091752163,109.93465324576383,110.05613576065292,13702900
2016-10-20,110.00006866455078,110.2430408254609,109.3646079488679,110.01876266982988,18132200
2016-10-21,110.41126251220703,110.47667727802335,109.7197339693383,110.08418868312552,15707800
2016-10-24,111.73826599121094,111.81302777009351,111.10280513006046,111.12149913961892,19143000
2016-10-25,111.3831558227539,111.82237235207813,111.2149453887505,111.8036783429247,20341800
2016-10-26,110.62618255615234,111.23360939457105,110.29910875998044,110.66356343709685,20463700
2016-10-27,110.12156677246094,111.19624407860563,109.96270335346499,111.10279542800066,19099800
2016-10-28,109.4300308227539,110.3738785284665,109.09360999952317,109.80383252964079,35369300
2016-10-31,109.32723999023438,109.83187124730603,109.27117222711803,109.83187124730603,18749400
2016-11-01,108.50486755371094,109.53281680973008,107.56101993124454,109.51412993438744,23498700
2016-11-02,107.63580322265625,108.682446693055,107.36479713309741,108.43012748257678,26960100
2016-11-03,106.57979583740234,107.81333633907118,106.45830619691777,107.4582215495609,36205200
2016-11-04,106.20601654052734,107.03772167584613,106.01911210413955,106.31815207268478,26997500
2016-11-07,108.72914123535156,108.84128387181795,107.7479199025468,107.92547016485987,26591200
2016-11-08,109.43937683105469,109.93466105806496,108.36469960715392,108.61701878712014,20777900
2016-11-09,109.94400024414062,110.12155051517574,108.02827110602095,108.15910062348851,70234400
2016-11-10,108.16845703125,110.62619132843054,106.71997808090553,110.4766749224704,72825400
2016-11-11,108.21519470214844,108.44881990044351,107.31806766658114,107.70121641402918,41115200
2016-11-14,107.121826171875,108.34602709130537,106.56112710716074,108.24323143097895,35906000
2016-11-15,108.60768127441406,108.98148301056648,107.77597615455436,107.93483957527472,31796600
2016-11-16,109.25247955322266,109.32723419018693,108.0936935593454,108.0936935593454,16538100
2016-11-17,110.04681396484375,110.06550084340634,108.9721366407785,109.19641483190533,20598600
2016-11-18,109.6356430053711,110.36455255134844,109.53284733815111,110.17765522713535,16428700
2016-11-21,110.77571105957031,110.87850670437012,109.86924426252169,109.90662514514655,20268500
2016-11-22,111.11215209960938,111.383158200716,110.84114599850275,111.21494776312139,18850600
2016-11-23,110.66358184814453,110.86917316270645,110.17764457436884,110.74769062668132,22926000
2016-11-25,111.0186996459961,111.06542040892913,110.663584773393,110.79441431708612,7162800
2016-11-28,110.76636505126953,111.2803432798845,110.6542295320622,110.87850770015127,13479000
2016-11-29,111.1495132446289,111.68217834744416,110.55143337935122,110.86916018854745,18553000
2016-11-30,109.80382537841797,111.32705885741038,109.76644449719635,111.28967797618874,30405300
2016-12-01,107.90680694580078,109.77580851859116,107.73859651906264,109.76646151441815,39796600
2016-12-02,108.12171936035156,108.55159592156595,107.673163053385,107.9722029679207,32876800
2016-12-05,108.96276092529297,109.39263031571473,108.18712377033332,108.68241504267354,21419700
2016-12-06,109.22443389892578,109.41133830757494,108.76653057466518,109.27116178350661,27293300
2016-12-07,110.60749053955078,110.74766705415887,108.67307460104564,109.00014838201535,26622400
2016-12-08,110.80374908447266,111.08410214981049,110.43929437733826,110.65423267805387,18578400
2016-12-09,111.67283630371094,111.71021718816017,111.20558594260754,111.21493294613852,21863100
2016-12-12,111.168212890625,111.40183808763699,110.71030950079054,111.17755989481454,23259300
2016-12-13,112.56993865966797,113.17736546070562,111.50460857216903,111.50460857216903,54477900
2016-12-14,112.33633422851562,113.07459067609409,112.00926039216439,112.7101359542063,28746000
2016-12-15,112.5138931274414,113.1773878126451,112.21485316890347,112.4858592453402,22762300
2016-12-16,112.09680938720703,113.01533155194417,111.87186795634128,112.79038297031926,26283900
2016-12-19,112.55606842041016,113.24964916368623,112.04995198178929,112.2092851995314,21138700
2016-12-20,112.98719787597656,113.19338998550276,112.78099861569228,112.91221502664445,11461800
2016-12-21,112.9028549194336,113.10905420626676,112.64979670880315,113.03407134728033,7079300
2016-12-22,112.58419799804688,112.94035588215698,112.14368260276672,112.9122390953535,16645000
2016-12-23,112.6591567993164,112.70602287079271,112.29362432422857,112.39672396086961,9007500
2016-12-27,113.24028015136719,113.8963623457412,112.85600548059372,112.90286440832924,16110600
2016-12-28,112.3592300415039,113.587051009514,112.28425433986688,113.4839513751599,17975200
2016-12-29,112.19989776611328,112.5935470182895,111.84373994044314,112.33111418350535,13267500
2016-12-30,111.04705047607422,112.42482265626042,110.72837697297315,112.41545516407906,41749000
2017-01-03,112.0405502319336,112.46231621233854,111.4313271429817,111.7874849230846,22307600
2017-01-04,112.64981079101562,112.85601010362551,112.15306180196082,112.16242929743589,19749100
2017-01-05,113.28714752197266,113.36212323735654,112.56544994917023,112.56544994917023,20644300
2017-01-06,114.2806396484375,114.5805639469718,113.11843388546201,113.40898353851605,24074300
2017-01-09,114.6555404663086,114.86173975091093,114.29937546535588,114.37435832353108,18909200
2017-01-10,114.90858459472656,115.25537490822626,114.43995251469035,114.70238533538934,16176600
2017-01-11,115.21791076660156,115.21791076660156,114.36499674660718,114.95547788376014,20686000
2017-01-12,115.03981018066406,115.11479303563243,113.97132952502002,114.80549412195688,19622500
2017-01-13,115.4334716796875,115.63029631958227,115.09605596822246,115.09605596822246,16930800
2017-01-17,115.08670043945312,115.31164190087354,114.74928467194245,115.1335593705873,14538500
2017-01-18,115.32101440429688,115.43348870829695,114.96485650110333,115.25540618132017,12499700
2017-01-19,115.26475524902344,115.89272055112734,115.0210645531479,115.48969665634634,12710700
2017-01-20,115.51782989501953,116.06144492835483,115.208530946664,115.77088812046352,22091000
2017-01-23,115.61153411865234,115.78024195554431,114.88046920903982,115.44282628176036,17434200
2017-01-24,116.38948822021484,116.56757073641326,115.63967387378324,115.83649853080064,17640900
2017-01-25,117.56106567382812,117.58918245972045,117.01745064404528,117.12055029282338,15036200
2017-01-26,117.68289947509766,117.926590187556,117.47670019153745,117.72039090399578,16052200
2017-01-27,117.90782928466797,118.02029640270545,117.52354756268589,117.93594606417734,15053000
2017-01-30,116.98929595947266,117.51416152812418,116.34258149041484,117.51416152812418,25006700
2017-01-31,116.75502014160156,116.78313692806388,116.08018866346788,116.57693762632753,19091100
2017-02-01,117.56106567382812,117.79538175727666,117.02682528959585,117.57980781416988,22861900
2017-02-02,117.45796966552734,117.81412754913445,117.02682891671046,117.35487001355378,15101400
2017-02-03,117.7953872680664,117.91722906288636,117.46734616604368,117.5798133148745,16957200
2017-02-06,117.93596649169922,117.9547086310325,117.4860764893512,117.59855077762795,11630100
2017-02-07,118.36710357666016,118.6107942850792,118.0671793012055,118.17964643527675,17541100
2017-02-08,118.56394958496094,118.73265746723872,117.98284306805746,118.20779167826788,12569100
2017-02-09,118.99507141113281,119.25750426382442,118.62016427124813,118.68577248442102,17542700
2017-02-10,119.38872528076172,119.55743314265882,119.05130955696748,119.25750884937054,13915700
2017-02-13,120.06356048583984,120.21351190210721,119.70739548147908,119.75425440521776,19120200
2017-02-14,120.46656799316406,120.47593548673555,119.72612840778405,120.11040301621053,16333500
2017-02-15,121.17886352539062,121.23511138203109,120.31658230992558,120.3821976585822,17891400
2017-02-16,121.14142608642578,121.49759114192838,120.83212711215037,121.253893240155,15098300
2017-02-17,121.666259765625,121.67564156030669,120.94456234943341,120.9633116372805,15563700
2017-02-21,122.26612854003906,122.34111140234646,121.83499495866982,121.90059602473964,18479600
2017-02-22,122.31300354003906,122.3973539032192,121.94747099807215,122.15367030908115,12110900
2017-02-23,121.85372924804688,122.50044391790395,121.36636209812671,122.50044391790395,17489000
2017-02-24,122.08804321289062,122.08804321289062,121.26326034957621,121.30074462910574,18624500
2017-02-27,122.23800659179688,122.24737408612019,121.65690731035482,121.86310659761196,12008700
2017-02-28,121.86309814453125,122.26611489524873,121.52568245256258,122.20988133017346,16598600
2017-03-01,123.19403839111328,123.41897270028804,122.4067397059613,122.64105581236511,25813800
2017-03-02,122.575439453125,123.18465560427268,122.42547371386648,123.1659206130054,19951400
2017-03-03,122.80038452148438,122.83786880445825,122.16303729877141,122.49108555625128,13722700
2017-03-06,122.528564453125,122.73476375421632,122.04119728829009,122.39734801620499,12026200
2017-03-07,122.3223648071289,122.85661234977339,122.10679801169363,122.28488052590845,15500900
2017-03-08,122.53790283203125,122.9221702101671,122.27547005117627,122.39730464845712,15776000
2017-03-09,122.63164520263672,122.80036019639809,121.97556311915758,122.50981058096568,20855300
2017-03-10,123.14713287353516,123.34396463255085,122.61289975880496,123.1939989401118,21922600
2017-03-13,123.3533935546875,123.38151034833241,123.03472702569672,123.1003281103606,10731600
2017-03-14,123.05342864990234,123.11904401829489,122.55667969485741,123.07217794108863,14019700
2017-03-15,123.8126220703125,124.1031717205132,122.91284203278654,123.30649132997961,22709100
2017-03-16,123.72827911376953,124.04695990678876,123.44711121040112,124.04695990678876,18457300
2017-03-17,123.6850357055664,124.01375185200195,123.61928387752236,123.88226252717541,21234500
2017-03-20,123.79779815673828,124.07956523006979,123.46908184724207,123.64752047345898,10105200
2017-03-21,121.91932678222656,124.38006206354446,121.84418796728953,124.26736100677068,35841900
2017-03-22,122.74585723876953,122.86795962218024,121.7972421022999,121.95692106426729,29177900
2017-03-23,122.43588256835938,122.92427764154118,122.22925443475407,122.58616018030176,20311700
2017-03-24,122.68948364257812,123.3093537596014,122.21987681774243,122.83035995752365,22967600
2017-03-27,122.88668823242188,123.1027176512392,121.53421852878455,121.81598543891906,18472400
2017-03-28,123.63807678222656,124.00436951016596,122.61433740558338,122.88670304173849,23721900
2017-03-29,124.21101379394531,124.2579773459425,123.59112930261584,123.72261864944961,13710000
2017-03-30,124.41766357421875,124.54915294389765,124.05137073502273,124.16407181438568,16092400
2017-03-31,124.33313751220703,124.67125508087567,124.09833404316676,124.23921039208435,19841400
2017-04-03,124.25797271728516,124.73696653478034,123.56294943490285,124.43642560946869,23700300
2017-04-04,124.4552001953125,124.47398848175952,123.85410401037934,123.90106756086514,13400000
2017-04-05,123.94801330566406,125.36622060651706,123.71320991822911,124.63363518422092,32011200
2017-04-06,124.01380157470703,124.34253218420702,123.69447227656079,124.07016644902752,18832200
2017-04-07,123.94801330566406,124.32369299305542,123.50658179078543,123.97618856565533,16743100
2017-04-10,123.99500274658203,124.51157317308038,123.65688522480716,124.07014156600583,15619300
2017-04-11,123.45962524414062,124.0701226848284,122.56737518757167,123.88226849922462,33778400
2017-04-12,122.96187591552734,123.54418391838466,122.83038654935743,123.44086982130358,15955200
2017-04-13,122.4734878540039,123.51601586499251,122.45471389435863,122.79283147444323,23683000
2017-04-17,123.4878158569336,123.50660414408206,122.77401858919623,122.82098214143538,13325500
2017-04-18,123.29995727539062,123.6568630207509,122.99001507514542,123.07454085759542,12841100
2017-04-19,123.49724578857422,124.24860547348393,123.32817982758237,123.83536337929053,17764800
2017-04-20,124.53034973144531,124.80272974895578,123.80716545050173,123.99500533735377,21977900
2017-04-21,124.50214385986328,124.68998370054054,124.18281469758585,124.64303448881714,22454900
2017-04-24,126.00491333007812,126.12700136572052,125.66679582509974,125.88281096317202,22469900
2017-04-25,126.91594696044922,127.14134906772642,126.30544948029274,126.41816486519451,19384400
2017-04-26,126.73749542236328,127.27283976411654,126.66235660871551,126.96289753204324,25398500
2017-04-27,127.49829864501953,127.49829864501953,126.97234110567464,127.04747994433365,16136500
2017-04-28,127.72370147705078,128.05241773828956,127.51707327569311,128.00545417775072,22771900
2017-05-01,128.86013793945312,129.02920388547992,128.0899900312109,128.14634056946448,24815500
2017-05-02,129.0760955810547,129.13246042545126,128.6910289641995,129.01974506791782,18345100
2017-05-03,128.66285705566406,128.83190859947368,128.31533833017747,128.78494506021767,23827600
2017-05-04,128.70980834960938,129.07610103172667,128.25898989421736,128.6440708585936,14630100
2017-05-05,129.17945861816406,129.17945861816406,128.55958840733877,129.0385822819004,19330700
2017-05-08,129.46119689941406,129.46119689941406,128.98220313112304,129.2451817879803,13279900
2017-05-09,129.9120330810547,130.20318700640607,129.5457260160822,129.65844139425155,28426100
2017-05-10,129.98716735839844,130.03413090857123,129.5269618279898,129.98716735839844,20499400
2017-05-11,129.8838348388672,129.92141140617545,129.0291614046326,129.63025750021254,27232100
2017-05-12,130.17507934570312,130.20325462206154,129.82756038516635,129.9402758218698,19738600
2017-05-15,130.58827209472656,130.66341091367303,130.10927824661516,130.23138061881124,20481300
2017-05-16,131.13304138183594,131.1518296727697,130.54134636445787,130.9264131753652,21786000
2017-05-17,127.79878997802734,130.33466360451683,127.78000169495769,130.09045891839398,55642200
2017-05-18,128.91647338867188,129.34851801682402,127.61096685729169,127.75185751770114,41319900
2017-05-19,129.46119689941406,130.00594249755036,129.2921453334038,129.37667111640894,36730100
2017-05-22,130.5507049560547,130.6164567943917,129.70541835431237,129.75236757453732,19509700
2017-05-23,130.6822052001953,130.94518391294784,130.34408766504706,130.93579693437277,19687500
2017-05-24,131.28329467773438,131.34904651816416,130.71037372636974,131.07666650961832,15891900
2017-05-25,132.40090942382812,132.73902680902313,131.49925828622193,131.7810251624275,23928600
2017-05-26,132.63577270507812,132.69212323953298,132.2506916112832,132.42914452456694,13851600
2017-05-30,132.74847412109375,132.90813874622168,132.4854954054401,132.5700212073434,20306400
2017-05-31,132.7014617919922,133.21803205476027,132.0252412940393,133.21803205476027,33229400
2017-06-01,133.21804809570312,133.27439861637944,132.41032385973216,132.97385772901856,20120700
2017-06-02,134.73956298828125,134.76773824426536,133.4716191439595,133.68763421692398,37222900
2017-06-05,134.71142578125,134.94622922658962,134.52358589123128,134.73021406963136,15727500
2017-06-06,134.17605590820312,134.99316715687237,133.97881474580248,134.55173561692726,22393000
2017-06-07,134.70205688476562,134.81475796765258,133.93190893292663,134.55177922007175,18842400
2017-06-08,134.84291076660156,135.0589258935996,134.11031093398614,135.00257536753602,25417400
2017-06-09,131.47116088867188,135.1528777459565,129.71483543920323,135.00261441008536,109783700
2017-06-12,130.76675415039062,131.0015576377194,129.1137427588523,130.36289903119354,104454000
2017-06-13,131.8280487060547,132.01588859861158,130.81369608872927,131.49931814563124,51193000
2017-06-14,131.25509643554688,132.36336156937804,130.19378051521633,132.36336156937804,60093800
2017-06-15,130.67282104492188,130.81369738291698,129.13251098069227,129.93083411477343,55145200
2017-06-16,130.1058807373047,130.69920208199142,129.62558187798808,130.60501907256793,48087400
2017-06-19,132.28140258789062,132.40382326969169,131.17010330561322,131.36788189977074,39626500
2017-06-20,131.24539184570312,132.31901172187264,131.19830035537095,132.14949960104312,40935100
2017-06-21,132.54507446289062,132.6109910691298,131.46202740328164,131.5467834842929,35743400
2017-06-22,132.5074005126953,132.99712628308492,132.1683618055501,132.75227058304475,24099100
2017-06-23,133.01597595214844,133.18548813355685,131.9894328291483,132.35672359251026,21654300
2017-06-26,132.39437866210938,134.00480157620677,132.10243148881148,133.77878537510276,34411100
2017-06-27,129.99285888671875,132.05534299050032,129.9834463348948,131.89524338764485,65957800
2017-06-28,131.86697387695312,131.97998196508843,129.71973398054527,130.47314039518884,57427200
2017-06-29,129.57847595214844,131.32076084041188,128.31650424005596,131.32076084041188,88769400
2017-06-30,129.6255340576172,130.59555834152528,129.2017394121736,129.9457331790364,68898300
2017-07-03,128.25994873046875,130.36950910544044,128.17519268761055,130.21883648601553,32797000
2017-07-05,129.52195739746094,129.87040858797198,128.23173380422259,128.66494106210556,42116600
2017-07-06,128.35415649414062,129.0793252795049,127.89269720643246,128.53309555276488,48430500
2017-07-07,129.73858642578125,130.08705205481905,128.77798873356045,128.78740128612014,36970400
2017-07-10,130.586181640625,130.8969682980151,129.49372206379465,129.82334819535308,24853500
2017-07-11,130.95347595214844,131.11357556121212,129.9081078468314,130.39783359652003,31517700
2017-07-12,132.5074005126953,132.6580875759397,131.81049799323128,132.0741931687543,36045800
2017-07-13,132.7993621826172,133.1195758194709,132.41324630016769,132.66751458049302,31073600
2017-07-14,133.84469604492188,134.0142225585442,132.96885456384592,133.39264929244098,34544800
2017-07-17,133.91062927246094,134.38151550557583,133.65634668289283,133.98597279419621,25343200
2017-07-18,134.80528259277344,134.83353461134126,133.39262418316483,133.8164188319865,25748500
2017-07-19,135.59640502929688,135.79418358380033,135.1443582379712,135.20086229059837,33752300
2017-07-20,135.7753143310547,136.0295968824157,135.16316806810605,135.94484082206378,36139400
2017-07-21,135.71881103515625,135.71881103515625,135.0030692377503,135.27617689048387,39697100
2017-07-24,136.34039306640625,136.43456168332085,135.53988078594753,135.69998036797801,26712700
2017-07-25,135.99197387695312,136.31218752049853,135.62468309405241,135.88837830381132,28120900
2017-07-26,136.43450927734375,136.50985276411896,136.11431023627472,136.33091377931544,18610600
2017-07-27,135.5775604248047,137.46110521643945,134.01421479887432,137.32925765583727,80665900
2017-07-28,135.464599609375,135.6906302605379,134.5510788201052,134.76769691633697,38013200
2017-07-31,134.89002990722656,136.0201536876174,134.5980828207418,135.85064158719535,33848600
2017-08-01,135.20082092285156,135.38917249741448,134.78643883663077,135.35150793062348,20149400
2017-08-02,135.56814575195312,136.1049629638156,134.30617407641668,136.0767109390131,41769700
2017-08-03,135.040771484375,135.7753529570124,134.79591578359899,135.70000942516376,27112800
2017-08-04,135.28562927246094,135.5870034045053,134.7299868831024,135.34214769995143,29472900
2017-08-07,136.14256286621094,136.14256286621094,135.34206525990055,135.53041679254412,17933900
2017-08-08,135.9071502685547,136.99960952075836,135.52102019953898,135.8788982508515,30810400
2017-08-09,135.72824096679688,135.79417193607893,134.47568188320207,134.78646851630216,36169500
2017-08-10,132.8181610107422,135.05015701013158,132.68631344897037,134.95598839189827,63331700
2017-08-11,133.8258819580078,134.1178291423972,132.69574342832087,132.99711753498627,45862500
2017-08-14,135.54933166503906,135.7565227992662,134.852429095648,134.8900936790028,34161000
2017-08-15,135.6435089111328,135.89779154147374,135.27621816522247,135.88836461830314,25509200
2017-08-16,135.87890625,136.51931888634937,135.426859569833,135.98250177777837,31913000
2017-08-17,133.10073852539062,135.55876586770103,133.10073852539062,135.35157472234835,70191000
2017-08-18,133.00653076171875,133.92005126800873,132.46030096834784,133.17605729015517,60751900
2017-08-21,132.83700561523438,133.28905236301784,132.01765382013727,132.99710520569295,37111500
2017-08-22,134.86184692382812,135.00312145013257,133.50569194504652,133.55278345381467,36294200
2017-08-23,134.38145446777344,134.68281404752568,134.08950743509752,134.18367601676346,25702300
2017-08-24,133.9859619140625,134.83355131671908,133.23254112819762,134.68286428548487,38160800
2017-08-25,133.70339965820312,134.84293596665057,133.52446064192543,134.5039117719812,26380400
2017-08-28,134.1178436279297,134.42863032012957,133.68462189538468,134.10841670463552,15362100
2017-08-29,134.64523315429688,134.8712637572868,132.8464439942319,132.96887903380684,24498300
2017-08-30,136.22735595703125,136.45338647986904,134.67343742714758,134.7581934843475,33642700
2017-08-31,137.68711853027344,137.69654545103157,136.53815508165246,136.6134985961873,38480700
2017-09-01,137.498779296875,138.05442159995437,137.13148861192167,137.86606998182833,22293600
2017-09-05,136.26504516601562,137.38575657447356,135.238516741748,137.09380944191173,44794300
2017-09-06,136.67947387695312,136.9902605863135,135.69060968722656,136.613542891493,30722700
2017-09-07,136.99964904785156,137.34810028026203,136.50051076401186,136.93371807398572,22721100
2017-09-08,135.81304931640625,136.8866696348228,135.67177478721572,136.8207386471383,27890100
2017-09-11,137.37632751464844,137.61177060115207,136.83952474997903,136.87718932088515,27126300
2017-09-12,137.70596313476562,137.884902192168,137.05613787169668,137.76246718019658,30256700
2017-09-13,137.8943634033203,137.91320288188092,137.24453791094007,137.4705685427324,28450900
2017-09-14,137.0844268798828,137.77191690195548,136.99967078886914,137.35754900022965,35296400
2017-09-15,137.55532836914062,138.05446678718818,136.83015931317433,137.05618995109307,46422400
2017-09-18,137.37498474121094,138.14892081207628,136.95969564875531,137.71476541669665,24858200
2017-09-19,137.61094665527344,137.80914365333908,137.14846299018976,137.62037980697616,20871200
2017-09-20,137.1862335205078,137.71477808616433,136.12912998743548,137.56376123833124,34236200
2017-09-21,136.34622192382812,137.10127735846143,135.86485752222623,137.09184420614426,28841800
2017-09-22,136.21408081054688,136.41227781428785,135.77047783792446,135.91204712631088,21702400
2017-09-25,134.7794952392578,135.75164308662423,134.11881433353747,135.67613464000425,54947700
2017-09-26,135.12869262695312,135.72331257004058,134.6567756947915,135.46847339418,29628800
2017-09-27,136.34622192382812,136.85588578238153,135.50621051130318,135.8459768158326,33249400
2017-09-28,136.29905700683594,136.44062633118438,135.70443704104767,136.01590395637666,24149400
2017-09-29,137.28065490722656,137.38447722517841,136.21413226110022,136.5727793943996,43102400
2017-10-02,137.40333557128906,137.96019409430994,136.7898349189804,137.488277162578,27351300
2017-10-03,137.6959228515625,137.85637288140643,137.28063364407845,137.58266739561665,19715200
2017-10-04,137.8280487060547,138.12063487986677,137.29950408216695,137.43164023813887,26381100
2017-10-05,139.17770385742188,139.25319786908943,138.18667573363706,138.32824500771034,31562400
2017-10-06,139.36647033691406,139.36647033691406,138.70578970909582,138.70578970909582,23561100
2017-10-09,139.20603942871094,139.69682258989985,139.02670871907057,139.5458201412507,13704800
2017-10-10,139.30987548828125,139.81953940660733,138.69637487349212,139.67797009645034,19223100
2017-10-11,139.72512817382812,139.75345643314157,139.06444749461878,139.24377819363818,12439100
2017-10-12,139.47032165527344,140.017746975697,139.32873794726564,139.51751622460938,14513500
2017-10-13,140.00830078125,140.16875079714285,139.47975616377698,140.0366146427746,18409900
2017-10-16,140.4896697998047,140.52741681581153,140.0554999060396,140.357533641139,21809400
2017-10-17,140.66897583007812,140.68785653757993,140.2253872169866,140.44246494709694,13138200
2017-10-18,140.4990692138672,140.82941673208222,140.29142467129049,140.81053602773224,17218200
2017-10-19,139.97998046875,139.99886117614983,138.9983997103592,139.67796115915283,27680300
2017-10-20,140.3575439453125,140.66899645507704,140.187646356406,140.5463078427269,30173300
2017-10-23,139.44200134277344,140.6595405254522,139.24378992143696,140.65010737272564,29297100
2017-10-24,139.677978515625,139.97056470875918,139.15886701082474,139.7157255333551,20289500
2017-10-25,139.1493682861328,139.85724342280264,138.111160060071,139.40420736782576,36179100
2017-10-26,138.70578002929688,139.41365516722144,138.6680186236239,139.06442697265086,28230200
2017-10-27,142.74545288085938,143.00972523675154,140.82002354305857,141.037101320735,60165100
2017-10-30,143.06631469726562,143.64205383324577,142.5094562678735,142.64159241047096,31733400
2017-10-31,143.6042938232422,143.8119383924613,143.11351066123302,143.5287997996712,26319300
2017-11-01,143.55714416503906,144.24613889017317,142.99083805559897,144.180063603308,29481600
2017-11-02,143.28341674804688,143.45331433267094,142.30183586517634,143.39667220328835,31017400
2017-11-03,144.6614532470703,144.6803195593698,143.31176302587056,143.80256077919458,26199200
2017-11-06,145.15219116210938,145.2088332865727,144.50095794926753,144.5481381170127,28693900
2017-11-07,145.23719787597656,145.42596181817012,144.72751939011178,145.03898637552567,21333100
2017-11-08,145.8223419189453,145.8600889393008,144.99176345349662,145.1616610495033,17373500
2017-11-09,145.05787658691406,145.133385049088,143.56661686295377,144.6237065298556,40594500
2017-11-10,145.04833984375,145.1616096682492,144.46316762390873,144.71800672683477,20150800
2017-11-13,145.2277374267578,145.4165157539603,144.5009955937327,144.5009955937327,12522400
2017-11-14,144.69918823242188,144.87851899670002,144.00076028956667,144.71806894491533,25173800
2017-11-15,144.01962280273438,144.406598188945,143.25511958719272,144.07625053695767,24808000
2017-11-16,145.8600311279297,146.19037863259942,144.71800059234235,144.7463144468275,34790600
2017-11-17,145.30320739746094,146.0016495785584,145.16163809131442,145.89782728679742,28725800
2017-11-20,145.18994140625,145.5391552705523,144.98229683781094,145.4070191271601,21143900
2017-11-21,146.76612854003906,146.8322038065666,145.8128617643798,145.87892262914914,20147800
2017-11-22,146.94544982910156,147.0870191029463,146.61510232112082,146.89825527056757,17299000
2017-11-24,147.48342895507812,147.5306235140869,147.0115121685054,147.09646813542412,8280600
2017-11-27,147.4174041748047,147.7666180737775,147.07762342923948,147.43628488338078,22653400
2017-11-28,147.79495239257812,147.88934154676244,146.95494076668422,147.74775781548598,25227300
2017-11-29,145.21829223632812,147.6628187123115,144.51984992814866,147.62507169105783,71986300
2017-11-30,146.43577575683594,146.71892871424362,145.49194216664878,145.83172283518647,56595500
2017-12-01,145.81289672851562,146.5207721162942,143.70813687291897,145.5391768469214,59015800
2017-12-04,144.1328582763672,146.88885109771795,143.99127457283362,146.72840108845466,51319100
2017-12-05,144.22726440429688,145.86954067114436,143.55715036102507,144.10456138154433,40604200
2017-12-06,144.87847900390625,145.10500428600523,143.5193561148323,143.68925367684653,28647800
2017-12-07,145.3693084716797,145.78459771241967,144.71806074431592,144.8690776321783,32666200
2017-12-08,146.01104736328125,146.79443093830668,145.78453652831482,146.4357695806004,28081700
2017-12-11,147.14369201660156,147.19088658963423,146.06772199956023,146.07716955522378,20821500
2017-12-12,146.94544982910156,147.37960520339695,146.63398302488588,147.0775859519424,20310300
2017-12-13,147.22860717773438,147.70052397366072,147.01151508234273,147.5400739912567,24418500
2017-12-14,147.1248016357422,147.86099076895684,146.9643516350938,147.4834486482318,24594700
2017-12-15,148.79542541503906,148.95588986975142,147.45518285356118,147.7005889124643,49816200
2017-12-18,150.0428924560547,150.16585204207112,149.50378971712937,149.778067526078,26844500
2017-12-19,149.15383911132812,149.9104879938872,148.7376815043268,149.75915533099996,31415000
2017-12-20,148.9930877685547,149.70244355280104,148.40669160511274,149.6740704759816,38972600
2017-12-21,149.01199340820312,149.67405585578658,148.84174053203654,149.2011520458157,18638700
2017-12-22,148.8417205810547,148.89846672154422,148.44448316575097,148.78497444056515,23330400
2017-12-26,148.0377655029297,148.22692408021697,147.49864840419283,148.00939243793033,21918700
2017-12-27,148.0567169189453,148.4539688151975,147.91485155019723,148.0472640383217,22388200
2017-12-28,148.2364044189453,148.5579899349697,148.0566986860756,148.52960243283715,25393800
2017-12-29,147.31900024414062,148.3972204308688,147.2622540919781,148.36884735478753,33186000
2018-01-02,149.90101623535156,149.9388421803709,147.7067361954733,148.07560049488168,32573300
2018-01-03,151.35755920410156,151.48997166469576,150.01451440896744,150.04288747681792,29383600
2018-01-04,151.62245178222656,152.0764355022866,151.40492002101396,151.87782393870881,24776100
2018-01-05,153.14515686035156,153.249196268192,152.05748394991966,152.34122910147343,26992300
2018-01-08,153.74102783203125,153.81669417164292,153.0884182807744,153.1451644275135,23159100
2018-01-09,153.75048828125,154.20447190938978,153.2870517721479,154.04368634175444,24782400
2018-01-10,153.3910675048828,153.41945500981592,152.38851377194294,153.06949638901125,34004000
2018-01-11,154.4409637451172,154.45043106040623,153.41950392571346,153.65595589781088,20473500
2018-01-12,155.57586669921875,155.7366522277477,154.10986232138026,154.30847379643774,37762700
2018-01-16,155.13133239746094,157.40126436435034,154.66788158014268,156.60678961912657,41231800
2018-01-17,156.805419921875,157.04187179815207,155.11243083775716,155.86907972821922,33849900
2018-01-18,156.83384704589844,157.19324417495895,156.19069027536545,156.55955471827025,26432200
2018-01-19,157.32562255859375,157.58099463502512,156.56897364109042,157.29724948697668,38937600
2018-01-22,159.00921630859375,159.00921630859375,157.08922746503947,157.26893327150032,26081400
2018-01-23,160.32382202148438,160.46570180374513,159.42530779467404,159.5009741255044,37989700
2018-01-24,159.28343200683594,161.0142613274861,158.365997649466,160.66430276634307,54287400
2018-01-25,159.2267303466797,160.4373630350436,158.7159861123474,160.3806168827578,28925000
2018-01-26,161.6669158935547,161.68583608996275,159.8036878559783,160.11579172136405,32038200
2018-01-29,160.8818817138672,161.64798357591474,160.5413903938595,161.3264124492072,37277800
2018-01-30,159.5577392578125,160.23872188446603,158.7254383833638,159.41587389054246,44987700
2018-01-31,160.21978759765625,160.77782500088034,159.2172339387954,160.4562394768924,42449200
2018-02-01,158.85784912109375,160.5319181639635,158.34710494078755,158.99026160638084,38037900
2018-02-02,155.68931579589844,158.61185643057584,155.55690337195463,158.23353934269974,68478100
2018-02-05,149.55111694335938,156.7676347004097,149.43762463146143,154.23287685548271,105372200
2018-02-06,153.51406860351562,153.70322728563477,146.69480214110283,147.36631762740814,118537900
2018-02-07,151.52781677246094,154.68681016800127,151.5183494616314,153.02217983214672,91028300
2018-02-08,145.13417053222656,152.08586203079562,145.13417053222656,151.91560916150496,94184800
2018-02-09,147.64056396484375,148.71878399191831,141.99409175067282,147.18656595100762,113836600
2018-02-12,150.26039123535156,151.28186478389338,147.98100676071584,149.15379849906623,63050600
2018-02-13,151.03599548339844,151.338646365796,149.1727536340436,149.39975261974917,31785600
2018-02-14,153.86399841308594,154.10045035146248,149.43762505397981,150.14698086910946,52107400
2018-02-15,156.72035217285156,156.72035217285156,153.63702388919157,155.24489428948198,51633900
2018-02-16,156.02047729492188,157.72291996680622,155.75563780599518,156.20963598825534,62256300
2018-02-20,156.33251953125,157.64719141434742,155.4056321972368,155.47184565131937,36785600
2018-02-21,155.8880157470703,158.63085201762263,155.79342921420493,157.09864832197823,41161800
2018-02-22,155.8690948486328,157.4012985373422,155.47185738977774,156.5689832339057,37074400
2018-02-23,159.0564422607422,159.0564422607422,156.48384475928248,157.12700135058583,50096900
2018-02-26,161.16563415527344,161.16563415527344,159.67127061655938,159.80368312373204,39266700
2018-02-27,159.1699676513672,161.47774069291435,159.09431573724288,161.21291569783975,42209900
2018-02-28,158.14849853515625,160.59813680800121,158.04445911965152,160.07793973047765,42936300
2018-03-01,155.56639099121094,158.9618503918616,154.16660013520283,158.23357468158625,76809900
2018-03-02,156.9945831298828,157.26886093914985,153.18298027771166,153.69370994843783,57445100
2018-03-05,158.7348175048828,159.14150765666676,155.67039710888034,156.2568073621606,38540200
2018-03-06,159.4063720703125,159.94548921298946,158.40381854029096,159.51041146108128,29480900
2018-03-07,159.77528381347656,159.90771074274946,157.91205596868835,158.18633384475976,34609400
2018-03-08,160.65484619140625,160.76833846166534,159.7941579902731,160.43731452945113,25828400
2018-03-09,163.7760009765625,163.7760009765625,161.5628152846325,161.7992671174936,38310500
2018-03-12,164.64614868164062,165.0244658568451,163.8894998993565,164.2583641963372,37635000
2018-03-13,162.4046173095703,165.71494366422877,161.98845968731283,165.02449377644814,55638900
2018-03-14,162.37620544433594,163.37877339839005,161.66684990333684,163.25581381975005,40536400
2018-03-15,162.234375,163.18018259140996,161.6385115992106,162.48974709060667,28810400
2018-03-16,161.7519989013672,162.86804479791923,161.67633257131467,162.5086477700157,31176700
2018-03-19,158.30084228515625,160.30920255106375,156.917716707028,160.19552614515672,71395100
2018-03-20,158.82183837890625,159.19130108266788,157.83660932063788,158.3671183870353,34075700
2018-03-21,158.1302947998047,159.87340027867438,157.43873931894785,158.40503202246236,43863500
2018-03-22,154.227294921875,157.04090208156333,154.02834672293136,155.941981789469,66607300
2018-03-23,150.16314697265625,154.70092239413205,150.08735789227603,154.04725422423056,80110400
2018-03-26,155.74301147460938,155.93249142966548,150.77894888642604,153.20414197611728,57481500
2018-03-27,150.70315551757812,156.89876536130134,149.37686814628884,156.89876536130134,78889100
2018-03-28,148.96949768066406,151.36627127229872,147.823207745179,149.8410503998686,89369700
2018-03-29,151.69790649414062,153.19470885921461,148.3822088950676,149.77480304310183,68692600
2018-04-02,147.32118225097656,151.32845021736497,145.77702427431737,150.61794355804298,85549400
2018-04-03,148.97900390625,149.60425312149945,146.3075068719996,148.6095410891103,64090000
2018-04-04,151.32843017578125,151.7926185470068,145.9285687158432,146.0990978082494,65768700
2018-04-05,152.19049072265625,153.0715263237495,151.08210228666832,152.83469081720614,43054900
2018-04-06,148.3821563720703,152.01047733794186,147.67164999519625,150.51367550269248,59870900
2018-04-09,149.42425537109375,152.4083914592727,149.16848342904677,149.66109088022102,41810400
2018-04-10,152.720947265625,153.21355449488115,150.6936367990046,151.7736056558905,48296800
2018-04-11,151.8399658203125,153.46939512248065,151.66945120871605,151.76417673006156,41622100
2018-04-12,153.66835021972656,154.19885942011132,152.6736382413594,152.75889555100161,30467900
2018-04-13,152.87261962890625,154.6630959661136,152.20948292166204,154.43574306951334,44604900
2018-04-16,154.037841796875,154.5967702049027,152.976808742573,153.94310179826607,28180800
2018-04-17,157.353515625,157.69455933110714,155.27883428412247,155.59145888599505,35536100
2018-04-18,157.6756134033203,158.2061226394441,156.60511225916818,157.35352057500123,29573900
2018-04-19,156.2261505126953,157.2492814620951,155.68615871080806,156.87981871275264,34705700
2018-04-20,153.75364685058594,155.94200508947318,153.213654840837,155.8283286475451,49197100
2018-04-23,153.3651885986328,155.10829432749375,152.54100572303585,154.50199605418163,33040600
2018-04-24,150.11575317382812,154.3314203150826,149.1020907443758,154.0945849200089,70256800
2018-04-25,150.29579162597656,150.9210407699349,148.23059315418115,150.38106338581866,52089300
2018-04-26,153.45994567871094,153.97150403136686,151.7452444057052,152.2378663249502,43005500
2018-04-27,153.55465698242188,155.75249729901049,152.6831041016237,155.71459552511547,51043400
2018-04-30,152.46522521972656,154.87146756191754,152.08627974300506,153.91465733686806,35615300
2018-05-01,154.2083282470703,154.2272791343853,151.70734596728207,152.0673405498087,36513500
2018-05-02,153.29885864257812,154.95670681018453,153.11886138582037,154.47355323566867,38646800
2018-05-03,153.2799530029297,153.84834958356794,150.83580867689386,152.52207644011892,60337100
2018-05-04,156.18826293945312,156.54825750676545,152.50310332582623,152.61679418961967,41543200
2018-05-07,157.4861602783203,157.99771866618758,156.79459011831733,156.91774922042896,32500200
2018-05-08,157.32504272460938,157.66607185881202,156.17875290970878,157.15451370222092,26040200
2018-05-09,159.03982543945312,159.15350188653454,157.05040088375307,157.6093293556312,29122700
2018-05-10,160.68812561035156,160.80181646593817,159.42815917100071,159.55131824151536,27067600
2018-05-11,160.5365753173828,160.915506320247,159.83553706126378,160.49867354392168,24688800
2018-05-14,160.811279296875,161.8249420165489,160.54602473487031,160.9060192641436,21821700
2018-05-15,159.03028869628906,159.62711875114076,158.18715493807034,159.5418614448165,49361600
2018-05-16,160.08181762695312,160.4512803606899,159.16289489978672,159.2386839804621,22941200
2018-05-17,159.46607971191406,160.67867630877842,158.68925233767413,159.52291791875277,27480200
2018-05-18,158.64190673828125,159.3997688173194,158.4050712247587,158.85030869131194,26217900
2018-05-21,159.5323486328125,160.57443036419397,158.85026140050613,159.87339224896567,22954600
2018-05-22,159.32398986816406,160.52711840098644,159.03979879806653,160.2618637653664,19477700
2018-05-23,160.66921997070312,160.68815640418816,158.09244839804765,158.11138483153272,26557800
2018-05-24,160.62181091308594,160.9060163544629,159.00185001593965,160.62181091308594,27696500
2018-05-25,160.7829132080078,161.3607925061787,160.29977390834134,160.60291588402592,27460500
2018-05-29,160.0723876953125,160.972359753724,159.11557742662342,160.0534368067891,41220500
2018-05-30,161.21865844726562,161.50286394506833,160.30921820064748,160.65026190695232,22665800
2018-05-31,161.1144561767578,162.18494277591955,160.69762339607553,161.21864991663708,35670900
2018-06-01,163.6438751220703,163.73860065632667,161.87233561349137,161.91970560826599,45543300
2018-06-04,165.12168884277344,165.1595761567895,163.9564624041925,164.06065613155906,20459600
2018-06-05,165.63323974609375,165.90797696787124,164.9037969551153,165.51009513953147,24779300
2018-06-06,166.59957885742188,166.62799796341386,164.9701493225142,165.80381497906035,25036600
2018-06-07,165.24484252929688,166.66585539521304,164.41119147755686,166.62796807911636,39600300
2018-06-08,165.25436401367188,165.6711968650901,164.0607036745572,164.46806830855002,31780300
2018-06-11,165.6996307373047,166.1069809523006,165.10280051456687,165.13121962466914,22319700
2018-06-12,166.57113647460938,166.73218287115682,165.74695360542802,165.92693643312862,22511800
2018-06-13,166.5616912841797,167.81217531182642,166.1922139962533,166.82694590990153,37858600
2018-06-14,168.2479248046875,168.52264759141252,167.2058429475443,167.3290020184676,35916000
2018-06-15,167.66058349609375,167.99215897896903,166.83640057990155,167.61321350492705,49615700
2018-06-18,167.56373596191406,167.70613560874924,166.08272168990595,166.60487787201922,31633200
2018-06-19,167.08908081054688,167.1270492276976,164.9150303943977,165.44667515190667,38236000
2018-06-20,168.27578735351562,168.96882321143573,167.70615971184563,167.85806234778866,33038000
2018-06-21,166.8137664794922,168.87389711510727,166.49096975237575,168.70300302590059,43469400
2018-06-22,166.44351196289062,167.4403386140366,165.84540438321682,167.37389026420215,30073200
2018-06-25,162.6935272216797,165.18088639522426,161.21251238538193,164.93404093168388,77799700
2018-06-26,163.3580322265625,164.2978988490256,162.6934619248961,163.29156940190373,39008100
2018-06-27,161.13650512695312,164.7915840396623,161.02258540561564,164.0510768785065,52843500
2018-06-28,162.52259826660156,163.07323442080488,160.60486745178744,160.93715263515847,46407700
2018-06-29,162.9593048095703,164.16500839654643,162.72196238224134,163.3010784843733,36408500
2018-07-02,164.0511016845703,164.09857307104943,161.07956962302472,161.43083180775017,31770000
2018-07-03,162.15235900878906,164.66818309541756,161.99096788683866,164.66818309541756,25512700
2018-07-05,164.16502380371094,164.2979349960398,162.37071546415442,163.20616552235504,31626200
2018-07-06,166.7188262939453,166.84224899993956,164.24097060877972,164.54477588930922,37005600
2018-07-09,168.21884155273438,168.25680997177864,166.91820952851847,167.58276550854725,27362100
2018-07-10,168.34219360351562,168.72193557949623,167.7630776740971,168.53206459150593,23902500
2018-07-11,167.48777770996094,168.10487662186333,166.89917321247466,167.02258140587114,30280600
2018-07-12,170.3738555908203,170.3738555908203,168.11435156184598,168.2282712654148,27930100
2018-07-13,170.5162811279297,170.79159194879378,169.88969369064188,170.36437850927246,28049800
2018-07-16,170.1080322265625,170.8390508500055,169.82323294517042,170.55423708238342,21405300
2018-07-17,171.14285278320312,171.5036033614585,168.30423261451364,168.30423261451364,31034100
2018-07-18,170.820068359375,171.3042561355897,170.2979266586246,171.16184200119625,23220800
2018-07-19,169.96566772460938,170.7726378186668,169.76630818641928,170.20301016565767,31094100
2018-07-20,169.9276580810547,171.04790717762205,169.73777258529864,170.47829414904234,35897300
2018-07-23,170.4688262939453,170.54477761064553,168.74098091927132,169.42452828334063,22184700
2018-07-24,171.1713104248047,172.83270692049646,170.46877183444158,172.22511106723545,36900300
2018-07-25,173.56375122070312,173.66816796630943,171.16183288846892,171.24728715904766,35026600
2018-07-26,170.9340057373047,171.7599526844425,170.70615180978382,171.20931655760697,40873500
2018-07-27,168.62701416015625,172.1301901034249,167.6586676531193,172.01627039347457,59456100
2018-07-30,166.244140625,168.7314847811326,165.4466734967147,168.63655649608893,60193000
2018-07-31,167.51626586914062,168.16184474094996,165.96880324548331,166.8991814131475,47285100
2018-08-01,168.15235900878906,168.65552379801335,167.18401233116808,167.9055280983384,37101900
2018-08-02,170.44033813476562,170.63971214226004,166.8896903031216,166.96564161615606,47178200
2018-08-03,170.96249389648438,170.97198237825117,170.01312421546407,170.76311988952816,28934400
2018-08-06,171.96881103515625,172.01628241302913,170.6396993720994,170.84856184575557,24808800
2018-08-07,172.5953826904297,172.91816485251178,172.0827150342011,172.4529685698198,29895700
2018-08-08,172.80426025390625,173.11755396316514,171.89285905549576,172.3580553788615,22680700
2018-08-09,172.69985961914062,173.38340701751244,172.44352572319292,172.69985961914062,18852900
2018-08-10,171.38021850585938,172.0447743839,170.73463959131158,171.53210664496032,33818500
2018-08-13,171.1903839111328,172.7948068417339,171.11443258229764,171.69354878921055,26089200
2018-08-14,172.26312255859375,172.4624965618865,170.92450785625624,171.84539758882335,20913000
2018-08-15,170.15550231933594,171.4371570208574,169.10170152744027,170.89600941783237,58528000
2018-08-16,170.71563720703125,171.82639782769138,170.38335207437476,171.46563276780483,27711800
2018-08-17,170.75360107421875,171.18081445753916,169.2441070262463,170.2694278379528,36092600
2018-08-20,170.60171508789062,171.19982257451744,169.93715926176668,171.13335974878976,24939000
2018-08-21,171.22830200195312,172.2536229104954,171.00995104963027,171.11438228530304,26258700
2018-08-22,171.89288330078125,172.09225732069677,170.649211255603,170.86756224028562,18042400
2018-08-23,171.64602661132812,172.83273861156377,171.36121283402548,171.58906675311368,25776200
2018-08-24,173.240966796875,173.38338093374705,172.1776774421391,172.2156458535664,23136100
2018-08-27,175.0067596435547,175.0067596435547,173.83903928482437,174.1143500493503,29343600
2018-08-28,175.2631072998047,175.65235227888496,174.89285376722884,175.47196975266584,20277000
2018-08-29,177.28526306152344,177.38019131840272,175.50044379193974,175.56689212313236,29175600
2018-08-30,176.97193908691406,178.02573961554688,176.38332025565506,176.9434591661045,29315500
2018-08-31,177.1998291015625,177.70299382798368,176.56375321129852,176.753624233041,28653200
2018-09-04,176.44036865234375,176.96251041052935,175.4909989302138,176.65871963228858,29063500
2018-09-05,174.161865234375,176.15554736070965,173.56377218545998,176.1270674291533,42623300
2018-09-06,172.60487365722656,174.4466528816376,171.4371531797958,174.237790424051,46091400
2018-09-07,171.9403076171875,173.42132169262635,171.30423180202996,171.36119165320397,46629500
2018-09-10,172.51950073242188,173.02266562444737,171.57961930904688,172.9277228392129,26132000
2018-09-11,173.84857177734375,174.13338557959165,171.3802192924028,171.82642420247043,30116500
2018-09-12,173.33590698242188,173.71564903598318,171.84538972542066,173.59224083600267,36204000
2018-09-13,175.1871795654297,175.5194647359234,174.34224116018999,174.41819247019515,31133200
2018-09-14,174.67453002929688,175.58591679619462,173.9814797431615,175.31060596704862,31224100
2018-09-17,172.15866088867188,174.50360470215526,171.99726981273616,174.38018203211018,33071200
2018-09-18,173.582763671875,174.42770217994607,172.215668897865,172.3011231859153,31877300
2018-09-19,173.4498291015625,174.01945667601814,172.32007692017177,173.61122020087103,31843400
2018-09-20,175.36756896972656,175.604911390432,174.22832824758686,174.64605322582548,33295800
2018-09-21,174.4086456298828,176.08901891044718,174.19028025434852,175.84218810019584,38605400
2018-09-24,174.8937225341797,174.96030495615975,172.43043414227662,173.14374260024607,34945600
2018-09-25,175.1315460205078,175.264696393226,174.21850452736723,174.8176884607502,25277500
2018-09-26,175.25514221191406,176.89099748705306,174.91275356101755,175.2836733901306,36210600
2018-09-27,176.7388916015625,177.3666067957981,175.87340681971983,175.9685204596842,33113300
2018-09-28,176.7007598876953,177.16679329164666,175.92088354182474,176.24424655078823,28076800
2018-10-01,177.06219482421875,178.35566152346962,176.6151869898402,177.72794654170838,27371300
2018-10-02,176.66275024414062,178.02278490864936,176.25379364285743,176.91002531615143,25618600
2018-10-03,176.8529815673828,177.82308535741618,176.5771752854317,177.40460864358604,29128700
2018-10-04,173.45762634277344,176.25379824361292,172.20219630064145,176.13965900468278,80557300
2018-10-05,171.33670043945312,174.0187474364925,169.70084507508136,173.438589260613,83325600
2018-10-08,170.29054260253906,171.8027533509364,168.27424709237533,170.73755048599747,66864500
2018-10-09,170.8421630859375,172.1641610593306,170.0052097172397,170.41416633275335,49097900
2018-10-10,163.32861328125,169.88153981602588,163.1098694148659,169.77692066039907,114471100
2018-10-11,161.3028564453125,164.91694172482048,159.60041846791535,162.6533856466982,143084500
2018-10-12,165.79197692871094,166.30555282748702,162.5678075461546,165.6493064757208,102078400
2018-10-15,163.78515625,165.5256162987121,163.16694681437016,165.21177331519297,64885300
2018-10-16,168.55006408691406,168.95902070896923,165.20226507087278,165.50661703246757,71979700
2018-10-17,168.6166534423828,169.53920048882563,166.88569860575444,169.36801337289296,66987600
2018-10-18,164.70767211914062,168.0364449381593,164.00388372527584,167.9793825832295,82486200
2018-10-19,164.5555419921875,167.45633318896427,163.95635812680231,166.0392215519027,82923700
2018-10-22,165.40196228027344,166.6764031926324,164.1465324771995,165.54461816139678,52909300
2018-10-23,164.79331970214844,165.61124751441335,160.56102471927233,162.2919794540694,77567000
2018-10-24,157.251220703125,164.87886972829764,156.96589442304472,164.60306351534174,102997400
2018-10-25,162.69140625,163.6615099085765,158.98220772058858,159.69551624642148,83481100
2018-10-26,158.50662231445312,161.64518181203965,156.1954958207386,157.11804240513848,130970900
2018-10-29,155.2444305419922,161.5500812156643,152.25804672830978,160.931886429432,111871900
2018-10-30,157.80287170410156,157.91699642861715,154.0841529657723,154.78795596231762,92584000
2018-10-31,161.51206970214844,162.87210424909904,160.2946765351327,160.37076451508983,73828600
2018-11-01,163.64248657226562,163.81368816725455,160.52295173666067,161.74985054513357,52706800
2018-11-02,161.0935821533203,164.10849740738573,159.99032828714255,163.13839386903652,75966800
2018-11-05,160.6941375732422,161.359889238914,158.9061063748968,161.30282688361325,39573500
2018-11-06,161.91156005859375,162.81508145766333,160.46591711270133,160.70368666573552,34410400
2018-11-07,166.99029541015625,166.99029541015625,163.46178925534673,163.8517347613319,51169600
2018-11-08,165.92510986328125,166.7240120717275,165.13571321244686,166.2104217146537,40296500
2018-11-09,163.12887573242188,164.7742363377484,161.83540928515174,164.37478538507182,50602700
2018-11-12,158.1928253173828,162.29196968940957,158.0501548921141,161.98763223764374,62578400
2018-11-13,158.32595825195312,161.18869785148073,157.8789504241058,158.93464760080712,64128100
2018-11-14,157.1180877685547,160.44686087599143,156.2145665418531,159.89523387671176,75270700
2018-11-15,159.86669921875,160.2946814207924,155.46321790079105,156.83275804486698,73254300
2018-11-16,159.30560302734375,160.07597406926885,157.66974731586984,158.30696798650297,65390700
2018-11-19,154.13169860839844,158.7349126529241,153.6371339841515,158.54469995507483,67280500
2018-11-20,151.37355041503906,153.48494435177815,149.4428635873815,150.62219080488902,102652800
2018-11-21,152.52442932128906,154.04616047599148,151.44020059006232,153.45649654688862,42965800
2018-11-23,151.42111206054688,152.97135909973179,151.30697284929846,151.30697284929846,23503700
2018-11-26,154.921142578125,154.99723058304718,152.89534116994312,153.54208195563015,42012600
2018-11-27,155.4441680908203,155.83411349720043,153.29472283478117,154.0746136475414,36608100
2018-11-28,160.44686889648438,160.44686889648438,155.47273461073758,156.56646859579268,70141000
2018-11-29,159.92376708984375,160.97946429783013,158.65884606375934,159.77160563234514,44885700
2018-11-30,161.0841064453125,161.1792200680811,159.34363163721696,160.14254833648963,36722800
2018-12-03,163.89927673339844,164.8313291284477,161.21722975428068,164.6411164271334,50771700
2018-12-04,157.61265563964844,163.49983109233642,157.4224429320689,163.04330317938627,70594700
2018-12-06,158.72537231445312,158.7443979337584,153.85585865757804,154.43601669187726,71715500
2018-12-07,153.48500061035156,158.94418004999903,152.9904358956336,158.0311531283826,80432200
2018-12-10,155.09234619140625,155.76760366119333,151.6113961114992,153.19969513967135,73960800
2018-12-11,155.60585021972656,157.66018189301298,154.2933581208553,157.62213065149106,59058300
2018-12-12,156.9754180908203,159.40066975868623,156.88982455852212,157.878939238218,53780000
2018-12-13,157.02297973632812,158.65883501700927,156.005319335497,158.0025888912095,46378500
2018-12-14,153.19967651367188,155.7961159076902,152.83826215770762,155.225477701343,56547400
2018-12-17,149.7282257080078,153.76080227549264,148.52987246728253,152.54342340838417,74834100
2018-12-18,150.66976928710938,152.12491741077227,149.3572770531005,150.88851315534487,63642100
2018-12-19,146.97007751464844,152.8572524697758,145.83829240859995,150.44150629955678,81856500
2018-12-20,144.8397216796875,148.2445840585865,143.03267854296055,146.6087280662148,99002100
2018-12-21,140.35057067871094,146.55158804992573,139.54214867025567,145.56247343336221,141129400
2018-12-24,136.8701934814453,141.14321008091792,136.83204791481845,139.3309973127968,56163300
2018-12-26,145.4161834716797,145.49247457462891,137.4328769591911,138.37714308861678,98982100
2018-12-27,145.97894287109375,146.10292684705445,140.28476155936477,143.42275393039563,85824300
2018-12-28,145.9026641845703,148.40161342100717,144.71041518950375,147.0281402500792,77856600
2018-12-31,147.13307189941406,147.81980854628125,145.65469465640192,147.33337615217619,53015300
2019-01-02,147.72438049316406,148.55418089132291,143.90918483624407,144.01410329896203,58576700
2019-01-03,142.898193359375,146.17925015782797,142.58343789843747,145.5497537897727,74820200
2019-01-04,149.01206970214844,149.74649928325783,144.72951989696583,145.30179077976715,74709300
2019-01-07,150.78610229492188,151.52053170655057,148.8975840759822,149.38401639718518,52059300
2019-01-08,152.15003967285156,152.7127776606438,149.9372187289762,152.16910517649836,49388700
2019-01-09,153.38998413085938,154.0576406157024,152.10234947494652,152.7413931499977,46491700
2019-01-10,153.82870483398438,153.91454325289746,151.36790161508333,152.2263294656682,38943400
2019-01-11,153.26597595214844,153.42812004871712,152.40754805089085,152.92260770240918,30176600
2019-01-14,151.9115753173828,152.56969897554228,151.26298441013213,151.9688009304718,30710200
2019-01-15,154.87789916992188,155.08773613169504,152.5220142795025,152.6078527037318,40874200
2019-01-16,154.8492889404297,156.2132146608486,154.79204876950467,155.13541702595867,33812200
2019-01-17,156.0701446533203,156.76641389119584,154.1053209207447,154.35330343666539,39329000
2019-01-18,157.61529541015625,158.34972476489762,156.25136973374097,157.16700868553139,57183200
2019-01-22,154.45823669433594,156.55659191377197,153.33274612924222,156.4802862353063,56711700
2019-01-23,154.65850830078125,155.9556755755417,152.91306886735308,155.24987360136063,38106100
2019-01-24,155.6600341796875,155.88895123831392,154.5727036203997,155.16405449624105,32417800
2019-01-25,157.51991271972656,157.99681226117752,156.37535673100805,156.90948188882209,36515900
2019-01-28,155.57418823242188,155.58372098505487,154.27702073711617,155.48834979726257,33491200
2019-01-29,154.10533142089844,155.698174211214,153.5521261826264,155.66001409612232,30784200
2019-01-30,158.0254364013672,158.59772171367456,155.3643431729241,155.8507755007113,41346500
2019-01-31,160.3909149169922,161.182570186774,158.77899155896375,158.99836135180172,37258400
2019-02-01,159.71371459960938,160.81059269671113,159.27497500382836,159.59926332311426,32143700
2019-02-04,161.69760131835938,161.69760131835938,159.59924567629045,159.74230975609083,26718800
2019-02-05,163.12823486328125,163.31899174439945,161.85014775059034,161.91690610976403,28156400
2019-02-06,162.64186096191406,163.45258163587104,161.9074314247111,163.1664534884876,27970000
2019-02-07,160.4576416015625,161.62127783527018,159.23677974223338,161.22068390209856,42036200
2019-02-08,160.77236938476562,160.8009821926445,158.87431854431162,159.05552814293827,29020700
2019-02-11,160.61976623535156,161.7452567666817,160.2191723507892,161.35419563395905,21434100
2019-02-12,162.99468994140625,163.23313966128973,161.50676601794382,161.7929085925672,29722100
2019-02-13,163.10919189453125,164.20606967953384,162.92798227624914,163.71962278519115,26094100
2019-02-14,163.3094482421875,163.89126615127338,161.98366835804967,162.52732616113403,30326800
2019-02-15,163.99624633789062,164.58759721914478,163.2332040226397,164.549451652602,32521700
2019-02-19,164.3205108642578,164.81649048062548,163.4620974796926,163.49071028892348,19487700
2019-02-20,164.29188537597656,165.08354032918112,163.40485925063575,164.4349494110901,32593000
2019-02-21,163.6909637451172,164.30139446338114,162.82301780073774,163.85310781283238,25207400
2019-02-22,164.90232849121094,165.01677972784492,163.958062127522,164.043915108817,27735400
2019-02-25,165.503173828125,166.59050389096137,165.38870807416362,166.1612973365971,32608800
2019-02-26,165.67489624023438,166.1994886416893,164.8260156465415,165.10262552813538,21939700
2019-02-27,165.56996154785156,165.77026573745533,163.82450766691218,164.91183792263308,25162000
2019-02-28,165.18846130371094,165.77981206287885,164.7210945255765,165.05493001764663,25085500
2019-03-01,166.33299255371094,166.58097503275735,165.17888946046008,166.3806854103243,31431200
2019-03-04,166.3616485595703,167.6683487579794,164.50174309917995,167.42989896680575,38063500
2019-03-05,166.48565673828125,167.00070191332733,165.6653888270441,166.48565673828125,22319900
2019-03-06,165.54139709472656,166.67642054176264,165.27433446646182,166.64780772829297,27194600
2019-03-07,163.50978088378906,165.1789293920539,162.89935001149072,165.1217037718103,39407400
2019-03-08,163.2617645263672,163.3476029389518,161.51631070139499,161.67845477643826,39303200
2019-03-11,166.65733337402344,166.77179917684217,163.91040152133206,163.9390143335815,30518400
2019-03-12,167.572998046875,168.00220481266143,166.69550445460746,167.09609840626294,33953500
2019-03-13,168.83203125,169.70952497594507,168.20253468939924,168.44098454603076,42426100
2019-03-14,168.54583740234375,169.14672091036007,168.49814453883297,168.94643125896084,23751500
2019-03-15,170.110107421875,170.61561987600592,169.08953520636638,169.20398646275163,38192000
2019-03-18,170.51519775390625,171.03119475811388,169.69343716746528,170.0374303101686,32935100
2019-03-19,171.08853149414062,171.99628675819213,170.36231561865472,171.2127411199691,36893300
2019-03-20,171.7669677734375,172.81806211426408,170.31456505923165,171.0980961839602,50105000
2019-03-21,174.45204162597656,174.70047549084748,171.23187858273474,171.25099336628108,42428500
2019-03-22,170.62033081054688,174.1653721495044,170.4387768239273,173.69715474087008,70794500
2019-03-25,170.29542541503906,170.8878523677577,169.06277726981511,169.99921193867974,46336500
2019-03-26,171.08853149414062,172.65560819028082,170.21899121181193,171.61407861974072,33248100
2019-03-27,169.98965454101562,171.728735074577,168.7474708231068,171.34652694295977,37096700
2019-03-28,170.3814697265625,171.0216765254073,169.35905470104626,170.42924939997374,30368200
2019-03-29,171.67144775390625,171.8338869790175,170.64901814958884,171.70011264184888,35205500
2019-04-01,173.94561767578125,174.15583658171408,172.73209849553507,173.43918519702754,30969500
2019-04-02,174.60487365722656,174.77687750666468,173.69711849386573,174.13667092660378,22645200
2019-04-03,175.60821533203125,176.69752461283161,175.06356798178433,175.5891005501768,31633500
2019-04-04,175.54132080078125,176.29618694744408,174.5284415714045,175.65598032171602,28530800
2019-04-05,176.4490966796875,176.55420611294767,175.83755486262106,176.04777372914143,25674700
2019-04-08,176.89820861816406,177.0415330436592,175.46490604198138,176.1624425465708,22697500
2019-04-09,176.27706909179688,176.87906072681255,175.90441107495502,176.29618387172096,25631900
2019-04-10,177.2230224609375,177.28035221024618,176.31526740951114,176.50637143397418,24563000
2019-04-11,176.8026123046875,177.51926344289933,176.47773395463796,177.51926344289933,20654100
2019-04-12,177.56704711914062,177.6817066381513,176.83128118477705,177.58616189907744,24989100
2019-04-15,177.59576416015625,177.79643295766797,176.4108953212556,177.5766493746053,21073000
2019-04-16,178.20726013183594,178.59903294292727,177.66259823637157,178.2454751127764,27195700
2019-04-17,178.828369140625,179.5736852730449,178.3028365556854,179.4016959718589,29651600
2019-04-18,179.05770874023438,179.43991692022186,178.00661437480764,179.1246031909013,28580900
2019-04-22,179.5641326904297,179.63102713794888,178.1403803134025,178.27416920844087,17936000
2019-04-23,181.84783935546875,182.06760829378263,179.76478033078712,180.0227642486884,33665600
2019-04-24,181.27450561523438,182.23004037460342,181.21716128221743,182.00070678344565,24977100
2019-04-25,182.0102996826172,182.71740081973726,181.0260998154526,182.63140617044485,29517500
2019-04-26,182.17276000976562,182.2109895785342,180.2043600471296,181.72365734873992,26359500
2019-04-29,182.5263214111328,182.81298486116268,181.87654995237781,182.17276350462882,21716200
2019-04-30,181.1121063232422,181.40833443515652,179.8412575418928,181.05477655329352,31495300
2019-05-01,180.5292205810547,182.8129632285239,180.40501094564308,182.29696616346737,34797100
2019-05-02,179.74569702148438,181.40833324058593,178.5608283225526,180.47189840323168,44110100
2019-05-03,182.61227416992188,182.74604847186552,180.91142322507875,181.23630158975544,30386200
2019-05-06,181.49432373046875,181.74275758634585,178.45571479015138,178.7328281104636,38371800
2019-05-07,177.95884704589844,180.28079014167375,176.30576096652229,179.51635921102044,58818100
2019-05-08,177.50975036621094,178.84749360442865,176.735769308363,177.37597604238917,37165300
2019-05-09,176.55416870117188,177.1657103886528,173.99332786088658,175.531739468811,55351700
2019-05-10,176.77395629882812,177.62438177564812,172.98048158372072,175.92353082200813,58526400
2019-05-13,170.639404296875,173.20023053176294,170.14252212432072,172.2733606204018,67185800
2019-05-14,172.51223754882812,173.553781508561,170.9069461655204,171.53760260052124,43360600
2019-05-15,174.94891357421875,175.38846612453608,171.33699215318475,171.3752217211992,40944500
2019-05-16,176.7071075439453,177.79643160743726,174.81515203742993,175.02537093596598,39281200
2019-05-17,174.90113830566406,177.32820562487274,174.7482637706837,174.9584826591288,44702300
2019-05-20,171.94851684570312,173.12382078937435,171.3656399243154,172.46451390020727,38608300
2019-05-21,173.74493408203125,174.22270159105724,172.8753937163302,173.42960577643723,31613800
2019-05-22,172.97093200683594,173.97424656979,172.7129335008636,172.77982794253646,24332600
2019-05-23,170.32412719726562,171.05989328784108,169.26348268031435,170.98344873216885,45351300
2019-05-24,170.23809814453125,171.85295442860644,170.0278793039827,171.24141268709388,25903300
2019-05-28,169.5979461669922,171.67145578020495,169.57883138070036,170.7159205899515,24763800
2019-05-29,168.20285034179688,169.12972059850722,167.30464497300053,168.546843577074,42178800
2019-05-30,168.90989685058594,169.38766426804392,167.95436201566994,168.65189836267336,30354800
2019-05-31,166.2152862548828,167.49569947011992,166.13884171632023,166.92238730135796,45446200
2019-06-03,162.5555877685547,166.2152880781677,161.7433918754897,165.76618552187674,75842300
2019-06-04,167.1326904296875,167.19002021744714,163.7500871487464,164.3807439747269,47797800
2019-06-05,168.37481689453125,168.7570250354619,166.6261862181768,168.7283601539074,34412700
2019-06-06,169.71255493164062,170.12342794193256,167.91614464590432,168.661460704815,29913200
2019-06-07,172.99005126953125,173.68760232253328,170.40055956527,170.62032853441633,45888300
2019-06-10,175.0062255859375,176.63064671461476,174.1080349530622,174.14624993689034,41385300
2019-06-11,175.2451171875,177.1561872313345,174.65269013960966,176.8313088231564,41260300
2019-06-12,174.2322540283203,175.1304592901809,173.90737561710063,174.7673513127545,27758100
2019-06-13,175.26426696777344,175.69425489743614,174.6145100216716,174.95850328146383,23715800
2019-06-14,174.5189208984375,174.96802353823256,173.85004927969203,174.36603179120775,22844100
2019-06-17,175.56997680664062,176.05729432628678,174.70998670218293,174.90109075418312,20379500
2019-06-18,178.12124633789062,179.37299459845752,177.18481173202042,177.64347893582362,48177300
2019-06-19,178.79013061523438,179.1914535121343,177.31861332660134,178.36014283857767,31672900
2019-06-20,180.4528045654297,181.32233040177601,178.83794795744515,181.2841154141498,40922000
2019-06-21,180.18527221679688,181.33191149335258,179.80304940440533,180.24260199357823,39980400
2019-06-24,180.1909637451172,180.7272440268668,180.0951931465726,180.5452886571571,19375200
2019-06-25,177.0977783203125,180.17183380040885,176.8296381391099,180.06649197118327,33921100
2019-06-26,177.92135620117188,179.39614181275167,177.63407358694303,178.27569577962734,22595700
2019-06-27,178.6012725830078,179.02263985365008,178.1128775806955,178.56297310955955,19709200
2019-06-28,178.83111572265625,179.2237401279383,178.18949359263542,179.03221353297639,21179200
2019-07-01,181.244384765625,182.49891543250112,180.40166478974282,182.25950352556603,31025600
2019-07-02,181.96266174316406,181.98181879157445,180.66984592011792,181.1869693268271,18035800
2019-07-03,183.3320770263672,183.3320770263672,182.23077340984563,182.4223146388366,15792100
2019-07-05,182.95858764648438,183.29375555864098,181.36888903012138,182.07755355625207,21415600
2019-07-08,181.67535400390625,181.82856653240285,180.9283753444673,181.77111000764856,17598800
2019-07-09,182.58509826660156,182.8149243427829,180.6602172033248,180.81344432914102,19193500
2019-07-10,184.40460205078125,184.9121540617014,183.3607697726656,183.69595224593346,28374500
2019-07-11,184.27053833007812,185.15157231546146,183.68637274479178,184.68233437177597,23736100
2019-07-12,185.3335418701172,185.3431130857573,184.29928069180838,184.47166486113133,20211900
2019-07-15,185.9273223876953,185.96563648434122,185.2474006039676,185.7645240083162,15606100
2019-07-16,184.96961975097656,185.86981079237566,184.40461119947443,185.69744124617176,20190900
2019-07-17,184.05990600585938,185.29527986275394,184.0407489581625,184.96966850209083,16765100
2019-07-18,184.27053833007812,184.6248632447046,182.61381217346283,183.1883919312997,28877000
2019-07-19,182.92022705078125,185.6207997687837,182.72870049073722,185.5346150086449,29387900
2019-07-22,184.37591552734375,184.76855460203484,183.3320830129603,183.3320830129603,18954900
2019-07-23,185.58250427246094,185.6016613141456,184.14603300948056,185.38140647866683,23786700
2019-07-24,186.88491821289062,186.8945040406573,184.8547100321132,184.8738670751042,20422900
2019-07-25,185.1133270263672,186.28165853891306,184.75898739548288,186.25293027323949,23434700
2019-07-26,187.01902770996094,187.26802548370264,186.1954500382557,186.29122066085566,20431200
2019-07-29,186.3773956298828,186.91367601806672,185.19949301922568,186.84664827581605,20451700
2019-07-30,185.57293701171875,186.3007438732873,184.8164018932818,184.95047196284818,18705000
2019-07-31,183.00648498535156,186.19543903126953,181.3018732141678,186.070954764303,41627500
2019-08-01,182.0966796875,186.7221192065694,181.2156456761357,183.3224674087497,63251600
2019-08-02,179.415283203125,180.9858246782299,178.32356552668065,180.72725573544125,55214000
2019-08-05,173.0756378173828,175.7378968404158,171.6104382332151,175.66128328282338,75040000
2019-08-06,175.4984893798828,176.01562725354177,173.40125346461988,174.67491188066572,41897200
2019-08-07,176.4465789794922,176.6955621072244,172.27123465360327,173.59279308262504,49990600
2019-08-08,180.28677368164062,180.34424482549056,176.7530654935396,177.24146062216835,38418100
2019-08-09,178.5917205810547,180.03776331310692,177.1935485428272,179.42486938420234,33608900
2019-08-12,176.54232788085938,178.02666986132,175.72832163589445,177.49038958289015,24642900
2019-08-13,180.4112548828125,181.64661402234023,176.2263389877128,176.3891373479579,40241900
2019-08-14,175.0196990966797,178.07459778454168,174.69410236577497,177.50958911399317,51000500
2019-08-15,174.81854248046875,175.81448938505284,173.48741312804586,175.24948090444704,36685000
2019-08-16,177.62448120117188,178.07457676357387,176.30293738687163,176.40827921238153,32781400
2019-08-19,180.44952392578125,180.83259171987305,179.55891870303446,180.19096960387927,22494100
2019-08-20,179.05137634277344,180.6506461116526,179.00349103935514,179.9994527453012,19902900
2019-08-21,180.64109802246094,181.2156778994119,179.99947578963264,180.62194097613244,20418500
2019-08-22,180.0569305419922,181.43594561315908,178.63960137854582,180.97626418107362,24243700
2019-08-23,174.35890197753906,180.4686836039654,173.87049235950767,178.8311144245043,55372400
2019-08-26,176.99246215820312,177.04033285512324,175.32614983161795,176.34125409707812,27598900
2019-08-27,176.61898803710938,178.52471254152226,175.92949502054924,178.2278440425409,28012800
2019-08-28,177.2510223388672,177.54789080972168,175.16335721315144,176.04439140852605,21792400
2019-08-29,179.96115112304688,180.4782890557168,178.77366273371598,179.45359901925042,25358900
2019-08-30,179.53016662597656,180.96663778501778,178.51506267826053,180.92832370442082,26319800
2019-09-03,177.78729248046875,179.2524923157097,177.19355557306363,178.33315869214982,27964200
2019-09-04,180.353759765625,180.50698687631967,178.9843162091714,179.50145405463053,21592100
2019-09-05,183.6576690673828,184.18437820863187,182.2786540839467,182.3456964348983,33932600
2019-09-06,183.47569274902344,184.03113008804183,183.07348252681194,183.96410235727765,19487800
2019-09-09,183.09266662597656,184.12692789844735,182.1637471853096,184.05031432872238,24407600
2019-09-10,182.56590270996094,182.66167329652876,180.90917677262496,182.1062360420232,23744700
2019-09-11,184.28012084960938,184.37589145472813,182.48932451172195,182.9106917941761,25063600
2019-09-12,185.04623413085938,186.46356304224892,184.79725102550063,185.4101448800732,28689900
2019-09-13,184.385498046875,185.20907572626464,184.1460861006867,184.7781371456348,27669800
2019-09-16,183.5618133544922,183.94488101259975,183.01596203392728,183.19791734496124,20319000
2019-09-17,184.4429931640625,184.4429931640625,183.1884621284222,183.58110127822073,20953400
2019-09-18,184.36630249023438,184.4429160444452,182.05836848695952,184.05984827339097,29781300
2019-09-19,184.67276000976562,185.82193420932788,184.31843507314082,184.69191705331212,26039400
2019-09-20,182.7191925048828,185.12288308216412,182.10629853313347,184.93135645584462,29086100
2019-09-23,182.7997589111328,183.34672584785073,182.05128862868426,182.6654184666423,22485900
2019-09-24,180.37205505371094,184.0376390014464,179.58519329243038,183.63461760250243,40820700
2019-09-25,182.39669799804688,182.87648728740137,178.68313358388534,180.18966433861476,34704900
2019-09-26,181.7250518798828,182.319986096438,180.38163267080733,182.1568594448668,26826000
2019-09-27,179.47000122070312,182.1568244811253,178.2417416688545,182.06086075532104,40773500
2019-09-30,181.1781005859375,181.46597720153144,179.8250907420551,180.19932594972332,26307700
2019-10-01,179.7003173828125,182.88611123262802,179.40285031175853,181.84017390472542,32367600
2019-10-02,176.61048889160156,178.5104509,175.62212385518143,178.4816647060857,48544300
2019-10-03,178.54885864257812,178.6831991071799,174.47064818758136,176.59130942465268,39392500
2019-10-04,181.1781005859375,181.43719100417334,179.32612022650605,179.51803308956437,31887600
2019-10-07,180.63113403320312,182.07050235631786,180.31447124507648,180.6599202283045,21216000
2019-10-08,177.92507934570312,180.26645369732702,177.7811483986807,179.49878781518672,32379300
2019-10-09,179.66195678710938,180.47760472453086,178.89429072400895,179.43166721758786,20147400
2019-10-10,181.05332946777344,181.77301360160826,179.5563888121188,179.7099249414196,25177700
2019-10-11,183.3851318359375,184.84369592471464,183.0108966349632,183.11645090405915,40976700
2019-10-14,183.36590576171875,183.95124940385548,182.9436887553237,183.12601106644976,14975000
2019-10-15,185.69766235351562,186.1294698127442,183.81688177824293,183.93202652950174,23234200
2019-10-16,185.237060546875,185.7072593676499,184.65171697081178,185.0643434139425,20457100
2019-10-17,185.7265167236328,186.63811383710802,185.01642299883466,186.3502372112702,19045200
2019-10-18,183.94163513183594,185.84159677323095,183.00125214759112,185.3905936330097,27700800
2019-10-21,185.57293701171875,185.69768693676926,184.37346355395593,184.92043047886057,15801200
2019-10-22,184.09519958496094,186.56130949981684,184.03761255737552,186.3022191227195,22392300
2019-10-23,184.45025634765625,184.48863306096672,183.4234999019552,183.72098165866203,14828400
2019-10-24,186.24464416503906,186.35980357660893,184.94922158146372,185.76485476919405,18998500
2019-10-25,187.73199462890625,187.82795836508814,185.2466890671056,185.2850657763721,21507100
2019-10-28,189.5840301513672,189.83351542036496,188.6052554711222,188.6052554711222,18818700
2019-10-29,188.11582946777344,189.55519772866606,188.0870432739165,189.26733579009644,18569700
2019-10-30,189.0273895263672,189.34405221444123,187.39609422865104,188.4804227082373,21764300
2019-10-31,189.11378479003906,189.66073707232138,188.01986558346445,189.57437849754152,26801800
2019-11-01,190.8314666748047,190.84107183547343,189.64159811293953,189.9294600927371,22131900
2019-11-04,192.01171875,192.42433059511887,190.83142631440623,192.09807732567464,19015900
2019-11-05,192.11727905273438,192.44353233245576,191.48395352715008,192.25161949979673,15048900
2019-11-06,191.6854248046875,191.91572895055108,190.75463234791667,191.89653327789375,19725500
2019-11-07,192.32835388183594,193.5662186176775,191.77181111481676,192.64501661328356,17832400
2019-11-08,193.0960235595703,193.11521923391518,191.47433316464847,191.98292336172682,15258800
2019-11-11,192.83697509765625,192.91372852186416,191.85820055587337,192.11729094911237,10147600
2019-11-12,193.39352416992188,194.03645491492173,192.70264083576524,193.00010795066885,14778300
2019-11-13,193.44146728515625,193.62378958150563,192.59704798281408,192.72178325767757,15774600
2019-11-14,193.2879638671875,193.4127138051576,192.1268816393527,192.71222533304172,16945400
2019-11-15,194.70816040039062,194.70816040039062,193.8349400770497,194.45866051257195,18427900
2019-11-18,194.8617401123047,195.16879781872515,193.61428432031082,194.40113158965082,18365900
2019-11-19,195.14952087402344,195.60052404672632,194.4010506389015,195.60052404672632,16923300
2019-11-20,193.97885131835938,195.2263067044796,192.51069690486742,194.6409630424853,36629000
2019-11-21,193.5470428466797,193.9020969625765,192.9425181535776,193.76774187298645,17883600
2019-11-22,193.6717987060547,194.14199760798192,192.62586128630974,194.0268381908095,17189600
2019-11-25,195.96519470214844,196.00357141381699,194.47784455029736,194.5066307445516,17752800
2019-11-26,196.3394317626953,196.5889169959748,195.8020699420863,196.0899465294158,14780600
2019-11-27,197.71165466308594,197.72125982416628,196.6081446478695,196.8480394026569,16963100
2019-11-29,196.80960083007812,197.51008919414048,196.7136371015176,197.21262213441574,9854600
2019-12-02,194.79449462890625,196.88636936572163,193.62380733218944,196.81920646417777,28007000
2019-12-03,193.26876831054688,193.34553637106717,191.1768789268971,192.11727668676306,31104100
2019-12-04,194.24746704101562,194.7080752592624,193.96919572091326,194.25707219681607,15300100
2019-12-05,194.63137817382812,194.93843578925498,193.68138984964185,194.93843578925498,14962300
2019-12-06,196.71365356445312,196.85758452733026,195.89800572945487,196.05154185119744,16555300
2019-12-09,195.82125854492188,197.2798078218805,195.73488532243528,196.3586203461183,13984100
2019-12-10,195.65809631347656,196.59849400690953,195.21669829917968,195.91718666917825,21799800
2019-12-11,196.69448852539062,196.896006546817,195.79248197217174,196.09955426348571,18780800
2019-12-12,198.1626434326172,198.93991468038513,196.224304498417,196.49298543270245,32612000
2019-12-13,198.8151397705078,199.50603769821797,197.63486191150753,198.057064296654,32519400
2019-12-16,200.81106567382812,201.0605508982805,200.05299019928162,200.12016774548667,21296600
2019-12-17,200.92623901367188,201.23331131081846,200.59038051891943,201.0701700017012,15996100
2019-12-18,201.07977294921875,201.63633050016185,200.8686644077571,201.0989686280824,15443300
2019-12-19,202.33677673339844,202.40393963235968,201.1468938068487,201.16608948169898,17865900
2019-12-20,203.15245056152344,203.92970710943695,202.7302335127774,203.2963815363179,27672600
2019-12-23,203.68905639648438,204.01601704065342,203.51596476383838,203.87177401344843,23774700
2019-12-24,203.79478454589844,203.95826482389364,203.33319230957352,203.87171903091135,7089000
2019-12-26,205.5930938720703,205.61233116284657,204.09290801409654,204.1217566133842,17067500
2019-12-27,205.4200439453125,206.33361734683032,204.87189110014796,206.31438005215182,18134100
2019-12-30,204.07371520996094,205.4392695794999,203.0639700661189,205.31424918182017,21815500
2019-12-31,204.45838928222656,204.60263231119663,203.1024461148811,203.41979545237197,18170900
2020-01-02,207.87225341796875,207.87225341796875,205.7758287596099,206.1797238573661,30969400
2020-01-03,205.9681854248047,207.20873416075625,205.10269790920424,205.12193520419174,27518900
2020-01-06,207.29527282714844,207.32412143175625,204.1025716359168,204.35259776710313,21655300
2020-01-07,207.26638793945312,207.85300058671572,206.61246678447375,207.37217102908258,22139300
2020-01-08,208.82431030273438,209.77635828853565,206.9106176944784,207.23757833348864,26397300
2020-01-09,210.59376525878906,210.99766038450863,209.362842587904,210.54567936135098,23547000
2020-01-10,210.05520629882812,211.43999785696082,209.68015980798006,211.4207752385872,21898500
2020-01-13,212.47860717773438,212.50745578117437,210.5841372918104,210.92072389695133,22756900
2020-01-14,211.64193725585938,212.72861673839867,211.31497668237523,212.37279289195686,24418100
2020-01-15,211.72853088378906,212.71903881023817,211.0361349989645,211.75737948951036,25742100
2020-01-16,213.75765991210938,213.79613450715146,212.33440804448279,212.7863891567964,18805000
2020-01-17,214.8154296875,214.98852129437338,213.60372974436868,214.7192579011785,24325200
2020-01-21,214.71923828125,215.25776501843197,214.12301434704895,214.21917145082972,21146300
2020-01-22,215.28665161132812,216.5175742774816,215.0173881952168,215.80595582365405,20736400
2020-01-23,215.9790496826172,216.07522147811991,214.1615142681597,215.1616481158672,26496100
2020-01-24,214.16152954101562,217.21961383626785,213.17102160647414,216.98881031485513,37436500
2020-01-27,209.73785400390625,210.87260468998016,208.85311472564965,209.32433296366096,42264400
2020-01-28,212.95941162109375,213.44986716909676,210.66104688499823,211.21881094181794,26731900
2020-01-29,213.30564880371094,214.3827025332912,212.36322679032824,214.14228770624155,28924500
2020-01-30,214.06536865234375,214.16152577925908,211.26693653361582,211.93048380648497,39568100
2020-01-31,210.67063903808594,214.98847845163297,209.9205315365189,214.95962985623632,52015800
2020-02-03,213.85379028320312,214.3442312217576,211.55542524575202,211.69966826481047,25408600
2020-02-04,218.7486114501953,219.1236579376187,216.0367255613228,216.77720722707056,30691200
2020-02-05,219.4698486328125,221.42201550001985,218.15238031544945,221.38355559112955,38534800
2020-02-06,221.36436462402344,221.42206183630995,219.23909103767573,220.01803275105772,22467100
2020-02-07,220.4122772216797,221.6047398663341,219.77757865240778,220.37381731161216,25884900
2020-02-10,223.07608032226562,223.08569163147794,219.62372740070842,219.6814246034914,21478900
2020-02-11,223.11453247070312,225.0474767392129,222.52791980656025,224.30699509049882,30198000
2020-02-12,225.28790283203125,225.39368593001387,223.87426264706087,224.4320267388098,24471300
2020-02-13,224.99940490722656,225.92258952483422,223.4511330033953,223.7203964063438,22773200
2020-02-14,225.6437530517578,225.85531928617883,224.5955478645174,225.35525230720572,23438500
2020-02-18,225.730224609375,226.15335693900957,224.30697332458357,224.54738808698934,24394500
2020-02-19,227.8939971923828,228.36521549138124,226.8073322550575,227.0765956619837,22230500
2020-02-20,225.77830505371094,227.86510338023572,222.9894997465355,227.3938998484815,42604000
2020-02-21,221.44129943847656,225.03789596438483,220.52772600390787,224.65323809943703,66017200
2020-02-24,212.90174865722656,215.6520948010599,211.81506896887007,213.18062339360463,84522600
2020-02-25,207.112548828125,215.4020615753485,206.50671347628887,214.69042844487169,97743000
2020-02-26,208.17999267578125,211.8343008016856,206.6605692828195,208.40118487087628,79537700
2020-02-27,197.75563049316406,208.1223172352508,197.62099876951712,202.81395345162193,121822600
2020-02-28,197.9094696044922,199.2269380349233,190.57200509018244,191.02398609564153,148173700
2020-03-02,208.12232971191406,208.26658742902785,198.04414310882726,200.87142414866224,112933900
2020-03-03,201.44839477539062,211.1900086016753,199.65970781301397,208.78586024760756,131953500
2020-03-04,209.853271484375,209.95905458316716,203.26590010471475,205.14114728091698,73086200
2020-03-05,203.47750854492188,208.06462798302158,202.0446454327985,204.53533975245276,78705500
2020-03-06,200.0443572998047,201.1310222524558,195.1302780434631,196.82279300712034,89828400
2020-03-09,186.14840698242188,193.4473979099486,184.74437787829106,186.06184648907126,116424000
2020-03-10,196.28427124023438,196.46698884659256,186.25415757434294,193.39929347354067,100599200
2020-03-11,187.735107421875,193.0530815453381,185.34057076673108,191.70676455474796,89168800
2020-03-12,170.5214080810547,183.46533206523446,170.155972907254,175.10851167650665,137820700
2020-03-13,184.9654998779297,187.02344967714578,171.300332867464,179.89756720233262,134882000
2020-03-16,162.80889892578125,177.59920684687256,162.67426723016354,167.47293705334496,92054400
2020-03-17,175.1565704345703,177.32030319397748,163.27046455594356,168.74230663753352,121257100
2020-03-18,169.8290252685547,172.3485677463704,160.40476191415064,165.03034044579172,114156300
2020-03-19,170.848388671875,176.4548639519507,165.04958447340383,168.95391874447998,120896500
2020-03-20,164.1552276611328,175.8586187318692,163.5782409272634,174.77195377989193,118983900
2020-03-23,164.2737579345703,167.88766482176584,158.9444363829632,164.71705561125242,124639800
2020-03-24,176.99472045898438,177.15854915217318,171.49193802411529,173.38081330180987,94881800
2020-03-25,175.68408203125,182.63241285425568,173.44827100416282,177.72713957287866,88754900
2020-03-26,184.93568420410156,185.72593235616023,176.94654595928546,177.19710491468047,79887600
2020-03-27,178.57522583007812,183.5961399441674,177.95845284758843,180.14606101851234,58845000
2020-03-30,185.0706024169922,185.50428307290736,179.577466060679,180.27133746411087,49356900
2020-03-31,183.49012756347656,188.16412056319038,182.33368008360713,184.76223008485218,62659300
2020-04-01,175.69369506835938,180.84954144843974,174.29632067811158,178.06442445917838,53715400
2020-04-02,179.25946044921875,183.20104043794834,174.4023747881219,174.6625802697072,56465300
2020-04-03,176.71522521972656,180.2809584797586,174.71070974925732,178.81611742344936,47487600
2020-04-06,189.34947204589844,190.47700940543538,182.32404243492905,183.5672201272307,64763500
2020-04-07,189.27235412597656,195.30517908530896,188.8868765863819,195.02569536983114,69904500
2020-04-08,193.29103088378906,193.8692471906298,189.05070444182948,190.95884325294728,45940400
2020-04-09,193.57046508789062,195.84481744458336,191.80687699433022,195.00639586265342,68252600
2020-04-13,195.66172790527344,196.0375736173328,191.5370568634339,192.74169244119133,42853900
2020-04-14,204.17132568359375,204.78809866313102,198.92874800501315,199.7093496988776,63959600
2020-04-15,201.8295135498047,204.14242333953956,199.60334872214327,200.91399319148454,47036000
2020-04-16,205.51087951660156,206.59022855100955,202.08007891006673,204.00749630295397,64657400
2020-04-17,207.4768524169922,208.65257828029306,204.3833555330014,208.32492083118393,62863200
2020-04-20,205.0193328857422,208.04537671156154,204.85550422028658,205.6168273956419,38249100
2020-04-21,197.4542694091797,203.4967269058815,196.2400017750931,202.95705240184301,72932800
2020-04-22,203.31356811523438,204.643490450721,200.76937845497102,201.51143806151305,40089100
2020-04-23,202.87991333007812,206.6576488071324,202.47515753307493,204.1038125120791,43278500
2020-04-24,206.07943725585938,206.5227496686499,201.89694558768815,203.31359836320192,34231900
2020-04-27,207.7370147705078,208.76818998777122,206.71548605005756,208.3441558687106,36451700
2020-04-28,203.82431030273438,209.4330998006812,203.5448413592902,209.4330998006812,46862800
2020-04-29,211.05218505859375,211.98698358434214,207.33226924515904,208.34416622411646,48716400
2020-04-30,210.96539306640625,212.05437347481654,209.46201043141554,211.96764325472603,43359500
2020-05-01,205.0193328857422,208.80669988691685,203.9977896166877,206.7154543972445,48795000
2020-05-04,207.4093475341797,207.63099637496566,203.45813674525172,203.78580881579072,32841000
2020-05-05,209.76083374023438,212.15082713694665,208.98023206624958,209.54881665532153,37783100
2020-05-06,211.05218505859375,213.01814414783206,210.1944849860544,211.4376626196126,36455200
2020-05-07,213.76986694335938,214.64683066833777,212.42066596526703,213.76986694335938,38624800
2020-05-08,216.69947814941406,216.83439674140777,214.40584738049736,215.43702245896787,31852300
2020-05-11,218.63658142089844,219.6581102590585,215.14796073849664,215.37925611327955,35714100
2020-05-12,214.05897521972656,219.8219639270726,214.03006513465863,219.2341010223108,41054100
2020-05-13,211.37979125976562,216.4585385090124,208.84524823513172,214.57931012039862,65521200
2020-05-14,213.77947998046875,213.81802185416308,208.151425299421,210.0595642053532,51549300
2020-05-15,215.1671905517578,215.2250107061697,210.40646843819033,210.8401343013037,55747200
2020-05-18,219.17626953125,220.38090544444123,217.28740865418197,218.0680103731254,42398100
2020-05-19,218.62696838378906,221.50846285025565,218.48241795279097,219.43648020743547,36237300
2020-05-20,222.9925079345703,223.34907537189613,221.15182118103107,221.17109946832628,37417000
2020-05-21,220.56398010253906,223.71531130660097,220.0532157266699,223.04071823517248,43642900
2020-05-22,221.32530212402344,221.52767267831032,219.2436881926368,220.15920834518346,28762400
2020-05-26,220.727783203125,225.0933961345601,220.48685608376448,224.8910108840865,33055300
2020-05-27,221.93246459960938,222.04811964018646,215.8129233279914,220.3905395405132,55665600
2020-05-28,221.64334106445312,224.99704279722127,220.73745264867057,220.79527281052464,42784300
2020-05-29,224.89105224609375,225.1223476170285,220.45798655252008,222.01920457253235,50691800
2020-06-01,225.56561279296875,225.94145852582582,223.58037560377372,224.02368799113012,25776000
2020-06-02,227.07864379882812,227.13646395735796,223.59000894893595,225.98964846309943,33383400
2020-06-03,228.1001739501953,228.85186542597955,226.8088080512865,227.68577163635135,37228700
2020-06-04,226.50042724609375,229.16025764324337,225.19941477611428,227.75325134588397,38716100
2020-06-05,230.99130249023438,231.57916528830577,227.07864816750765,227.64723267735656,47365600
2020-06-08,232.78379821777344,232.90907032717843,229.27589975895546,230.8467346624617,32937300
2020-06-09,234.47030639648438,235.31835996895643,231.74300928137154,231.92611626901564,35046300
2020-06-10,237.2843475341797,238.82628727279214,235.63639925472478,236.15681016614303,58084400
2020-06-11,225.52713012695312,234.74981539509477,225.46930995364642,233.37171891452198,72919400
2020-06-12,227.31961059570312,231.6755632886633,223.32985720567382,230.41310725705182,72034800
2020-06-15,230.0854034423828,230.7599964486435,223.06960676722227,224.00440518483518,45307400
2020-06-16,234.03660583496094,235.5207103959529,230.4226991031365,234.9328476460418,48890100
2020-06-17,234.77867126464844,236.59044803668823,233.9209712469323,235.53036275410633,34749300
2020-06-18,235.41470336914062,235.65563048612273,233.6896716817595,234.46062669208283,30578600
2020-06-19,235.37620544433594,238.0360360185882,233.65115872987195,237.77583056626153,49422100
2020-06-22,238.19900512695312,238.32449511005223,234.95531223243438,235.24491583235553,24068700
2020-06-23,240.2262725830078,242.4563083945472,239.2415910107685,239.79185250930243,32767400
2020-06-24,235.27391052246094,240.69936779508842,233.77756129894726,239.47332510775252,46032400
2020-06-25,237.51353454589844,237.81280136786128,232.7928051847421,235.3607313515807,36940800
2020-06-26,231.9046630859375,237.44597535485494,231.38334721283258,237.27219848695387,52824600
2020-06-29,234.43397521972656,234.44363849258883,229.13402358914257,231.66332633844715,34377800
2020-06-30,239.0292205810547,239.56983357240492,234.18298601328073,234.3664114347601,38909200
2020-07-01,241.81918334960938,242.8135282663668,238.52721846994487,239.06783146578198,34689200
2020-07-02,243.4602813720703,245.46828258599888,242.99690100903945,244.26155214954633,31956500
2020-07-06,249.44570922851562,249.96699563419133,246.5881499636739,246.6074617777872,34589000
2020-07-07,247.727294921875,251.84950546754382,247.42802809280906,249.19469817272315,36578200
2020-07-08,250.99032592773438,251.0192862865019,247.62114319258083,249.04992296791085,30426300
2020-07-09,253.10446166992188,253.7705792279425,248.71197466436993,252.90173920566977,40312900
2020-07-10,254.83251953125,255.08352890114256,250.28556728698837,252.95967145096003,32885300
2020-07-13,249.5904998779297,260.45107476314644,248.76991721658544,257.67076287873977,64108100
2020-07-14,251.35708618164062,251.7625605194381,244.01051163338076,247.07077786178624,72230500
2020-07-15,251.86878967285156,253.5968360364418,248.57682526024888,252.7665901141447,54523900
2020-07-16,250.1504669189453,250.78762432615432,246.7716206287532,249.08853790693033,47594100
2020-07-17,250.4400177001953,251.2991944404178,248.26790294166145,250.6041165392393,35137900
2020-07-20,257.5452880859375,258.1727821487989,249.83187498850995,251.07719984118611,40610100
2020-07-21,254.8614959716797,259.1188449510955,254.02161621010976,259.1091816789686,43243800
2020-07-22,255.75926208496094,256.6860522487775,253.46164267826862,255.35381716683378,29865500
2020-07-23,249.07887268066406,256.0585839961101,247.66939005102282,255.35387214248735,51363500
2020-07-24,246.7136993408203,248.03627160044283,242.620477843384,245.24631054501822,54054500
2020-07-27,251.1157684326172,251.50191627426534,247.57282442247575,248.35478337670062,36445700
2020-07-28,247.92041015625,250.8551875111058,247.63080656845466,250.33387159187504,31302400
2020-07-29,250.77792358398438,251.63712993935263,248.98232253656346,249.45535151893188,27556900
2020-07-30,252.0908203125,252.6507302732044,247.669343486265,248.81815322095102,41774500
2020-07-31,256.58953857421875,256.74400361997266,251.82053708339816,256.70537999323545,53686300
2020-08-03,260.0553283691406,260.79866396258296,258.5975880828449,258.72309280434087,32081600
2020-08-04,261.0206604003906,261.11720474062406,258.8099216921895,259.5532571357138,24911300
2020-08-05,261.6675109863281,262.1212429734915,260.6152451993328,261.5034120857048,21612100
2020-08-06,265.1331787109375,265.46140586287095,260.83720646063387,261.4743636830434,28048200
2020-08-07,262.0728454589844,265.3648090598834,259.92969139328306,264.5924840364129,44969400
2020-08-10,260.95306396484375,262.56526893234684,257.43907994534675,262.36251698917204,35088400
2020-08-11,256.0103454589844,261.07861462933755,255.46973243770935,259.7946366079094,43104300
2020-08-12,262.4494323730469,263.39551984799675,258.11486512568837,258.16315203041364,38773400
2020-08-13,263.0480041503906,265.3166343719081,262.111579918001,263.2217663062073,31895700
2020-08-14,262.739013671875,263.9360808630811,261.3488578221937,263.6657744179316,30799500
2020-08-17,265.78961181640625,266.2916010449983,262.7776175224725,264.44771350172164,24803000
2020-08-18,268.347900390625,268.82092931471396,265.39382651055513,266.85156636879645,23529500
2020-08-19,266.54266357421875,269.3615697866744,266.0310109729801,268.30930422794574,31999400
2020-08-20,270.2400817871094,270.7227740474205,265.345575196867,265.75104965845526,27723400
2020-08-21,272.1129150390625,272.5666469170663,269.7863349379107,270.43315549382095,34748900
2020-08-24,273.8119812011719,276.09993750798907,271.5336587047118,275.3758992103282,36418500
2020-08-25,275.96478271484375,276.15787138790796,272.59560043659746,273.039669031211,34866600
2020-08-26,281.8536376953125,282.1046470816071,275.93582626265743,277.2101408160361,42216700
2020-08-27,280.97515869140625,283.67825308117267,278.7161624022746,282.8287099718517,49482700
2020-08-28,282.4038391113281,283.03133294967665,280.8592184976478,282.2107504866727,28021000
2020-08-31,284.6725769042969,286.4778411473566,282.4907985769904,282.92523337247576,36321000
2020-09-01,289.5381164550781,289.6539578749861,285.5510739731401,287.31771454912666,36216200
2020-09-02,292.2798156738281,292.9941907640885,286.6130134690522,292.78180499925486,50836800
2020-09-03,277.4612121582031,288.2831660838769,274.56505814175074,287.7811766603912,110083300
2020-09-04,273.76361083984375,278.92842168075407,262.3913872901842,275.67508196893067,123959000
2020-09-08,260.6055908203125,268.5893110482359,260.3256210304451,262.7970033089694,99568600
2020-09-09,268.26104736328125,270.355915212749,263.5499663283097,266.0985955286832,64837900
2020-09-10,262.9128723144531,272.4315810171057,261.1944886834255,271.2151868367455,69667500
2020-09-11,261.0882873535156,265.69316147465753,257.66115420898177,264.6601928404312,71809000
2020-09-14,265.6352233886719,267.62391325774576,263.5113655376225,264.86289805138153,38525200
2020-09-15,269.400146484375,270.7420448330477,265.60619317039027,269.3711861331687,41849900
2020-09-16,265.1042175292969,270.65517828129555,264.756693258372,270.1918125867291,42321000
2020-09-17,260.9627990722656,264.90155568379043,257.4487846242674,258.28866459914525,81570800
2020-09-18,257.6321716308594,262.67148018937655,253.53895054283115,262.38187660718535,86251100
2020-09-21,258.2500305175781,258.38516903481747,251.10616127531384,253.3844841341912,57168600
2020-09-22,263.0480041503906,263.62721133644635,257.31361731884147,260.6441764834606,41128900
2020-09-23,255.01597595214844,262.9128141811638,254.13747251182562,262.72938876718445,48837300
2020-09-24,256.203369140625,259.3987890115736,252.1777034012321,252.34183170516394,70631700
2020-09-25,262.1597900390625,262.97070941435624,255.15108974097413,256.7053739728496,55242400
2020-09-28,267.60455322265625,267.60455322265625,262.26597895322107,267.0059901791087,58438300
2020-09-29,266.3979187011719,268.09697573286786,265.8379790791016,267.044709949353,27050000
2020-09-30,268.222412109375,271.35991157253846,266.320603564025,266.5909100316344,49380800
2020-10-01,272.4797058105469,273.0879026046229,270.15312622204766,272.0356373026459,50020200
2020-10-02,264.81463623046875,272.4701287186663,263.97475637727064,266.4654355785202,75497400
2020-10-05,270.4621887207031,270.78075271776476,266.6682338133136,266.7744119919329,28184600
2020-10-06,265.6352233886719,271.4564912017764,264.75671988942867,269.7767314676186,49704200
2020-10-07,270.23040771484375,271.02200051330726,267.6817788187373,268.2706786084015,27539700
2020-10-08,271.6689147949219,272.6922202306952,270.606985721609,272.62463623030186,25443300
2020-10-09,275.8199462890625,275.89719353306157,272.92379332411696,273.3099411605381,30201100
2020-10-12,284.33477783203125,287.1633481643253,279.449933206301,280.4925358048799,79370700
2020-10-13,284.3249816894531,286.76740286095645,282.96378625156825,286.1302751302962,64240000
2020-10-14,281.9502258300781,286.09173404128404,280.2125453227806,285.1263494347409,36949100
2020-10-15,280.0580139160156,280.64688424515134,276.62124788764856,277.25840511239437,42514200
2020-10-16,278.5230407714844,283.118250120554,278.1754870949915,281.69913398569054,40570700
2020-10-19,273.97607421875,281.3902486194921,273.0010560322653,280.4344980533114,36756800
2020-10-20,274.5650939941406,277.6639709472558,273.15564043789226,274.7098958216309,32195400
2020-10-21,274.35260009765625,277.37425803966994,273.869907888675,274.8159952243082,29306100
2020-10-22,274.34295654296875,276.0806662969074,271.09927880686445,275.1828363331673,32196200
2020-10-23,274.8835144042969,275.04764269717583,272.02598514362353,274.91247475466486,24658500
2020-10-26,270.7614440917969,275.4242391627804,267.1798751554645,272.60533237761183,38421100
2020-10-27,272.8755798339844,273.69616253176326,270.5007422694398,271.7557303051984,30559100
2020-10-28,262.2370300292969,268.99472076414986,261.98602066013467,268.38652388422213,53413500
2020-10-29,266.8226013183594,269.81526930933353,263.08653904291737,263.5499341485487,43246300
2020-10-30,260.0553283691406,265.71246842117193,257.82529212761136,264.8436281062336,65838300
2020-11-02,260.6345520019531,264.05199236682597,257.7287348493458,262.43981653925505,39987400
2020-11-03,265.1429138183594,267.2378116739599,261.46480030379246,262.5460265023459,43604100
2020-11-04,276.97845458984375,278.7740555157782,272.112908738971,273.7733711624564,75728200
2020-11-05,284.1995544433594,285.16493893434745,281.89227136852344,283.36930846128735,52054200
2020-11-06,284.41192626953125,285.1359646772845,279.7973893292319,283.543086072467,40959800
2020-11-09,278.60028076171875,288.785103869441,278.1465489147807,287.3466610782748,86537100
2020-11-10,273.609375,276.73721234751844,270.9062798633094,275.29879841247924,69024900
2020-11-11,279.7298889160156,280.2029180063394,273.5707296221009,276.12899326549075,36102900
2020-11-12,278.4169006347656,281.95987492555054,277.30671428530616,280.69522351146736,34414600
2020-11-13,280.85931396484375,281.47717420480853,277.90523966285696,280.12564175638283,24806900
2020-11-16,283.0506896972656,283.3499564745892,279.95178486958724,280.5599816948548,30168400
2020-11-17,282.1529541015625,283.5720706805654,281.51579671290807,283.24384344299204,21843500
2020-11-18,280.06768798828125,283.21485094019204,279.9808069171251,281.6026752956322,28069600
2020-11-19,282.2591247558594,282.56805486647227,278.8513186501274,279.51743631186287,22718400
2020-11-20,280.3283996582031,282.9252867261691,280.24151857496133,282.1819216897645,25907300
2020-11-23,280.3379821777344,282.61627515632387,278.0982833620005,281.3226636320275,26875600
2020-11-24,284.2767333984375,284.76908884915287,279.60427663580543,281.39987740233255,24516800
2020-11-25,286.02410888671875,286.6612661706886,284.39260677955264,285.33869416384647,23326800
2020-11-27,288.6595764160156,289.77942576824296,287.5879844955567,287.9837956041088,17163100
2020-11-30,289.2484436035156,289.5863340058368,284.57598705656847,288.97813717389687,27836200
2020-12-01,292.9555969238281,294.5774654116526,290.4166307600761,291.51718332462843,27521300
2020-12-02,293.33209228515625,293.6699827593853,289.95324646526086,291.78747116096457,23620000
2020-12-03,293.7471618652344,295.29178278596623,293.02312357062823,293.64098372339845,22828700
2020-12-04,294.9442443847656,295.08907562015474,293.11968310753093,293.7954345408346,19332100
2020-12-07,296.61444091796875,296.9812918076727,294.9443148268649,295.12774027171685,20851000
2020-12-08,297.618408203125,297.9176750537472,294.394027373597,296.1413710347903,18341500
2020-12-09,290.8799133300781,297.6858602114061,289.81798480913363,297.40592000316605,48839300
2020-12-10,292.0480651855469,293.16791457543917,287.77141955308394,288.85264531954755,27519500
2020-12-11,291.4013671875,291.52687190781336,288.13836230415995,290.3973588861949,26760400
2020-12-14,293.5154724121094,295.4558749642355,292.52112768841306,292.5886822038774,28804800
2020-12-15,296.65301513671875,296.65301513671875,293.5830699960298,295.7648484221678,25709000
2020-12-16,298.28448486328125,299.06644387653387,296.0061623415472,297.0487940000134,25461900
2020-12-17,300.2345275878906,300.4662104002484,298.68027295300385,299.87734009844166,23730500
2020-12-18,299.32708740234375,301.18063842995906,296.9618838165692,300.8717083484908,41173400
2020-12-21,298.7671203613281,299.2990323838478,293.62195915625836,296.387948896712,37095500
2020-12-22,299.57952880859375,300.49828868052975,296.7651644670326,299.66656735343423,26176300
2020-12-23,298.07080078125,299.9857077912312,297.9160557526845,299.62787282530934,21201300
2020-12-24,299.38616943359375,299.83104306324276,298.25463853639457,298.3319963140971,16785000
2020-12-28,302.40350341796875,302.8774192284113,300.1597450732301,301.9876428108107,22497700
2020-12-29,302.6743469238281,304.34749991384246,301.7749190944839,303.7285197853064,25871900
2020-12-30,302.68402099609375,304.1540544968562,302.0650408812908,303.8349131664459,18138100
2020-12-31,303.4287109375,303.91227809562804,301.51380388065513,302.5873088046928,21611400
2021-01-04,299.14434814453125,304.9278226604605,295.15007822679723,304.75371603198596,45305900
2021-01-05,301.61053466796875,301.8813606473196,298.15788712105984,298.15788712105984,29323400
2021-01-06,297.4325256347656,301.6298854453865,295.92379831167057,296.9102647876635,52809600
2021-01-07,304.6279602050781,305.45968150266896,300.05340452454226,300.0824173717932,30394800
2021-01-08,308.54486083984375,308.8930445425337,304.72466847110894,306.9104014783484,33955800
2021-01-11,304.0863037109375,306.7652544281792,303.4383109052147,305.5950304812831,32746400
2021-01-12,303.60284423828125,305.20826137156917,300.97223748619797,304.1250755644642,29266800
2021-01-13,305.65313720703125,306.4461649143162,303.2643142681602,303.8639328211842,22898400
2021-01-14,304.0186462402344,307.0941259589353,303.5447304051911,306.0979788985538,23500100
2021-01-15,301.61053466796875,304.76340241188444,300.3726037555984,303.80594875341234,35118700
2021-01-19,306.01092529296875,306.5138244345074,302.82904561975704,303.92191195069734,24537000
2021-01-20,313.1290283203125,314.06714967193494,306.1076541204,309.618355977653,30728100
2021-01-21,315.63397216796875,316.37868455369073,313.09043345961686,314.4637477948913,25130600
2021-01-22,314.7248229980469,315.73062131121765,314.0381364684902,314.5990908302522,21609400
2021-01-25,317.326416015625,319.4638040355213,310.8466340162859,318.10014115221514,39080600
2021-01-26,317.7906494140625,318.92220950769524,316.46568017325393,318.0421137714467,25498100
2021-01-27,308.9316711425781,315.5468655442461,306.92969626040934,315.5372142721472,55264000
2021-01-28,310.7596130371094,315.6920040712482,309.5120014751254,310.1309816193833,42836300
2021-01-29,304.22174072265625,310.17929111523523,302.48091091623917,309.0767439271352,55259000
2021-02-01,311.8233947753906,312.9065802633521,305.6337128191691,307.6550195805599,35646000
2021-02-02,316.91064453125,318.0615370151648,314.6185403536631,314.7829662147671,33930800
2021-02-03,315.65325927734375,319.34771893882305,315.5952335875482,318.98020322705594,24824500
2021-02-04,319.386474609375,319.47351316901836,315.73070753134624,317.04602574447165,22350900
2021-02-05,320.4695739746094,321.47540180553307,318.69973137707603,320.3341905343545,22732000
2021-02-08,322.61663818359375,322.7713832092088,320.517973336868,322.1524326213444,20462800
2021-02-09,322.5489807128906,323.8062435394425,321.67853620186503,321.6882169898623,17597500
2021-02-10,321.8139343261719,324.4348599825175,318.6707478902288,323.98030568658186,28068700
2021-02-11,323.58380126953125,323.9900106872639,321.204659007378,323.3420176794661,22046100
2021-02-12,325.3924255371094,325.5568218795936,321.6979645363703,322.74245684591665,20346800
2021-02-16,324.51226806640625,327.07516819101284,323.35169504055517,326.1853916025806,27080800
2021-02-17,322.9551696777344,324.6283227454087,319.3187645548896,321.54316177654357,31360300
2021-02-18,321.543212890625,322.89719530663257,317.5682746924636,319.3768410250129,32236200
2021-02-19,320.140869140625,323.0132599439047,319.1253896657158,322.8875277296655,39157700
2021-02-22,311.8427429199219,317.0265678839029,311.6396530090998,315.76930527364266,47256900
2021-02-23,310.91436767578125,312.5778399716038,300.7787888600022,306.58159507595076,97241900
2021-02-24,313.477294921875,313.78678503028857,305.5757934557348,308.2644260540503,58206300
2021-02-25,302.5486755371094,313.3805938463664,301.01093520918033,310.8273740895833,110182600
2021-02-26,303.81561279296875,308.62224239863315,300.6627452228731,305.46940434313694,104739800
2021-03-01,312.95501708984375,313.29352003291035,307.4907136303961,308.7769893965296,49164500
2021-03-02,307.9355163574219,313.67061494918283,307.68408154107715,313.5932572013674,48370000
2021-03-03,298.9992980957031,307.78086615000115,298.9412723883203,306.842744527842,86301100
2021-03-04,294.10552978515625,301.78457805104256,290.2466440779738,298.63171096791086,139131600
2021-03-05,298.5350341796875,299.4344620721289,287.67413395089676,296.7168168178065,121523700
2021-03-08,290.082275390625,299.8696701583811,289.6664147092332,297.99342718350005,88409800
2021-03-09,301.5234375,303.419041899386,296.8328599524644,297.3647719894235,80391100
2021-03-10,300.66265869140625,306.06893485786145,299.9760017331614,305.7691256430817,76798100
2021-03-11,307.5874328613281,309.347595038354,304.5022717639471,305.39201888383275,53484800
2021-03-12,305.09222412109375,307.7712054262976,301.15600935632517,303.54480310431984,69315600
2021-03-15,308.3514404296875,308.5158662601995,303.7769137158623,305.4113731741454,42955700
2021-03-16,310.0439453125,313.54499677218655,308.6126052328433,310.53719332081454,54925900
2021-03-17,311.3205871582031,313.206511223967,305.30500943571104,307.0168563763712,78258700
2021-03-18,301.78460693359375,307.4326679227673,301.33005261439087,306.45585279723394,82718100
2021-03-19,302.8484802246094,304.3862203790687,299.4828418868912,301.6202006470969,78446200
2021-03-22,308.5278625488281,310.59046536709064,305.23545836255033,305.23545836255033,56194800
2021-03-23,307.1817932128906,310.9293250054893,306.3683779793853,309.612375451777,53455400
2021-03-24,302.00115966796875,308.58599773415375,301.85591218860037,308.5472552223629,64803700
2021-03-25,301.47821044921875,302.98887274626566,297.6629156300666,300.16126069265863,78729000
2021-03-26,306.00042724609375,306.31997165146953,299.8707481461718,301.26515328513955,63519600
2021-03-29,305.9132080078125,306.9590190080887,302.5820625226861,305.46777272546024,54608000
2021-03-30,304.3736877441406,304.9450142805837,301.6816590451657,303.95730172549463,44635700
2021-03-31,309.0313720703125,310.59041062699464,305.8164239206907,306.15535434010434,55032500
2021-04-01,314.2992858886719,314.4348403495648,312.594970024574,312.8467520186459,55685600
2021-04-05,320.57421875,321.33922820909277,316.5361910716538,316.7782800541117,42172500
2021-04-06,320.3514709472656,322.2978459984403,319.576768580739,320.2643224720077,33537200
2021-04-07,321.1261901855469,321.9589916559728,318.94738933349885,319.8770027558469,32046400
2021-04-08,324.4766845703125,324.6606745569376,323.1790912001357,323.97315013695163,29940800
2021-04-09,326.4424743652344,326.64585040096193,322.3850899454021,323.12102040424014,36664900
2021-04-12,326.01641845703125,326.4328044330013,324.1378055051209,325.40634946569514,25833000
2021-04-13,329.82196044921875,330.2867522764166,327.32358617054615,327.5366256086355,30374000
2021-04-14,325.86138916015625,330.1899403623639,325.04797391065114,330.0640493918683,42564300
2021-04-15,330.800048828125,331.1874148343269,325.5806258307669,328.72778254395547,36342800
2021-04-16,331.1873779296875,331.4004173886084,329.3184287688422,331.3229323752514,40860100
2021-04-19,328.1564025878906,330.7709453921216,326.23904755662335,329.61862923278056,34533100
2021-04-20,325.7646484375,328.7762214396962,323.798886921887,327.4980139676234,38081800
2021-04-21,328.55352783203125,328.73751784307944,323.4018666264438,324.486420658803,36598100
2021-04-22,324.5928955078125,329.1441503104855,323.44054967233905,328.1661309889233,45936100
2021-04-23,328.6793518066406,329.986608547514,325.2223143696923,325.2223143696923,36381900
2021-04-26,330.8194274902344,331.1002589729118,328.1758052713695,328.9214582200085,30812000
2021-04-27,329.38623046875,331.322942133481,328.4372606662317,331.1099026682856,33187200
2021-04-28,328.27264404296875,330.0641083352894,327.62383259911434,329.0570099433461,33615700
2021-04-29,329.4540100097656,331.9523549599582,326.23906167544914,331.5359690602384,37708900
2021-04-30,327.29461669921875,329.49280360962103,326.3843597459195,327.0138147522591,38263400
2021-05-03,325.5515441894531,329.2409774847648,325.1061087885574,328.49535414501815,29729700
2021-05-04,319.69305419921875,323.3243890876106,315.8873927767561,323.0048150683799,65147000
2021-05-05,318.61810302734375,322.5980606740514,317.8434302194345,321.7362098397695,46219300
2021-05-06,321.0196838378906,321.174624332929,316.1198051958289,318.3567050301668,46814300
2021-05-07,323.62451171875,325.9969656355918,321.1939292677042,323.7891156513967,53324500
2021-05-10,315.45166015625,322.4238056282086,315.24828411880645,322.2495086405826,60700500
2021-05-11,315.01580810546875,315.8098669165406,308.92484213565723,309.5833465080843,71963600
2021-05-12,306.8623046875,312.4109648887553,306.0004537815061,310.09660973504145,91164900
2021-05-13,309.2347717285156,312.1979384391469,306.8719809517946,309.7964347035057,69877800
2021-05-14,316.0616149902344,316.971842114096,311.88797494834944,312.3915387998673,44370000
2021-05-17,314.1441955566406,316.04216396699434,311.2778716948199,314.3572349380379,39395000
2021-05-18,312.0235595703125,316.31336801898453,311.7524211696528,315.09325999195045,36528500
2021-05-19,312.3818664550781,312.6820543624818,306.2909007351647,306.6395241594255,66319100
2021-05-20,318.4243469238281,319.27650454795577,313.64069762814165,313.8634004945387,46466100
2021-05-21,316.662109375,320.39025638480865,316.3038223783695,319.97387039152886,50330400
2021-05-24,321.9879455566406,323.1112416530921,316.5554550114147,318.947294640956,32475800
2021-05-25,322.4334411621094,324.21521233902246,321.2617388850055,323.49863848305597,31280300
2021-05-26,323.5567626953125,324.0215546156915,322.4141098218782,323.1016342386901,25444900
2021-05-27,322.3463134765625,323.95378780061185,322.14296701413423,323.1113229043898,27931700
2021-05-28,323.363037109375,324.9511547665317,323.0434927061961,323.54702707092054,29927400
2021-06-01,322.2882080078125,325.16422612612524,320.94217916251796,324.6897116541639,31145400
2021-06-02,322.9175720214844,323.7600367406025,321.20359309472224,322.7045325883385,22047900
2021-06-03,319.5574035644531,321.35853110873563,317.89183046076954,320.08998741631143,37057800
2021-06-04,324.980224609375,325.42566001959835,321.28109822184103,321.3488902228397,38736500
2021-06-07,325.9485168457031,326.00661582040124,323.7600236258434,324.4475478610173,32611900
2021-06-08,326.10345458984375,328.5533931755179,324.42818869496324,327.6915424715313,27282800
2021-06-09,326.18096923828125,328.24357185290995,325.9969792692475,327.46889902151736,21485300
2021-06-10,329.5798645019531,329.68636944279376,326.0744216377696,326.5198569799702,33702100
2021-06-11,330.4416809082031,330.45137392154646,328.9407414334833,329.589523186348,21222800
2021-06-14,333.6083068847656,333.61797034867243,329.6864476843522,330.86784308680507,27827700
2021-06-15,331.42950439453125,333.5695626887335,330.71290092330054,333.2596817039785,35963800
2021-06-16,330.218994140625,332.95942783043756,326.7716501352397,331.89423062610587,55399500
2021-06-17,334.4119567871094,335.41905499835264,329.16348539671577,329.2118913613866,59722700
2021-06-18,331.7877197265625,333.8987280697035,331.04206692097785,332.7560754309616,55414900
2021-06-21,333.8497619628906,334.1697065893708,329.7682638070909,331.9786746623673,32992600
2021-06-22,336.9619445800781,337.40789679668796,333.34577595570727,333.6463121871359,28941600
2021-06-23,337.1266784667969,338.27068637748584,336.2929405785921,336.9037171919384,27188500
2021-06-24,339.2111511230469,340.73321124914725,338.5131247928868,339.0560308734377,32581600
2021-06-25,338.7940979003906,340.0156508172586,338.1930256988045,339.77328108525455,28682800
2021-06-28,342.9144287109375,343.05016998016936,340.0156958002439,340.07386217672814,39130300
2021-06-29,344.1552734375,344.1843566183663,341.9061050828348,342.7398426584319,29426000
2021-06-30,343.6124572753906,344.3880582776562,343.03076392022973,344.00024298344687,32724000
2021-07-01,343.7481689453125,344.2522873637605,341.9158394722611,343.263429455445,29290000
2021-07-02,347.6939697265625,348.01388478506476,345.40598385592966,345.6386493530222,32727200
2021-07-06,349.1966552734375,349.4778124771384,345.6095710167711,348.2950468733975,38842400
2021-07-07,349.9334411621094,351.688195706377,347.98477899209354,351.387659596772,35265200
2021-07-08,347.820068359375,348.6732148539798,343.6028571878889,344.8825473436367,50890000
2021-07-09,349.9916687011719,350.466704005283,346.6566581412555,347.23835153401393,35184500
2021-07-12,351.358642578125,351.81429895690616,349.81714471128146,351.38772576884907,25717700
2021-07-13,351.358642578125,354.3155421176451,350.5054962020108,350.9805315125563,39723000
2021-07-14,351.9887390136719,354.33486156799205,351.16467596661545,353.69500189331825,35336400
2021-07-15,349.5165710449219,352.10509308626206,347.51944659972696,351.901510773036,53391600
2021-07-16,346.6857604980469,351.3489529844366,346.3367326086339,350.36976954559515,47262000
2021-07-19,343.8452453613281,344.3396596986981,341.2955100017122,343.24414332719823,64404600
2021-07-20,347.8394775390625,349.28399219197934,343.00175583575276,344.77591947815836,42183700
2021-07-21,350.52484130859375,350.52484130859375,347.189831025329,347.41282185679904,30259900
2021-07-22,352.8419189453125,352.8515936174169,350.72843208972574,350.72843208972574,30252200
2021-07-23,356.962158203125,357.2432857942178,352.8127895156913,354.1603498599877,31960800
2021-07-26,357.2433776855469,357.63119303093924,355.41107739904294,356.2738984943799,28438100
2021-07-27,353.3072814941406,356.9816157771512,349.16761615168787,356.9816157771512,57933100
2021-07-28,354.66455078125,356.2351318847615,352.1536032880991,354.4415895078948,42066200
2021-07-29,355.294677734375,356.45803479304226,354.1022079027435,354.1022079027435,25672500
2021-07-30,353.4429931640625,354.02468652578403,351.34891481355703,351.3779980023354,36484600
2021-08-02,353.47216796875,355.6825796472823,352.7644374101686,355.1008861347925,27334100
2021-08-03,355.6145935058594,355.73092625334533,350.95140183183673,354.1312918031101,35558500
2021-08-04,356.12841796875,357.07851805486206,354.4706171365289,355.57580782929244,29602200
2021-08-05,358.38739013671875,358.6200556779631,356.2351451217369,356.9428460050741,21443900
2021-08-06,356.81671142578125,358.09643072508095,355.7115208208582,357.12695178672953,33332100
2021-08-09,357.4760437011719,357.99954111974125,356.17694524113097,357.27243178557364,25960200
2021-08-10,355.6437072753906,358.28069159438905,354.4609415973218,357.98985970066474,35130800
2021-08-11,355.032958984375,357.39849052888457,353.70477725367834,356.9040762701821,34249800
2021-08-12,356.3126525878906,356.6713551212553,353.1812244425715,354.5288145934865,25969200
2021-08-13,357.5632019042969,357.8928211678881,356.16714997253007,356.6615936609904,19336200
2021-08-16,357.7183532714844,357.7571111274187,352.59950560394634,356.4483382151208,34856900
2021-08-17,354.567626953125,355.94427080417313,352.1439290318299,354.9747916356551,44793900
2021-08-18,351.155029296875,355.43043583369166,350.82540994122667,354.0343835120309,38541900
2021-08-19,352.8515930175781,354.5190981966252,348.9736767487387,349.22575077378224,48499400
2021-08-20,356.50653076171875,356.904020710353,353.60776837263546,353.9180087597868,39486000
2021-08-23,361.83868408203125,362.527005937865,357.534194642734,357.5438693148534,34034700
2021-08-24,362.94390869140625,363.5449810373115,361.96472527143777,362.4300859196335,21732900
2021-08-25,363.3607482910156,363.9327669855129,362.4494355865621,363.1959534152346,20441900
2021-08-26,361.05340576171875,363.18624194922563,360.61712834878506,362.50762435662693,29133300
2021-08-27,364.56292724609375,365.06704572458636,361.19883360227624,361.6835731498802,27104700
2021-08-30,368.6540832519531,369.13882273781064,365.3287478934961,365.3481564080666,27295700
2021-08-31,368.35357666015625,368.96432360892027,366.8120789357701,368.8964825609371,29628200
2021-09-01,368.96441650390625,371.0294121328558,368.7608341363952,369.4103982809534,28138300
2021-09-02,368.78985595703125,370.64156464979845,367.57800704182927,370.3119452952022,25453400
2021-09-03,369.9241027832031,370.3215927167208,367.62644232641253,367.6458212550656,24605400
2021-09-07,370.4476013183594,371.0971652572,368.8770500940635,370.0307324548538,23970200
2021-09-08,369.1582946777344,370.2731898588808,366.89942112240846,370.2731898588808,32949200
2021-09-09,367.88824462890625,370.48644158239364,367.6458748477342,369.3812507650496,29399000
2021-09-10,365.09619140625,370.31199456502407,364.766572007798,369.59458937934374,40249400
2021-09-13,364.8440246582031,367.8494155216135,362.79843813812363,367.42284238816677,48741800
2021-09-14,363.8067626953125,367.0544942449371,362.85666245797427,366.32738486764987,41826600
2021-09-15,366.5115051269531,366.86053293366894,361.97435074269475,364.2623364489551,34097900
2021-09-16,366.7636413574219,367.33563048451015,363.2638359562153,365.1833856673562,35193100
2021-09-17,362.42034912109375,366.3370528631563,361.3830289976606,366.2885907439303,60912300
2021-09-20,354.93157958984375,358.37703415047895,350.30201844577,356.63973434429585,76203200
2021-09-21,355.3682556152344,357.94993218792655,354.24240969202606,356.7561403925276,41927500
2021-09-22,358.6876220703125,360.1434529614634,355.1839069904192,356.28063766745237,46972900
2021-09-23,361.9971923828125,363.02597711347096,359.2019925036824,359.84256161089587,44652000
2021-09-24,362.3369140625,362.75427479552803,359.3670211733709,359.7358364347196,36056800
2021-09-27,359.4447021484375,360.3181948788975,356.9018552495378,359.2991249631874,43338100
2021-09-28,349.2733154296875,359.39618805370606,348.7686379371029,354.9025472421867,97701600
2021-09-29,348.7005920410156,352.6701538015192,348.07945296818735,350.5349530661647,58076600
2021-09-30,347.4195251464844,352.00054152242564,346.5848628668864,350.3409023629965,61384600
2021-10-01,349.5741882324219,350.6126882862081,343.9449859843389,348.040725700773,56375500
2021-10-04,342.2367248535156,348.2929719481272,340.004462643861,347.962987163506,76766000
2021-10-05,346.8565979003906,349.09857530087436,343.0714431735322,343.29465164038623,47232900
2021-10-06,349.0791931152344,349.3509470683057,342.7511616639229,343.6537698345927,56806500
2021-10-07,352.281982421875,354.92189045558763,351.58318236533466,352.1169752114742,39411200
2021-10-08,350.5252380371094,353.5921918100286,349.99141563907443,353.35923874114195,41822300
2021-10-11,347.8368225097656,352.5051843465266,347.74944659507247,348.99175438828416,34847200
2021-10-12,346.6235656738281,349.71960475453756,345.9829966719387,349.2828733570779,43905100
2021-10-13,349.3994140625,350.0690986423029,346.9050833591156,348.9238521158695,40120800
2021-10-14,355.8341979980469,356.04772105094736,352.32079745219414,352.9807670269934,43433900
2021-10-15,358.076171875,358.1926336084034,356.0186022676578,357.0473870713289,40419900
2021-10-18,361.6769104003906,361.89043344638947,356.18357168874354,356.7853103768434,34513500
2021-10-19,364.41387939453125,364.4623952426653,361.7254557146883,362.7445254771425,29091000
2021-10-20,363.9383544921875,365.48153181872937,362.4630934361541,364.87007805144793,31390300
2021-10-21,366.1609191894531,366.35504184884394,362.8416408941693,363.14251028295354,25469300
2021-10-22,363.084228515625,365.86971353558323,361.4245896006137,364.9088746298854,36275800
2021-10-25,366.8013916015625,367.7137145457552,362.5600762221517,364.5011838278465,32597800
2021-10-26,367.9563903808594,371.4406753328108,366.7820284534052,369.0337206133316,47191300
2021-10-27,368.8104553222656,371.86769396233075,368.1407708101906,368.4028096814125,45760500
2021-10-28,372.9062805175781,373.1586340501621,369.93638747624055,370.70313347365857,38007000
2021-10-29,374.7406311035156,374.9056383336375,369.489959462406,369.8393447229548,37310100
2021-11-01,376.0217590332031,376.1479358022768,373.1004114016294,375.1773817250454,30765300
2021-11-02,377.59405517578125,378.06964681864423,375.361792626363,375.41030848306167,25135300
2021-11-03,381.6024475097656,382.0197786571943,377.04086108788135,378.07933144700115,33748900
2021-11-04,386.4940185546875,387.44517214610084,382.3206481645862,382.86415603997733,40265300
2021-11-05,386.86279296875,389.1824014029133,385.4651929741841,388.2603929633159,43383800
2021-11-08,386.3387145996094,387.8527764376792,385.698145419048,386.8337066070788,29256300
2021-11-09,383.6793212890625,387.80417478817003,382.3205519425583,387.40624419045264,50490700
2021-11-10,378.04046630859375,383.7181830371893,376.11875888695903,380.91329761431683,54937400
2021-11-11,379.0887145996094,381.18511496694276,378.74901474777556,381.01042234107166,32243000
2021-11-12,383.0776062011719,383.61139895682,378.64216811670263,380.2338609862939,34730600
2021-11-15,382.9902648925781,384.57227250773866,380.554194715013,384.25200274920627,33716900
2021-11-16,385.717529296875,386.2124916261566,382.0682372936359,382.2623302948795,27872900
2021-11-17,385.92132568359375,387.9497796420175,384.96048686616996,386.0377874046206,28703300
2021-11-18,389.9200134277344,390.42469077233477,385.7466436754668,387.95950529248904,45721500
2021-11-19,392.0941162109375,393.3655396308032,390.7256314635104,391.5506083193441,45191700
2021-11-22,387.5422058105469,396.67512263344946,387.43545908614306,393.62759843238615,61715400
2021-11-23,385.77581787109375,388.4448413938439,381.35009396288643,386.38724201638104,70098700
2021-11-24,387.0180969238281,387.2995362395666,380.9812502582979,383.3008587630399,46954400
2021-11-26,379.6806945800781,385.83400270403473,378.29278000344726,384.44608812740387,51533300
2021-11-29,387.9206848144531,388.93006914854874,383.5046764835853,384.2325918976154,54447100
2021-11-30,382.2236022949219,389.37658088970477,380.2145483069959,387.0375420797313,81332700
2021-12-01,375.7207946777344,388.68740927417525,375.2549477945375,386.5521789963482,77766500
2021-12-02,378.4286804199219,380.20478105141217,373.0226880067084,374.43968842880673,84416600
2021-12-03,371.8483581542969,380.78715218645164,367.74290407814885,379.7874827528357,105349100
2021-12-06,374.8279113769531,376.18668085280285,368.1310660692772,372.33358085620733,67588800
2021-12-07,386.115478515625,386.7269322647258,381.4180007862054,381.4568312388827,56005300
2021-12-08,387.8430480957031,388.046885749986,384.5528856210296,386.4454776630764,39204000
2021-12-09,382.13623046875,388.415715924822,381.94210782452694,386.6201851321078,49973700
2021-12-10,386.2901306152344,386.552169480582,381.7770317126968,384.94104660496487,52545800
2021-12-13,380.7095947265625,386.6008361290102,380.340779396608,386.28056627976525,50166400
2021-12-14,376.7690124511719,378.60334380650556,372.33357429481697,375.8954903002055,75199200
2021-12-15,385.3584289550781,385.71755879179966,372.5762501875287,376.51669680342667,73858000
2021-12-16,375.4490661621094,386.74632774633267,373.86705857012015,386.31928166190784,82591400
2021-12-17,373.57586669921875,377.72983577831553,370.5283135502286,372.04237510865954,80492500
2021-12-20,369.9521179199219,370.73926838457805,366.82294125737684,368.8637138036954,65336800
2021-12-21,378.2318115234375,378.5427926200109,369.47597059541584,373.2173525541527,48899500
2021-12-22,382.83807373046875,383.04214206825503,377.27941354208144,377.9402260261032,37042200
2021-12-23,385.7243347167969,387.191722908839,383.0227496533543,383.18793796010414,29595500
2021-12-27,392.0992126464844,392.0992126464844,386.98756986008556,387.0167224758841,32820700
2021-12-28,390.281982421875,393.1682103706067,389.40737418278945,392.99329465414655,33113700
2021-12-29,390.2236022949219,391.68129229924625,387.8524241820119,390.41797282487676,32248500
2021-12-30,389.0575256347656,392.1867018265196,388.4744436154308,390.0098642647885,23850100
2021-12-31,386.6280822753906,389.74753136765565,386.1324580587254,388.3870262851091,34752900
2022-01-03,390.3500061035156,390.60268190377786,385.6854091645426,387.79418445250604,40575900
2022-01-04,385.2869873046875,390.9331054188095,382.19669095457175,390.89422537317694,58027200
2022-01-05,373.4505310058594,384.7233414945628,373.19785520664453,383.60575524836423,75739800
2022-01-06,373.18817138671875,376.4242607153945,369.40790966584495,371.633325336353,70814300
2022-01-07,369.1455383300781,374.8791448495276,367.3768963463382,373.197931082634,72652300
2022-01-10,369.3883972167969,369.90347622023194,358.8930397293688,364.247631175028,91770500
2022-01-11,374.9374084472656,375.1025967490759,366.5799776767738,368.65960052916887,68295700
2022-01-12,376.4241638183594,379.19378082491335,374.15017091543143,377.50284021239275,54576400
2022-01-13,367.0075378417969,378.4844167378079,366.074624382969,377.8041494231055,77994000
2022-01-14,369.2912902832031,369.62169654378727,364.2865295874727,364.49062759351705,80121200
2022-01-18,360.09814453125,365.60822787238124,359.3401466297135,363.48972471895746,75450900
2022-01-19,356.1428527832031,364.12126822329196,355.8804495871659,361.65290470505374,81791500
2022-01-20,351.5172424316406,363.32453076416374,350.98276772274147,359.35962524552787,88610700
2022-01-21,341.7701110839844,351.9642169806101,341.4882826216306,349.33066449345057,143388900
2022-01-24,343.3345947265625,343.9954367745773,324.7247571363092,336.1530569561985,198685800
2022-01-25,335.375732421875,341.1287645668337,332.04248692140084,336.89175798141326,124398400
2022-01-26,334.8509521484375,346.81372985927146,331.1678458334886,342.955707801269,146559500
2022-01-27,331.478759765625,341.3618827840196,330.458358824308,339.54463373353155,95255700
2022-01-28,341.876953125,342.0907488885804,328.4176364152949,333.3543345150803,108167900
2022-01-31,352.8096008300781,353.39268283254245,341.60482351656185,343.2374590548184,94326400
2022-02-01,355.21002197265625,355.8611367995901,349.01000308839457,354.1507704001854,74433000
2022-02-02,358.0961608886719,359.66076377338635,354.01464617007866,359.33035755736563,78777100
2022-02-03,343.57763671875,351.7212723367331,342.5183851878919,348.41717982324013,95384800
2022-02-04,347.9118957519531,351.2062611980714,342.0422530997897,344.092723711356,86318300
2022-02-07,345.1131286621094,350.86613121232875,343.8595063862734,348.5046794525947,58198100
2022-02-08,348.9904479980469,350.07885188259064,342.84870647037087,343.97599039558594,64720900
2022-02-09,356.3858337402344,356.4635641696809,351.90585037410443,353.49960591720173,55766400
2022-02-10,348.32000732421875,356.1526621410885,346.48333266039094,349.379258893997,112468500
2022-02-11,337.2706604003906,349.91370372527587,336.04619106150767,348.31994809963237,101569100
2022-02-14,337.6885070800781,341.08008649395026,334.1900742753806,336.716713599488,80254400
2022-02-15,346.0848083496094,346.3180292889593,341.89638092534886,342.9556322339399,55128800
2022-02-16,345.99737548828125,347.0177468284198,340.8176993840972,343.83999267312174,58947100
2022-02-17,335.70611572265625,343.49016240194646,335.2882219295977,342.79046981379577,61801400
2022-02-18,331.877197265625,337.0276907913628,329.57405148795016,336.63897933491177,80001500
2022-02-22,328.5439147949219,334.3358250792702,324.91914422587257,328.9423536661352,85967100
2022-02-23,320.1282653808594,332.52833172919344,319.81728430674264,331.6926034563906,86215400
2022-02-24,330.8860168457031,331.4205211576912,309.2830625656103,309.8466898446057,130614100
2022-02-25,336.0169677734375,336.2210657248504,327.873364610371,331.68277784184244,78842100
2022-02-28,337.01800537109375,338.70894638542165,331.6925954747324,332.84903222013645,77515500
2022-03-01,331.8577575683594,338.2618732660849,329.3408159261966,335.99760742770474,67407000
2022-03-02,337.4261474609375,338.75749983927886,330.64301800966297,333.4029080497776,70609000
2022-03-03,332.6060485839844,340.1666007318738,330.749919463699,340.05968802670134,71089400
2022-03-04,327.78594970703125,331.68285129887664,325.47310598980715,330.25431360650526,76936300
2022-03-07,315.69683837890625,328.9326914399779,315.49277003733135,327.7762547430773,89933800
2022-03-08,314.2294921875,323.81136363180053,310.91567218169763,314.90972996905424,116153900
2022-03-09,325.5411682128906,326.8919757166276,319.8075912061071,322.3925660556774,64723400
2022-03-10,321.9260559082031,323.13110014148594,317.4946794549364,321.48876658130735,69362700
2022-03-11,315.24993896484375,325.2011287854023,314.76404200908513,324.8901476160856,66228400
2022-03-14,309.195556640625,317.3780414535806,308.4958641214625,314.0156441855311,79802600
2022-03-15,318.89410400390625,319.6715567757294,310.22572060981196,311.8291743200603,76471000
2022-03-16,330.72076416015625,330.83737463264583,319.1369728320609,322.800653231215,105243000
2022-03-17,334.72454833984375,334.7828535760516,327.53328252529974,328.8257548036188,67810000
2022-03-18,341.5756530761719,341.8672088905822,331.9160242963079,333.07246081620576,85446300
2022-03-21,340.6260070800781,342.9612183586813,336.2475304728644,340.74279139876415,73799100
2022-03-22,347.3203125,348.1862923667207,340.7428860064748,341.12233864386417,63345900
2022-03-23,342.32879638671875,348.0013735104719,342.27041906584384,344.4499479211533,70615500
2022-03-24,349.9375915527344,349.9862591112589,342.09525544418153,344.245565746605,53555300
2022-03-25,349.645751953125,350.9301124529747,345.354840528707,349.87926124638847,57584200
2022-03-28,355.0555725097656,355.1528779384518,348.4002909572127,349.63598379052814,56833900
2022-03-29,361.16595458984375,361.7886558426359,356.17448634348654,358.9377881071644,68073000
2022-03-30,357.17669677734375,360.9616612176863,355.6977552086352,359.30755799873157,68757700
2022-03-31,352.74957275390625,357.67292448022636,351.9127817149847,357.3226308821938,67011400
2022-04-01,352.0782470703125,353.790698080622,348.90627386497005,353.0123139571587,54527800
2022-04-04,359.32696533203125,359.3367047818677,352.65223530203457,352.91493320661743,45950200
2022-04-05,351.3485107421875,358.5875961299539,350.2100934936844,357.8772990694817,62738700
2022-04-06,343.72021484375,347.1451464708245,341.0931165302521,346.0456573966083,90077100
2022-04-07,344.5374755859375,346.7267139556249,339.27356998716454,342.7276897597374,63777400
2022-04-08,339.7211608886719,343.5547631418501,339.0887201470298,342.80556776402153,61956100
2022-04-11,331.68426513671875,336.41300637477076,331.3437109630869,335.49838873973647,66107400
2022-04-12,330.2831726074219,338.3006420992294,328.91124606106035,336.4227688302859,72790200
2022-04-13,336.996826171875,338.04764771294055,329.9036842659665,330.6236910682993,61367800
2022-04-14,329.2906188964844,337.6000026981519,329.0765588554386,337.08431664837485,73519400
2022-04-18,329.54364013671875,331.8301840562725,326.7219609075332,328.23983055339704,58560600
2022-04-19,336.9092712402344,337.4833347492364,327.8798784785365,328.90151139069314,56515700
2022-04-20,331.9955749511719,338.17409838271,330.77933135021743,337.7167896010132,65500000
2022-04-21,325.12628173828125,338.47577467202575,324.2019542803941,335.8681551308669,75801000
2022-04-22,316.612548828125,326.49818102204216,316.18442867730363,325.2819373420836,82562100
2022-04-25,320.6797180175781,320.9910835818568,313.72280886056757,314.9877203304042,101755900
2022-04-26,308.5756530761719,318.8115499365744,308.303185966465,318.62667850838835,105819600
2022-04-27,308.2059326171875,314.16065778625494,306.49345176573416,308.67295125416314,111204200
2022-04-28,319.152099609375,320.98133496122966,308.9453618627923,313.1584468432036,99450000
2022-04-29,304.7906188964844,318.393096791784,304.15817821974565,314.9584263603531,91977900
2022-05-02,309.8794860839844,310.11299540302446,301.28792283503986,304.38204008613553,115511800
2022-05-03,310.21026611328125,312.49681025101495,307.4469639380765,309.8989005937919,78185500
2022-05-04,320.6991271972656,321.3704960583859,305.41338552668526,310.68700129283695,116083400
2022-05-05,304.54742431640625,316.4666126482784,301.2586965808234,316.388786116127,154607400
2022-05-06,300.8987121582031,306.58099955377276,296.8704984927838,302.55281558180513,139572800
2022-05-09,289.1255187988281,300.99607215962925,287.7341427841686,295.2845950656918,113387300
2022-05-10,292.63800048828125,297.50297573409813,288.5611488568105,296.28673192264387,124124600
2022-05-11,283.95880126953125,295.8779876703027,283.09285133080135,290.3805729425134,140326100
2022-05-12,283.28741455078125,287.76319632409655,277.2451254881993,279.68735180421265,120910900
2022-05-13,293.7861022949219,294.8174745830036,286.138346424551,287.73407242102456,83684900
2022-05-16,290.38067626953125,294.09752488595956,289.1060549926782,292.04448966947314,59190400
2022-05-17,297.90179443359375,298.28124691845005,292.4335393859627,296.2282423951726,62715300
2022-05-18,283.2778625488281,294.08782595128173,282.02269031248517,293.3970076106104,79477100
2022-05-19,281.7598571777344,286.43999008265416,279.81386732869197,281.47771002890624,79920700
2022-05-20,280.88427734375,285.86600855125323,272.6430059278613,285.21411832565224,91764200
2022-05-23,285.5545654296875,285.9340180153602,279.5317243809088,281.9252836170379,63648400
2022-05-24,279.4830627441406,281.05930982802573,274.62782739676254,280.34904251119707,73491100
2022-05-25,283.39453125,285.4670153366777,277.7900705866969,277.99439122112335,67144500
2022-05-26,291.2465515136719,292.79363954107737,282.3144654224691,282.5966422587601,59462200
2022-05-27,300.7527160644531,300.8986593542299,294.2531175498577,294.36987218167906,66985600
2022-05-31,299.9548645019531,302.9224870489725,296.11152279625475,300.72353878178234,60968300
2022-06-01,297.7363586425781,304.2067670338678,295.5276715082993,302.085645853624,65341700
2022-06-02,305.8901672363281,306.0652992066853,295.2066716427817,296.6175262442658,59291300
2022-06-03,297.93109130859375,302.0857694144157,296.6856588527265,300.68465418988353,60914700
2022-06-06,298.9234924316406,303.91496098729647,297.36669466302385,302.3581632186797,51785000
2022-06-07,301.501953125,302.28036693390857,294.51585621570564,295.605605854727,44900300
2022-06-08,299.33221435546875,303.30202113308343,298.48568371120905,300.7041112591163,38342100
2022-06-09,291.314697265625,300.70409308352015,291.1493047438415,297.64890422197186,55900500
2022-06-10,281.03985595703125,286.9070142794272,280.5922865971238,285.7199592604515,85963500
2022-06-13,267.9725646972656,274.7154131267683,267.11632432016336,272.1953595630183,94442000
2022-06-14,268.4590148925781,271.134750752662,265.95841098054524,270.1617558944497,64697500
2022-06-15,275.16290283203125,279.0840704783774,269.14006296698284,271.8742055265823,86051400
2022-06-16,264.0611267089844,268.6049967204327,262.00809182300713,268.14768788372317,81910300
2022-06-17,267.2720031738281,269.7044907124931,263.20489113560865,264.82977618310406,82703400
2022-06-21,274.0151672363281,276.32562334024476,271.63652291193824,271.74374383104197,51633700
2022-06-22,273.6154479980469,278.0120701285901,270.9248103368387,271.5194638703662,67472900
2022-06-23,277.6903991699219,278.5385272590604,273.26450217830984,276.0916057256148,57457800
2022-06-24,287.2049865722656,287.62420116652714,280.27371014255556,280.5076682412904,58422300
2022-06-27,285.0993957519531,289.12556482992136,283.96854832732276,288.56015599287156,54151500
2022-06-28,276.4132995605469,288.2189033828553,276.22807278418054,285.63551643685923,61609800
2022-06-29,276.6667785644531,278.16807955603764,273.7811854154774,276.27683836873155,57302700
2022-06-30,273.23516845703125,276.80317802433996,268.8482758374661,273.69335620953996,79313600
2022-07-01,275.0387878417969,275.4287280627205,270.0669682110584,271.93872292223625,56675100
2022-07-05,279.7474060058594,279.8643851101462,269.79403720898574,271.31482506578493,61829300
2022-07-06,281.54107666015625,283.63706078053895,278.4117674893385,280.12753987607994,63194700
2022-07-07,287.5657653808594,288.2676695587538,282.35023028475064,282.35023028475064,56620100
2022-07-08,287.9264831542969,289.29128867561775,283.80279206972443,284.73865446284026,59895500
2022-07-11,281.7751159667969,285.74279570928866,280.8977430182285,285.51859569774575,55273900
2022-07-12,279.0454406738281,284.9336355578182,277.456405436465,283.022907853938,55797100
2022-07-13,278.4702453613281,280.80991594946016,272.9817493886294,273.54718787899776,73939400
2022-07-14,279.46466064453125,280.3322753285217,272.7673107554296,275.87713357604196,63741800
2022-07-15,284.53399658203125,284.6412472602706,280.839247904855,282.4477998247008,63818100
2022-07-18,282.12603759765625,288.71613714679245,280.95621698129423,287.3123286067335,59519600
2022-07-19,290.8022766113281,291.0947540209909,284.1439604004065,285.74272385456845,55172600
2022-07-20,295.4134216308594,296.59300027762254,290.44160280286565,291.22151286932126,67769400
2022-07-21,299.65411376953125,299.7126033100451,293.21999655824266,295.8716314801452,55049400
2022-07-22,294.3995666503906,300.79468073009497,292.5765732733218,298.72797102452967,57127700
2022-07-25,292.7228088378906,294.89676928529184,290.72434676443356,294.4288232056568,40582400
2022-07-26,286.9710998535156,291.2800176636317,286.1619747271185,291.02654315994,50074100
2022-07-27,299.09844970703125,300.7849775519658,290.95831770194945,291.5237562918139,69304400
2022-07-28,302.02313232421875,302.5982995022755,295.1405830402998,298.8840636613986,55139900
2022-07-29,307.5309753417969,308.4376226108374,302.1399718411888,303.56329648911134,57501000
2022-08-01,307.34588623046875,310.79691900052813,304.6747638395256,305.76660861974943,46358800
2022-08-02,306.429443359375,310.5433767423698,304.00203791260134,305.05490925735717,48676500
2022-08-03,314.7743225097656,315.59320592571174,308.0477270385424,308.106216586072,53735700
2022-08-04,316.24639892578125,316.5583630620887,312.70763199029614,314.85234823923787,38973700
2022-08-05,313.6628723144531,315.6905788028209,310.38733958312264,311.1672198285277,53894000
2022-08-08,312.6489562988281,318.2641884071984,311.1866587498167,314.57919977371034,43878500
2022-08-09,309.11029052734375,311.0112898504591,307.4920402349788,310.7578153405692,39764200
2022-08-10,317.73779296875,318.03027036569273,313.9650695773247,316.43147723053835,51459600
2022-08-11,315.934326171875,322.0564789270712,315.2324219817653,320.0580170075854,45897700
2022-08-12,322.0858154296875,322.28077067246943,316.928768786997,317.98161039951196,40928400
2022-08-15,324.68865966796875,325.18585052977204,321.12064882265224,321.14016517050663,38266600
2022-08-16,323.92828369140625,326.0145099905801,320.88670831175966,323.71381210691675,41186900
2022-08-17,320.23358154296875,323.0996886985775,318.15711311895257,320.79902023382283,47842200
2022-08-18,321.003662109375,322.18324085585533,318.57625690160626,320.1847787832666,41937200
2022-08-19,314.7449951171875,318.62496970460546,313.9846013764956,317.9718266167245,51770600
2022-08-22,306.4586181640625,310.72853261401207,305.64949311671654,310.4945744799411,51098900
2022-08-23,306.2052307128906,309.03233444699987,305.454565308121,306.22471731086637,39497100
2022-08-24,307.09234619140625,308.90558147849424,305.1230991263191,305.72751088868176,38057100
2022-08-25,312.5223083496094,312.54182469616995,307.82348016039754,308.86656343289775,38098300
2022-08-26,299.71258544921875,313.4289471423746,299.6248511436763,312.2298521322397,69047700
2022-08-29,296.7587585449219,299.49812774097546,295.6571559624215,296.9634719339838,48321900
2022-08-30,293.4539794921875,299.02048248873007,290.9388397861882,298.4063125109601,51184500
2022-08-31,291.7479248046875,297.24617932386855,291.6407039029759,296.34929016629354,50044000
2022-09-01,291.87469482421875,292.24514843632187,285.58683084422876,289.26206269221797,57990700
2022-09-02,287.7510070800781,296.11533836235265,286.14245551571184,294.740774703101,64666800
2022-09-06,285.6842956542969,289.1450856998673,283.55909620691773,288.22870983713847,57005400
2022-09-07,291.4554748535156,292.44982673200275,285.89873084010964,286.1619635068617,49260400
2022-09-08,292.9665222167969,294.2825963801712,288.02397753736875,289.3887830676894,55649800
2022-09-09,299.37139892578125,299.8685897780452,292.9665263898493,295.21846298458763,56125200
2022-09-12,302.9296569824219,303.26110763972156,300.4340040034933,300.74596806349194,45905700
2022-09-13,286.3179626464844,295.40368501720326,285.43083161581785,294.21434811076927,79562200
2022-09-14,288.5893859863281,289.46675884397393,285.69403473072657,287.45853861960694,54907200
2022-09-15,283.7832946777344,289.07680611469806,282.1845013060577,286.678645807711,65299400
2022-09-16,282.0480041503906,282.4379442766168,278.4409910441184,280.4882138949614,79920400
2022-09-19,284.2445068359375,284.4007692098792,279.3516735071406,279.41026817186867,52613800
2022-09-20,281.97869873046875,284.2639794331516,279.68364231837523,281.744290332558,51271100
2022-09-21,276.92962646484375,287.07669551664645,276.7929155274631,282.81862817140177,82931000
2022-09-22,273.5212097167969,276.41198853056363,272.30043811253796,275.40607392081404,62757100
2022-09-23,269.0678405761719,271.35312147078616,265.65942594872183,271.06011839978765,74815200
2022-09-26,267.9544982910156,272.95477436818817,267.1634406196502,268.59906932027565,71176700
2022-09-27,268.0618896484375,273.6578869182652,265.74728193661343,271.31401168769924,69780100
2022-09-28,273.3942565917969,274.67362290438297,266.5677110211585,268.04238291652376,79652100
2022-09-29,265.5129089355469,269.790496968335,262.5537600614113,269.4096019608169,81216000
2022-09-30,261.01080322265625,268.7553728635486,260.8545408457958,264.6926404771786,78482400
2022-10-03,267.1341247558594,268.726015698941,261.2744210462549,262.77842001017177,61267400
2022-10-04,275.5330810546875,276.23624679838736,272.4664880101079,272.4664880101079,66696900
2022-10-05,275.3865051269531,277.17370133565856,268.9798992296647,271.77300987579224,55766300
2022-10-06,273.2184143066406,277.5350452754022,272.89611396765815,274.3903369651509,53489400
2022-10-07,262.8077087402344,268.71623119922265,261.4794937780923,268.5892661876951,71354700
2022-10-10,260.18060302734375,263.3936820987609,257.47538399634095,263.003011358752,60393000
2022-10-11,256.6061706542969,261.3720673840886,254.92638786927176,258.51058612594454,66522500
2022-10-12,256.5183410644531,259.15519027722434,255.82495102528725,257.2410284347387,50580200
2022-10-13,262.5343017578125,263.85274123440917,248.3147396179077,249.1937042363052,112894100
2022-10-14,254.64317321777344,265.45433337026554,254.05722670868985,264.8586111513661,77244300
2022-10-17,263.0519104003906,263.9210844139179,260.50292341321784,260.6005911168947,64576500
2022-10-18,265.1319885253906,270.7279847476239,262.4560377328192,270.0638923540161,69781000
2022-10-19,264.1651611328125,267.2805721992922,261.80176434002857,263.61825791775556,53115400
2022-10-20,262.81744384765625,268.41347120679865,261.65529678402197,263.2764551298616,60605500
2022-10-21,268.9800109863281,269.5171387017543,260.5810943374729,261.71397423931865,77897700
2022-10-24,271.9390869140625,272.86685542506865,265.6105963643657,269.2436137496372,63963600
2022-10-25,277.5643005371094,277.94519546110047,271.40184984431323,272.8765510054304,59014500
2022-10-26,271.4312744140625,277.339827731573,270.94296570041695,271.9488804583669,63492400
2022-10-27,266.4895324707031,271.77303513636326,265.9719265432203,270.31788503540037,57760300
2022-10-28,274.64434814453125,275.11313522891373,265.6985291278846,265.86456720068617,62651300
2022-10-31,271.4508056640625,273.2184806917732,269.53661418994767,272.3981256902939,47742000
2022-11-01,268.6772155761719,275.4744945683269,268.3158718839912,274.91781546221085,45895900
2022-11-02,259.4676818847656,271.70469568674423,259.399311519549,268.6478787128653,79803100
2022-11-03,254.39895629882812,258.31520006007685,254.0180911616516,256.86005024729747,70038900
2022-11-04,258.4909973144531,260.37586109478195,253.02193579593498,259.3211277795475,78313200
2022-11-07,261.3330078125,261.87016518539997,257.40701717498183,259.5360356389298,47333800
2022-11-08,263.2373962402344,266.46999663818434,259.3113762035289,262.8467553391268,63213800
2022-11-09,257.1628112792969,262.28027513417504,256.8795839869047,261.4989934081129,64862100
2022-11-10,276.1385498046875,276.431523081821,267.4466615364443,269.5561585437925,99256700
2022-11-11,281.2266845703125,281.8908069268004,274.61499676162816,275.95295757603617,66961800
2022-11-14,278.765625,282.4474612340615,277.7890077683027,279.175787547077,55290700
2022-11-15,282.62322998046875,286.4027332966316,279.2831864661924,285.3772674842541,73985400
2022-11-16,278.765625,282.7111669611751,277.9452701018534,280.67004052340684,48859800
2022-11-17,278.1504211425781,279.6251230696114,274.1560592395279,274.31232161227314,55462100
2022-11-18,278.1600646972656,281.25592393714885,275.71852216562894,281.1582860790722,53588600
2022-11-21,275.29864501953125,277.925717946162,274.46851441398985,276.7733167687713,40083500
2022-11-22,279.2637023925781,279.4199349182576,273.90205365695056,276.03110182023045,41873400
2022-11-23,282.0666198730469,282.6916394561302,279.10747060283614,279.28325456645376,46390000
2022-11-25,280.2109680175781,281.17780932846506,279.7226595084052,280.4746438830965,15498800
2022-11-28,276.09942626953125,280.2500491591081,275.17165785896117,278.2382202134206,38714200
2022-11-29,274.0094909667969,276.7244855511011,272.6422328675054,276.324068928453,35618900
2022-11-30,286.50042724609375,286.6078706435798,273.4235375342529,274.273189788215,74718100
2022-12-01,286.8520202636719,288.83455209178715,284.0784308462688,286.8227229382906,51547300
2022-12-02,285.70941162109375,286.58839113405276,281.6173822853335,281.7931960703242,53583200
2022-12-05,280.9141845703125,284.85969658337626,279.4590046815222,283.5901061501414,41482100
2022-12-06,275.0935974121094,280.8947074757694,273.7068173170523,280.7579965302283,53937600
2022-12-07,273.970458984375,275.96276668699613,272.26137865318424,273.9118643287681,45614300
2022-12-08,277.2127380371094,278.1795793180675,273.2476754496832,275.31809869584833,42594900
2022-12-09,275.44512939453125,278.96095735142205,275.00563972342275,276.1971139253693,47860500
2022-12-12,278.9023132324219,278.96093768122927,274.5856821096089,275.6208939066993,35732500
2022-12-13,281.90057373046875,289.9381447261777,279.2246519032776,289.71351202089016,80667700
2022-12-14,279.8106994628906,284.5961194231244,276.5683220940458,281.31466900776286,64984400
2022-12-15,270.4155578613281,276.3924505124557,269.22408365411695,275.7283281481141,60554100
2022-12-16,267.8372802734375,271.2749622570811,266.23561368074434,269.7416958287019,68300400
2022-12-19,264.0732116699219,268.1946054220828,262.8397183407502,268.1065030236201,44167900
2022-12-20,263.8675842285156,265.6101232317542,261.33209392958287,262.9081974091867,51064200
2022-12-21,267.6953125,268.9973097762477,264.06336718269586,264.9052841933642,46394700
2022-12-22,261.1461486816406,264.81723138409126,256.9366225909554,264.68996240368404,60278400
2022-12-23,261.7334899902344,262.3992023384686,257.9841041168896,259.8832799000987,39373600
2022-12-27,258.03302001953125,261.23422291108676,257.4946065647044,261.12652229491476,38009000
2022-12-28,254.6262664794922,259.88325139151243,254.26405781707638,257.6316662668317,47139000
2022-12-29,260.83282470703125,261.7726133297164,256.73100004741883,257.42604987120274,45893600
2022-12-30,260.6762390136719,260.8035079939195,256.77021658327436,258.07221410162435,37858300
2023-01-03,258.9140930175781,264.4647525064881,256.6135422250686,262.99631964429176,42335300
2023-01-04,260.1475524902344,261.8215874388271,257.0051145763298,261.0286360949012,47754900
2023-01-05,256.0751953125,258.6498533467949,255.76195222257678,258.4834476232973,45396700
2023-01-06,263.1431579589844,264.2591812786744,254.86120494970856,257.80786979786325,54659700
2023-01-09,264.8466491699219,269.49668814317135,264.23970149452265,265.13052477592913,45568700
2023-01-10,267.0883483886719,267.1960490016231,263.30959545426805,263.8186414304335,35247800
2023-01-11,271.70904541015625,271.8167460338236,267.3722803802534,268.1554625853684,44077000
2023-01-12,273.1773986816406,274.20531942412816,267.97914968139804,272.26697764212645,60600000
2023-01-13,275.05706787109375,275.30180669256583,270.3482953359978,270.6811365481586,44802900
2023-01-17,275.6151123046875,276.8975414915612,273.6963382060957,274.8612975247593,36269700
2023-01-18,272.0320739746094,278.6987564529242,271.8265017490513,277.15199051686204,47754500
2023-01-19,269.3595275878906,271.5426085223541,268.12606430403486,270.4070168619612,44150400
2023-01-20,276.7310791015625,277.06392032100797,269.90775941456707,270.96504787665987,60613600
2023-01-23,282.87890625,284.10260033661706,276.7800340425206,277.57298542062097,52799900
2023-01-24,282.3013000488281,283.456459989396,280.7447649000274,281.2636099496276,44875100
2023-01-25,281.6748352050781,282.29155198377816,275.26265970107346,277.7981504868843,50872000
2023-01-26,287.166748046875,287.34295283320364,282.44817626621796,285.0913675625283,51596300
2023-01-27,290.02532958984375,291.98324034411183,285.73750025794106,285.8549701231416,56441900
2023-01-30,284.1613464355469,288.1848682857215,283.78936851387857,286.76537113929567,49405800
2023-01-31,288.41986083984375,288.5177623636274,284.0928943169006,284.20056508031723,46705100
2023-02-01,294.5872802734375,297.044438080266,286.14865939638923,288.2142708827891,67562200
2023-02-02,305.15997314453125,307.07871732986723,300.2749953441006,301.0973142806732,83070600
2023-02-03,299.736572265625,305.81590711540156,298.1311008641206,298.5226770687302,76170800
2023-02-06,297.2010192871094,299.47220262591725,295.859855381322,297.1227160126491,40802300
2023-02-07,303.3587341308594,304.4845269771182,295.95783296502043,297.07382669619886,67584000
2023-02-08,297.9646301269531,302.9866757686997,297.27937931859657,302.04688701348005,56720900
2023-02-09,295.3312072753906,302.4873676326332,293.8823726519767,302.34053032287403,49137800
2023-02-10,293.39288330078125,295.2235247316899,290.99443112772474,293.1775119633013,50050100
2023-02-13,298.0918884277344,298.67926758197126,293.61805554298905,294.7928138514629,39636700
2023-02-14,300.29449462890625,301.2440823269029,294.5774000928948,296.5157420602919,64079100
2023-02-15,302.5950927734375,302.76149844620676,297.79821772193907,298.483468514813,43100600
2023-02-16,296.91717529296875,301.93922151897635,296.7703379509055,297.97446390652266,59498600
2023-02-17,294.82220458984375,295.5759894741586,291.8266035296301,294.7341021910548,58230700
2023-02-21,287.84222412109375,292.44332595656886,287.70518591500763,291.00426047826875,46526700
2023-02-22,288.05755615234375,290.1231372020917,286.4031195400651,288.41976478189457,51389200
2023-02-23,290.5735778808594,291.856007192304,286.3934187871323,291.69937072769267,69294400
2023-02-24,285.7081604003906,286.8045857486757,283.9460226260609,285.6200579929766,74332000
2023-02-27,287.7541198730469,290.2504439084221,287.16674072491605,288.8603441290352,48995000
2023-02-28,287.3821716308594,289.8882952985145,286.79479236101974,287.1276336430137,48243100
2023-03-01,285.07177734375,287.74430602409564,284.0928221054478,287.0884227446252,58287000
2023-03-02,287.4311218261719,288.23387253924335,282.3014043554899,282.5853098272546,53565900
2023-03-03,293.3733825683594,293.60835220800186,288.664608915135,289.17368490490077,60511500
2023-03-06,293.7062072753906,297.60246077353855,293.5104341079863,294.60685944656973,56736300
2023-03-07,290.10357666015625,294.6753105306391,289.4966292239997,293.75509026442063,65955800
2023-03-08,291.5524597167969,292.1496080791151,288.6743288918512,290.52453877912006,50876300
2023-03-09,286.50103759765625,294.64595217901757,285.688488036772,292.0516969518339,71456700
2023-03-10,282.4776306152344,288.1555911045752,281.33226927646217,286.667559450301,98593600
2023-03-13,284.572509765625,288.2729594904219,279.18825578177353,280.69585526234823,97123600
2023-03-14,291.1119079589844,291.6601204902129,287.27442024038487,288.116307386435,73602500
2023-03-15,292.6390380859375,292.97187923172703,287.06878122995937,288.5078464082678,83631500
2023-03-16,300.3532409667969,300.7154496088667,290.93569677161395,291.7286480894808,98198100
2023-03-17,298.93377685546875,302.6440258173411,296.98566536344623,300.26517160215604,89923700
2023-03-20,299.9946594238281,300.3182016304703,296.11200333614676,298.318062691674,56359500
2023-03-21,304.27935791015625,304.7303661793029,300.4162998861101,301.9262335612874,49757000
2023-03-22,300.1417541503906,309.09345846451083,299.9750908495816,304.2107024963731,75791900
2023-03-23,303.70086669921875,308.01493275195025,301.0143859601483,303.86755992069874,74576000
2023-03-24,304.818603515625,304.9166266654698,300.9555458892946,303.27925706662813,57195200
2023-03-27,302.730224609375,306.5932826036852,301.877219657616,305.5147585582891,50287400
2023-03-28,301.1221008300781,302.18102574606104,298.8179891274711,302.1516128273718,48585900
2023-03-29,306.6128234863281,307.23052486511835,303.9949533385013,304.80876084190845,53274300
2023-03-30,309.5149841308594,310.1424997427154,306.7010380026223,309.0835746281062,58354800
2023-03-31,314.66253662109375,314.8978699971412,309.4366395928911,309.74058319542,62138100
2023-04-03,313.897705078125,314.16245133082384,311.2210390766076,312.5446506537307,47126800
2023-04-04,312.8388366699219,315.3488396151204,311.6230324871947,314.3389558514006,45875400
2023-04-05,309.7503356933594,312.82899832081586,307.93645880287295,311.8877547691748,62795700
2023-04-06,311.8387451171875,312.3289805472863,306.7109016681759,308.1031535335626,46916500
2023-04-10,311.66229248046875,311.7113339803602,307.13252153137245,308.91698582089475,45134700
2023-04-11,309.662109375,311.68190694508644,309.15227528174927,311.6230511635603,40113600
2023-04-12,306.9266662597656,312.2016053029197,306.46584366881643,311.6133166878524,62813300
2023-04-13,312.9368896484375,313.4074964995308,307.5050728431719,308.6816198925004,54613800
2023-04-14,312.3486633300781,314.1036849309096,309.44644753659355,311.387790948527,56278300
2023-04-17,312.61334228515625,312.9663273730386,309.8680356976164,311.93681496151294,43007000
2023-04-18,312.6329345703125,315.14296758418715,311.4367888056213,314.7213423597959,46746900
2023-04-19,312.4858703613281,313.5447956833242,310.1033332692326,310.23079927295413,38960100
2023-04-20,310.10333251953125,313.0349309116495,308.81891804476123,309.5248582838529,62462100
2023-04-21,310.4268493652344,311.20142968461187,307.96588797427216,309.7405377499232,59002300
2023-04-24,309.77978515625,311.53480648026124,307.6129229773322,310.2013804516317,44043100
2023-04-25,303.9361267089844,308.8188819521726,303.83810356851995,308.1521690047282,57121600
2023-04-26,305.7793884277344,308.7894406186017,305.2597401603852,307.3187345878107,55400500
2023-04-27,314.0938415527344,314.5938613375926,308.89732811511146,309.53465810239413,65430400
2023-04-28,316.2606506347656,316.348889413881,312.7309498621825,313.8584852685594,59712600
2023-05-01,315.8979187011719,317.30979917765427,314.8193947369705,315.7998656277723,41013400
2023-05-02,313.1428527832031,316.1529061267865,311.4073998524507,315.82933392000797,56519400
2023-05-03,311.0936279296875,316.1724601360595,310.9857605687903,313.5055780252668,59882100
2023-05-04,309.9955139160156,312.01528168247387,308.9660014639323,310.86811750366076,50224500
2023-05-05,316.5842590332031,317.4372639173498,310.0346907683038,312.2505645476067,51806100
2023-05-08,317.3686218261719,317.7117926187996,315.0449106259388,316.12343457922753,36465800
2023-05-09,315.3586730957031,316.5744474308447,315.0449152280546,315.71162825560987,31768800
2023-05-10,318.7903137207031,319.64331859198467,315.3194384553814,317.7902142813276,60446600
2023-05-11,319.8296813964844,320.36892852712367,317.7902847740166,319.3394458516839,44278500
2023-05-12,318.6824951171875,320.78071746685583,316.63331427158494,320.3590921869349,48432800
2023-05-15,320.4080810546875,320.64338448642445,317.6333317618732,319.1530795494304,33375600
2023-05-16,320.7708435058594,322.47685319202157,319.653092386239,319.69231959787356,40019200
2023-05-17,324.6534729003906,325.231947057552,320.65316536956874,321.82971232729614,47486100
2023-05-18,330.68341064453125,330.89911544003,325.02610430665504,325.0457029529377,64213500
2023-05-19,329.93829345703125,331.60507614179306,328.87936806050095,330.8991358513059,61554900
2023-05-22,331.0461730957031,332.0560568161932,329.67349004746154,329.6833043303071,43015900
2023-05-23,326.8497314453125,330.4774853730587,326.4967763197645,329.33035129343335,48216700
2023-05-24,325.1731262207031,326.40852897088314,323.1239458935844,324.89859560084017,62891200
2023-05-25,333.08563232421875,334.350448379632,330.0952075363001,332.5169722704436,66862800
2023-05-26,341.59600830078125,342.4294144347622,334.00717415994285,334.10522722069237,63007000
2023-05-30,343.1452331542969,347.01807544595437,341.72353831105124,345.8218996925252,72652200
2023-05-31,341.1940612792969,343.75310590525214,339.74298348706856,341.56664501133304,65105400
2023-06-01,345.1355895996094,346.45920144834014,339.89006401888,340.9391751193457,50488600
2023-06-02,347.72393798828125,348.8808862670954,345.13551082344975,346.890531884474,53372100
2023-06-05,347.9690856933594,350.5183157925331,346.9396033079213,347.5082632141949,47266200
2023-06-06,347.9102478027344,348.8711199384058,346.03754502332214,347.3611865599489,41390400
2023-06-07,342.0079345703125,350.14583269091423,341.38041870708565,348.1947047865991,69225900
2023-06-08,346.25323486328125,346.71405730663616,342.07644986942665,342.3019389891671,47153900
2023-06-09,347.5768737792969,350.6751648766371,346.13558060935685,347.7043397616495,53196900
2023-06-12,353.45001220703125,353.54806529994903,348.263341705795,349.23399850599407,44606500
2023-06-13,356.16583251953125,356.9992087625755,352.99890106254253,356.19524544667877,57097800
2023-06-14,358.7542724609375,359.0386173810698,353.3813114361752,356.1756293780162,69525600
2023-06-15,363.0291442871094,364.5096349149164,356.8717885834368,357.4894600810382,71138800
2023-06-16,360.7446594238281,365.5685895292292,360.3034654615523,365.44112352181685,80932000
2023-06-20,360.2281799316406,361.6223714308522,357.2729350033405,359.2954729797386,49204700
2023-06-21,355.3191223144531,359.5212926250768,354.3962130906706,359.0892912878748,53378300
2023-06-22,359.5115661621094,359.66863034985084,353.6697491678414,354.072297310212,47603000
2023-06-23,355.9475402832031,358.24498586469036,354.2588157580104,355.62352426121214,48922900
2023-06-26,351.1758117675781,358.2056153623777,351.0874519552822,355.41726253359724,52685500
2023-06-27,357.2140197753906,357.9405838225514,351.99078263071266,352.71731671523384,49428100
2023-06-28,357.9111633300781,359.8551395640443,355.3191550679335,355.39771711610643,46498000
2023-06-29,357.1944274902344,358.2548054036376,355.5548117745731,357.6166011211994,46151000
2023-06-30,362.7024230957031,363.75294327955527,360.5522439954608,360.8664022946448,58712500
2023-07-03,363.55657958984375,364.18492611888274,362.2605755477355,363.340578916159,19432900
2023-07-05,363.5467529296875,365.245305048856,361.95621612900413,361.9954971505115,34460900
2023-07-06,360.7779541015625,361.21978310920645,357.8914138236291,359.845247253675,49374700
2023-07-07,359.5801696777344,363.7430885890437,359.3543712445191,360.5521875880231,47133700
2023-07-10,359.6980285644531,360.37548387562833,356.8016898800324,359.3053082299297,48498800
2023-07-11,361.47515869140625,361.9267855978808,357.9896944076231,360.1202480093404,38214100
2023-07-12,366.0405578613281,367.38564065493074,363.56636297661527,365.56927551123067,61975400
2023-07-13,372.2554626464844,373.0801843408442,368.6325598689431,369.21182760798246,46960000
2023-07-14,372.17694091796875,375.89800141104195,371.30311043065103,372.6874743726871,55148500
2023-07-17,375.6524963378906,376.5263267063156,372.4125164634129,372.8935965757237,40868900
2023-07-18,378.72564697265625,380.09038542435553,373.090033424241,375.0143841544682,55262000
2023-07-19,378.6372985839844,380.92494642662837,377.3118411168588,379.7860363788649,54093000
2023-07-20,369.9089050292969,377.11542891158786,368.8878082777799,375.65250309531353,71941700
2023-07-21,368.7994079589844,373.0114053791579,368.3674066870366,372.284841442172,60499600
2023-07-24,369.3885803222656,370.7140077219881,367.5329340224281,369.7714729152002,40380100
2023-07-25,371.8921813964844,373.5514524681498,370.0758162038911,370.095471695657,38894400
2023-07-26,370.6550598144531,372.3437840512976,368.3576146252527,370.8514349435012,47075700
2023-07-27,369.771484375,377.7143710863636,368.4853079954955,376.1042086566428,63940200
2023-07-28,376.5067138671875,377.52778067210954,373.3059849403435,373.8165183428045,56902900
2023-07-31,376.7030944824219,377.88128547604856,375.3874648517023,376.81110980544776,44019900
2023-08-01,375.82928466796875,376.58527205988247,373.76746546144676,375.358002289648,41060600
2023-08-02,367.5820007324219,372.36343848100574,366.34490334074667,372.36343848100574,72687100
2023-08-03,366.99298095703125,369.1137069387702,365.00969362345404,365.17661551334044,47666400
2023-08-04,365.27471923828125,371.2245199477733,364.77398364622474,368.9172470740112,61702800
2023-08-07,368.36749267578125,368.465680253714,364.7544175239334,367.081316303995,37230400
2023-08-08,365.2354431152344,365.88344507756824,362.1132763570565,365.86381954997177,44726500
2023-08-09,361.21978759765625,365.6772388927136,360.46380035837876,365.52014479832445,51150900
2023-08-10,361.8874816894531,367.55254806206125,360.36567918634705,364.22420808465364,72035300
2023-08-11,359.5801696777344,361.30817488479244,358.0583673392255,359.33471575457895,48707200
2023-08-14,363.615478515625,363.7332916146843,358.0682253755608,358.78493171571785,42130800
2023-08-15,359.7569580078125,363.4387672515518,359.0893004933411,362.64346888927497,45539900
2023-08-16,355.9475402832031,360.74860439303535,355.84935270191363,359.2169740053772,53190500
2023-08-17,352.0594787597656,357.68529379874263,351.6471329234823,357.34165229341386,62604300
2023-08-18,351.6177062988281,352.87442935667116,348.25988299283443,348.7998996743189,61191400
2023-08-21,357.28277587890625,357.96023120114785,352.61915066898786,353.080605309317,50696500
2023-08-22,356.772216796875,359.89438373256587,356.0849337776347,359.8845559868901,44530200
2023-08-23,362.3980407714844,363.4878719658875,357.73441539699064,357.95041608652554,51770600
2023-08-24,354.6515197753906,365.9620274928143,354.44534683803494,365.86386987869173,66842500
2023-08-25,357.4005126953125,359.0892367672556,352.0594333032428,355.4859902059147,69960500
2023-08-28,360.0907897949219,361.0234968724042,357.6264224298036,360.3165882637422,40910000
2023-08-29,367.95513916015625,368.3086084696336,359.57045283096005,359.89443889889077,58492400
2023-08-30,370.007080078125,370.58637775483646,367.06163274123446,368.06310401186664,41731500
2023-08-31,371.1165466308594,372.81509876045794,370.0169177230242,370.08565202042405,35730700
2023-09-01,370.7238464355469,373.9049202292134,369.2412949010862,373.48274660106966,39801200
2023-09-05,371.195068359375,372.4125102375906,368.9957808199257,369.9186899736173,32344200
2023-09-06,367.9256591796875,370.76312134618934,365.9227764343656,370.4194798088334,42998700
2023-09-07,365.2943420410156,366.0699848231413,362.43725479685475,363.4779770278723,52060700
2023-09-08,365.8049621582031,368.03370347189207,364.84280173304205,365.2453498556143,35800100
2023-09-11,370.11505126953125,370.6255846271766,366.86524382561294,368.82887514943724,39936600
2023-09-12,366.0111389160156,370.09549644535633,365.7264039301276,368.44602304662743,41391000
2023-09-13,367.4053039550781,369.00566859817417,365.11768618873833,366.24676843328615,46300700
2023-09-14,370.40966796875,371.3914838532765,367.09115544767064,369.1529448350619,48039400
2023-09-15,364.0671081542969,369.47692270751975,363.13437117524467,369.07437464090987,69811200
2023-09-18,364.4466247558594,365.55768735077066,362.8439436680501,363.1290907956141,36903500
2023-09-19,363.6698913574219,364.4663109860004,360.6513463421351,363.12912296972536,37621700
2023-09-20,358.42919921875,365.0857024392768,358.35052346090663,364.73175154701113,45514200
2023-09-21,351.8611145019531,355.53844061805927,351.69398104567944,354.7518331573384,69734800
2023-09-22,351.91033935546875,355.73511547676003,351.59569633093804,353.6015081048086,51589700
2023-09-25,353.5819091796875,353.670426931504,349.96360354560466,350.9468407291718,39168000
2023-09-26,348.2723693847656,351.54656539828693,347.28913238471915,351.00576704465425,53657700
2023-09-27,349.0884704589844,350.9959526262273,345.47013551952676,349.4227674359429,56066000
2023-09-28,352.0087585449219,354.13255449143566,347.31869791078043,348.17410947131697,56453300
2023-09-29,352.2643127441406,356.86588475516515,351.0352664817327,355.4795169704476,64829600
2023-10-02,355.2041931152344,356.6003727924887,351.92018527562334,352.5297873887353,51625100
2023-10-03,348.970458984375,354.9583681944584,347.3579360413067,352.76573907241095,60478500
2023-10-04,353.7195739746094,354.5651435428626,349.34415654013293,349.8062792129742,54786700
2023-10-05,352.67730712890625,354.11282484978915,349.1868275319199,353.70969405026443,45897400
2023-10-06,358.5865478515625,359.776256226346,348.90165734771625,349.688234949587,75049100
2023-10-09,360.4153747558594,360.95614313711815,354.7322657423187,356.2267752731896,45304800
2023-10-10,362.4113464355469,365.0562565426873,360.2482428946755,360.7496733940791,46968800
2023-10-11,364.9972839355469,365.18410138834133,362.0180766699506,363.73874162546696,38215100
2023-10-12,363.7288818359375,367.47501266939906,361.33962295903945,365.49872656424327,49587900
2023-10-13,359.1567687988281,364.9382064939926,357.760559216972,364.3581003315198,52469900
2023-10-16,363.2176208496094,364.2696917484524,360.32690137403074,360.4743809378837,44201100
2023-10-17,362.0279235839844,363.71909264929917,357.56401860820876,359.67797243834826,50999100
2023-10-18,357.27886962890625,361.74277458207155,355.9514935077694,359.5403330220325,54280500
2023-10-19,353.93585205078125,359.88442436830707,353.1394324183459,358.6947159060048,72274200
2023-10-20,348.6557922363281,354.0046030889212,348.4296369591681,353.4343089138245,72559700
2023-10-23,349.70794677734375,353.23776430725763,345.2342000427066,347.33834180480255,60665200
2023-10-24,353.10992431640625,353.8768480102766,349.82591619106324,351.51708510652264,47082100
2023-10-25,344.46722412109375,350.8976020760696,343.88711793030996,350.7206266292562,71190500
2023-10-26,337.8992004394531,344.2017526397677,336.6111624865068,343.2676655719016,78621400
2023-10-27,339.5216064453125,342.9924322678214,338.31221398932763,340.6228272153074,63476700
2023-10-30,343.3464050292969,344.66393913377567,340.64250302235547,341.9993450062409,55298500
2023-10-31,344.9883728027344,345.3620076760577,340.8096154144831,343.3758796725124,47671900
2023-11-01,350.97625732421875,351.5367095936347,345.7257755512951,345.8241052486329,58992700
2023-11-02,357.3476867675781,357.5836540648614,354.26030793338845,355.47954231671883,58162400
2023-11-03,361.54608154296875,362.8341196576423,358.40955300253114,358.6357083226237,53280500
2023-11-06,363.0209655761719,363.5814179312338,360.759532221873,362.3130336555714,38848700
2023-11-07,366.4524841308594,367.3177075855141,362.86364466248693,364.0631951409586,50777400
2023-11-08,366.6884460449219,367.5242035801458,364.40732877415047,366.8260836356328,35663400
2023-11-09,363.86651611328125,368.5172078212966,363.37489762365516,367.3766793306541,53859400
2023-11-10,372.04705810546875,372.1945376523924,365.05622752117154,365.5871838961083,58309800
2023-11-13,370.88690185546875,371.93897287806095,368.94992333965683,370.4739590281082,40733500
2023-11-14,378.8706970214844,379.7851302288468,376.7567434893468,377.2778578949994,67792600
2023-11-15,379.1558532714844,381.2501529163194,377.7989813885765,380.758534408368,54141400
2023-11-16,379.4803771972656,379.7163445033514,377.1304260854373,378.3889683945876,45343500
2023-11-17,379.56878662109375,380.5815194421102,377.84812202187095,378.75268317924,46571900
2023-11-20,384.19000244140625,384.84878441118275,379.57861867100365,379.57861867100365,44429600
2023-11-21,381.9581298828125,382.70539970508605,380.21781096127205,382.4890863357972,43337000
2023-11-22,383.521484375,386.48103782965114,382.5185932735846,384.02294492871613,44121000
2023-11-24,382.9806823730469,383.70826820602935,381.98760332618167,383.1183199603073,15718800
2023-11-27,382.6463928222656,384.5931830632522,381.7712974062957,382.4890712866076,34139700
2023-11-28,383.6492919921875,384.2293982888467,381.5451501649011,381.899131129143,35491100
2023-11-29,383.275634765625,387.53306802554647,382.93149579449295,386.1073622905768,38811700
2023-11-30,382.31207275390625,384.0032417854491,379.35254945321765,383.54111914293406,52834400
2023-12-01,383.4034729003906,383.9934211550171,379.59835016677164,381.2501812749138,40490100
2023-12-04,379.8441162109375,380.11942136429684,376.24546527387645,379.6179609040308,51186900
2023-12-05,380.7978820800781,381.9875904982216,377.769495189878,377.94650066186034,42933000
2023-12-06,378.5954284667969,383.8262569727363,378.2513194910496,383.72792726280227,41994100
2023-12-07,383.88525390625,384.711169469861,380.4734199676345,381.5648287522021,49593500
2023-12-08,385.5960693359375,386.03850798444535,381.96792238811264,382.1547398194867,46687500
2023-12-11,388.8899230957031,389.1554163138942,384.9668167079118,385.17328809516005,41198000
2023-12-12,391.9871520996094,392.10513575192317,387.79855240637823,388.9292690824057,39221200
2023-12-13,396.97210693359375,397.58170908822694,392.15425151154363,392.92117519092295,55408100
2023-12-14,396.6280212402344,399.4892147459376,393.62913013403534,398.19136460119086,55447800
2023-12-15,398.5452880859375,399.7251845064211,396.804969371436,397.40472954774,62896600
2023-12-18,401.0555725097656,401.9521089442053,398.61229349945984,398.937396570173,46610000
2023-12-19,403.1048278808594,403.22304718535514,401.32161655083837,401.5088071382724,35711900
2023-12-20,397.11474609375,404.39539481982416,396.9374171562618,402.3067738246685,54042400
2023-12-21,401.73541259765625,402.0999622336259,398.4842612297436,401.0359282858349,45568900
2023-12-22,402.33636474609375,403.9028306330073,400.46448897301167,402.94718451843084,34314000
2023-12-26,404.79937744140625,405.4693068819968,403.09496894766085,403.1934950573824,22722500
2023-12-27,405.62347412109375,405.9093411284231,404.22373954064125,405.0813405626292,31980500
2023-12-28,405.4263000488281,407.02319044168144,405.0714555715917,406.7767606385684,27029200
2023-12-29,403.6716613769531,405.7614110670934,401.7593639809604,405.4065365605569,42662100
2024-01-02,396.84063720703125,400.2906539557308,394.52419137369554,400.04422418796656,58026900
2024-01-03,392.6415100097656,395.2733934715993,392.20782124327246,394.2186667232616,47002800
2024-01-04,390.6207580566406,393.8834858235891,390.40389865452806,390.77847672015514,39432800
2024-01-05,391.08404541015625,393.8539136213913,389.694177896052,390.7883417185422,44922800
2024-01-08,399.1669616699219,399.452798550121,392.1584832247877,392.30633507346994,42473800
2024-01-09,399.9555358886719,400.8821142748439,395.97322219161936,396.170378049777,39132900
2024-01-10,402.66632080078125,403.67174362426346,399.3838888757624,400.271030200219,33962800
2024-01-11,403.5041809082031,405.3277675366237,398.46713989937973,403.93789978464144,54536200
2024-01-12,403.7111511230469,405.3770189692426,402.32128344819796,404.5391516370874,39595000
2024-01-16,403.6716613769531,405.2488179000694,401.02007468091455,402.47894972910484,43903000
2024-01-17,401.39471435546875,401.76929247140635,397.1660005689436,400.36958802757596,54386000
2024-01-18,407.0921630859375,407.6737338045604,403.3168717830929,404.65743545684825,59562500
2024-01-19,415.1651611328125,415.32287979779335,408.7087130945052,409.29028375063245,70325100
2024-01-22,415.7073059082031,418.66446305907294,415.10600164501204,417.36330669306824,44880600
2024-01-23,417.4323425292969,417.64920193832427,414.56389628879094,416.3973194073097,33003800
2024-01-24,419.7487487792969,423.7113587915539,419.2558892320418,421.3357721639732,46948000
2024-01-25,420.2613830566406,422.91297008670307,417.9252333872892,422.2426581747515,44367200
2024-01-26,417.757568359375,420.1232879508153,417.10699020742146,418.3785761445014,37137000
2024-01-29,422.0356140136719,422.23276986047324,417.5604410107577,418.21101920709174,38694700
2024-01-30,419.22637939453125,421.5723959912881,418.31953454242796,421.0006920698981,36739000
2024-01-31,411.0153503417969,416.8310878079904,410.8379280992408,414.83994578407896,64010600
2024-02-01,415.855224609375,416.3480842137605,411.84334021005407,412.8093558640843,51008600
2024-02-02,422.8833923339844,424.0958076653043,416.7522178703175,417.7477737801536,59602400
2024-02-05,422.3313903808594,423.4747981460052,418.93064721196345,422.942531453122,39889200
2024-02-06,421.483642578125,424.07608872396537,419.1474930343102,423.47478440731186,35846100
2024-02-07,425.8208312988281,426.6488318242442,422.96225161022807,424.26340818520896,37712700
2024-02-08,426.6094055175781,427.3683984446145,425.2589750756409,425.939093623751,29889900
2024-02-09,430.8085632324219,431.5971566394753,426.95442764216807,427.7429909674589,36943900
2024-02-12,429.12298583984375,432.86873678711555,428.44283719652174,430.7001425501812,33203300
2024-02-13,422.429931640625,425.11108894421386,419.2559147597717,421.17807914380745,64491700
2024-02-14,427.0332946777344,427.45714673560053,422.75527674265163,425.10129337067605,45092700
2024-02-15,428.3048400878906,428.7681292944683,425.1702303097586,427.7232693956781,38796100
2024-02-16,424.4211120605469,428.777973964782,423.711393051843,428.6794261127702,53716500
2024-02-20,421.217529296875,423.9380937915089,417.45207479106114,422.4299446419333,53999500
2024-02-21,419.53192138671875,419.62066258394424,415.60877834354727,418.4870614733529,49779000
2024-02-22,431.8139953613281,432.84898843636626,427.516244223805,428.2851039577148,53887800
2024-02-23,430.5423889160156,434.2979762946172,429.56653662950396,433.3713979305872,39853900
2024-02-26,430.3157043457031,432.3364467529688,430.1284152913282,431.35072755384294,33043200
2024-02-27,431.3507385253906,431.73515338031086,428.8174328995786,431.4197460907077,33713200
2024-02-28,429.053955078125,430.4339859261525,428.0978063183257,429.211673748807,32938800
2024-02-29,432.7307434082031,433.80517376266243,428.8075700303294,431.97175042801547,42495200
2024-03-01,439.24627685546875,440.20242559258236,433.55868843719577,433.6178291770783,43853000
2024-03-04,437.6789855957031,439.67015743750454,437.432555819778,439.2462753607759,34325700
2024-03-05,429.8228759765625,434.65292446863515,427.4571557431224,434.6430576497629,57917100
2024-03-06,432.5237121582031,435.67799537388134,430.65085179861904,434.03186124713403,46234500
2024-03-07,439.0886535644531,440.3405061871345,434.5641757183155,436.1019254292094,44526700
2024-03-08,432.75042724609375,442.233071106835,432.08014541762924,439.4434689579782,72096000
2024-03-11,431.1437072753906,432.3955597485058,429.2215429277489,431.26198875861274,45860000
2024-03-12,437.3241882324219,437.67903270870585,430.22699788911217,433.4503189575067,55300900
2024-03-13,433.96282958984375,436.3482830248126,432.8489622045044,436.3285493906767,37928700
2024-03-14,432.8687744140625,435.7174874601799,430.15804642314674,435.19505745065584,52195200
2024-03-15,427.7232666015625,432.6025583426968,426.5600951429745,429.8425567567074,73069800
2024-03-18,431.8026428222656,435.3164407459144,431.5657369238867,433.036421029208,47323800
2024-03-19,432.87847900390625,433.2831618565317,427.70646045459057,429.79897352411336,43004100
2024-03-20,438.0109558105469,438.3465398397025,432.3750658747095,434.0727457479022,43653500
2024-03-21,440.08380126953125,443.50877120323486,439.88641480477105,443.0547492005902,39345700
2024-03-22,440.5871276855469,441.68270825024166,438.72164062042333,439.57049567083743,28253900
2024-03-25,438.98809814453125,440.4686317643677,436.79690718231194,437.7937793370256,27789200
2024-03-26,437.56683349609375,441.4260951876963,437.3398074713394,440.508141346063,34142000
2024-03-27,439.0571594238281,440.74498940950923,436.19480049800956,440.6462811455431,41359200
2024-03-28,438.2479248046875,439.85677650082647,437.8925809969411,439.0079213812112,36839600
2024-04-01,439.1756896972656,441.7221945881504,437.2707133093092,439.19541930424367,38729000
2024-04-02,435.38555908203125,435.70141356819596,432.3455424869359,434.36892692844134,44259700
2024-04-03,436.3626708984375,438.2380076998727,433.25355592217153,433.26340566492473,39949800
2024-04-04,429.6904296875,441.1497781265479,429.46340363802244,440.53779879163534,57267700
2024-04-05,434.7538146972656,437.4187875750618,430.3023334511116,431.1116991543282,54744600
2024-04-08,434.8821105957031,436.75744728289317,433.5002851483808,435.68159639456593,28144900
2024-04-09,436.4909973144531,437.48786961686346,431.7631508206015,437.21150450507577,39443600
2024-04-10,432.6810607910156,433.5397655709517,430.61818732202715,431.32884474706685,61502200
2024-04-11,439.5903015136719,440.5378348855087,432.27645958503683,434.5466299011899,45474600
2024-04-12,432.5823974609375,436.5008785092053,431.21045166763093,435.375688373544,53665000
2024-04-15,425.4659423828125,436.4120189606587,424.62696718234923,436.3231905448268,63453600
2024-04-16,425.50543212890625,428.1309157561056,424.1236065676271,425.3080155680643,47619000
2024-04-17,420.313720703125,427.4992443738808,419.38591700451707,427.4795147646805,56880500
2024-04-18,417.91522216796875,422.68252783849687,417.3427322200064,420.9552383732777,46549400
2024-04-19,409.2689208984375,417.2638100966855,407.70943842168964,416.74068931609173,75231000
2024-04-22,413.38482666015625,415.71418561726296,408.5681513884315,411.8944128444313,47807700
2024-04-23,419.5536804199219,420.7479692653061,413.4341285924877,415.30946540362476,44384700
2024-04-24,420.9749755859375,424.1531892368131,418.6949560235198,422.64304601856844,48440300
2024-04-25,418.94171142578125,419.8004161798026,412.7136018716216,413.7993025224546,57392200
2024-04-26,425.40673828125,426.9366112542954,421.3796993486773,422.0705970919879,41874900
2024-04-29,427.134033203125,428.13093567514335,424.3999914253364,427.5091066132523,30022200
2024-04-30,419.07989501953125,426.9464658376995,419.0009464701138,425.5547604471097,43665900
2024-05-01,416.0497741699219,424.5579346656436,415.2009491541872,417.6586258995323,52251700
2024-05-02,421.35986328125,422.2580572942132,415.17124357792824,419.78062139166127,36559000
2024-05-03,429.8285827636719,430.8156052949475,427.00568266102414,428.8020708971148,48515300
2024-05-06,434.53662109375,434.62544949710673,430.8550166175624,431.6248929015213,30227200
2024-05-07,434.60577392578125,436.2343550995329,433.87535676036975,434.980847312053,30996100
2024-05-08,434.34912109375,435.7507063041749,431.87168496757545,431.99015297025323,24896700
2024-05-09,435.29669189453125,435.86918186492,432.7699164732943,434.61564389755716,24580100
2024-05-10,436.3232116699219,438.54401253785653,434.7834588112103,436.79699336550215,27116600
2024-05-13,437.3299865722656,438.3268890969221,435.91855139882017,438.22818080669674,22994200
2024-05-14,440.1429748535156,440.6759754843591,436.71800527283966,436.9055419740339,34478300
2024-05-15,447.02252197265625,447.2692776184925,441.1003864725861,442.6105298202424,41464700
2024-05-16,446.114501953125,448.7893248631938,445.9466948514933,446.8350091997646,34780400
2024-05-17,445.8973693847656,446.8449027104207,443.7061778606286,446.2428032207517,35803700
2024-05-20,449.0064392089844,449.66772746028334,445.9269336218566,446.11447031915947,24474200
2024-05-21,449.8848876953125,450.0724243984787,446.96330924202005,447.1607258100495,23167700
2024-05-22,449.7960510253906,450.8916617512401,447.2001768232706,450.14151495233557,25120000
2024-05-23,447.7726745605469,454.6028540574853,445.9861660713321,454.5732445844639,40899200
2024-05-24,452.0069885253906,453.2703761837025,447.683824939773,449.38150492952377,29669500
2024-05-28,453.71453857421875,453.77375752010863,450.76335065839464,453.2210272774434,26216800
2024-05-29,450.5165710449219,452.2931995701903,449.4308402254634,449.5690378395479,29739200
2024-05-30,445.6899719238281,449.72692022116115,444.36736546527953,449.5887226208555,30536800
2024-05-31,444.8609313964844,446.6079806125884,437.310214806021,445.91705276915746,55941300
2024-06-03,447.2496032714844,449.6677908265409,442.0874636790164,448.670918376838,32997500
2024-06-04,448.47344970703125,449.667738607721,445.2755061521262,446.99291582101387,23767400
2024-06-05,457.51458740234375,457.5935359573547,448.51294605412517,452.0366239870845,33817400
2024-06-06,457.3565979003906,458.51142744577595,456.1919186129322,458.1955730256578,21966800
2024-06-07,456.95196533203125,459.6958869003459,455.8465048615647,456.99145466927325,25829700
2024-06-10,458.7976989746094,459.1530427715406,455.5405364640256,455.82678145022857,20660800
2024-06-11,461.94622802734375,462.0646960213357,456.0339732954004,457.52438680740653,22053300
2024-06-12,467.99676513671875,470.31627429764677,465.1738949266606,465.8647926816662,34532600
2024-06-13,470.53338623046875,472.1817271248933,468.26324643825706,471.52040876995864,25859000
2024-06-14,472.9713439941406,473.04044280266436,469.87207869046944,470.3359804995687,23372600
2024-06-17,478.76513671875,480.54176518972315,471.93495781150637,473.23780463350295,37054500
2024-06-18,478.9132385253906,479.59428654506,477.1563394611156,478.71585207369253,24438600
2024-06-20,475.22174072265625,480.52204691160244,473.39574301016904,480.1075143153198,33918700
2024-06-21,473.948486328125,476.27787523634794,472.45810274298066,474.94538875408216,37456800
2024-06-24,468.552734375,474.45462577219325,468.4143472780598,472.72459095925706,37751000
2024-06-25,473.91094970703125,474.2075150589822,469.69954069283574,470.63871458970596,29014700
2024-06-26,474.8896484375,475.4333918119505,472.6752133443042,473.0904048395707,22737100
2024-06-27,476.1154479980469,477.5884695703149,473.83180447748856,474.64245659519145,26222100
2024-06-28,473.64398193359375,481.6417124149617,473.0014035971446,476.9063514538497,34881600
2024-07-01,476.42193603515625,476.9854101515006,470.82650561613593,474.56337955053453,24898300
2024-07-02,481.42425537109375,481.4835684420996,474.8006808608911,474.92920257120903,26723600
2024-07-03,485.4378967285156,485.56641842894476,480.6728792615718,480.6728792615718,18064900
2024-07-05,490.49951171875,490.93449434748237,485.9816417886156,486.2782373097051,28495900
2024-07-08,491.666015625,492.219624364335,489.8470111715543,490.86525904955414,22109400
2024-07-09,492.0911560058594,494.295725803935,490.578612291676,493.1786126365114,25614500
2024-07-10,497.221923828125,497.7755326004997,492.70408404314736,494.0090017669361,28046900
2024-07-11,486.3177490234375,497.53826719034237,485.13145747225576,497.3306714485331,49966600
2024-07-12,489.1747741699219,493.92000053484,486.42649145110255,486.89113058774603,37109400
2024-07-15,490.4896240234375,495.2941939835856,488.4531281241457,490.9443676264422,31151400
2024-07-16,490.6773986816406,492.7534464305453,487.5237900438396,491.94279432973485,25950600
2024-07-17,476.273681640625,483.2234781761037,476.20450316938724,482.7094214942809,56268800
2024-07-18,474.0196533203125,480.1686926795042,470.83638798961687,479.9907534784537,49347400
2024-07-19,469.8181457519531,476.1945720575138,468.53298905861266,473.68354156914774,42042900
2024-07-22,476.8174133300781,477.835661269661,472.25999126847034,475.6706436808386,40300000
2024-07-23,475.13677978515625,478.9033104941796,474.66227523561906,475.91777541548873,23282500
2024-07-24,458.09344482421875,468.78011444305554,457.23337521393535,468.4143404864442,58818600
2024-07-25,453.0417175292969,462.60140853428965,450.431852223762,458.4295521028487,59256800
2024-07-26,457.68817138671875,460.61439354543955,454.52466677175534,457.3718148913392,39992100
2024-07-29,458.60748291015625,462.5717435466175,456.35349602727456,460.39683069058634,28218500
2024-07-30,452.3102111816406,461.23719010265324,448.9687675027151,460.5352986729321,41317200
2024-07-31,465.69580078125,467.3961793520911,461.0889608140942,462.5322959431304,44552100
2024-08-01,454.4159240722656,470.12462564471286,450.7779149807164,466.3778859810745,56653900
2024-08-02,443.63037109375,448.3953886712826,439.3992012960001,445.74597107733194,66323200
2024-08-05,430.403076171875,437.24414262076033,418.61908239649665,419.86468717026185,87483500
2024-08-06,434.5155334472656,441.9695203063942,429.6022334730999,432.24178552207377,63164400
2024-08-07,429.8098449707031,443.87751056519465,429.4144144695611,441.39613665370257,54929200
2024-08-08,442.9581604003906,443.8676476028843,432.16272892667297,436.0281249608099,47890100
2024-08-09,445.2713928222656,446.902562366597,440.5261366749067,441.6432496252739,33574000
2024-08-12,446.23040771484375,449.1862864576227,443.43267705291777,446.24030328342826,27795000
2024-08-13,457.30255126953125,457.569490229533,450.4812773186454,450.619694582263,40084500
2024-08-14,457.4508972167969,459.80371934391326,453.17027967377,458.22199728151236,34733700
2024-08-15,469.007568359375,469.4029989049654,463.0364675618848,463.41213713949156,38280600
2024-08-16,469.6105651855469,470.97482612620695,466.2691214716206,467.2280563234313,38383600
2024-08-19,475.7793884277344,475.8189405325183,467.9695221355202,469.7490048177998,23737700
2024-08-20,474.7809143066406,477.4303320117781,473.09040129461954,474.8698839121025,29209300
2024-08-21,476.9953308105469,478.84399182513124,473.851617528973,475.5618612719516,25658800
2024-08-22,469.4326477050781,480.0006925308986,468.40450416795426,479.30866646045797,37739600
2024-08-23,474.5238952636719,477.2326261782553,469.85774242013576,473.77255610862437,36061500
2024-08-26,469.9169921875,474.8995008639747,467.84094439151784,473.9801181814182,27452600
2024-08-27,471.3208312988281,472.3884967040748,466.3284267777959,468.28584855173153,27510000
2024-08-28,465.9725646972656,471.5778610677401,462.5520468840139,470.8562086506451,37372400
2024-08-29,465.2904357910156,472.47748446744345,464.01514442703615,467.8805404533223,41081500
2024-08-30,470.83642578125,471.45924320433073,465.14215970468916,469.62047764039335,33466500
2024-09-03,456.54144287109375,467.9300062065889,454.1688292807096,467.8015146525861,44985200
2024-09-04,455.35504150390625,459.1512587891513,452.5079237940925,453.43720206493504,32505100
2024-09-05,455.7801818847656,460.05087375136264,452.7155425486622,453.733790471333,34452400
2024-09-06,443.57110595703125,455.958155781924,443.0768102255201,455.0782948985139,50624400
2024-09-09,449.2752380371094,450.2638294345581,444.6881896410432,447.8912161145642,32981200
2024-09-10,453.42730712890625,453.93149836596723,447.0706720603165,451.03490281418044,29680300
2024-09-11,463.2736511230469,464.015094599558,446.1314815664406,454.66302932993386,57843000
2024-09-12,467.8211975097656,468.63184965336313,461.5238754689245,463.30332782224303,40067800
2024-09-13,469.9169921875,471.09341826624285,466.8622486435972,467.08963550710143,29111800
2024-09-16,467.8409729003906,468.4538947261113,464.52921592790534,467.79155539938006,22585600
2024-09-17,468.088134765625,472.1512611288473,465.5968952856612,470.85620880166687,30084400
2024-09-18,466.0614929199219,473.36716706476903,465.45843652843155,469.2843102676915,39909200
2024-09-19,477.8455505371094,480.6828333512892,475.0082978923465,477.10410694689955,52782500
2024-09-20,476.9360046386719,478.17174380371085,472.8432220427445,476.9854221375082,34577700
2024-09-23,478.2002258300781,479.28921050590276,476.774651383873,478.1111312036665,24843000
2024-09-24,480.50689697265625,481.4572699249202,475.3590157870661,479.60601096752043,25952600
2024-09-25,480.952392578125,482.90265561010153,479.70500732779976,479.88319658875736,26549900
2024-09-26,484.5657958984375,488.75342462979467,480.93255387516143,488.4267141196481,32020200
2024-09-27,481.8730773925781,485.7241165908211,480.69499801189994,485.5855047993006,22851100
2024-09-30,483.1797790527344,483.51636878977104,478.081385634404,480.9127152992569,30281100
2024-10-01,476.4479064941406,483.1104861652522,472.6166867758586,482.8135040986441,42735400
2024-10-02,477.12115478515625,479.03181006240953,472.93352603646395,475.54705906940643,23744000
2024-10-03,476.76470947265625,479.6950433185689,474.19075410814315,474.93323948953304,25337200
2024-10-04,482.4373474121094,482.99173412446424,477.55675036393063,482.56604972244355,30686600
2024-10-07,477.2696228027344,481.6948370104161,476.0519358662982,480.5266672279018,24975100
2024-10-08,484.3974914550781,485.0805804803255,479.00211535716534,479.8039972195323,28272000
2024-10-09,488.2088928222656,488.7830984488606,483.0610121881297,484.1004796609607,24995000
2024-10-10,487.654541015625,489.51570938090015,484.6252027910595,485.93198443627097,25750400
2024-10-11,488.41680908203125,489.4365180924452,485.2587987967278,485.8230647717071,20644500
2024-10-14,492.51531982421875,493.8319806523621,490.29777307711055,490.8026426096845,26060100
2024-10-15,485.93194580078125,493.5052907600534,483.7836747724818,492.841990516388,34784500
2024-10-16,485.99139404296875,486.76357772485443,482.6848623686476,486.2586779364561,22996800
2024-10-17,486.32794189453125,491.51543027362754,486.26854547887814,491.4659433311861,27210700
2024-10-18,489.5157165527344,490.6047012730319,488.35742593846095,489.1098208746321,25335000
2024-10-21,490.4561767578125,491.25805858536,486.38734099228543,488.3079056738165,30336500
2024-10-22,490.99072265625,492.4658141522957,487.0407101102388,487.79310496159616,26685800
2024-10-23,483.4669189453125,489.2979192730172,480.1900855245362,488.644528441287,39346600
2024-10-24,487.38726806640625,488.06044763990246,484.5361190353503,487.1793503828589,22024900
2024-10-25,490.3572082519531,495.26750367087743,489.47611099793994,490.1790189910777,38762100
2024-10-28,490.4364013671875,493.5251361197284,490.1394192609091,493.46573969847276,20477800
2024-10-29,495.1487121582031,496.3267915168347,488.9019368423387,490.75319577395663,28014100
2024-10-30,491.4065246582031,495.3367484455515,490.9214438817373,494.3863756263384,29756000
2024-10-31,479.00213623046875,487.4961567845673,478.9031321246182,487.4466698375477,41245200
2024-11-01,482.54620361328125,485.83294623138613,480.3385663617861,480.6355484367559,33655800
2024-11-04,481.1404724121094,484.4767021401597,479.39809691969697,481.9423542667288,23291600
2024-11-05,487.2783508300781,487.94165113638695,482.63533932134885,482.7244339514242,24353600
2024-11-06,500.514404296875,501.336105155914,494.59433933877455,495.5447123045364,43082200
2024-11-07,508.3945617675781,509.1766850299224,503.24668131946976,503.306077732239,32853100
2024-11-08,508.9886474609375,509.76080091969163,507.2759399103948,507.89963253119925,22924500
2024-11-11,508.6916809082031,510.41423756169064,505.80092413333915,510.2063198738609,24167500
2024-11-12,507.77093505859375,509.5034011498743,504.72180803113673,508.62236431683294,25835300
2024-11-13,507.1175537109375,509.82018136733797,504.84061045445077,507.26607496785556,24567400
2024-11-14,503.59326171875,507.65215823407385,502.68246622311574,506.78100063575187,28679500
2024-11-15,491.5946350097656,498.2868827937673,489.5354586056052,497.90080610036716,51461100
2024-11-18,495.01007080078125,497.1088549746597,491.7530564972912,493.1390232447135,27080800
2024-11-19,498.4156494140625,498.9007604764236,492.09956803539825,492.436188042674,24523000
2024-11-20,498.1285400390625,498.4354316008749,491.58475271735847,498.1186305655171,29565500
2024-11-21,499.92034912109375,501.8804911181148,492.5746807330898,501.1677039705236,34526700
2024-11-22,500.7222900390625,501.45486600636707,497.7424388015507,499.3660214674592,23826600
2024-11-25,501.5142822265625,506.32560378411665,499.20764065875716,504.7911156851186,26375200
2024-11-26,504.2070007324219,505.028701522575,502.14785444392766,502.9893137573825,26557100
2024-11-27,500.23712158203125,503.147666593435,496.9008922175095,503.07839092120656,24957400
2024-11-29,504.6326904296875,505.2266848191646,500.2470837176549,500.86086684245106,15334000
2024-12-02,510.12701416015625,511.0873266354432,505.50382228816034,505.8899291727689,25147200
2024-12-03,511.6912841796875,511.96850775985183,508.22635196936864,508.80055765426437,18597900
2024-12-04,518.0172119140625,518.274616514731,514.3938494061554,515.1066667944384,26086200
2024-12-05,516.5817260742188,518.7893632698425,516.1956191747214,518.0666968351026,18169600
2024-12-06,521.2050170898438,521.4426027889191,517.1163919846481,517.2450943089183,23762600
2024-12-09,517.14599609375,521.076189505711,515.9975849261137,520.2842172246309,20674400
2024-12-10,515.3838500976562,520.1159861294152,513.9582756888856,518.3736106938491,24350000
2024-12-11,524.6104125976562,525.2935015113667,519.333860410246,519.7397258001967,32168600
2024-12-12,521.224853515625,523.6602278600561,520.7496821015422,522.3930235243308,23577500
2024-12-13,525.2144165039062,527.8279192653513,522.0167382009346,525.1451106137396,28780400
2024-12-16,532.77783203125,533.7480540880958,527.6596493492339,527.7388647142787,31979900
2024-12-17,530.4315185546875,532.0946784771915,528.7782681045646,530.9859051955222,28579100
2024-12-18,511.2952575683594,531.5007956922416,509.8499245462622,529.788148569402,54703200
2024-12-19,509.0183410644531,516.5323208902269,508.6817814759399,515.9680246609405,46441800
2024-12-20,513.4632568359375,519.5615705210031,504.18717464555,505.325646172185,60530000
2024-12-23,518.4658203125,518.8426243845064,511.7826015422581,515.1737776692636,29672800
2024-12-24,525.4960327148438,525.5852407299657,519.7746155387468,520.4092391795668,17558200
2024-12-26,525.1390991210938,526.765299753133,521.8768329257526,523.8699121670745,19090500
2024-12-27,518.1583862304688,522.0156346269483,513.4979630219628,521.5793384005979,33839600
2024-12-30,511.2669677734375,514.9853812712737,507.51880817803965,511.16783428858304,34584000
2024-12-31,506.92388916015625,513.2996913516206,505.96205831939585,512.5461437160499,29117000
2025-01-02,505.9323425292969,512.2883547170615,501.4503951320773,509.9680379127242,36389800
2025-01-03,514.2119750976562,515.2729696624741,508.2129468477879,509.02598666204625,29059500
2025-01-06,520.1217651367188,523.4733001568532,517.6329577649649,519.6061862635828,36109700
2025-01-07,510.8406066894531,521.559551115967,508.9566467939472,521.1629566479388,36690300
2025-01-08,510.9299011230469,512.5659668635069,506.26947711002134,510.7414990718483,30777800
2025-01-10,502.91790771484375,507.2709147208291,499.6754620335601,507.171781235823,40532500
2025-01-13,501.3016357421875,501.7577526619827,495.4910093944748,496.97837480559224,31694200
2025-01-14,500.82568359375,505.86291155630545,497.36508964559465,504.4548589417407,33737200
2025-01-15,512.3477783203125,513.4880554025902,507.1518949698399,508.7087081711547,34957600
2025-01-16,508.75830078125,514.6879113695602,508.6293909405431,514.6085682704208,28229000
2025-01-17,517.3453369140625,519.6557281030132,508.7880231807161,518.4459727794786,51837900
2025-01-21,520.379638671875,521.5397669077764,515.6795730033419,520.0623267442402,23628000
2025-01-22,527.0331420898438,529.3236827177849,524.8020936657039,525.109480138854,33593000
2025-01-23,528.1536254882812,528.2726098950861,523.9989151410045,524.5839117209515,23096600
2025-01-24,525.1688842773438,529.2938175983337,523.7013698156251,528.5303445310877,19878300
2025-01-27,509.87884521484375,513.6269749086995,505.85301464258697,506.6958611682604,60771700
2025-01-28,517.414794921875,518.5947739794966,507.4692787651559,510.8802758250669,33194200
2025-01-29,516.4429931640625,518.1881781217885,512.5461033650954,518.0592682882486,26649000
2025-01-30,518.644287109375,521.6685845598946,513.8450887897236,519.2987617572692,27431300
2025-01-31,517.8907470703125,527.0430442443887,516.8000365418205,522.4817535773786,38755200
2025-02-03,513.7459106445312,516.4628217597667,506.7453799127663,509.14497914666026,40580800
2025-02-04,520.0523681640625,520.6869919789082,513.8649372719624,514.2615922865054,26046800
2025-02-05,522.4122924804688,522.5709786844357,516.2347874418311,517.4246918873662,21134100
2025-02-06,525.1390991210938,525.3473520565179,521.311626833359,522.9179765607721,19434500
2025-02-07,518.515380859375,527.6180496311416,517.7915490817724,525.6745976209094,29605500
2025-02-10,524.7920532226562,525.8926890123465,522.3131110723367,522.7791231464935,20852800
2025-02-11,523.5426635742188,525.4563996768837,521.4008841574637,521.5297939926579,19325500
2025-02-12,523.85009765625,524.7326156787228,517.5536081471272,517.9006358758927,25009400
2025-02-13,531.3860473632812,531.7032986903349,524.732545046932,525.515868954993,28714800
2025-02-14,533.6171875,534.3013780517931,531.1580353822636,531.4951981919974,17862600
2025-02-18,534.826904296875,535.451602675014,531.524935801149,535.1838575069373,20565000
2025-02-19,534.9755859375,536.254698344903,531.9413630586191,534.0335757827223,19666900
2025-02-20,532.7048950195312,534.5591391771623,527.9751138600881,534.1922605270037,26550800
2025-02-21,521.6487426757812,533.864976179548,521.2818640995055,533.8451252767076,47093800
2025-02-24,515.4911499023438,524.6136707561374,515.1540476012177,523.4336916600773,39268400
2025-02-25,508.99627685546875,514.9457384341285,505.14895352625115,514.8663953338516,48940000
2025-02-26,510.225830078125,515.2828482860295,507.0626972047182,511.1876911851193,34457600
2025-02-27,496.0561828613281,514.6978474137826,495.8380347249948,513.7657626731335,52448000
2025-02-28,503.8896179199219,504.49446526945815,492.74427362085476,495.9173316245407,47654000
2025-03-03,492.8633117675781,508.71861754283515,489.4225385345535,507.2114314699513,44587200
2025-03-04,491.3759460449219,499.49696369579414,483.6317324771762,490.01749046351205,67875400
2025-03-05,497.78155517578125,499.3879049957525,487.1221029456595,492.02049550759943,46323700
2025-03-06,484.0879211425781,494.3804653587563,482.1047670703194,489.53166938755896,57574300
2025-03-07,487.64764404296875,489.1250840373066,476.48247773478363,483.05663785377993,54714700
2025-03-10,468.7481689453125,479.893483858435,464.7124436127046,479.37787475309847,76668000
2025-03-11,467.6277160644531,474.7769777127711,463.0763812967414,468.37139880938366,68760800
2025-03-12,472.9028625488281,477.0079751280191,467.81606827375606,475.1239850936841,46971100
2025-03-13,464.3951721191406,472.26829598051376,462.50125640331623,472.2385498807062,46563300
2025-03-14,475.6198425292969,476.5122558054823,469.1349202707648,469.73979799541536,43563000
2025-03-17,478.70355224609375,481.7477004843212,473.7754140163774,475.5701657212748,41744400
2025-03-18,470.54296875,475.5702412562854,468.430904850301,475.37194400809454,39072300
2025-03-19,476.8394470214844,481.24202077527065,470.8701345032397,472.7937961788866,40430300
2025-03-20,475.2231750488281,480.46859528600214,472.16910112065705,472.863217084476,36780500
2025-03-21,476.78985595703125,477.5533593130606,468.92665802336944,470.0867861064201,42234900
2025-03-24,487.2526550292969,488.0967583343103,481.03611739418403,484.35291939817625,34567200
2025-03-25,490.0332336425781,490.19212618360643,487.01436628000033,487.9776314748478,26035200
2025-03-26,481.0163269042969,489.7353547759435,479.46716243002015,488.88131111129326,34627100
2025-03-27,478.27545166015625,483.20099914044886,476.9149702846153,479.0599740999814,33469800
2025-03-28,465.68353271484375,477.183104147624,464.7996986134778,476.4780431008445,46363800
2025-03-31,465.6636657714844,466.5971101953478,454.1541241921948,458.712276265686,53000300
2025-04-01,469.41741943359375,470.3409539177989,461.1949198365586,464.0548946612918,41156200
2025-04-02,472.8434753417969,476.22979898600255,462.6249234903914,462.8831276755786,49894500
2025-04-03,447.5304260253906,456.8750825593256,447.0140480399336,453.27028599766453,70456300
2025-04-04,419.7348937988281,437.3119626673156,419.7348937988281,435.09746770555205,117088400
2025-04-07,420.7477722167969,440.06271771596437,399.5956979160209,405.82214624882306,161557000
2025-04-08,413.1707458496094,440.06271076881603,406.9442976151024,435.11728254780405,101248100
2025-04-09,462.7639465332031,464.58122509175337,412.5451135598803,412.68415590169013,142876900
2025-04-10,443.0815734863281,452.4262310181804,429.62568122180926,450.41032921157523,108384100
2025-04-11,451.2445068359375,452.6248688142693,438.2652614825523,441.562213700492,52483800
2025-04-14,454.3031005859375,461.8205086737922,449.48677471863374,461.23460948868865,43941200
2025-04-15,454.8095397949219,459.16906857179987,452.9823210663376,455.3557385766258,35404200
2025-04-16,441.0954895019531,449.47688233746334,434.72008864859555,445.9118158822348,48980600
2025-04-17,441.0160217285156,444.6406688022329,438.2950286304019,444.06470985775826,44837000
2025-04-21,430.102294921875,436.0308380461499,424.9582742045425,435.1867650335119,44149300
2025-04-22,441.3934020996094,444.47185048082304,434.5810243366183,435.7727032817461,52304400
2025-04-23,451.4033508300781,460.1621084899731,449.7350246964748,454.9882973027817,55801100
2025-04-24,464.10455322265625,464.4123980424965,452.6645330068807,453.3100434087902,45956100
2025-04-25,469.27838134765625,469.8046996364442,462.1581892201978,463.72720383212953,38697100
2025-04-28,469.12945556640625,471.5127832294371,462.7937552341042,469.7451452629099,33550800
2025-04-29,472.227783203125,473.1116173366788,466.3290298283073,466.90501911449314,30613100
2025-04-30,472.16815185546875,473.8861489699177,459.2186982221631,463.88607170901736,46810600
2025-05-01,478.3349914550781,483.7967969961145,477.4015168108853,480.0529884716564,43316500
2025-05-02,485.4353942871094,487.5009670708342,481.4631715706509,483.161318602008,39218100
2025-05-05,482.5555419921875,485.63402067843555,480.7382634221708,481.23479126493163,28309500
2025-05-06,478.06695556640625,481.68166261136275,474.86931495073236,476.2297964318658,32786300
2025-05-07,479.9437561035156,482.42639508668225,473.4690445454516,478.7322270675042,38006300
2025-05-08,484.8991394042969,489.27851834530566,480.8077550799946,485.1374630563836,39577600
2025-05-09,484.58135986328125,488.1265757568078,482.82366229776994,486.8057947898926,27767400
2025-05-12,504.3233337402344,504.36306445306417,497.99757390012485,503.46929009549314,45090600
2025-05-13,512.0095825195312,513.7970705437644,504.889360268175,505.62421174170254,53269600
2025-05-14,515.0780639648438,515.6242324147684,512.1684183718318,513.1813544649557,47014500
2025-05-15,515.6441040039062,518.3054856544411,511.5924203127881,512.9330816972009,50153300
2025-05-16,517.8884887695312,518.0771717773351,513.5090791820398,517.0443550561729,48394600
2025-05-19,518.3850708007812,518.901479215336,510.66900779532483,510.66900779532483,52536200
2025-05-20,516.6570434570312,517.3124334676296,513.0720667663019,515.8625505079032,42517600
2025-05-21,509.4772644042969,519.3681208002191,507.68977630200715,512.6848754673762,71292800
2025-05-22,510.4306335449219,514.1148920390241,508.7424267202739,510.0929679354682,55607200
2025-05-23,505.70361328125,508.28556384741825,502.06902622594146,502.66486563438815,58368100
2025-05-27,517.6004028320312,518.0870509820926,511.01650006700226,512.565664354886,47226300
2025-05-28,515.3064575195312,520.0433521528182,514.7901098204196,518.553768744746,46637200
2025-05-29,516.3193969726562,522.8238991077211,513.7275363725571,522.674977132733,58513300
2025-05-30,515.5050659179688,517.0641704468769,508.3749341500112,515.8327912294724,67662800
2025-06-02,519.57666015625,519.8149838106336,512.38688645161,513.6480865025803,44762800
2025-06-03,523.6382446289062,525.0682472235115,519.0602725197831,519.9242261070126,44070300
2025-06-04,525.0980834960938,526.1606603717119,522.3174790385125,524.343351463968,41359300
2025-06-05,521.1456298828125,529.3482788898035,519.0304165921941,526.4982141482292,61031200
2025-06-06,526.239990234375,528.1069395532867,524.5419040023565,526.3194516510717,42467000
2025-06-09,527.0145874023438,528.653092677192,525.3363211146482,526.4584787241826,33688700
2025-06-10,530.500244140625,531.1854549164767,525.2171811724196,527.4813163809062,40664800
2025-06-11,528.7127075195312,533.0524162719269,526.4286917523204,531.9004378288197,53701000
2025-06-12,529.9540405273438,530.9272762598631,527.153676990328,527.401940897683,34104900
2025-06-13,523.3005981445312,528.1764744468518,522.0790985470339,524.0155690794827,55814400
2025-06-16,530.5797729492188,531.6522902074056,526.7664725377147,526.8161132065169,37622100
2025-06-17,525.4058837890625,529.6263701691488,524.2439650748757,528.0176249155262,42180900
2025-06-18,525.3165893554688,528.8518656558117,523.7376645415072,526.4188667706974,43983500
2025-06-20,523.1715087890625,529.8547537100831,521.235038209529,528.5637935274957,61643500
2025-06-23,528.551025390625,529.0679530378565,520.5976575566158,523.7392111521218,50666100
2025-06-24,536.6336059570312,537.5482262091718,533.1440563345205,533.7604374478519,45442000
2025-06-25,538.0054931640625,540.1429848534073,536.235900529748,538.9002712385268,44804200
2025-06-26,543.0360717773438,543.4834608774595,538.3635164721342,540.1828057708822,43811400
2025-06-27,544.8951416015625,546.7840298565204,541.365786451658,544.0699627850514,57577100
2025-06-30,548.4244384765625,549.5776499977443,545.8097642093843,548.0466486880396,45548700
2025-07-01,543.801513671875,547.4998608561041,541.4850785579611,546.5255321429642,56166700
2025-07-02,547.5892944335938,547.7881407403361,542.9365821168159,542.9763271064149,36538300
2025-07-03,552.9777221679688,553.9520509353719,549.9554644038756,549.9554644038756,26443500
2025-07-07,548.8121948242188,551.1087271918242,546.3764639666066,550.2934997666972,45349300
2025-07-08,549.1204223632812,550.7806708992875,547.8875993850992,550.154338331448,36153300
2025-07-09,553.0076293945312,554.3795902552899,549.8759664124987,551.2479272732573,43045500
2025-07-10,552.2122192382812,554.0514110672418,549.5279457662349,553.6438277114144,34710900
2025-07-11,550.9695434570312,552.550241260774,548.8320516783502,550.0747653451698,39618600
2025-07-14,552.9678344726562,553.7035112516938,548.4145146258895,550.7607434561655,36453300
2025-07-15,553.4747924804688,557.5310267291989,553.4151446538423,556.9842448718932,43277700
2025-07-16,554.0414428710938,556.9444653988531,548.3448634031356,554.0315521334151,52314700
2025-07-17,558.5252075195312,559.0322443945261,553.9619970033318,554.7672730167421,40423800
2025-07-18,557.9883422851562,561.4380860166281,556.7157744680799,559.8374855074329,50484700
2025-07-21,560.8814086914062,562.7604063527048,558.78372254689,558.8135768015356,39595200
2025-07-22,557.9784545898438,561.0603603122628,555.3538286769178,561.0106638998457,43270600
2025-07-23,560.5234985351562,560.5632435269945,556.3181750017922,559.0620964230482,40215300
2025-07-24,561.7164916992188,562.9393024491583,560.0064862534048,561.8357873489995,42275500
2025-07-25,563.068603515625,564.3908678867722,560.9808687648707,561.6369949015883,30630800
2025-07-28,564.8282470703125,565.7229644368575,563.565630660474,564.4305544544877,31498700
2025-07-29,563.953369140625,568.775073517546,563.2276438335854,567.4329671345109,45463300
2025-07-30,564.7090454101562,567.2938658051066,561.7563259106803,564.8680860753321,43433800
2025-07-31,561.7164916992188,571.2804105926765,560.5831223469277,571.1909085156537,64613600
2025-08-01,550.6513671875,555.7614200303079,548.464179134219,555.5725251375388,69400800
2025-08-04,560.8118286132812,561.0305777833557,555.6918844459093,555.7912772727004,47669800
2025-08-05,557.004150390625,563.2574635163702,556.467259269024,562.0943005518618,48666600
2025-08-06,564.0130615234375,564.4504991615455,557.3620555482147,557.8392381791041,41823700
2025-08-07,565.921875,569.9781095603403,561.8159440268826,568.3377031830273,44463000
2025-08-08,571.200927734375,571.4196769045213,566.8266118046458,567.1248509644985,35255500
2025-08-11,569.5108032226562,573.4377906026674,568.238295962644,571.3401044656866,33112900
2025-08-12,576.6688232421875,576.9670623788118,569.1528936023716,571.8073129373929,42143300
2025-08-13,576.9572143554688,579.919824464235,575.5653507090063,579.3630911415263,41209300
2025-08-14,576.5098266601562,578.4882172102513,574.5413268492241,574.9092259384532,45425000
2025-08-15,573.9745483398438,576.4599751318594,572.2148467536999,576.4201694683935,49480200
2025-08-18,573.7459716796875,574.402158474889,571.8868768922468,573.0798941458493,29831000
2025-08-19,565.961669921875,573.1992029150304,564.9376447129671,573.030210843046,53752600
2025-08-20,562.6013793945312,565.1365032465736,555.5825347335871,565.0172075838456,76781100
2025-08-21,559.9966430664062,563.1878929880804,557.7100013329036,561.060352587378,46436900
2025-08-22,568.635986328125,570.644231266478,559.9867467368504,561.3785497991843,51502100
2025-08-25,566.9955444335938,569.9482028256268,565.8422722305733,567.0750950943409,34044700
2025-08-26,569.272216796875,569.5804073661923,565.4844278800615,566.5084530912841,34103000
2025-08-27,570.1470947265625,571.0617150204744,567.0452861825311,568.2582063082527,36927100
2025-08-28,573.7161865234375,574.6308068035561,569.1231216071435,570.7634672604604,46787900
2025-08-29,567.0751953125,571.6782121617994,565.2259910297296,571.3103130455914,56030400
2025-09-02,562.322998046875,562.6709336262861,556.2784213564261,558.0381234497154,65876800
2025-09-03,566.7470703125,568.3675738998842,563.4265124673556,565.9119399720083,54230200
2025-09-04,571.8768920898438,572.2447304586526,565.7130812182487,567.413074576967,47526300
2025-09-05,572.7020874023438,577.7325897394942,568.1985247693755,577.1062572168585,68342500
2025-09-08,575.4956665039062,577.4542146024762,574.4021028569616,574.9985810863183,46371400
2025-09-09,577.1261596679688,577.5536458740363,573.6763550869094,576.2910294118851,44007600
2025-09-10,577.3150634765625,580.3671754724255,575.1775717338585,580.3373212188227,49308000
2025-09-11,580.6754150390625,581.4707397036912,578.2297325329314,579.8402846996038,44745800
2025-09-12,583.2402954101562,584.4333126708588,580.6952202377008,581.6297433459904,50745900
2025-09-15,588.2310180664062,588.3403622999832,584.8607642254873,585.0099141290013,44360300
2025-09-16,587.7340087890625,589.4042087997295,587.0480283668794,589.155666047915,36942100
2025-09-17,586.5608520507812,588.3006511882201,580.9636648285566,587.6544158082771,69384800
2025-09-18,591.8497924804688,594.6533615342521,589.5035638582237,591.4421484551173,61069300
2025-09-19,595.8562622070312,596.552193923343,592.3766643048443,593.8480783940277,58196100
2025-09-22,599.3837280273438,600.0505776558124,594.9246381503988,594.9445640571253,57154800
2025-09-23,595.4025268554688,599.7520856686153,594.1882006017188,599.5530088196715,64635500
2025-09-24,593.3123168945312,597.0945948124443,590.5851402114129,596.7760840009503,49850300
2025-09-25,590.75439453125,592.3369248989499,585.747888095055,589.430597247467,70920200
2025-09-26,593.1829223632812,593.5113961310994,588.2959106650876,591.5705031390479,54337400
2025-09-29,595.9300537109375,599.2345352094144,594.6162193260205,596.3082815224922,48332900
2025-09-30,597.5623168945312,597.9007535872587,593.3122664505869,595.6313870294545,46533800
2025-10-01,600.4288940429688,600.9663468565046,593.5512354718333,594.3773102269436,46899600
2025-10-02,602.8972778320312,604.3205831319952,600.110384211482,604.2210750829389,43765400
2025-10-03,600.3591918945312,604.4898085161411,598.5775847871106,603.6736359963404,46482100
2025-10-06,604.8680419921875,606.5102892520208,603.1361281413168,605.604571632931,41962100
2025-10-07,601.6830444335938,606.8587390048573,600.2099850305162,606.171963330501,58209500
2025-10-08,608.58056640625,608.8891142425712,602.429474838809,602.5787369049325,50629800
2025-10-09,607.8440551757812,608.7497728034492,604.639082013069,608.6203758923933,45551000
2025-10-10,586.7431640625,610.312415678386,586.2952563674698,608.540771556568,97614800
2025-10-13,599.1946411132812,600.1302475257781,594.436966170024,596.8755206148027,65872600
2025-10-14,595.2034301757812,599.8714996417642,587.370239391138,592.5260076334632,69203200
2025-10-15,599.4036865234375,603.8627770947517,593.1431236043112,601.1853544608703,62805500
2025-10-16,597.1841430664062,605.4652419598709,592.7151502263018,602.2801945778114,70982000
2025-10-17,601.1056518554688,602.6782798326376,593.5810094041973,595.1536373813661,72024900
2025-10-20,608.6800537109375,609.9341709221964,604.2309872468923,604.3006671752644,45761700
2025-10-21,608.5209350585938,609.854634635634,606.4705709142606,608.7797289092903,44538200
2025-10-22,602.6583862304688,608.550684046599,596.9352763909752,607.9634772307389,61478800
2025-10-23,607.724609375,608.5108930309417,601.6929516953679,602.0810816712476,42844300
2025-10-24,614.2140502929688,615.52788448046,612.2532923406192,613.109255890892,47632500
2025-10-27,625.1527709960938,625.6105809315065,621.1117599698571,621.5994587704798,54098600
2025-10-28,629.9601440429688,631.7119231547172,626.3073237415983,627.4121182667147,61195700
2025-10-29,632.7968139648438,634.0310053320909,627.3026090399652,632.6176630324746,67422800
2025-10-30,623.1222534179688,630.5374255047892,623.012782414942,629.2136282645249,61628600
2025-10-31,626.1281127929688,631.234126811276,623.7592381870214,631.2042379487298,66305100
2025-11-03,629.1240234375,632.8465231847631,626.9044109747781,632.1398217101251,37154300
2025-11-04,616.35400390625,624.0180060926541,615.5677203048753,620.3651862929894,63830800
2025-11-05,620.365234375,623.6696547974706,614.3236136919261,615.5975961289528,48688500
2025-11-06,608.8095092773438,619.1310091300359,607.4459209399873,618.8821782546098,72115100
2025-11-07,606.888427734375,607.0974675002037,595.8701913588656,605.465122685377,81835400
2025-11-10,620.3154296875,621.3903960500816,614.0051128778478,616.0255879416002,55919900
2025-11-11,618.6632080078125,619.807793532697,614.6321601598369,617.667884551536,44868800
2025-11-12,618.1754760742188,621.9377669472728,614.920749106872,621.9179017890243,47444400
2025-11-13,605.5548095703125,615.2293243171331,603.2456518828649,614.6520197078406,71333600
2025-11-14,606.0125732421875,610.4815654591662,594.3772406022317,596.7461150857952,80087300
2025-11-17,600.8369140625,609.6156739910193,597.0646601387357,603.4645824934285,63850400
2025-11-18,593.5213623046875,599.4933033897071,588.5746335991315,596.815880706601,83327300
2025-11-19,597.064697265625,603.3252601497043,591.8094208267037,594.277803642733,73111500
2025-11-20,582.9310302734375,611.1584476607283,582.0153497685453,608.7596842814295,117743200
2025-11-21,587.3104858398438,594.1881438029353,578.0241015093158,584.7226085504005,103344200
2025-11-24,602.3298950195312,603.8428060601079,592.3766608046226,592.4961555049445,60168100
2025-11-25,606.04248046875,607.4060686687138,594.5265814243886,600.6876357091488,57560900
2025-11-26,611.3973388671875,613.3083428306168,607.5354791235628,609.6455599216604,42393600
2025-11-28,616.35400390625,616.4236838329113,612.5418983457259,613.228673908852,23034400
2025-12-01,614.2838134765625,616.5432173570742,609.6555954555693,610.760390007381,40957600
2025-12-02,619.0911865234375,620.8330025626916,614.7018368343952,616.5630868277917,54541800
2025-12-03,620.6041259765625,621.3008038243313,615.1398097007426,616.7223400403288,47841600
2025-12-04,620.0267944335938,622.0174413402095,616.6426703924581,622.0074783857208,47067800
2025-12-05,622.554931640625,625.9788469562651,620.7932503319497,621.4601000759177,53614200
2025-12-08,621.3605346679688,625.8992070395384,618.7826202766802,624.2768250026879,43462400
2025-12-09,622.126953125,622.9431257001851,618.0959050247836,620.0965150170424,37156000
2025-12-10,624.6749267578125,626.2674807044035,618.0858904749533,620.9325009204754,55031400
2025-12-11,622.654541015625,622.8536178811968,614.8312515217392,620.9027617981618,58272800
2025-12-12,610.7504272460938,620.6240197770784,608.5009863202449,619.170886284956,75158700
2025-12-15,607.684814453125,615.5279688368453,606.4705488897755,615.4782148096098,49538200
2025-12-16,608.8890991210938,610.6408780514341,604.0717070626577,605.4154301227284,55152800
2025-12-17,597.6021118164062,610.7802450139451,597.4727756606954,610.1929774623923,70654300
2025-12-18,606.2614135742188,610.0635562018889,604.0816529270647,606.9481891411226,78875800
2025-12-19,614.164306640625,614.731648282282,609.008538594176,609.0881814780194,60369800
2025-12-22,617.1083374023438,619.5400581375426,615.6732225286527,619.2410277166947,43703100
2025-12-23,619.9984741210938,620.2974437217673,615.6832144240475,616.1017718649905,41120400
2025-12-24,621.812255859375,622.1611043897402,619.6097351207538,619.8788381544654,18468700
2025-12-26,621.7724609375,623.3969333982391,621.025006522853,622.5398061068336,28959800
2025-12-29,618.7626342773438,620.6661854070132,616.6298832800768,617.9952283512266,32458300
2025-12-30,617.3275756835938,620.068241865734,617.1182665497881,617.7362181598814,31226800
2025-12-31,612.2249145507812,617.8557617254266,611.9657873069227,617.5468163565164,40746500
2026-01-02,611.0389404296875,620.7358953542944,608.0790504146867,617.9553870831127,61859200
2026-01-05,615.8923950195312,618.7028306128764,614.6266862165028,617.2178977361207,46828400
2026-01-06,621.3040161132812,621.9020161336854,616.4405745883714,617.1282350736393,43137500
2026-01-07,621.9019775390625,625.8086552856784,620.4469111571739,620.9252624814151,44880300
2026-01-08,618.3639526367188,621.303951822496,615.7030322638508,620.9153218016421,50435900
2026-01-09,624.5230712890625,625.7588527928842,616.9588062315833,619.3008056143428,49688700
2026-01-12,625.041259765625,626.7155502563702,620.1479519171962,620.1977700429699,37388700
2026-01-13,624.114501953125,627.3335197146988,621.5831447318875,625.1410352816268,44481400
2026-01-14,617.4471435546875,621.3339307094008,612.4740900847709,620.1280157301809,72598700
2026-01-15,619.6696166992188,627.8616876163956,618.6430834728214,624.4732033837762,53934900
2026-01-16,619.1513671875,623.9550147388202,616.7794403711221,623.3769663073682,61058100
2026-01-20,605.9961547851562,612.9723957819789,604.9895731374214,608.4578028817349,81988900
2026-01-21,614.1883544921875,618.3142569659643,605.7968884545428,607.4014094625672,79837900
2026-01-22,618.6530151367188,620.347257132182,615.6831493704997,620.2375842668598,42254800
2026-01-23,620.6063842773438,623.2773415638685,616.5502518751565,617.6265424291936,43645800
2026-01-26,623.337158203125,625.479824426014,620.008467678919,621.094794891824,35983000
2026-01-27,628.9878540039062,629.8947385616864,625.210739736326,626.7753573897714,38997200
2026-01-28,631.0707397460938,634.4392724526244,629.6655522338405,633.3031879902048,50691700
2026-01-29,627.2935791015625,631.5191779456372,616.1714851785354,630.5026813963867,79944000
2026-01-30,619.7592163085938,626.1275416849769,617.1979322175918,623.5862091740412,65650700
2026-02-02,624.0147705078125,626.3567698077312,616.5601177572296,616.6000209191627,49020300
2026-02-03,614.4274291992188,627.8417043791845,608.8863033670389,626.1674139293162,81234000
2026-02-04,603.6939697265625,613.0122097237908,598.4318618495455,612.9325250551025,81850700
2026-02-05,595.0036010742188,602.7571627123452,592.7412864010469,598.1728002779972,89354500
2026-02-06,607.580810546875,609.3347858332811,596.7377335014726,598.152896845958,78019300
2026-02-09,612.2349243164062,614.3676754732974,603.0163200345862,605.4779073318616,56797600
2026-02-10,609.3945922851562,614.9258037997442,608.9361924921908,613.221585779639,53938900
2026-02-11,611.0289916992188,615.4240575153926,605.6274050805947,614.287912259566,58575100
2026-02-12,598.6013793945312,613.7198737904234,597.5350037874807,612.6236316370799,81378900
2026-02-13,599.876953125,604.4214731930686,594.3956211608477,598.3920201980992,69237500
2026-02-17,599.2590942382812,601.9001241107568,591.3261504857185,596.3490221453911,69013800
2026-02-18,603.7338256835938,607.7003582620254,598.6810268108527,600.0663235174607,64250700
2026-02-19,601.4216918945312,603.763752095183,598.710953230483,600.7639588101054,60960800
2026-02-20,606.7435913085938,608.2783423846172,597.1960904508568,598.0830842359059,74127300
2026-02-23,599.3687133789062,605.9463486601355,597.0167381092525,604.5510761019367,63859100
2026-02-24,605.8068237304688,606.9230174725307,597.6944371035572,600.3554186534341,55023700
2026-02-25,614.5868530273438,614.7363682274654,608.9261394233886,608.995909128246,55710700
2026-02-26,607.1721801757812,613.5006642563195,601.9300233109441,613.5006642563195,96178900
2026-02-27,605.228759765625,606.2552930140329,600.1460941357092,600.9333908786662,68125200
2026-03-02,606.0260620117188,607.8498068726756,595.9603066969873,596.8273488972434,75264600
2026-03-03,599.5381469726562,601.9100736934439,589.8610825503507,594.3059664111527,97015500
2026-03-04,608.677001953125,610.7997772068554,601.38184008267,602.1093428631908,70943900
2026-03-05,606.8432006835938,610.680169445705,600.215808722112,605.3383770464741,89602400
2026-03-06,597.71435546875,603.9431419992706,596.2991922008539,598.272452308765,86302300
2026-03-09,605.6972045898438,607.2020892141137,589.3229771394558,592.2130977196069,93068200
2026-03-10,605.7071533203125,611.2083762165881,603.3650930899329,605.7171291112322,64078900
2026-03-11,605.6273803710938,610.3512821254359,602.9764357103162,606.8831134101955,60114800
2026-03-12,595.2327880859375,602.0894408359657,595.0234789704778,600.7141199697804,71836600
2026-03-13,591.7047729492188,601.5512432287993,590.5587127632866,597.6943836062096,63145500
2026-03-16,598.3422241210938,601.8103930085241,597.0765152286837,598.0033513683248,49077200
2026-03-17,601.2623291015625,603.8435652585242,599.8272141103713,601.0929231230745,47106600
2026-03-18,592.880859375,601.1127728070715,592.5419866131784,599.4484580276425,56128000
2026-03-19,591.0071411132812,593.7776733729556,585.0873007276626,587.5090453179631,75597600
2026-03-20,580.0843505859375,589.1634145289574,576.5762788194536,589.0538024932521,91964700
2026-03-23,586.7431640625,593.8080477851386,584.707546439402,589.2577971122703,89936100
2026-03-24,582.731689453125,586.6732582803922,580.6860836277402,583.5599323333884,57750900
2026-03-25,586.5635375976562,590.105937264777,584.4380856164452,587.8807233962021,60475500
2026-03-26,572.5634765625,583.3803323809582,572.2042606955537,581.354642361522,81492100
2026-03-27,561.37744140625,569.7994024288408,560.3695906458286,569.5898294008852,82702200
2026-03-30,557.0867309570312,566.8358066082409,554.4124057398176,566.1672557562856,70602600
2026-03-31,575.9462280273438,577.4031290957437,563.0039815896954,563.0837667324405,95878000
2026-04-01,583.06103515625,586.4836962239632,579.179335412676,580.2370672268827,79435100
2026-04-02,583.7295532226562,584.7972733467034,570.6974721352691,572.7430779653056,50941700
2026-04-06,587.2420654296875,589.3475406308395,583.4402118432972,584.9768981262092,35108500
2026-04-07,587.3319091796875,587.7210292628183,577.1636879809167,584.3882026562935,49948200
2026-04-08,604.7944946289062,608.5963482247196,600.8329489303708,607.4088894425788,63086000
2026-04-09,608.8856811523438,609.1950160707539,601.7410129216331,604.6347774379597,37837500
2026-04-10,609.7637939453125,612.3582118654269,608.2769886899993,610.5321674952482,34038500
2026-04-13,616.0703735351562,625.4003640032612,606.8101798493245,608.1772466686149,32972100
2026-04-14,627.2562866210938,627.2562866210938,618.7744561353234,618.8941947521593,49921100
2026-04-15,636.0375366210938,636.4666101570109,626.8571900931449,627.7353139030603,50102400
2026-04-16,639.1009521484375,640.8073189117684,633.9021276162631,637.8436965859062,42320600
2026-04-17,647.4630126953125,648.6105788505391,642.6932619551269,644.2100323367088,53488900
2026-04-20,645.4074096679688,647.3732302965532,641.1465785698142,646.6547376870972,37138500
2026-04-21,642.9527587890625,648.8102067653653,640.8372951709442,647.0239939193881,39580500
2026-04-22,653.7096557617188,653.9292171714128,647.1337763152069,648.7602969829716,37368400
2026-04-23,650.0275268554688,655.5157702184271,644.1401750634725,652.1529787029532,40099800
2026-04-24,662.4609375,663.0895957247212,655.1266727511743,657.1024209404745,45563100
2026-04-27,662.8101806640625,663.0097653425256,659.2777693835679,661.9819986507146,32717000
2026-04-28,656.1444702148438,658.2300296236717,652.4124742350715,656.004754848671,34147900
2026-04-29,660.1558837890625,660.3055266172468,655.1865481613837,657.2221656812865,31724900
2026-04-30,666.3126831054688,667.470237689687,656.1544503606949,663.927777159514,40622200
2026-05-01,672.7090454101562,674.5251016090374,667.3704443600215,667.7296602517982,39172600
2026-05-04,671.4417114257812,675.2834576176889,667.4702382389029,673.2178749724156,34542000
2026-05-05,680.1530151367188,681.3105696942113,676.06180342226,676.5108537091375,37101100
2026-05-06,694.2827758789062,694.4424070727396,685.012594745374,686.309864653291,38778500
2026-05-07,693.4545288085938,699.741050020677,690.2913219165297,695.0910378327916,43779100
2026-05-08,709.709716796875,709.709716796875,698.0048093195176,698.4238945105413,44320400
2026-05-11,711.7653198242188,713.0625897963787,707.3946772072168,708.8415900113766,36019100
2026-05-12,705.7282104492188,708.6619284096558,695.1508931250245,706.7060961344681,45873000
2026-05-13,713.1823120117188,715.1181676509774,703.3234258783424,708.4424652516221,40012500
2026-05-14,718.2514038085938,720.4866668965204,712.6933025541022,713.0924719031191,33327500
2026-05-15,707.4146118164062,713.6013711212843,704.0418318990444,708.6220472937023,51792700
2026-05-18,704.3711547851562,710.5479258193494,697.3561524904881,710.0190294838146,49834500
2026-05-19,700.030517578125,704.9798766607653,693.7639117658215,698.3141623863071,46827500
2026-05-20,711.6256103515625,711.6256103515625,702.2855717974863,703.7823654299403,36779200
2026-05-21,712.9827270507812,715.5871334944783,705.2592812358496,707.4745066970102,36415400
2026-05-22,716.0062255859375,720.5764528207093,714.4196583413607,716.5351219372583,33118600
2026-05-26,728.718994140625,729.607045402997,722.6120201244876,724.4082211964219,34254700
2026-05-27,727.8907470703125,731.7524697241859,723.8893090619304,731.393253873753,35148700
2026-05-28,734.0276489257812,735.0255114506422,724.8572898861221,728.1702007772236,32840000
2026-05-29,736.7318115234375,740.0447221142881,733.6783549102875,736.2628454135092,37541700
2026-06-01,741.15234375,744.0561575758685,734.4167722362946,735.4645156241552,33890600
2026-06-02,744.5650024414062,744.8444331554832,737.6498231242726,740.8130908722517,30085200
2026-06-03,742.6192626953125,747.0497745697194,739.4260905589007,745.7126120403002,40270200
2026-06-04,739.0269165039062,741.9107536874841,731.0540050355258,733.9078771104591,40782600
2026-06-05,703.5528564453125,730.1259368460317,702.814448019166,728.4994162728981,99606600
2026-06-08,714.5394287109375,721.484573841008,711.5458411228426,716.2756997672813,47401500
2026-06-09,706.3170166015625,724.1088607768927,684.9028658450729,721.434596637807,91932200
2026-06-10,692.2072143554688,709.7596418767092,691.448829138881,700.1601489508766,65334300
2026-06-11,715.587158203125,716.8344863404582,693.5144443572524,697.79525259889,71798900
2026-06-12,719.7981567382812,722.4624325384626,709.7596625054938,716.076088228132,51168400
2026-06-15,742.40966796875,743.1680531807805,735.8038233761346,736.5222551108849,46710200
2026-06-16,728.2998657226562,742.629155741597,728.0803652201432,740.6633959693683,45348700
2026-06-17,720.9656372070312,734.1074691435972,719.3091513674342,733.6185262683754,51669300
2026-06-18,739.0369262695312,740.2343734608266,730.9442759416646,735.6242535433294,50154600
2026-06-22,737.1818237304688,744.6740164081855,733.6255320449774,741.2475942735041,43518600
2026-06-23,712.9071655273438,722.8567588543334,711.368729535907,714.994955841975,53354200
2026-06-24,709.8803100585938,719.1806168314835,703.7167494897757,714.6253657788768,52480400
2026-06-25,715.63427734375,726.073411438839,704.5657941797848,725.144386854217,49668000
2026-06-26,705.7846069335938,714.8151753001493,702.0784467013282,706.3939573549355,47081800
2026-06-29,723.3262939453125,723.8257734758017,704.4359439581019,713.2467701925264,44939100
2026-06-30,735.6334838867188,736.8521846863197,723.156433880318,723.4261723402657,42121800
2026-07-01,724.4151000976562,731.1580735258118,723.8456861360175,728.4309348946762,40803800
2026-07-02,711.8582153320312,730.0692808035519,706.823483523477,724.8247456386157,50959800
2026-07-06,722.067626953125,725.3242433880005,717.7021805458717,719.1806205090421,30220400
2026-07-07,708.6915283203125,715.6043080380856,704.1662754218111,713.42658457407,42483100
2026-07-08,710.699462890625,711.5186166673155,700.1803943256999,704.2162281021572,35603200
2026-07-09,722.5271606445312,723.476123003734,714.3856196637845,717.5823009494849,33654700
2026-07-10,724.7548217773438,725.633910657471,716.2536701350646,719.9498309758326,26415900
2026-07-13,710.9990844726562,717.9917976257694,709.3408393238593,716.9728399125403,36552400
2026-07-14,718.9408569335938,721.5381261320255,713.5964502872879,719.4702735364855,29448100
2026-07-15,716.9928588867188,723.6059629208669,709.4906666647634,723.0964840498398,32627600
2026-07-16,705.2051391601562,712.8571384924941,701.8785885225277,711.2688277809667,39402000
2026-07-17,694.606201171875,701.5689163623388,686.0451149463661,690.9300392487022,54109300
2026-07-20,695.33544921875,705.0653008245885,694.7860339234736,701.4290751693121,29687600
2026-07-21,708.2319946289062,709.3108875148979,702.0684341343024,705.8345294031318,33728300
2026-07-22,704.61572265625,708.9112952334938,702.8875430569569,702.8875430569569,23692200
2026-07-23,691.23974609375,697.9327231441935,687.0740428357205,693.9468861753709,44028600
2026-07-24,683.5177612304688,691.9090420069233,681.7695828163428,689.6913211134731,42876700
2026-07-27,681.4099731445312,691.5793694171385,675.246412599162,690.9600196558405,42681500
2026-07-28,674.786865234375,678.69282941625,667.1848012007116,675.5260852047327,51398700
2026-07-29,661.0411376953125,679.3420743940087,660.4517860132496,674.8068223593629,57233300
2026-07-30,682.8384399414062,684.4068129515903,672.5991097762519,674.0576119251697,66753700
2026-07-31,687.2738647460938,695.0457958477069,679.3421270152298,691.3895713800811,50540500
2026-08-03,699.34130859375,700.8597459456591,685.1061413344767,687.5835404062232,44965100
2026-08-04,723.0964965820312,724.9046100552433,706.7935382563429,707.4228263749409,59778600
2026-08-05,716.5533447265625,727.7816351687756,716.1737353937511,725.4940407971483,33540200
2026-08-06,713.9061279296875,718.5712497417534,707.7625052246912,710.0800975972087,33035900
2026-08-07,722.2774047851562,722.8767558377907,715.7641721456221,719.4003977892652,31070400
2026-08-10,720.11962890625,723.9156612253314,719.5802129514979,721.6380662225321,26243200
2026-08-11,717.7021484375,722.5970112457043,714.7552070178748,722.5370761410037,29286100
2026-08-12,722.9467163085938,726.4930089361641,722.1674989405016,726.32320296041,29066000
2026-08-13,731.3079833984375,733.1960306989878,723.276374318815,724.3952036143359,31599700
2026-08-14,730.3090209960938,733.6255724540374,727.561883529615,732.6465510961883,23790600
2026-08-17,729.1102294921875,733.8153485193716,728.5108784569633,732.1870404067878,26452600
2026-08-18,716.7631225585938,721.3783085230132,715.1747508308598,719.4603242061223,48997200
2026-08-19,715.3345947265625,720.7489355626859,711.8681752092583,719.6401056796244,35801700
2026-08-20,710.18994140625,714.1957769031727,707.782476952734,711.3487680341726,33396400
2026-08-21,712.6973876953125,714.9250469928722,708.46181083734,714.485502546953,33399400
2026-08-24,705.5847778320312,709.0511365395006,701.9685508753718,708.9212669826352,37443100
2026-08-25,709.9801635742188,713.2967150154067,706.713608864013,710.4796431110551,23869600
2026-08-26,710.6295166015625,712.2778234739277,707.2330313373777,707.6725757719001,20392400
2026-08-27,720.359375,720.5991154262211,713.7862680851495,716.1837333189847,28723500
2026-08-28,715.6842651367188,723.3762624487671,714.3456940785237,718.9908173393685,34105400
2026-08-31,716.013916015625,716.8330697733344,712.4176267643429,714.425544259608,32237200
2026-09-01,706.9033813476562,711.5585035915489,703.9264419829226,706.6536415906066,35236100
2026-09-02,708.501708984375,709.0611236151823,704.3660038718234,706.3639219777956,23476200
2026-09-03,716.9229125976562,718.1716113897015,708.9512390201578,710.1100046716628,29449800
2026-09-04,718.2116088867188,721.1085535017505,715.8140828169636,718.601156571467,32871100
2026-09-08,717.6122436523438,721.1385985378392,714.8251697161986,720.1595771602128,28341400
2026-09-09,715.5643920898438,718.9508780796424,713.276797695489,715.6543252365607,26763400
2026-09-10,707.9523315429688,711.3188188537567,706.1242193062288,706.8135035284996,31414400
2026-09-11,714.1358642578125,716.8830016980755,712.8871654213293,714.9350193188371,26649100
2026-09-14,708.4417724609375,712.2078675940699,702.0084737337293,702.597886401324,35219000
2026-09-15,703.8065795898438,708.7914364120502,702.9075530374577,708.062154852668,26631700
2026-09-16,703.9863891601562,711.138970068843,699.2713317325664,707.2630040952242,35688000
2026-09-17,716.1737060546875,717.2925353145212,712.577477858311,715.2047450412119,37270300
2026-09-18,720.6990356445312,720.9787124798182,714.3356712251818,718.08176775015,48478700
2026-09-21,741.469970703125,743.219970703125,727.8099975585938,727.8900146484375,46730600
2026-09-22,747.4600219726562,748.3499755859375,740.9299926757812,740.97998046875,40128800
2026-09-23,741.2100219726562,747.1300048828125,738.1900024414062,746.969970703125,33191800
