Date,Close,High,Low,Open,Volume
2015-01-02,169.2675323486328,170.46229453969679,168.23757361339727,170.05031104560257,121465900
2015-01-05,166.2106475830078,168.3941554104928,165.90578377347907,168.2293645019027,169632600
2015-01-06,164.6450653076172,167.03456419149842,163.8540515837314,166.51546104230036,209151400
2015-01-07,166.69677734375,167.0346068627928,165.51851045850196,165.96344714809652,125346700
2015-01-08,169.65480041503906,169.8690398817738,168.0810329989834,168.09750328662557,147217800
2015-01-09,168.2952423095703,170.0832490055506,167.68550226657175,170.06676614689192,158567300
2015-01-12,166.97689819335938,168.5836438117954,166.37540583732635,168.42708807890264,144396100
2015-01-13,166.5072479248047,169.30873061252777,165.21361373830064,168.18813502289086,214553300
2015-01-14,165.5019989013672,165.69975549175481,163.61512015411023,164.50499337901047,192991100
2015-01-15,163.9858856201172,166.44953844924805,163.87053076429905,166.13643959644816,176613900
2015-01-16,166.136474609375,166.29303035513692,163.59865467379922,163.77992842439312,211879600
2015-01-20,166.49070739746094,167.03452843040756,164.93341085601122,166.7708530546514,130991100
2015-01-21,167.3311767578125,167.80907900341523,165.56788833501264,166.02930772449517,122942700
2015-01-22,169.8196258544922,169.951451036386,166.71326633940515,168.08105475506835,174356000
2015-01-23,168.8884735107422,169.8195600042842,168.75663580723023,169.564119738954,117516800
2015-01-26,169.28402709960938,169.37466397758615,167.9656873695482,168.6742995320741,92009700
2015-01-27,167.05108642578125,168.18815242017473,166.22711936501577,167.24059532939023,134044600
2015-01-28,164.90870666503906,168.3281636862448,164.71919783080995,168.22929169842698,168514300
2015-01-29,166.43309020996094,166.68851795505324,163.70574902054628,165.1065029059678,173585400
2015-01-30,164.34019470214844,166.5813856624894,164.07653183355734,165.26304617405987,197729700
2015-02-02,166.37539672851562,166.46603359139985,163.0300930901773,164.83458263222118,163107000
2015-02-03,168.78135681152344,168.78960452609948,166.89447836574755,167.26526091233615,124212900
2015-02-04,168.138671875,169.2263141420528,167.68548759706135,168.02331701995527,134306700
2015-02-05,169.83609008789062,169.98441069974993,168.72374207627507,168.7978960958348,97953200
2015-02-06,169.36636352539062,170.7588693079273,168.8472604632597,170.19856539483234,125672000
2015-02-09,168.6083221435547,169.44052404507613,168.20457390491867,168.72367698706,87219000
2015-02-10,170.40455627441406,170.65998394735988,168.6495031280343,169.63827325557665,96164200
2015-02-11,170.5034942626953,170.93196064564754,169.5971380585625,170.23983134662117,91087800
2015-02-12,172.14315795898438,172.20084167512883,170.53642506781642,171.29447308383575,97545900
2015-02-13,172.85169982910156,172.9011358098856,172.01125043757827,172.26669062618177,93670400
2015-02-17,173.12371826171875,173.29675687510698,172.2915160631589,172.53869612122853,76968200
2015-02-18,173.14013671875,173.21429070858719,172.48919594733073,172.75287134150938,80652900
2015-02-19,173.01658630371094,173.37913379359748,172.40685877320954,172.54693165380414,91462500
2015-02-20,174.05477905273438,174.1289330590768,171.98661400910962,172.60458920743812,140896400
2015-02-23,174.03009033203125,174.03009033203125,173.42858531874762,173.80761570283403,74411100
2015-02-24,174.52442932128906,174.72218590601705,173.65926155061786,173.9558901413412,72472300
2015-02-25,174.37612915039062,174.87874949135494,174.03829968440488,174.4008471530005,73061700
2015-02-26,174.17010498046875,174.44201553128175,173.56860016833596,174.2854598287468,72697900
2015-02-27,173.5768585205078,174.33490650889712,173.52742252146405,174.0712310836819,108076000
2015-03-02,174.6727752685547,174.73044642284773,173.6263336197722,173.67576962994886,87491400
2015-03-03,173.95591735839844,174.72221324296856,173.0989971693117,174.24431085132318,110325800
2015-03-04,173.2225799560547,173.43681942392635,172.25854006884833,173.36265283818838,114497200
2015-03-05,173.41213989257812,173.6922857189983,172.90951940506358,173.54396508735488,76873000
2015-03-06,170.97314453125,172.98362592918326,170.64356277570667,172.5551595887865,188128000
2015-03-09,171.6817169189453,172.03601659558407,171.01430584603222,171.17086154416938,89818900
2015-03-10,168.89671325683594,170.40457402843026,168.85551240177332,170.3221848910408,157121300
2015-03-11,168.5012664794922,169.32523355274154,168.41886474307137,169.1521949353537,110145700
2015-03-12,170.64353942871094,170.70944571261202,169.0779948722286,169.1274308715226,93993500
2015-03-13,169.59713745117188,171.32746069254085,168.5671786505692,170.3716684808634,162410900
2015-03-16,171.863037109375,171.9536739816204,169.6218458799786,170.32222285394192,136099200
2015-03-17,171.35215759277344,171.73117531616833,170.54466099943568,171.12968301520186,94510400
2015-03-18,173.41213989257812,174.07955130311979,170.2480963358473,170.88255459088012,228808500
2015-03-19,172.62107849121094,173.4203274499487,172.2338130133591,173.00010882563075,117917300
2015-03-20,174.14474487304688,174.6496087046766,173.38331317480913,173.56539604056786,177715100
2015-03-23,173.80548095703125,174.72416757581578,173.80548095703125,174.15309040348177,71784500
2015-03-24,172.82882690429688,174.1364948299341,172.7626137919206,173.68130020424437,77805300
2015-03-25,170.2962188720703,173.26747381444505,170.25484672802094,173.03573424078624,159521700
2015-03-26,169.8906707763672,170.8010725816422,168.93887157179836,169.6341028800728,153067200
2015-03-27,170.27969360351562,170.45349198825053,169.58446217799315,169.77482962832696,118939000
2015-03-30,172.35711669921875,172.65506948294097,171.28945992438466,171.30600373596758,96180400
2015-03-31,170.8507080078125,172.2328859210729,170.79277943949455,171.53765469925668,126768700
2015-04-01,170.24655151367188,170.84245684536316,169.26165207299155,170.8176285089476,137303600
2015-04-02,170.8590545654297,171.30597735776263,169.99829659883474,170.18037952911976,86900900
2015-04-06,172.0094451904297,172.52258099944964,169.84101954187773,169.97343313110727,114368200
2015-04-07,171.5542449951172,172.77915599053023,171.52114475366702,172.03428058373333,81236300
2015-04-08,172.1335906982422,172.57224150514753,171.38871530546015,171.77770943669464,89351900
2015-04-09,172.89505004882812,173.12678965808885,171.4797840514758,171.96809161178513,85548900
2015-04-10,173.83853149414062,173.87991626544922,172.94468610394253,173.1433128000492,72722900
2015-04-13,173.05221557617188,174.32679540004014,173.00255891815064,173.69777738815787,74436600
2015-04-14,173.38336181640625,173.56544473324718,172.23293573028985,172.8536695025583,75099900
2015-04-15,174.16131591796875,174.66617982856766,173.76404988910943,173.846819433349,99529300
2015-04-16,174.1116485595703,174.61651243919104,173.63161301592615,173.8302523325971,68934900
2015-04-17,172.10873413085938,173.1681184676077,171.33074599599726,172.9281070316124,191113200
2015-04-20,173.68133544921875,174.0123884494206,172.94473178923658,173.02748872485583,92189500
2015-04-21,173.474365234375,174.51719319671872,173.17641258386848,174.35993865494333,72559800
2015-04-22,174.3268585205078,174.50894141841778,172.89502367522857,173.81371006782535,78264600
2015-04-23,174.7654571533203,175.41101900631676,173.8136581749803,173.92952792734235,102585900
2015-04-24,175.17103576660156,175.43588819302647,174.72411308308304,175.1793202979641,61327400
2015-04-27,174.44271850585938,175.8579842078044,174.25235108673922,175.73384252477726,79358100
2015-04-28,174.99725341796875,175.04691009525052,173.25092203668677,174.41790446824817,86863500
2015-04-29,174.27716064453125,174.87305324453058,173.47434422867968,174.11162159184946,125684900
2015-04-30,172.53086853027344,174.0951169506686,171.83563718765157,173.70612282130784,161304900
2015-05-01,174.4013214111328,174.44270617883703,173.20951082285615,173.30882416225984,103399700
2015-05-04,174.89797973632812,175.47732881746515,174.71589679241896,174.82348207464688,70927200
2015-05-05,172.89505004882812,175.0138320359945,172.75435190240992,174.6579380889331,113326200
2015-05-06,172.18321228027344,173.74746038938505,171.12382798568237,173.44123586592173,135060200
2015-05-07,172.8701934814453,173.29230048064142,171.75288039683915,172.0839333191981,88244900
2015-05-08,175.14622497558594,175.3448643153034,174.4510062298649,174.53377577862886,155877300
2015-05-11,174.31031799316406,175.36970260739656,174.2358329723651,175.10486276826882,75708100
2015-05-12,173.78883361816406,174.32681025991366,172.66323630126692,173.48260911502678,119727600
2015-05-13,173.82200622558594,174.81517769861114,173.59026663617541,174.19444394936284,94667900
2015-05-14,175.63449096679688,175.72553239082916,174.5585503088305,174.8316745809274,95934000
2015-05-15,175.82489013671875,175.96558825870497,175.34485456407552,175.82489013671875,76510100
2015-05-18,176.37118530273438,176.61946874293542,175.59319684647053,175.6594099734784,74549700
2015-05-19,176.31324768066406,176.76018313987666,176.0318513567823,176.48705872121627,72114600
2015-05-20,176.1890869140625,176.93396242708732,175.87457774556415,176.412541990653,76857500
2015-05-21,176.7022247314453,176.90913600162264,175.88285155515285,176.04839067438408,64764600
2015-05-22,176.28009033203125,176.7352849201602,176.21387722511858,176.32146247360018,57433500
2015-05-26,174.38478088378906,176.21388170073925,173.97095842671845,175.79177471205736,124308600
2015-05-27,176.04006958007812,176.27180914423877,174.43443643635138,174.83998698806207,93214000
2015-05-28,175.8415069580078,175.94909224773235,175.15455991791325,175.73390903941961,74974600
2015-05-29,174.74896240234375,175.81661888102775,174.48412257297713,175.77524673468258,124919600
2015-06-01,175.1048583984375,175.74213595451732,174.31858554675645,175.41108300665405,93338800
2015-06-02,174.9310302734375,175.61797707044715,174.02890034426045,174.6496340324049,91531000
2015-06-03,175.39453125,176.0152650154497,174.90622371877285,175.46074436711126,87820900
2015-06-04,173.91305541992188,175.34487779582446,173.59854626507146,174.69104377421863,151882800
2015-06-05,173.6151123046875,174.28550280017092,172.96126561805576,173.76408235752305,121704700
2015-06-08,172.5474090576172,173.65646284624262,172.47292404588495,173.50748019391892,89063300
2015-06-09,172.5225830078125,173.06055978923862,171.89357740785732,172.5225830078125,105034700
2015-06-10,174.5916748046875,174.97239698414873,173.22606588327378,173.28399445451433,134551300
2015-06-11,175.15447998046875,175.53518953133928,174.7985861354119,175.03032567825258,73876400
2015-06-12,173.813720703125,175.03035985503084,173.54059633954816,174.33514109075904,135382400
2015-06-15,173.06881713867188,173.3502133600791,171.9763198618792,172.67982304425556,124384200
2015-06-16,174.01235961914062,174.0951291699091,172.74606379131728,172.91986216752656,85308200
2015-06-17,174.29379272460938,174.89798278942902,173.27579270506487,174.29379272460938,126708600
2015-06-18,176.10629272460938,176.56977187934456,174.32686112078122,174.8896536289997,165867900
2015-06-19,175.3245086669922,175.9399495901097,174.95025936778484,175.86510226832593,130478700
2015-06-22,176.22276306152344,176.80493020819955,176.0148453169754,176.23940003436905,70696000
2015-06-23,176.34744262695312,176.68011850788776,175.95656908857174,176.4306147697586,68476800
2015-06-24,175.06668090820312,176.45556944293014,175.04173180263163,176.0813201690699,92307300
2015-06-25,174.53445434570312,175.69047638090552,174.45960701090294,175.56573082290518,97107400
2015-06-26,174.50115966796875,175.1332248579162,173.95225393732872,174.8920332382615,104174800
2015-06-29,170.84178161621094,174.50945219008148,170.7669343041614,173.0290794637627,202621300
2015-06-30,171.199462890625,172.4220201506252,170.7254043778412,172.37210923589186,182925100
2015-07-01,172.57167053222656,173.01245498872441,171.789898042502,172.76295124025881,135979900
2015-07-02,172.41368103027344,173.21209062605203,171.99784560733022,173.04575899493275,104373700
2015-07-06,171.92298889160156,172.69643664471428,170.93329860857745,171.13290416919813,117975400
2015-07-07,173.00421142578125,173.1289570043169,169.75237464882807,172.12264216334833,173820200
2015-07-08,170.1016082763672,171.95623039521413,169.86874149419305,171.67346540118666,164020100
2015-07-09,170.4093017578125,172.4469048907303,170.30119320864006,172.18907634353732,144113100
2015-07-10,172.5550079345703,172.97084322348456,170.45088238788716,172.39698849433717,129456900
2015-07-13,174.45960998535156,174.56771857403146,173.76932160863564,173.81090769210834,106069400
2015-07-14,175.2163848876953,175.52411168997082,174.359765043281,174.41798808624523,81709600
2015-07-15,175.15814208984375,175.71535985792673,174.68408376593501,175.25793849896726,97914100
2015-07-16,176.56370544433594,176.56370544433594,175.96490148001948,176.20608041745504,106683300
2015-07-17,176.71339416503906,176.7716172078095,176.1478641567518,176.55537469499166,89030000
2015-07-20,176.80487060546875,177.2955532715179,176.48884436968999,176.93794096279018,70446800
2015-07-21,176.10630798339844,176.92966671909812,175.80690596044315,176.67183808770818,77965000
2015-07-22,175.79026794433594,176.1229439069139,175.3910694795328,175.4243307306454,88667900
2015-07-23,174.800537109375,176.0230940219481,174.44292480897113,175.92329760142377,90509100
2015-07-24,172.98751831054688,174.9585739534814,172.654855082219,174.90036359915393,117755000
2015-07-27,171.981201171875,172.61327910909745,171.5404166579117,172.10595940751654,132361100
2015-07-28,174.09368896484375,174.2350715095821,171.98956238618052,172.8129085402622,123544800
2015-07-29,175.29122924804688,175.51577119011958,174.07698449596467,174.21836698588396,105791300
2015-07-30,175.33282470703125,175.4991563105311,174.16847810195645,174.7839189942226,91304400
2015-07-31,175.06668090820312,175.85676552863868,174.78391591820096,175.83181642306718,103266900
2015-08-03,174.47616577148438,175.09160657051717,173.52806181584714,175.0333962287401,113965700
2015-08-04,174.13525390625,174.85880351507456,173.65288327027008,174.40138199041337,81820800
2015-08-05,174.70912170410156,175.74038555527554,174.42634393786176,175.02514803415897,85786800
2015-08-06,173.2786407470703,175.0001929474416,172.69646095255442,174.89207166726732,116030800
2015-08-07,172.9458770751953,173.27022806096778,172.0476714168367,173.12053346305032,117858000
2015-08-10,175.12490844726562,175.20806790454458,174.0520461189769,174.0520461189769,80270700
2015-08-11,173.54476928710938,174.21010856091283,172.78794570452933,173.79427310107206,126081400
2015-08-12,173.75267028808594,173.9356388880229,170.79192412952753,172.24734809884168,172123700
2015-08-13,173.53646850585938,174.27665516521583,172.99587475850524,173.59467887509606,89383300
2015-08-14,174.1685028076172,174.24335013626597,173.2037616040672,173.3451441216115,72786500
2015-08-17,175.14158630371094,175.14158630371094,173.1206319405233,173.57805351149946,79072600
2015-08-18,174.63421630859375,175.2163832814577,174.4013495194482,174.86708309773934,71692700
2015-08-19,173.253662109375,174.6591750606617,172.44694044161014,173.89403946974545,172946000
2015-08-20,169.63589477539062,173.22870604693054,169.57767172781692,171.7483330321831,194327900
2015-08-21,164.5294647216797,169.6109747078585,164.27164875894206,167.7729763340102,346588500
2015-08-24,157.6016082763672,164.23833735657138,151.69674083211345,155.9299546251587,507244300
2015-08-25,155.74700927734375,162.55007098556018,155.45591939317808,162.533434014676,369833100
2015-08-26,161.72669982910156,162.00114000948767,156.66181531070703,159.74731938075684,339257000
2015-08-27,165.72702026367188,165.8517657897878,162.3504393270672,163.85576123020783,274143900
2015-08-28,165.73538208007812,166.20111577089492,164.60430910654108,165.086679769256,160414400
2015-08-31,164.39633178710938,165.61057648973326,163.84742612604842,164.76226889448333,163298800
2015-09-01,159.48948669433594,161.98449868486193,158.6245420977261,160.6122344759003,256000400
2015-09-02,162.51681518554688,162.558401269007,160.03011460200588,161.85978806163322,160269300
2015-09-03,162.63323974609375,164.71241690293388,162.14255698274914,163.2237189520738,152087800
2015-09-04,160.1714324951172,161.22765767536018,159.35639888743367,160.38767496572717,207081000
2015-09-08,164.19671630859375,164.34642361175145,162.3171453686945,162.9575352677576,116025700
2015-09-09,162.0011749267578,165.8934014794496,161.6352503772765,165.76865591602316,149347700
2015-09-10,162.88275146484375,164.02213654131373,161.55207294363186,161.80988889317257,158611100
2015-09-11,163.62290954589844,163.6894447293928,161.7849115864469,162.4918368070718,119691200
2015-09-14,163.01577758789062,163.84744832997723,162.5334070346458,163.7975501158982,79452000
2015-09-15,165.05337524414062,165.49415970669656,162.97419846216422,163.5147793493629,113806200
2015-09-16,166.48385620117188,166.67514962395944,165.01180800848826,165.35279608532932,99581600
2015-09-17,166.10958862304688,168.73767113237793,165.73533933874756,166.35078023734928,276046600
2015-09-18,163.39511108398438,166.09536955900396,162.98548197154713,163.61247780284123,223657500
2015-09-21,164.23944091796875,165.25934219794968,163.19444807397244,164.22271746071192,105726200
2015-09-22,162.10775756835938,162.56755726766514,160.97915946608788,162.08267874442166,153890900
2015-09-23,161.84849548339844,162.74300271743422,161.27165739713433,162.27484796807792,92790600
2015-09-24,161.2633056640625,161.72310510967256,159.30708193866133,160.6363098990292,159378800
2015-09-25,161.22152709960938,163.01890997892332,160.35208576954818,162.71795148101944,155054800
2015-09-28,157.17530822753906,160.43569415903292,156.86599437037327,160.32701080110434,178515900
2015-09-29,157.26727294921875,158.62159264192638,156.2724375057759,157.39267977135148,159045600
2015-09-30,160.20162963867188,160.36882598691992,158.3707996481362,159.14826840780825,163452000
2015-10-01,160.61961364746094,160.92057215200472,158.68846855841454,160.5778113747788,131079000
2015-10-02,163.0189208984375,163.0439997119208,158.10326935549577,158.64667341224848,211003300
2015-10-05,165.91981506347656,166.1455371306783,164.13078749869322,164.23947085628345,126320800
2015-10-06,165.3512725830078,166.34610763403467,164.69084283616456,165.78599310031746,110274500
2015-10-07,166.7056427001953,167.05675880972396,165.09216691041397,166.27927740156187,124307300
2015-10-08,168.21046447753906,168.49469955536287,166.02015014140514,166.32110868153157,153055200
2015-10-09,168.31082153320312,168.787331898908,167.6838254819349,168.35262382120783,107069200
2015-10-12,168.46958923339844,168.67021971845202,167.95963215678432,168.38598469378493,56395600
2015-10-13,167.4079132080078,169.00466590360523,167.24071684469598,167.74230593463147,88038700
2015-10-14,166.60533142089844,167.926204207173,166.31274101172406,167.34936598496148,99106200
2015-10-15,169.1634521484375,169.17180749920544,166.89790197677755,167.26574151073802,134142200
2015-10-16,169.93263244628906,169.94934315442046,168.8040345903975,169.56479276714617,114580100
2015-10-19,170.0161895751953,170.0161895751953,168.9795646068099,169.28887847560063,76523900
2015-10-20,169.79884338378906,170.40911579695808,169.33068850485043,169.58148940607148,78448500
2015-10-21,168.74549865722656,170.3673173078115,168.5782895485198,170.21684441749224,102038000
2015-10-22,171.59622192382812,171.8052205432816,168.74549044924288,169.6901555349135,174911700
2015-10-23,173.47723388671875,173.8450735496707,172.46568756986602,173.25987988418584,144442300
2015-10-26,173.0508575439453,173.3601714198698,172.68301793135217,173.3016584394646,69033000
2015-10-27,172.71641540527344,173.0508079993867,172.03924935436544,172.3820100549004,77905800
2015-10-28,174.68106079101562,174.7061396073188,172.3904438602281,173.05087394998608,135906700
2015-10-29,174.5807647705078,174.94860445852228,174.0624521680871,174.17949090915843,90525500
2015-10-30,173.8283233642578,175.0906831731745,173.66949513082187,174.77300119377614,131076900
2015-11-02,175.88485717773438,176.07713231346827,174.02894863279155,174.15435544360557,86270800
2015-11-03,176.39483642578125,176.94659584766845,175.30804104346925,175.5337631262892,95246100
2015-11-04,175.85983276367188,176.81286614184535,175.32479670498265,176.68747204850644,96224500
2015-11-05,175.68421936035156,176.37809624824874,174.7980673307819,175.9182967735865,78408700
2015-11-06,175.5923309326172,175.82642119739063,174.27147045873394,175.34154271369474,110471500
2015-11-09,173.9537353515625,175.1324906462806,173.00905749400297,174.98200500452802,131008700
2015-11-10,174.35498046875,174.388427386424,173.20967228551413,173.47718384559877,75874600
2015-11-11,173.6695556640625,174.67274682266824,173.6026745526531,174.62258917817812,67846000
2015-11-12,171.24513244628906,173.10104149660526,171.22842173863964,172.63288655711386,121315200
2015-11-13,169.322265625,171.10293741578366,169.23867385580832,170.83542589560682,153577100
2015-11-16,171.8971710205078,171.95569675375208,169.02134813351492,169.13839960000348,117645200
2015-11-17,171.77178955078125,173.0842942719435,171.27855586126068,172.20651025903064,121123700
2015-11-18,174.4971160888672,174.63923361307806,172.2064994846576,172.2482890016951,121342500
2015-11-19,174.3466339111328,174.76463110931041,174.05403076990362,174.38006807423167,88220500
2015-11-20,174.9819793701172,175.65913276814356,174.6057844552427,175.0990180715506,94011500
2015-11-23,174.78138732910156,175.5421326776157,174.32158777367135,175.04054359954463,64931200
2015-11-24,175.0154571533203,175.4167309495358,173.39362575010847,173.77817608423797,98874400
2015-11-25,174.9904022216797,175.3415184358229,174.73123317089866,175.14087513219863,51980100
2015-11-27,175.19097900390625,175.39162224595424,174.60578549326016,175.08229565326417,37317800
2015-11-30,174.4636688232422,175.466859525805,174.35498547207507,175.34982082311038,112822700
2015-12-01,176.12733459472656,176.24438608367103,174.81482971798422,175.0907094642138,97858400
2015-12-02,174.32989501953125,176.39480201624121,174.0790941715735,176.07712009174398,108441300
2015-12-03,171.88882446289062,174.84823929073755,171.16986870435804,174.5807276920756,166224200
2015-12-04,175.24118041992188,175.53378362650037,171.88884673408964,171.88884673408964,192913900
2015-12-07,174.179443359375,175.33310699034556,173.21804211792656,174.91510977830603,102027100
2015-12-08,173.00904846191406,174.12927796072816,172.03093648850808,172.62449815934227,103372400
2015-12-09,171.6631317138672,174.45535067510497,170.69337489596222,172.37373224132259,162401500
2015-12-10,172.106201171875,173.41035068377516,171.49592869643763,171.73000615979072,116128900
2015-12-11,168.7705841064453,170.6599272002176,168.46125744818977,169.9994971174157,211173300
2015-12-14,169.62330627441406,169.74871312337578,167.15712465335616,168.92944195314212,182385200
2015-12-15,171.40394592285156,172.30682148520253,169.5981947981496,171.12806621577792,154069600
2015-12-16,173.9119415283203,174.21290007018928,171.21168276083145,172.5241875432432,197017000
2015-12-17,171.26182556152344,174.28812142428936,171.24510210057215,174.2212403367473,173092500
2015-12-18,168.2107696533203,170.6579818248488,168.0509833508392,170.5234364199729,251393500
2015-12-21,169.59837341308594,169.77498271244173,168.2696396253656,169.3797258906182,99094300
2015-12-22,171.1373291015625,171.43167362109523,169.4974407994575,170.4813737807205,111026200
2015-12-23,173.25660705566406,173.29865811337848,172.0456084537032,172.13811564780246,110987200
2015-12-24,172.97064208984375,173.5172800952678,172.7519945869817,173.00428806393285,48539600
2015-12-28,172.57542419433594,172.61746242002613,171.50738891887218,172.28107962141735,65899900
2015-12-29,174.41714477539062,174.74512250927899,173.63504896080372,173.66868210922584,92640700
2015-12-30,173.18089294433594,174.25734602053262,173.03792962794714,174.17324391339574,63317700
2015-12-31,171.44854736328125,173.14731033221142,171.44854736328125,172.5081777608578,114877900
2016-01-04,169.05177307128906,169.0601781507124,167.008209539375,168.60606005038835,222353500
2016-01-05,169.3377227783203,169.79184094037902,168.2360541115294,169.37135593276818,110845800
2016-01-06,167.20164489746094,168.24443938094666,166.17566057312766,166.79797009851558,152112600
2016-01-07,163.190185546875,166.0410725383736,162.80333380862086,164.26662582004272,213436100
2016-01-08,161.39894104003906,164.70395940691208,161.11301435487553,164.14891619534833,209817200
2016-01-11,161.55873107910156,162.65199453635876,159.6329156175855,162.31559887064284,187941300
2016-01-12,162.8622283935547,163.61069106589846,160.74298072437495,162.99678665271762,172330500
2016-01-13,158.80035400390625,163.8714016738215,158.4219201004555,163.52660092153366,221168900
2016-01-14,161.40736389160156,162.52585551726517,157.81643127635823,159.40586404289417,240795600
2016-01-15,157.9425506591797,158.7414694764647,156.01673528563242,157.06794763263426,324846400
2016-01-19,158.15280151367188,159.8767924205954,156.58859694511347,159.75065206514014,195244400
2016-01-20,156.12606811523438,157.68186767584265,152.23238592197683,155.60467084575157,286547800
2016-01-21,157.0006561279297,158.833964157154,155.27666544829353,156.5969942115082,195772900
2016-01-22,160.22161865234375,160.42344325317322,158.8424282738754,159.59929619135528,168319600
2016-01-25,157.79959106445312,159.9104208877375,157.60617158102588,159.71700140431025,130371700
2016-01-26,159.95245361328125,160.22997518752416,158.11914560620974,158.45552839379948,141036800
2016-01-27,158.21165466308594,161.0961749556126,157.3118108057931,159.43105832270268,185681700
2016-01-28,159.03575134277344,159.95240506810697,157.39586329465908,159.7505805896787,143798800
2016-01-29,162.9126739501953,163.0472322006176,159.68335293314658,159.80108819422082,210529300
2016-02-01,162.85382080078125,163.6359295035617,161.33166729007863,161.91193859132608,136061600
2016-02-02,159.9188232421875,161.44097655554074,159.39741323054122,161.43257147696843,182564900
2016-02-03,160.87757873535156,161.2812407804008,157.3455069687544,160.97008595736128,205054900
2016-02-04,161.12982177734375,162.09693193226437,159.75063179325662,160.38135915486075,139531800
2016-02-05,158.06024169921875,161.1886497950574,157.42951446751223,160.61679659775575,180788300
2016-02-08,155.93260192871094,156.52127815867243,153.7292653970639,156.2269464597814,191526700
2016-02-09,155.9410400390625,157.21091278145332,154.06568078343693,154.20023904512558,184513100
2016-02-10,155.8064727783203,158.3882432977866,155.68031961359517,156.76517780220183,148214100
2016-02-11,153.77975463867188,154.82256192212859,152.29123433997384,153.34244670274717,219058900
2016-02-12,156.9502410888672,156.9670512503249,154.70485264457105,155.54582267609098,127632400
2016-02-16,159.5992889404297,159.6245170143872,157.79120853515886,158.74991384209693,120250700
2016-02-17,162.20631408691406,162.57634297743132,160.6336913022157,160.75984451426575,136009500
2016-02-18,161.54188537597656,162.5342364100918,161.23073065709553,162.4753623648004,102343000
2016-02-19,161.46621704101562,161.6175854600442,160.1627111599252,160.76821050040357,114793000
2016-02-22,163.8041229248047,163.94708627390327,162.97155806950747,163.03883720417437,103640300
2016-02-23,161.73532104492188,163.41726067559446,161.61757295188102,163.14814417523996,111455300
2016-02-24,162.4753875732422,162.75290918942966,159.21243297748072,160.31410153035105,150812200
2016-02-25,164.4432373046875,164.45165521570598,162.16421621824927,162.9210839433892,110728300
2016-02-26,164.0648193359375,165.40195843490505,163.90503299728428,165.30946406219283,129833700
2016-02-29,162.77813720703125,165.02352537488105,162.58471771660658,164.08164316183976,125918100
2016-03-01,166.60452270507812,166.68862481548388,163.5265702476255,163.99751126866474,141799700
2016-03-02,167.3529510498047,167.40340717285216,165.88125424409031,166.29333396927436,102415000
2016-03-03,168.00892639160156,168.0257493786871,166.6045085261755,167.17636176528964,95172200
2016-03-04,168.5555877685547,169.3292913545124,167.3782350632835,168.20238195697334,129293600
2016-03-07,168.6901092529297,169.09378394860045,167.56321293325217,167.63889712662322,100219000
2016-03-08,166.848388671875,168.12666624967974,166.6886152028066,167.62209211288447,123974900
2016-03-09,167.67259216308594,168.01738008894603,166.8736604475755,167.65576917113228,94801200
2016-03-10,167.80714416503906,169.09384004006324,165.9906587606769,168.16036284896478,156838700
2016-03-11,170.51502990722656,170.5570809631396,167.79029600171765,169.25357522291893,137964500
2016-03-14,170.29638671875,170.75050477050704,169.6824823497622,170.0104600627481,73612000
2016-03-15,170.0188446044922,170.32159421315438,169.07696263628955,169.3376611930471,93169100
2016-03-16,171.00279235839844,171.40646709284871,169.49746209507504,169.53951315060283,129303200
2016-03-17,172.08763122558594,172.5922053386793,170.52342709385636,170.91868387347796,134278500
2016-03-18,172.76393127441406,173.1020490765055,172.27365143252433,172.58641104437726,138372400
2016-03-21,173.0089874267578,173.23722393527044,172.27357444177022,172.50181095028285,72926700
2016-03-22,172.91607666015625,173.48243106046039,172.07923060372747,172.23982817229395,97471900
2016-03-23,171.77493286132812,172.72167307934697,171.6058610523664,172.53570440818353,81052500
2016-03-24,171.69883728027344,171.73265679981606,170.5323218234029,170.75209710695995,84360900
2016-03-28,171.80027770996094,172.32436416160795,171.35226582741745,172.1130373151868,62408200
2016-03-29,173.38938903808594,173.49928308907764,171.09015268342864,171.394463756791,92922900
2016-03-30,174.15023803710938,174.86874160408692,173.78674913986507,174.38692308250992,86365300
2016-03-31,173.72752380371094,174.47984662842953,173.56691338635025,174.05719306626486,94584100
2016-04-01,174.9109649658203,175.09693358242268,172.42575972428358,172.73853216040445,114423500
2016-04-04,174.34461975097656,175.03777788495927,174.04030862602207,174.8348995022013,63497000
2016-04-05,172.6033172607422,174.35309684311477,172.3497224651958,173.00906119459614,99662200
2016-04-06,174.48829650878906,174.54747419919903,172.42574504451764,172.60326521738432,91839800
2016-04-07,172.40042114257812,173.7613664106227,171.67345634911894,173.4063388926588,113859000
2016-04-08,172.86532592773438,174.0064958303684,172.33277825338988,173.57538089461733,95040600
2016-04-11,172.45962524414062,174.19250805294283,172.36664091103316,173.49934977007484,83757500
2016-04-12,174.06564331054688,174.34459621229013,172.1890604430837,172.62862376386366,115350600
2016-04-13,175.8238983154297,175.90843419511936,174.84333886383234,174.9785911119901,96336400
2016-04-14,175.83236694335938,176.33110805344006,175.4858007528931,175.88309621601945,65212900
2016-04-15,175.63795471191406,175.96762405227008,175.31673380138446,175.83237178485066,75761600
2016-04-18,176.8721160888672,176.90592270787863,174.97862296506034,175.63796167189994,82531000
2016-04-19,177.4299774169922,177.68357215851785,176.61848972214727,177.29473806676094,88316100
2016-04-20,177.59906005859375,178.2922053029783,176.99888623015522,177.47225623087934,81100300
2016-04-21,176.6438446044922,177.7258367763028,176.37334011235748,177.61594271407756,85695000
2016-04-22,176.6438446044922,176.9143361982628,175.74782104643316,176.28881713233847,99251700
2016-04-25,176.3395233154297,176.38179125218005,175.43503848275293,176.04366065654057,66166500
2016-04-26,176.6016082763672,177.10879784072287,176.128238228764,176.70304102989175,75864200
2016-04-27,176.96505737304688,177.35389143975695,175.86615549613123,176.22118295205223,77329400
2016-04-28,175.35897827148438,177.31163586436776,174.94478599321482,176.21274680920294,97216200
2016-04-29,174.4122772216797,175.08852572070128,173.3133750230655,174.74194659142722,142424100
2016-05-02,175.79856872558594,175.97607604409657,174.47989133746998,174.91099343793363,62188000
2016-05-03,174.2685546875,174.8095508392934,173.52468014189694,174.57286582903163,106422100
2016-05-04,173.29644775390625,174.00651570023666,172.79771953438598,173.27955089445425,92243800
2016-05-05,173.2626495361328,174.11640532102402,172.839995858755,173.76137777983067,67619200
2016-05-06,173.89663696289062,173.93890491198147,172.3412744639378,172.49342360262426,89315000
2016-05-09,174.04034423828125,174.4714463791938,173.59233233742088,173.76985257095404,74374900
2016-05-10,176.2042999267578,176.22120968389922,174.67429581377937,174.74192194397955,77472200
2016-05-11,174.55593872070312,176.2803597523973,174.55593872070312,175.7478249814253,81727000
2016-05-12,174.6066436767578,175.39278603717304,173.60072609970058,175.22371428767227,89586300
2016-05-13,173.0851593017578,174.8603102136198,172.76395122219364,174.31086549718907,96474600
2016-05-16,174.79261779785156,175.26598775531772,173.19498774222131,173.25416543608657,77486800
2016-05-17,173.16122436523438,174.80957119952959,172.63712501144184,174.52216978193292,114924900
2016-05-18,173.21188354492188,174.3868599155451,172.12989147262263,172.81458817011605,120062100
2016-05-19,172.61172485351562,172.89912620123482,171.41139019683777,172.49338236337454,115430500
2016-05-20,173.70220947265625,174.21784746460355,173.16966172241183,173.22037809893678,104990400
2016-05-23,173.46548461914062,173.99801934873904,173.27951601567344,173.71906644353825,58682600
2016-05-24,175.7140350341797,176.02680752513348,174.2516569275828,174.27701511625924,93537800
2016-05-25,176.90594482421875,177.32015012450003,175.71405820578408,176.39030675585562,76621400
2016-05-26,176.9565887451172,177.26936114923737,176.64382923936,177.04112461614707,55280700
2016-05-27,177.71743774414062,177.72588617498153,177.06654741509595,177.11726379687676,64211200
2016-05-31,177.37930297851562,178.09781943295886,176.82139699495033,177.98792534270186,109879400
2016-06-01,177.7428436279297,177.92035101179215,176.57631494049176,176.77073208894103,69936200
2016-06-02,178.28378295898438,178.30067981979306,176.87212117943628,177.34549124942043,63044700
2016-06-03,177.75120544433594,178.09778450843905,176.5508707110088,177.72584725899813,101757100
2016-06-06,178.6556854248047,179.01071290804657,177.9456175599564,178.10622799488203,64887000
2016-06-07,178.9346466064453,179.4925525310708,178.7824974806562,178.80785566828771,60974800
2016-06-08,179.51788330078125,179.64468711793805,178.94308060443555,179.06987152322824,66170900
2016-06-09,179.2727508544922,179.39109334545566,178.52042796943206,178.79091956376394,73786900
2016-06-10,177.57373046875,178.24151763480347,177.03272135409668,177.90339983651236,113829200
2016-06-13,176.2042999267578,177.8272883564658,176.1197769377817,176.97353264712376,117751200
2016-06-14,175.85772705078125,176.44945248631808,174.9109869913078,175.82392043367116,125059300
2016-06-15,175.6125946044922,176.97353989690447,175.42662596341478,175.85772805044004,109124500
2016-06-16,176.13671875,176.30579056783355,173.78676494384393,175.61263223014856,149533100
2016-06-17,175.4807586669922,176.0585507847798,174.82648338560102,176.03306071872714,117055700
2016-06-20,176.61087036132812,178.10634379195506,176.52589482866182,177.43508375949665,82789600
2016-06-21,177.11212158203125,177.51997545201309,176.55131440740573,176.99316366305985,72461700
2016-06-22,176.8232421875,178.01282148859787,176.6787812330277,177.29056857800433,95560500
2016-06-23,179.12594604492188,179.17692616715493,177.81740870098164,178.2762427665224,102731400
2016-06-24,172.69369506835938,179.15993738952622,172.25184574324885,173.02507882083157,333444400
2016-06-27,169.60076904296875,171.3001754944396,168.79354060616626,171.29167016429918,230775800
2016-06-28,172.65972900390625,172.6852190687765,170.89234436871354,171.1982381126016,159382400
2016-06-29,175.59967041015625,175.82908094424613,173.9512440902631,174.05320432763637,137328600
2016-06-30,177.99581909179688,178.04679920829113,175.51468735402474,176.06700220207614,165021900
2016-07-01,178.3696746826172,178.85401167706488,177.83435757621513,177.995803241031,106055300
2016-07-05,177.08668518066406,177.65598489147834,176.49189540559277,177.54551930273485,109803700
2016-07-06,178.14883422851562,178.2677921967639,175.93960000053758,176.59387530862622,96021500
2016-07-07,178.03831481933594,178.989978277703,177.27358710678274,178.32721080270562,85593800
2016-07-08,180.68936157226562,180.93578273538094,179.1004209018401,179.32984437239284,133971000
2016-07-11,181.32666015625,181.89597271757017,180.94429630414587,181.14822974247437,73633900
2016-07-12,182.6437225341797,182.9411238766471,181.35216988225307,182.28684870248486,101275600
2016-07-13,182.6182098388672,183.06855149677048,182.1338857578233,183.06005913234583,87324100
2016-07-14,183.6378936767578,184.10523313734697,183.24703737549774,183.8758095902496,91230900
2016-07-15,183.39149475097656,184.39413858534078,182.9496453324784,184.1987104247427,107155400
2016-07-18,183.88427734375,184.04572303036477,183.25549229205092,183.51040585168255,58725900
2016-07-19,183.69735717773438,183.73133960469437,183.2215254076342,183.46793365806346,54345700
2016-07-20,184.4620819091797,184.6999977903,183.6973541434992,183.6973541434992,58159500
2016-07-21,183.7653350830078,184.57255061947964,183.3234857396611,184.35163243052796,67777300
2016-07-22,184.58958435058594,184.6405644837236,183.62092292463257,183.88432892280778,62787500
2016-07-25,184.08819580078125,184.43657722961012,183.5104038396971,184.38559711133118,55873100
2016-07-26,184.17320251464844,184.53007636851208,183.33199152418422,183.9862667389897,70080500
2016-07-27,183.97775268554688,184.61503012777584,183.21301197560646,184.5470523114183,84083900
2016-07-28,184.19017028808594,184.47906627064395,183.32346937496968,183.78230340812408,65035700
2016-07-29,184.48751831054688,184.8443920284275,183.6463206060566,183.9267241626998,79519400
2016-08-01,184.33456420898438,184.93784605645868,183.88422267255257,184.54698995128007,73311400
2016-08-02,183.15353393554688,184.24115303340008,182.32082839994354,184.08819970987324,92295500
2016-08-03,183.6888427734375,183.74832822448334,182.79666473129126,183.09405309019246,53993600
2016-08-04,183.88427734375,184.19866338687842,182.04891527293285,183.79930183539204,46585500
2016-08-05,185.3882598876953,185.43074764581084,183.88429438086453,183.88429438086453,71892200
2016-08-08,185.27780151367188,185.67716308974096,185.01439557316738,185.57518988034602,39906500
2016-08-09,185.3882598876953,185.88108935785985,185.06538144999288,185.34578509502322,51251700
2016-08-10,184.92942810058594,185.5751979494322,184.58104663134466,185.49872776314322,57941100
2016-08-11,185.78762817382812,186.0340494005156,185.19283843509893,185.45624439329015,72504300
2016-08-12,185.62615966796875,185.83858545983358,185.22679814202752,185.48169871991223,61313500
2016-08-15,186.16146850585938,186.50984992494227,185.98303809687468,185.9915304612029,49813500
2016-08-16,185.20135498046875,185.81312948774544,185.20135498046875,185.74516462672722,53213600
2016-08-17,185.5496826171875,185.68563824014774,184.40259108274523,185.23529658385354,75134300
2016-08-18,185.96604919433594,186.00003161869705,185.41374728173182,185.52419988498724,52989300
2016-08-19,185.69415283203125,185.87259622920638,185.0144005667477,185.4987247040344,75443000
2016-08-22,185.68563842773438,185.91506192103134,185.09084878348472,185.45621493443744,61368800
2016-08-23,186.05953979492188,186.59485704345448,186.00005433822096,186.29745569083772,53399200
2016-08-24,185.10791015625,186.00859377959029,184.69155077932356,185.91512587723727,71728900
2016-08-25,184.9803924560547,185.3967517105413,184.57253853183752,184.72547889137803,69224800
2016-08-26,184.6320037841797,186.18696220581037,183.74831815541748,185.1673209524872,122506300
2016-08-29,185.5412139892578,185.80461993903992,184.72549311258223,184.75948850539226,70502200
2016-08-30,185.23532104492188,185.73664288466728,184.6830190811947,185.45623923732404,58114500
2016-08-31,184.70843505859375,185.02282100734678,183.93520224715635,184.9038631106209,85269500
2016-09-01,184.71694946289062,185.0058453943504,183.56135277161167,184.69995177120478,97844200
2016-09-02,185.5496826171875,185.9745342148569,184.98038303216353,185.566680311418,79293900
2016-09-06,186.1105499267578,186.18702012732197,185.11639842308583,185.8301462259099,56702100
2016-09-07,186.093505859375,186.27194924834248,185.49022380686773,185.94905786137406,76554900
2016-09-08,185.6686553955078,186.0340345407559,185.3627617021031,185.76212327308824,74102900
2016-09-09,181.22471618652344,184.41110351580465,181.19922612512465,184.36012339300706,221589100
2016-09-12,183.82479858398438,184.22416015000306,180.40049551271633,180.4684733287879,168110900
2016-09-13,181.1821746826172,182.81360295540418,180.56189509684285,182.55019708879203,182828800
2016-09-14,181.11419677734375,182.431239075069,180.56189499060704,181.23315468366116,134185500
2016-09-15,182.92413330078125,183.30649720923515,180.77438489601016,180.95282830152544,134427900
2016-09-16,182.21697998046875,182.49026474179965,181.53379413901084,182.31091998830942,155236400
2016-09-19,182.2511749267578,183.50654930012172,181.92665248084597,182.86605270272938,80250500
2016-09-20,182.25965881347656,183.25883166004158,182.2255047381887,183.10511877484677,69665300
2016-09-21,184.30931091308594,184.4886426667215,182.27679749897058,182.95999648976823,110284400
2016-09-22,185.47076416015625,185.7696678422126,185.0693982036205,185.3170512020284,76678700
2016-09-23,184.45448303222656,185.21453846600355,184.36054301093114,185.0778960657672,73630900
2016-09-26,182.95999145507812,183.80543861796872,182.7635631176334,183.62610686926803,89827300
2016-09-27,184.09579467773438,184.18972166205904,182.43049322257983,182.7977180207559,78494800
2016-09-28,185.00958251953125,185.16330848389094,183.36137747790448,184.31784825725526,87411000
2016-09-29,183.33572387695312,185.2059758640299,182.78916734916712,184.8045969886785,128070600
2016-09-30,184.71920776367188,185.41947721610654,183.9164500021247,184.16410293469733,117202900
2016-10-03,184.27516174316406,184.4971958986491,183.6432003347153,184.30932886304677,83512100
2016-10-04,183.33572387695312,184.6081816978476,182.74647800446056,184.38614758781864,119948100
2016-10-05,184.1470184326172,184.57401610052685,183.89081722568446,183.95913841626216,72816000
2016-10-06,184.27516174316406,184.4971958986491,183.38701209028568,183.92502043452603,62927400
2016-10-07,183.64317321777344,184.71921580924092,182.91728491417803,184.54841932786178,89788300
2016-10-10,184.59962463378906,185.06077635582875,184.45444699850003,184.59962463378906,51855000
2016-10-11,182.2682342529297,184.24097459765528,181.54234597238792,184.1726534010862,130367400
2016-10-12,182.5073699951172,183.0283077312698,181.90956276636723,182.40488168196612,73866100
2016-10-13,181.90956115722656,182.40488006844393,180.3723798138563,181.18367286306528,101357000
2016-10-14,182.00344848632812,183.34422717299938,181.9265920475964,182.88306247874428,93346200
2016-10-17,181.37155151367188,182.234082196945,181.19220674181636,181.9778809646954,58275700
2016-10-18,182.5073699951172,183.01975943712776,182.13160991908106,182.95998653281447,76869700
2016-10-19,182.99415588378906,183.30159478701952,182.41344519487444,182.7721217434871,66519200
2016-10-20,182.6525115966797,183.2076033070078,181.99493159343336,182.64396330422522,73639800
2016-10-21,182.7379150390625,182.8233197834896,181.69603970553706,182.65252332556983,89089100
2016-10-24,183.5150909423828,183.88231578040575,183.1649496628797,183.6090309678364,60146600
2016-10-25,182.90025329589844,183.59198771202796,182.73799203168238,183.3357864017363,66542300
2016-10-26,182.53297424316406,183.11368483726895,181.84122705063066,182.08035774160138,75705500
2016-10-27,182.04620361328125,183.2844943762672,181.96934715227448,183.25034029279843,77220200
2016-10-28,181.5081787109375,182.69523180962065,180.79937398784872,182.0205811693207,140623200
2016-10-31,181.51670837402344,182.0632648590971,181.3544471778253,181.84121773548517,61272500
2016-11-01,180.20156860351562,181.8924889147664,178.99744496669493,181.8412382436597,122781800
2016-11-02,179.1169891357422,180.2784233312652,178.68144316808676,179.89411499958456,103330800
2016-11-03,178.2971649169922,179.54400397899198,178.02389315535012,179.3305051213913,88939300
2016-11-04,178.10072326660156,179.24507384660942,177.95554562862452,178.4081620972983,109122100
2016-11-07,182.0291290283203,182.06329614440926,178.10075768897855,178.10075768897855,109794900
2016-11-08,182.8489227294922,183.41256271954495,181.37151460186897,181.6362510433059,106772100
2016-11-09,184.78750610351562,185.4023837583954,181.33735781436422,181.36297663073972,258429000
2016-11-10,185.24874877929688,186.43580230091737,183.79695867119807,185.57327132062667,172113300
2016-11-11,184.82167053222656,185.06078818574503,183.882283473671,184.53131524308765,100552700
2016-11-14,184.96685791015625,185.5475815499278,184.2238860926938,185.3426179657257,94580000
2016-11-15,186.41017150878906,186.41017150878906,185.14626158142195,185.35121219989577,91652600
2016-11-16,186.0599365234375,186.29051888411604,185.675641276262,185.7952000871818,65617700
2016-11-17,187.0164337158203,187.07620661018407,186.10265249838733,186.2136760562638,69797200
2016-11-18,186.5979766845703,187.25555672704027,186.418631934466,187.0847602699003,86265800
2016-11-21,188.007080078125,188.03269889737496,187.0249905910485,187.17016824377677,72402600
2016-11-22,188.37432861328125,188.55366037063234,187.64842722721824,188.31454267353945,67429000
2016-11-23,188.47679138183594,188.52802902338945,187.6654983183874,187.86191362132126,56620200
2016-11-25,189.1770477294922,189.21120180882446,188.7415017746651,188.81837125729808,37872300
2016-11-28,188.28890991210938,189.1429053473451,188.18643462978068,188.8696335841565,76572500
2016-11-29,188.6561279296875,189.10874445158365,188.02416663924018,188.32307024318024,69886700
2016-11-30,188.2035369873047,189.4332926218375,188.14375104601663,189.2710313879842,113291800
2016-12-01,187.51177978515625,188.502404564412,187.15309024313768,188.502404564412,79040500
2016-12-02,187.60568237304688,188.09246595181148,187.24700590861025,187.59714711113205,74840300
2016-12-05,188.7329864501953,189.0745794033417,188.23766754647798,188.43408284299034,67837800
2016-12-06,189.3307647705078,189.36493188152127,188.44261534817971,188.92085065488982,59877400
2016-12-07,191.80731201171875,191.86708489492173,189.05744664202297,189.17700543936053,110738100
2016-12-08,192.27703857421875,192.74673860027067,191.5169832705835,191.78173276231044,99714400
2016-12-09,193.43846130371094,193.4555448575416,192.46490723029848,192.49907433795983,88005800
2016-12-12,193.21644592285156,193.82278834864064,192.79798351457825,193.34454001164195,102016100
2016-12-13,194.5059814453125,195.00130032531882,193.85694965302935,193.87403320914964,110477500
2016-12-14,192.9005126953125,194.90739435361698,192.46496663925623,194.20712480160623,142501800
2016-12-15,193.6947021484375,194.54869758176667,192.90902791348702,193.139610329148,124972600
2016-12-16,193.31585693359375,194.2092543255151,192.99802043664093,194.14911601109662,156420200
2016-12-19,193.7367401123047,194.15766889072245,193.3501798219451,193.49621312684815,90341100
2016-12-20,194.48414611816406,194.6301925722848,194.03746050844165,194.26938888388705,89838800
2016-12-21,193.9429473876953,194.5270807147422,193.9429473876953,194.35527756606604,67909000
2016-12-22,193.6079559326172,193.91720689008744,193.21279683394997,193.7969433570569,56219100
2016-12-23,193.8914337158203,193.90001928669471,193.4619192327482,193.65089354617749,36697800
2016-12-27,194.37245178222656,194.7675976930153,194.14051033422663,194.1576945805294,42672500
2016-12-28,192.76605224609375,194.64732736428263,192.65438741838653,194.63015622632082,64095000
2016-12-29,192.72315979003906,193.18702967877402,192.28504661472817,192.8348246458455,48696100
2016-12-30,192.01876831054688,193.13550873090074,191.331542428195,193.04960058020293,108998300
2017-01-03,193.48765563964844,193.9944794962919,192.31937592313332,193.31583938989718,91366500
2017-01-04,194.6387939453125,194.78482730354813,193.80553476004727,193.81412033132852,78744400
2017-01-05,194.48414611816406,194.638778142869,193.69384106895362,194.37248126960412,78379000
2017-01-06,195.1800079345703,195.6438778820095,194.05466880101196,194.59586132947757,71559900
2017-01-09,194.5356903076172,195.05969846051255,194.5013218113095,194.92225069076343,46939700
2017-01-10,194.5356903076172,195.38612052899077,194.14911681673016,194.55286144803023,63771900
2017-01-11,195.08547973632812,195.08547973632812,193.78833763321774,194.44979359470986,74650000
2017-01-12,194.5958251953125,194.78481261118412,193.24715657231022,194.57005537567014,72113200
2017-01-13,195.0425262451172,195.34317851378316,194.7332752979734,194.76763068865978,62717900
2017-01-17,194.35528564453125,194.81056990593012,193.96872526700736,194.40682528050235,61240800
2017-01-18,194.78482055664062,194.82777462704385,194.0546406830118,194.6044187040439,54793300
2017-01-19,194.06317138671875,194.99950949792228,193.6336570486176,194.86206176387296,66608800
2017-01-20,194.77622985839844,195.26586954642843,194.1147738932784,194.74186135988379,129168600
2017-01-23,194.2694549560547,194.83641739323113,193.51351814756524,194.77629216321012,75061600
2017-01-24,195.5150146484375,195.92734491726142,194.37250445288487,194.48416931476334,95555300
2017-01-25,197.20726013183594,197.20726013183594,196.2966785368915,196.45989611624702,84437700
2017-01-26,197.0011444091797,197.3275796605529,196.72624880639304,197.0612696299494,59970700
2017-01-27,196.69187927246094,197.22447307989955,196.51147740763082,197.0784397168194,59711100
2017-01-30,195.47201538085938,196.0303788843842,194.49272302648026,196.00460906777474,79737300
2017-01-31,195.4548797607422,195.5150180862859,194.41546194492608,194.98241115912435,75880800
2017-02-01,195.5321044921875,196.36536336272928,194.94797127987314,195.45479505662897,79117700
2017-02-02,195.6610107421875,195.94449184417536,194.84493593159607,195.5321485461528,69657600
2017-02-03,197.00973510742188,197.19013698991253,196.25379839557718,196.56304940288678,80563200
2017-02-06,196.65745544433594,197.0010748264495,196.3224347391122,196.6059158139537,57790100
2017-02-07,196.6660919189453,197.2845938178819,196.47710449939572,197.04406675804452,57931200
2017-02-08,196.92379760742188,197.0526467044636,196.12489388253917,196.66608630559708,51566200
2017-02-09,198.0920867919922,198.39273906846634,196.92380686219033,196.92380686219033,65955200
2017-02-10,198.873779296875,199.09713520362143,198.10924408720365,198.43567926922321,66015900
2017-02-13,199.95616149902344,200.21387279157153,199.3376596400043,199.36342945848503,55182100
2017-02-14,200.75506591796875,200.7636645965486,199.4321670831036,199.7757734250125,71109000
2017-02-15,201.8030548095703,201.99204220419728,200.4887417245899,200.54028135808088,86785800
2017-02-16,201.63124084472656,202.00921561370262,200.88388998372164,201.8288137984225,84722400
2017-02-17,201.94912719726562,201.94912719726562,200.95265039792142,200.96983464832184,77204100
2017-02-21,203.15171813964844,203.3235212717654,202.30986050911932,202.3184591857554,88946100
2017-02-22,202.97137451171875,203.19471733671713,202.58481407671505,202.74803168672034,62115200
2017-02-23,203.1088104248047,203.50395640806377,202.3528607417118,203.48678526635115,74615900
2017-02-24,203.36651611328125,203.40945707411748,202.22400604937198,202.2669601179496,82381600
2017-02-27,203.6844024658203,203.85620567442743,203.03154503001537,203.28065771633402,56515400
2017-02-28,203.13453674316406,203.54686688757567,202.7479764135445,203.30633987769065,96961900
2017-03-01,205.9779510498047,206.44183400167162,204.76671714050212,204.78390138887448,149158200
2017-03-02,204.6808319091797,205.79757216748763,204.62929226933713,205.78897348901947,70246000
2017-03-03,204.80967712402344,204.9728947189234,204.21694506159358,204.5949198902585,81974300
2017-03-06,204.19981384277344,204.55200581312022,203.59848298447469,204.01941196373505,55391500
2017-03-07,203.58985900878906,204.25131496349996,203.38368734417045,203.89910995184624,65103700
2017-03-08,203.21180725097656,204.1395597289441,203.0743595265955,203.88184852266372,78168800
2017-03-09,203.46958923339844,203.79602441541863,202.50748104353806,203.33214146120667,90683900
2017-03-10,204.18258666992188,204.46606778725314,203.23764961215105,204.42311371958334,81991700
2017-03-13,204.28562927246094,204.32858333241956,203.79598969060137,204.12241170926148,57256800
2017-03-14,203.5039520263672,203.79603182983627,202.8940488151561,203.74447908258304,59880800
2017-03-15,205.26499938964844,205.68592836449596,203.83900794775064,204.07094947329878,96081800
2017-03-16,204.86122131347656,205.47972320907772,204.53479922416713,205.402413749063,78344000
2017-03-17,204.5014190673828,205.3124211944738,204.5014190673828,205.12261162580296,89002100
2017-03-20,204.27716064453125,204.78618955241723,203.88891848029223,204.50147512137056,52537000
2017-03-21,201.65431213378906,205.00184873594333,201.52490248773285,204.88106201136898,131809300
2017-03-22,202.12881469726562,202.41352905319255,201.06761621773012,201.68880878252267,97569200
2017-03-23,201.91317749023438,203.04339913250152,201.54219433458178,202.12886904531643,100410300
2017-03-24,201.76641845703125,202.78447582202114,200.98993447236987,202.215060376825,112504900
2017-03-27,201.55941772460938,201.81825019482486,199.82526255426836,200.10134086833625,87454500
2017-03-28,203.026123046875,203.44887000641816,201.14528612102265,201.2574499256847,93483900
2017-03-29,203.21591186523438,203.44886238743723,202.51707346339117,202.74140106431437,61950400
2017-03-30,203.86297607421875,204.0614217364768,202.98296421676207,203.1555147869635,56737900
2017-03-31,203.3884735107422,204.05279389108298,203.33669648930265,203.52650607361866,73733100
2017-04-03,203.0347442626953,203.63867788894436,201.80961800237137,203.4402453756266,85546500
2017-04-04,203.16416931152344,203.25045119242827,202.3704260333124,202.75004524566697,56466200
2017-04-05,202.56021118164062,204.81203108779033,202.35314259133125,203.83710124330236,108800600
2017-04-06,203.12965393066406,203.64730569496527,202.25825173889314,202.69827087803006,69135800
2017-04-07,202.9225616455078,203.61277708212893,202.43941478930236,202.87942071232564,74412300
2017-04-10,203.04336547851562,203.8371086898843,202.51707764475574,203.06062448619653,67615300
2017-04-11,202.80174255371094,202.90527024500813,201.3177842095603,202.66369685547312,88045300
2017-04-12,201.91317749023438,202.71555692081887,201.68886301226544,202.52574729916523,81864400
2017-04-13,200.6017303466797,202.31001661112745,200.6017303466797,201.57666019979496,92880400
2017-04-17,202.3789825439453,202.3789825439453,200.9209062174359,201.11933866777247,68405400
2017-04-18,201.7751007080078,202.31002463439688,201.09352129125438,201.6456910607653,83225800
2017-04-19,201.40408325195312,202.70685508276267,201.17975568197974,202.33587204744288,68699900
2017-04-20,203.04336547851562,203.48338460340221,201.69745250424853,202.0166717401344,92572200
2017-04-21,202.3962860107422,203.01747862452962,201.99942099706792,202.9657147675082,110389800
2017-04-24,204.62217712402344,204.8292456694217,202.37035770627088,204.63080004329586,119209900
2017-04-25,205.81280517578125,206.1579062650098,205.17435367946945,205.26063553415793,76698300
2017-04-26,205.6834259033203,206.65835577553025,205.64029813161565,205.7783306976484,84702500
2017-04-27,205.85606384277344,206.15802417736438,205.3211397343271,206.00273254782107,57410300
2017-04-28,205.4073486328125,206.140691897407,205.27792582275546,206.1148099683487,63532800
2017-05-01,205.92501831054688,206.3477784632554,205.51089424478687,205.92501831054688,66882500
2017-05-02,206.00267028808594,206.1838438011308,205.5971691582496,206.06305707084547,57375700
2017-05-03,205.75245666503906,206.09757100527935,205.07950015752797,206.00266620730903,73137700
2017-05-04,205.9940185546875,206.13206428303263,205.1485115069127,206.05441849762545,61462700
2017-05-05,206.8050079345703,206.822266940735,205.92498292687233,206.36500201310355,62001300
2017-05-08,206.77056884765625,206.99488334007998,206.34780863313645,206.84821465294502,48385700
2017-05-09,206.58070373535156,207.22777826851956,206.23558941880293,207.02934576448226,51363200
2017-05-10,206.9517059326172,206.9517059326172,206.33051327021153,206.53758187926883,54293800
2017-05-11,206.52891540527344,206.6928430406129,205.45045797779125,206.50303348019494,62358300
2017-05-12,206.18380737304688,206.57204942574407,205.91635202929467,206.27871215612964,53912700
2017-05-15,207.32269287109375,207.44347959641047,206.58933643289276,206.6065954407282,61918900
2017-05-16,207.1328582763672,207.64188704556003,206.74461621791102,207.61600511931388,51241800
2017-05-17,203.4574737548828,207.13285198256173,203.3970738189677,207.13285198256173,172174100
2017-05-18,204.27716064453125,205.12266785006005,203.12104390989,203.37987640763856,107047700
2017-05-19,205.60574340820312,206.2700768498914,204.70847264774204,204.76023649635823,115011400
2017-05-22,206.64971923828125,206.8136468872075,206.0457856617882,206.11479535787487,61010600
2017-05-23,207.10704040527344,207.2709680987088,206.64113925921842,207.0207585145912,48341700
2017-05-24,207.5901336669922,207.6936613772002,207.0034459246956,207.33993731240122,46927700
2017-05-25,208.5823211669922,208.85841262956913,207.89211884008088,208.09917427224806,64071700
2017-05-26,208.53919982910156,208.7031143297026,208.31487221764533,208.3925180071036,46629900
2017-05-30,208.35801696777344,208.6082133488608,208.0646796479424,208.21997122970018,35201900
2017-05-31,208.30625915527344,208.68587836361388,207.6160436096332,208.6513603457103,91796000
2017-06-01,209.9627685546875,209.98002756363837,208.4788097393089,208.76352414554896,68962000
2017-06-02,210.66160583496094,210.81691058511038,209.7211939063202,210.014531232999,88666100
2017-06-05,210.50636291503906,210.7738183726518,210.3079171792616,210.48910390219547,44698800
2017-06-06,209.83328247070312,210.4976026785276,209.7556235410936,209.94543307611823,50375400
2017-06-07,210.22157287597656,210.44588730323053,209.5054754952336,210.16980902082295,54144300
2017-06-08,210.3251190185547,210.7996430069901,209.79883117042922,210.31649609686164,65950700
2017-06-09,210.0059051513672,211.3863230492574,208.74626081933565,210.5925797958981,132256400
2017-06-12,209.9627685546875,210.0145324167736,209.117261422826,209.76433602843528,86108100
2017-06-13,210.98944091796875,211.04120477479216,210.15255679328286,210.4976579486158,60067000
2017-06-14,210.7219696044922,211.26550322477917,209.90233138425174,211.25688030421608,78602300
2017-06-15,210.31646728515625,210.43725399614152,209.09996409002758,209.37604235880931,66464900
2017-06-16,210.36244201660156,210.52716909236761,209.48680357522417,210.47515280085526,84553100
2017-06-19,212.11370849609375,212.17438975310907,211.09067303745704,211.18604063759295,65123800
2017-06-20,210.68319702148438,211.76691375013706,210.66586707867998,211.75824877873487,56906400
2017-06-21,210.63119506835938,211.18605754202875,210.1630352304678,211.07335999027543,55977600
2017-06-22,210.53587341308594,211.13408733521305,210.36248133264985,210.6399192445218,44148100
2017-06-23,210.78724670410156,211.11668759998207,210.21504108588627,210.5965114980298,66986800
2017-06-26,210.92591857910156,211.87092948639827,210.71785346326251,211.454772796796,56700500
2017-06-27,209.2266845703125,211.00398262121368,209.20934139883573,210.70920162196373,82247700
2017-06-28,211.0994415283203,211.2988417851771,210.00704614517127,210.24113275998457,70042600
2017-06-29,209.2440643310547,211.2987873400625,208.0389716674855,211.24677104550017,106949700
2017-06-30,209.63418579101562,210.4231348165138,209.44345057102782,210.05032934873213,86820700
2017-07-03,209.98963928222656,211.0039966029294,209.98963928222656,210.57050989003255,39153800
2017-07-05,210.4751434326172,210.68320858940575,209.54747551205259,210.35376768150232,54427600
2017-07-06,208.5504913330078,209.83360849049384,208.3684210656846,209.7122327219339,65400800
2017-07-07,209.9029541015625,210.0503380087267,208.559142534051,209.12268324505428,57972300
2017-07-10,210.1283721923828,210.50117769282184,209.59951780499233,209.9029638349086,36663300
2017-07-11,209.97232055664062,210.28443155542396,208.8105792057673,210.1283694415492,50354600
2017-07-12,211.55020141601562,211.71492849955277,210.9346576321268,210.9346576321268,59610400
2017-07-13,211.9056396484375,212.01835042519957,211.33343402190394,211.55885557542805,39471600
2017-07-14,212.89398193359375,213.24944419577673,211.8102652042291,211.90563280557174,60262700
2017-07-17,212.8679962158203,213.1974503695233,212.6946041666481,212.8159799239652,33531900
2017-07-18,212.98069763183594,213.0327139214029,212.12238916708705,212.46050827823697,42742500
2017-07-19,214.1337890625,214.14245403505353,213.2841455094894,213.29282371100865,51034300
2017-07-20,214.22914123535156,214.50656585569095,213.68294373763698,214.3851901038616,47135200
2017-07-21,214.0383758544922,214.06438399557825,213.43148395191625,213.65690547994603,82340800
2017-07-24,213.9863739013672,214.1250795867933,213.5182008725422,213.96035252957574,46622300
2017-07-25,214.50657653808594,214.83603069330022,214.2811681960246,214.73198488014728,54915600
2017-07-26,214.5152130126953,214.8273239527601,214.2551315867777,214.792650838959,47575400
2017-07-27,214.31582641601562,215.0094077966364,212.99802311573262,214.9747346806394,70766600
2017-07-28,214.06442260742188,214.19446333630827,213.38818435928198,213.8390010387317,50088400
2017-07-31,213.94305419921875,214.55859797571054,213.73497579688825,214.46323036159643,65838700
2017-08-01,214.41986083984375,214.57590969699348,213.89967152475035,214.54123658283703,55050400
2017-08-02,214.52395629882812,214.66267525404692,213.5962881683912,214.5499644493107,47211200
2017-08-03,214.10777282714844,214.4372137482906,213.83033496832851,214.41120560264687,40856000
2017-08-04,214.49790954589844,214.8273504690451,214.11643910218257,214.5932771568274,60191800
2017-08-07,214.89671325683594,214.89671325683594,214.4632265148137,214.5672723285956,31995000
2017-08-08,214.36788940429688,215.798403793894,213.99509710301749,214.58463280614788,61719400
2017-08-09,214.35922241210938,214.411238711429,213.3275217123789,213.6829840630195,62632600
2017-08-10,211.3334503173828,213.6569461183922,211.28143402531697,213.52689215926216,120479500
2017-08-11,211.64553833007812,212.23508711043007,211.32476241117377,211.55884892903143,74869900
2017-08-14,213.7436065673828,213.96034990759955,212.88531140666132,212.919984520352,73291900
2017-08-15,213.71759033203125,214.14241202519622,213.4141576045961,214.1250688545258,55242700
2017-08-16,214.0904083251953,214.63660578722943,213.66558660706167,214.23779221214846,56715500
2017-08-17,210.7526092529297,213.7956950555248,210.7526092529297,213.48358403036036,128490400
2017-08-18,210.42315673828125,211.7062738918112,209.98099175998811,210.58787060091672,136748000
2017-08-21,210.58782958984375,210.8479242507227,209.66017494843106,210.36242127252945,65469700
2017-08-22,212.78997802734375,212.94602690749204,211.1513986409579,211.16874181507407,63140100
2017-08-23,212.02703857421875,212.4518603547137,211.68025446330125,211.8276383718895,50203800
2017-08-24,211.5328826904297,212.5645701097356,211.32480427456215,212.4085212195599,50741700
2017-08-25,212.02703857421875,212.93736340158452,211.8796546656305,212.32180639139523,64445900
2017-08-28,212.03573608398438,212.5819204469672,211.61957923822874,212.55591229772836,40565600
2017-08-29,212.2784423828125,212.53852381976515,210.61384181253018,210.7265525878525,51135700
2017-08-30,213.2841339111328,213.55290679326467,212.0790413434407,212.26111158888938,62030800
2017-08-31,214.56723022460938,214.80998169419007,213.31878653592977,213.89965706878095,103803900
2017-09-01,214.8707275390625,215.29554935301522,214.7233436188667,214.94008701250172,62007000
2017-09-05,213.3275146484375,214.59330188215944,212.36517345598844,214.3678802872824,91398800
2017-09-06,214.05577087402344,214.3852250665595,213.47490016489778,214.00375457603712,57916900
2017-09-07,214.02967834472656,214.37647557619036,213.62219986585768,214.35913240737673,58034700
2017-09-08,213.77830505371094,214.2377999027549,213.53555355719578,213.74361870908626,63832800
2017-09-11,216.0584716796875,216.13649611970826,215.02677109841616,215.04410104355472,71364800
2017-09-12,216.78671264648438,216.82138576355234,216.24051514266796,216.4225853869284,56896000
2017-09-13,216.89076232910156,216.92544867786958,216.387916103693,216.5006268937401,59228000
2017-09-14,216.82138061523438,217.0207940277763,216.3965721036551,216.56996414280775,95446300
2017-09-15,217.1132354736328,217.2003550835836,216.57304869024819,216.67759754003498,95432400
2017-09-18,217.57501220703125,217.92351723860625,217.19164869552992,217.47917132915592,46235200
2017-09-19,217.7928466796875,217.87997959109146,217.47047883780115,217.81898389418555,47108100
2017-09-20,217.87127685546875,217.98454699100557,216.87802273620898,217.8799981241204,59574100
2017-09-21,217.28753662109375,217.80158630708547,217.11328406757664,217.71446667763573,48211400
2017-09-22,217.33111572265625,217.49666031124144,216.965181350603,216.99131857041976,51214000
2017-09-25,216.8867645263672,217.42696477693914,216.1461877794346,217.0784463419542,57064400
2017-09-26,217.0174560546875,217.5576429910503,216.78220778143142,217.31368674271752,54082000
2017-09-27,217.86256408691406,218.24592764987884,216.83445150490712,217.7144487638807,81001400
2017-09-28,218.1239776611328,218.20238931967907,217.49665780352635,217.58377743703832,44778800
2017-09-29,218.89068603515625,218.9691109863301,217.93229032314218,218.11525085510596,85578000
2017-10-02,219.84034729003906,219.84034729003906,218.9429208582323,219.11718667853842,59023000
2017-10-03,220.31089782714844,220.33703504926606,219.76198957343934,219.84041453441176,66810200
2017-10-04,220.57225036621094,220.81620659924897,220.04947941277652,220.16274955476476,55953600
2017-10-05,221.87916564941406,221.89658159856938,220.60709674633964,220.903327417392,63522800
2017-10-06,221.6265106201172,221.91403334574844,221.17345659301859,221.43482880302972,80646000
2017-10-09,221.2605438232422,221.91400084179554,220.99915835689742,221.85301843326477,35803100
2017-10-10,221.8442840576172,222.21893963932018,221.28666796651436,221.82686811027568,43057400
2017-10-11,222.19281005859375,222.19281005859375,221.58291951527698,221.74845078840696,47674300
2017-10-12,221.8617706298828,222.22770503785824,221.62652233382013,221.87919987634442,47065100
2017-10-13,222.1318359375,222.41065066702748,221.86174247740652,222.29738052132967,54800400
2017-10-16,222.42807006835938,222.61975187422956,222.01858253176565,222.35837967951406,38221700
2017-10-17,222.5849151611328,222.62848162678486,222.15798506913274,222.37580410277423,31561000
2017-10-18,222.80271911621094,223.00310889110614,222.61103731600934,222.95954242840253,40888300
2017-10-19,222.86370849609375,222.89856698519364,221.60908207548192,222.02729088235253,61903800
2017-10-20,224.01377868652344,224.03994249441706,222.8462852323601,223.65657889461002,89176400
2017-10-23,223.14248657226562,224.3622942599157,223.06407492192818,224.33615704313655,63915300
2017-10-24,223.5345458984375,223.76978082259956,223.17731958374134,223.56940437990878,66935900
2017-10-25,222.42807006835938,223.31677541424685,221.3041297472279,223.2035052667913,103715300
2017-10-26,222.71556091308594,223.3080221958349,222.59358280813078,223.03794206480885,69798000
2017-10-27,224.5364990234375,224.69334888925644,222.72425689686983,223.45612544351619,85562500
2017-10-30,223.70010375976562,224.44069364702125,223.40387312270985,223.4561475534119,54285700
2017-10-31,224.04861450195312,224.3012919829008,223.75238385739476,224.07475171796614,60304800
2017-11-01,224.34481811523438,225.16381957060437,223.9788971351421,224.82403580337584,54202700
2017-11-02,224.43199157714844,224.5713989340232,223.2122104410375,224.27516827162728,56449500
2017-11-03,225.18128967285156,225.2248428365465,224.17930101553856,224.58880179335614,59589700
2017-11-06,225.52981567382812,225.6605017662704,224.98090749633522,225.05059788255923,49652600
2017-11-07,225.3729705810547,225.96543186902304,224.86761562013888,225.6343427406781,57502200
2017-11-08,225.7563018798828,225.85215606215831,224.9198844008703,225.1986990902852,50469600
2017-11-09,224.93739318847656,225.12907502025172,223.3603587697755,224.55402952492625,95085500
2017-11-10,224.86761474609375,225.04188057798726,224.240294976203,224.55396815576478,59984700
2017-11-13,225.0767059326172,225.30324618964931,224.15315554673057,224.1880140299429,50228600
2017-11-14,224.55398559570312,224.6585344672659,223.49972243256397,224.27517087871254,61315200
2017-11-15,223.43003845214844,224.10963272602055,222.72430695963646,223.5868617639876,80811500
2017-11-16,225.3294219970703,225.69536966039584,224.32745979427324,224.371012963824,67777000
2017-11-17,224.66725158691406,225.30329273809534,224.5888399254102,224.980924822167,75756800
2017-11-20,225.0506134033203,225.24229521520024,224.66724977956048,224.91123262125976,48075500
2017-11-21,226.52304077148438,226.7060278773804,225.01575029501927,225.8173093322673,69176800
2017-11-22,226.3227081298828,226.66249201233418,226.1571635291987,226.53180590369905,45033400
2017-11-24,226.8454132080078,226.94998866601145,226.67117395647008,226.81058131124078,27856500
2017-11-27,226.73220825195312,227.18526229014694,226.53180515987808,226.88903158180037,52274900
2017-11-28,229.03224182128906,229.0583790290415,227.0980086799335,227.1938628345089,98971700
2017-11-29,228.8929443359375,229.69453007364146,228.44861159096217,229.1630378087075,77512100
2017-11-30,230.89688110351562,231.80298907710585,229.72937435393015,229.80778600995802,127894400
2017-12-01,230.41761779785156,231.15820763304018,227.19391291119283,230.67901652221659,164390900
2017-12-04,230.13893127441406,232.45650279993941,230.08663023507688,232.0295859277493,94040600
2017-12-05,229.31112670898438,231.018820180373,229.18044063016967,229.31112670898438,77994500
2017-12-06,229.35467529296875,229.78161859421627,228.8929000975546,229.40694972345096,75898600
2017-12-07,230.0778045654297,230.39145108743523,229.09325866708954,230.0778045654297,77218600
2017-12-08,231.33251953125,231.34121421133287,230.04302136617727,231.02756758669221,76563900
2017-12-11,232.029541015625,232.09053672534347,231.30639353645628,232.029541015625,83077500
2017-12-12,232.43905639648438,232.90955297494608,232.06441402346795,232.81369876950077,85195800
2017-12-13,232.4128875732422,233.11861905035576,232.32575464993192,232.68298102303947,102905400
2017-12-14,231.46316528320312,232.8223535982249,231.4108908548739,232.7090834737679,100666700
2017-12-15,233.39068603515625,233.85482161793107,232.40987323571846,232.4624148696066,144610300
2017-12-18,234.8706817626953,235.22096824626072,234.6780201879625,234.78310346051757,83653600
2017-12-19,233.9686737060547,235.15965305617854,233.89860037655052,235.11587726909698,82382900
2017-12-20,233.8460693359375,234.9845071030803,233.5483244849178,234.93196546614422,76751500
2017-12-21,234.3277130126953,235.0370785709979,234.0825097953715,234.4678329547584,67032300
2017-12-22,234.26646423339844,234.3803133721886,233.7322552110331,234.34527670060316,78720900
2017-12-26,233.98617553710938,234.20510791986987,233.72346736785457,233.86356057469422,45244400
2017-12-27,234.10000610351562,234.45905838981105,233.82853210841412,234.15254773320353,57751000
2017-12-28,234.58168029785156,234.6254828123087,234.21388883723003,234.59921199369285,45116100
2017-12-29,233.6972198486328,235.17720521089586,233.50458496670873,235.15970023758007,96007400
2018-01-02,235.36984252929688,235.40487919746303,234.17009721479332,234.55542038917878,86655700
2018-01-03,236.8585662841797,237.007452062863,235.53620614609844,235.53620614609844,90070400
2018-01-04,237.85687255859375,238.3385398103603,236.9198623208871,237.49784698792118,80636400
2018-01-05,239.4419708251953,239.56455905769892,238.15464739561895,238.6450537759201,83524000
2018-01-08,239.87989807128906,240.0375230077794,239.056709991639,239.34568904187134,57319200
2018-01-09,240.4227294921875,241.0444898121158,240.01987477211014,240.30011456212813,57254000
2018-01-10,240.054931640625,240.31766648781655,239.0040724272775,239.66960857818904,69574300
2018-01-11,241.80642700195312,241.80642700195312,240.44029111014555,240.60668185435296,62361500
2018-01-12,243.3827362060547,243.54910021148692,241.77137052837904,242.06914205424664,90816100
2018-01-16,242.5507354736328,245.28300650303194,241.85890187159384,244.63497539930265,106555100
2018-01-17,244.8628387451172,245.24816206152897,242.55092557180362,243.4791971817528,113258800
2018-01-18,244.4510955810547,245.16917331343143,243.9606625739891,244.7488403432866,100728000
2018-01-19,245.5632781982422,245.5632781982422,244.4511115087513,245.0290693803584,140920100
2018-01-22,247.55999755859375,247.55999755859378,245.3006002720016,245.35316863403142,91322400
2018-01-23,248.08541870117188,248.37439767846362,247.27973579833136,247.60375143882754,97084700
2018-01-24,247.98898315429688,249.32010861400028,246.81550925833403,248.72459245959595,134816100
2018-01-25,248.09408569335938,248.94354413438,247.30593471383634,248.84722674500017,84587300
2018-01-26,250.96658325195312,251.01038576813065,248.67217591890113,248.92614499225988,107743100
2018-01-29,249.30271911621094,250.83524605761158,249.14509418770263,250.3973812172114,90118300
2018-01-30,246.74554443359375,249.3552011544848,246.2726430359597,247.48115398261191,131796400
2018-01-31,246.86813354492188,248.09414946433438,245.79974251690325,247.59500397492036,108364800
2018-02-01,246.58787536621094,247.88396451331243,245.79972424269462,246.14127154046471,90102500
2018-02-02,241.2196502685547,245.40563532111472,241.1846136129507,245.27425454388424,173174800
2018-02-05,231.13128662109375,241.56999429566028,230.58833859278695,239.4682487852187,294681800
2018-02-06,235.68511962890625,236.18429193210724,226.55126600084088,227.63716219013648,355026800
2018-02-07,234.40658569335938,238.5137334891997,234.32774650050058,235.133429601217,167376100
2018-02-08,225.61416625976562,234.84436148223213,225.57912960124474,234.70424157328853,246449500
2018-02-09,229.00335693359375,230.85113409836822,221.48959317907023,228.39033534543066,283565300
2018-02-12,232.3660888671875,233.82856905831616,229.14341035308112,231.04372861908254,143736000
2018-02-13,232.9440460205078,233.48699403220186,230.58833153740176,231.16631621198863,81223600
2018-02-14,236.08792114257812,236.44697345743825,231.45530443883456,231.46407028619402,120735700
2018-02-15,239.10047912597656,239.10924497503188,235.369862048746,237.82192124592765,111200300
2018-02-16,239.1704864501953,241.10586801299468,238.43487682943731,238.4786793423682,160420100
2018-02-20,237.67291259765625,239.6608350949999,236.88476161936572,238.22462630000032,86369700
2018-02-21,236.49073791503906,240.58040638947253,236.39442049927678,238.11084281540718,98883700
2018-02-22,236.7972869873047,239.1179651655026,236.13175064053598,237.41030841934827,110511300
2018-02-23,240.5716552734375,240.5716552734375,237.54163853771126,238.01453997396973,92766400
2018-02-26,243.365234375,243.46157852169455,241.05332228121208,241.64004610826674,86491400
2018-02-27,240.32644653320312,244.25849026375877,240.26513905257121,243.54912476314271,99099200
2018-02-28,237.89195251464844,241.86777258257086,237.5767026707905,241.42114191195762,121907800
2018-03-01,234.43280029296875,239.2230417770956,232.94404943733431,237.6817492889229,176855100
2018-03-02,235.6413116455078,236.2017914238493,231.91072168086615,232.76891959437472,139083200
2018-03-05,238.36483764648438,238.9778590454444,234.35398118501777,234.45909118423782,97307400
2018-03-06,238.96908569335938,239.41571631929486,237.4803347570045,239.33687714106907,79213200
2018-03-07,238.88150024414062,239.23178671128736,236.62212981467155,236.81479138037392,87063500
2018-03-08,240.03746032714844,240.16004855957954,238.5662411871151,239.55579306900455,66901200
2018-03-09,244.2147216796875,244.2147216796875,241.1233971036844,241.43867367277355,113625300
2018-03-12,243.90817260742188,245.12544944991558,243.52284948642702,244.50368898314173,71924800
2018-03-13,242.33192443847656,245.56336917996262,241.72766880550603,245.06419683530876,91968900
2018-03-14,241.08831787109375,243.47030315254528,240.536630741596,243.28640744271272,105895100
2018-03-15,240.82562255859375,242.23553428441284,240.32645030871032,241.59626882680436,83433000
2018-03-16,241.08673095703125,242.13302485074888,241.03397889786703,241.35049125285224,100343700
2018-03-19,237.8248291015625,241.2626493030491,236.18066005567465,240.33946110223937,109208400
2018-03-20,238.22923278808594,238.8622843868566,237.55220324796042,238.22043183337917,59757300
2018-03-21,237.77203369140625,240.26906332282726,237.56102541703248,238.1852761168424,78709600
2018-03-22,231.82839965820312,236.40041532902674,231.55581154014723,235.55635543832057,148785900
2018-03-23,226.8870849609375,232.59335103109134,226.69365175801394,232.26803765167045,183534800
2018-03-26,233.09445190429688,233.37581411607934,228.0828183137865,230.47434344958265,141956100
2018-03-27,229.12913513183594,234.55401162788922,227.5816696445901,234.02649096831001,129941400
2018-03-28,228.45208740234375,230.92276751178565,227.35304139529825,229.2609970696875,146452300
2018-03-29,231.3711700439453,233.22637373681107,228.46089823798928,229.586320324593,111601600
2018-04-02,226.3771209716797,231.35360494123992,223.91525502005953,230.84363252390713,186286300
2018-04-03,229.27859497070312,229.75339040602205,225.82320042029326,227.60805024012828,119956900
2018-04-04,231.73167419433594,232.43505297835821,225.61219291036392,225.7440730783455,123715300
2018-04-05,233.5605010986328,234.43973799149228,232.399901960335,233.48134616595655,82652600
2018-04-06,228.3553924560547,233.0944650563523,226.84310402261673,231.60857948692498,179521200
2018-04-09,229.48086547851562,232.8571324633948,228.5488763706566,229.80617888738539,105442900
2018-04-10,233.1296844482422,233.91221825522223,231.22175519028298,232.35595159753322,103529000
2018-04-11,231.90748596191406,233.56045528943488,231.58217266851003,231.65249979998578,91140200
2018-04-12,233.81546020507812,234.75625011906138,233.05052840233344,233.226386513572,68890500
2018-04-13,233.1296844482422,235.23107375106238,232.12736822413922,235.1167686482735,85079200
2018-04-16,235.04641723632812,235.81137597132638,233.93859685357626,234.75628083022704,63405300
2018-04-17,237.56101989746094,238.15889454908293,236.2949166162728,236.80486221155488,64682000
2018-04-18,237.73684692382812,238.53692878501482,237.27962662351885,238.0006072261779,57303900
2018-04-19,236.41798400878906,237.2884198102276,235.3892651989447,237.08618569692788,77655900
2018-04-20,234.41334533691406,236.56748655112685,233.53410840575484,236.34767731833705,99953100
2018-04-23,234.37820434570312,235.5388035799496,233.30553417444793,234.98487999850548,65558000
2018-04-24,231.2217254638672,235.61790988481712,229.7270120278721,235.39810066376964,112885500
2018-04-25,231.79324340820312,232.23286188697082,229.34896573954205,231.16019172549036,103840900
2018-04-26,234.14959716796875,234.97608207281635,232.3735481342447,232.81316662268776,67731900
2018-04-27,234.36940002441406,235.0552037744062,233.43741100089093,234.75626643027448,57053600
2018-04-30,232.56698608398438,235.53881141959786,232.49663209837655,234.984887819717,82182300
2018-05-01,232.98016357421875,233.0856676910251,230.4567315637778,232.00419682940756,74203400
2018-05-02,231.4151611328125,233.59565145638658,231.02829475304668,232.78676854028026,86368900
2018-05-03,230.9051971435547,231.55582388230098,227.76631487895474,230.588684729737,136311500
2018-05-04,233.8945770263672,234.5716065730247,229.61269786278112,229.93801120392234,91222100
2018-05-07,234.68588256835938,235.65302151711896,233.97367612298913,234.65950653943278,55304900
2018-05-08,234.68588256835938,235.04634601963107,233.12961636516175,234.31659133121096,67499200
2018-05-09,236.95436096191406,237.27967434429695,234.83539666628883,235.3541432533565,59666100
2018-05-10,239.1700439453125,239.49538418096458,237.58742804599444,237.69293219499104,72063900
2018-05-11,239.8998260498047,240.16358642268503,238.78317786284757,239.29315035999548,59871500
2018-05-14,240.01405334472656,240.9811922865384,239.46890403053305,240.3305656895721,54790600
2018-05-15,238.3612060546875,238.80959877283777,237.42041582766424,238.79202368873817,87036100
2018-05-16,239.36346435546875,239.8206847529032,238.3699222852691,238.39632515328998,53942600
2018-05-17,239.1612091064453,240.2338790692386,238.38747643398094,239.09965609109528,56536400
2018-05-18,238.5633544921875,239.1788311020696,238.2116650717618,238.81834072567383,64368000
2018-05-21,240.35694885253906,240.89329722901473,239.65357017722093,240.04043649829885,58025900
2018-05-22,239.68881225585938,241.13077397512382,239.3634988229535,240.87578770385159,52966400
2018-05-23,240.34815979003906,240.3745626530419,238.26437285833137,238.42265587545916,64694200
2018-05-24,239.85577392578125,240.2250651657974,238.07972535585412,239.95250392071392,76043800
2018-05-25,239.2843475341797,239.90859829990939,238.78317599743784,239.2843475341797,56374800
2018-05-29,236.53231811523438,238.42269905133912,235.4244977877922,237.6665413104607,115908600
2018-05-30,239.68881225585938,240.1284308045834,237.76330769806003,237.8336348596937,69678400
2018-05-31,238.220458984375,239.58326551029967,237.62258430411012,239.28432817016724,93519900
2018-06-01,240.55917358398438,240.85811085094338,239.44252576944658,239.51287973354013,71258400
2018-06-04,241.70220947265625,241.95719567720292,241.13951183027507,241.37689612487935,45385200
2018-06-05,241.8780975341797,242.2561629942454,241.06918770986454,241.83411958605708,51135000
2018-06-06,243.90032958984375,244.0058337328688,241.8692943400629,242.48477095061952,62732200
2018-06-07,243.87393188476562,244.67404067452273,242.96831896135797,244.3839043069838,72969400
2018-06-08,244.59487915039062,244.64763121000732,243.24964796581133,243.41670509865648,72139700
2018-06-11,244.9202880859375,245.63246800099498,244.70047880765588,244.8147839255123,58892500
2018-06-12,245.23672485351562,245.59718830684466,244.59487236973686,245.33342801607316,72329000
2018-06-13,244.45425415039062,245.72915849213456,244.2520199873287,245.47417225734918,79070600
2018-06-14,245.0697021484375,245.59722280407743,244.48060164006642,245.31588739846273,77097600
2018-06-15,244.75704956054688,245.09266415404826,243.18498142730266,244.28896261504903,120041600
2018-06-18,244.25364685058594,244.37730569060352,242.8317319063907,243.30863241102696,52917600
2018-06-19,243.3175811767578,243.53837752991276,241.57770483578958,241.9928030578281,97531500
2018-06-20,243.73265075683594,244.39503973846092,243.39703602705103,243.99759556841528,53785500
2018-06-21,242.20457458496094,243.74133436108124,241.70999328654455,243.7236534165711,71061400
2018-06-22,242.6462860107422,243.57364661478138,242.42548971730514,243.4588282297665,54898500
2018-06-25,239.34317016601562,241.65711089356964,237.66512380999848,241.4981440388532,137854200
2018-06-26,239.87303161621094,240.72088159957022,239.15765398139763,239.90836656004487,68547400
2018-06-27,237.8858642578125,241.8778504044173,237.73571096182008,240.4559356165198,105110700
2018-06-28,239.24600219726562,240.0055283746205,237.1263365942884,237.83290077950338,76650500
2018-06-29,239.5904083251953,241.69239278499663,239.47558997110553,240.33228043700777,97592500
2018-07-02,240.10264587402344,240.2616396479265,237.7887056337919,238.02718281831372,63554800
2018-07-03,239.25479125976562,241.09183100084982,238.83087974464235,240.99466664352408,42187100
2018-07-05,241.20664978027344,241.26847920080212,239.30780736280755,240.37648065137014,56925900
2018-07-06,243.2467498779297,243.617672370556,240.85329985684263,241.2330897742672,66493700
2018-07-09,245.43710327148438,245.49009221465826,244.2006496763149,244.2447981447375,50550400
2018-07-10,246.32028198242188,246.41744634420857,245.5960638406166,245.8875299733104,51966800
2018-07-11,244.5185546875,245.56073333737447,244.21827506047302,244.7746858512768,77054700
2018-07-12,246.73533630371094,246.78832523615094,245.17210889140773,245.7726680941688,60124700
2018-07-13,246.9297332763672,247.23001299355997,246.10837755410412,246.55881060622923,48216000
2018-07-16,246.70887756347656,247.1151350885674,246.26728509408838,246.97384921670871,48201000
2018-07-17,247.70684814453125,248.09545162248708,245.8874895671298,245.9404785002454,52315500
2018-07-18,248.22792053222656,248.3338983969964,247.34473572226273,247.78632812724464,44593500
2018-07-19,247.2917938232422,247.9453420820646,246.8148663884079,247.56557901019033,61412100
2018-07-20,247.0091552734375,247.71571939052308,246.85018845434266,247.0886386829849,82337700
2018-07-23,247.4684295654297,247.67154485077174,246.46158580226108,246.80604086418674,47047600
2018-07-24,248.71376037597656,249.5527970604139,247.84825616747506,248.87275418906668,68026900
2018-07-25,250.83343505859375,251.15136879049888,248.4223297809541,248.46647825949432,78882900
2018-07-26,250.24159240722656,250.92163503942712,250.02079619451254,250.1179605434913,57919500
2018-07-27,248.54583740234375,250.66547518324165,247.6273178146472,250.56831085583633,76768700
2018-07-30,247.24765014648438,248.78438341302518,246.7265472810554,248.62541658255552,63742500
2018-07-31,248.4664306640625,249.07583048615243,247.62742106380432,248.00718415505807,68570500
2018-08-01,248.05133056640625,249.1729927860263,247.4066227546677,248.66957085844885,53853300
2018-08-02,249.4026336669922,249.57041402631015,246.5499363158962,246.7530785758447,63426400
2018-08-03,250.47132873535156,250.52431769126986,249.34966627884256,249.52631410035255,53935400
2018-08-06,251.38983154296875,251.69892478026938,250.1180427833536,250.50664640171775,39400900
2018-08-07,252.219970703125,252.59976075260496,251.9196910252273,252.05219034275223,43196600
2018-08-08,252.11402893066406,252.51147303484242,251.65478234914397,252.05222645332233,42114600
2018-08-09,251.76947021484375,252.56433105847069,251.6369978996823,252.17572763222495,35717000
2018-08-10,250.08267211914062,250.877533242226,249.37610793543428,250.3388033202759,77076000
2018-08-13,249.1465301513672,250.9658893599437,248.8550639654535,250.35648946503812,65732900
2018-08-14,250.7362060546875,250.97468324483137,249.48209849847217,249.87070203910213,43842000
2018-08-15,248.8638458251953,249.53507498964103,247.43309056638404,249.39376216803853,102925400
2018-08-16,250.87759399414062,251.74312522152545,250.2593535527694,250.2946885086783,69967900
2018-08-17,251.7606964111328,252.20228888038022,250.26811170886324,250.6743692338246,65618500
2018-08-20,252.2993927001953,252.5643373371046,251.7606360016012,252.2110688370059,39807500
2018-08-21,252.8911590576172,253.74784948203643,252.33474826253425,252.81167565155732,67272000
2018-08-22,252.74105834960938,253.26213425506418,252.21995549148787,252.48492715788865,44993300
2018-08-23,252.40548706054688,253.42114457438598,252.0875263968322,252.56445391606854,49204900
2018-08-24,253.924560546875,254.0658733993219,252.92655705642994,252.9795460070137,57487400
2018-08-27,255.92929077148438,256.035268635268,254.95778209903293,255.1167488947083,57072400
2018-08-28,256.0529479980469,256.4945403961893,255.59367465427576,256.38853558039983,46943500
2018-08-29,257.4307861328125,257.66039591626367,256.0265251482379,256.2649754069763,61485500
2018-08-30,256.38848876953125,257.3246623264556,255.79677015754535,256.9537398732284,61229500
2018-08-31,256.39739990234375,256.8389923415614,255.4965610292986,255.9823019313726,66140800
2018-09-04,255.95582580566406,256.30909439182176,254.95782250908616,255.98232027580926,57594400
2018-09-05,255.26699829101562,255.80575523833275,254.26018125329327,255.60261295448018,72452400
2018-09-06,254.49859619140625,255.6732203977271,253.47409834357205,255.37294072808618,65909900
2018-09-07,254.00404357910156,254.97555259274915,253.2179958922097,253.45647312213768,73524800
2018-09-10,254.44554138183594,255.27573723409816,254.25123965146264,255.0107656275924,50210900
2018-09-11,255.2846221923828,255.72621470747268,253.45644966393857,253.80087781032123,50530500
2018-09-12,255.346435546875,255.94699486096997,254.56041493485847,255.2934466046117,59810800
2018-09-13,256.8566589355469,257.04214717503464,256.1236273096607,256.40625295326265,51034200
2018-09-14,256.90087890625,257.2453070700821,256.12367172789,257.0598457510956,55079900
2018-09-17,255.54078674316406,256.8832184612494,255.26700150429582,256.847910461356,68244000
2018-09-18,256.92730712890625,257.51902588302914,255.7261617213501,255.75265618865916,61930400
2018-09-19,257.2010803222656,257.616178259258,256.8566253105935,256.9802841207306,49080600
2018-09-20,259.2854309082031,259.60339151190027,257.2187813185035,258.45526183517813,100360600
2018-09-21,259.04864501953125,260.1398902334911,258.88895852227444,260.0245520716881,105479700
2018-09-24,258.18798828125,258.61384587039015,257.61132474312956,258.4718933406768,53409600
2018-09-25,257.94842529296875,258.74688447911296,257.70889565952746,258.6404268642502,44370000
2018-09-26,257.17657470703125,259.27031328454706,256.75959767511273,258.09037198021355,79739700
2018-09-27,257.8952941894531,258.97765880840194,257.37185933495834,257.64688396910503,59249500
2018-09-28,257.9219055175781,258.41872595233053,257.2387841884643,257.27425202331585,70091400
2018-10-01,258.8177795410156,259.8823823746565,258.15239261699134,259.15488617313747,62078900
2018-10-02,258.6671142578125,259.3768499402842,258.2945125006531,258.6671142578125,47258200
2018-10-03,258.8090515136719,260.1309456508911,258.45418369340865,259.713968516545,64694600
2018-10-04,256.7862243652344,258.38314277789755,255.20703986393897,258.32991396912035,111545900
2018-10-05,255.34902954101562,257.5226117482122,253.92953125946568,257.00805749692273,105951700
2018-10-08,255.34902954101562,255.70389734273365,253.29075838650212,254.66588127116367,87742200
2018-10-09,254.9763946533203,256.2716742822216,254.41746501850835,254.96754123389658,74339000
2018-10-10,246.9030303955078,254.54169048566087,246.5304286787264,254.4707006802982,214731000
2018-10-11,241.46466064453125,247.43538618319357,239.85883416252622,245.82070628007585,274840500
2018-10-12,244.818115234375,245.82948959193328,241.64198550916652,245.54558458555246,183186500
2018-10-15,243.44300842285156,245.78518452559038,243.35428470841273,244.46326345220731,102263700
2018-10-16,248.76605224609375,249.13868093575914,244.92456262659408,245.39476842862987,118255800
2018-10-17,248.810546875,249.43155888917224,246.24657435278212,248.80166637883013,110626000
2018-10-18,245.2174072265625,248.47338116689744,243.94874187181802,247.87895656782334,134557500
2018-10-19,245.08432006835938,247.79021756865455,244.39231836527114,245.86504549229036,139901600
2018-10-22,243.98419189453125,246.06905016858272,243.45187670926651,245.7496773022289,82415800
2018-10-23,242.74208068847656,243.85993971618208,238.3061665463707,240.38219819058696,146352700
2018-10-24,235.38742065429688,242.8752479954551,234.83737147811587,242.49373869531894,177806700
2018-10-25,239.61033630371094,241.14517240728236,236.1947039326662,237.21495881264082,138061500
2018-10-26,235.39633178710938,240.42667298342496,232.6993140636519,235.9197937569663,201574600
2018-10-29,234.0921173095703,239.76123025482744,230.53453152674683,238.47480394347747,160749100
2018-10-30,237.56094360351562,237.8714630180491,233.43554873806258,233.92351555366437,157116000
2018-10-31,240.09832763671875,242.40500873650913,239.64585566540876,240.11606154894994,128296300
2018-11-01,242.6534423828125,242.84862373496037,239.87655513053133,240.95891952431904,99495000
2018-11-02,241.21621704101562,244.17940523532488,239.1756797424592,243.7535476163538,122634100
2018-11-05,242.54690551757812,243.09695449176328,240.7370451229456,241.70407107347577,65622500
2018-11-06,244.08181762695312,244.2415040919282,242.42278951101324,242.48489882784148,60085900
2018-11-07,249.3073272705078,249.38717049916133,245.82067717122945,246.2465347987273,102752100
2018-11-08,248.8548583984375,249.4936313104688,247.71926511867957,248.50884399519248,65584900
2018-11-09,246.4239501953125,247.73696366197035,245.02218594212164,247.55066281934268,98812600
2018-11-12,241.81942749023438,246.1577373966291,241.3048462933614,245.91820778236334,99673600
2018-11-13,241.3670196533203,244.2680984947957,240.64840354511375,242.2808171165137,98176600
2018-11-14,239.7168731689453,243.62932663010966,238.1643028170083,243.23011049870425,125335900
2018-11-15,242.21871948242188,242.68007202082123,236.88676747833273,238.45707181369804,135101400
2018-11-16,242.84857177734375,243.75348853932485,240.61285366295095,241.12743487882662,126668000
2018-11-19,238.740966796875,242.538109209669,237.82716932830735,242.2453236381277,103061700
2018-11-20,234.3227996826172,236.87789138228501,233.4622309792524,235.42289807982084,136021300
2018-11-21,235.1212158203125,237.01091983703193,235.11236240158553,235.8664462498529,75563700
2018-11-23,233.5509796142578,234.94386374938733,233.39129313466768,233.48887029174514,42807900
2018-11-26,237.32142639160156,237.5432221172012,235.40510807345996,235.79547071648918,79981400
2018-11-27,238.11984252929688,238.11984252929688,235.68897048019832,236.29224824681614,75502400
2018-11-28,243.60263061523438,243.60263061523438,238.05773835869508,239.18447779301218,127629600
2018-11-29,243.07029724121094,244.4631533392822,241.69514797350487,242.83074061266132,82346400
2018-11-30,244.55197143554688,245.11090101841376,242.60018521682522,242.91955807864937,98204200
2018-12-03,247.79019165039062,248.76609832822683,246.20215363452692,248.65964070422206,103176300
2018-12-04,239.76124572753906,247.39102621465597,239.45072621082807,246.96516855676538,177986000
2018-12-06,239.3974609375,239.51279906111833,232.83231205737232,235.91971868896132,204185400
2018-12-07,233.8348846435547,240.62183077019748,233.00093026201344,239.0603796601317,161018900
2018-12-10,234.27838134765625,235.24540740375193,229.44322399250612,233.65734252371468,151445900
2018-12-11,234.33163452148438,237.64969005669067,232.86778808387422,237.46338922000294,121504400
2018-12-12,235.51158142089844,238.65221668607788,235.43173820331026,237.2948278377277,97976700
2018-12-13,235.43174743652344,237.3125710570535,234.32276869095844,236.45200246750798,96662700
2018-12-14,231.08456420898438,234.2429336202688,230.53451506399446,233.293641283114,116961100
2018-12-17,226.55105590820312,231.2442481147202,224.92750936156915,230.1352693427575,165492300
2018-12-18,226.30264282226562,228.8488672551829,224.70571070380527,228.18348000060263,134515100
2018-12-19,222.91357421875,230.13524260112197,221.21906514046967,226.38246266332683,214992800
2018-12-20,219.28500366210938,223.23296500175658,217.04929888317656,221.67152791499083,252053400
2018-12-21,214.79193115234375,222.8321364776318,214.14942822509974,220.18181530684748,255345600
2018-12-24,209.1165313720703,214.91689612055552,209.05407298607153,213.31063854385062,147311600
2018-12-26,219.68211364746094,219.68211364746094,208.59895689050683,210.5710868788151,218485400
2018-12-27,221.3687286376953,221.56503617697558,213.23929261778002,216.46072697864727,186267300
2018-12-28,221.08314514160156,224.34026776675762,219.92306940648027,222.7161726307013,153100200
2018-12-31,223.01954650878906,223.2604885336004,220.8332580470889,222.698295014504,144299400
2019-01-02,223.2515869140625,224.1707342291096,219.47689154888744,219.50366137573045,126925200
2019-01-03,217.9241943359375,221.81490149040854,217.44231020403743,221.5114874154967,144140700
2019-01-04,225.22372436523438,225.86622746308464,220.5655837140163,220.94037491836352,142628800
2019-01-07,226.99951171875,228.40051582840488,224.59905087670086,225.49141469210105,103139100
2019-01-08,229.1322479248047,229.6141320120839,226.66040995079652,229.1768824554094,102512600
2019-01-09,230.2030792236328,231.04190333289162,228.61467282727094,229.83720681574073,95006600
2019-01-10,231.01519775390625,231.26505858575922,227.99900306260298,228.677208420256,96823900
2019-01-11,231.10440063476562,231.13117046106527,229.36428022693917,229.94431128528677,73858100
2019-01-14,229.69444274902344,230.4975647437102,228.81101127814628,229.2125586590983,70908200
2019-01-15,232.326904296875,232.63923705127664,230.06029278047396,230.0692251323306,85208300
2019-01-16,232.88912963867188,233.77256114426123,232.55002701513308,232.75525327364485,77636700
2019-01-17,234.6559600830078,235.5126488760363,231.97886887854872,232.02350340495772,96118400
2019-01-18,237.7792205810547,238.24326712760123,234.69164984702843,236.45853975233865,127900300
2019-01-22,234.56668090820312,236.52989170527692,232.96043733443412,236.3157331575146,115531200
2019-01-23,235.05758666992188,236.28905325371463,232.60358585615072,235.59301047584734,86030300
2019-01-24,235.18247985839844,235.76253814239962,233.87070392027388,234.8790794198042,59204100
2019-01-25,237.1724090576172,237.99339559544285,235.28060248284453,237.02069525517496,96883400
2019-01-28,235.36984252929688,235.43228728722033,233.6118850682267,235.03967233956106,85613700
2019-01-29,235.05758666992188,236.07486739167285,234.22769474876972,235.51270098987644,66136300
2019-01-30,238.77867126464844,239.61749533673162,235.8071120713006,236.565626676837,92473700
2019-01-31,240.87574768066406,241.3576317452046,238.50205676698522,238.7162425916595,104012100
2019-02-01,240.99176025390625,242.00906803486546,240.20647577024255,241.0720697261744,85782500
2019-02-04,242.68727111816406,242.74974312510167,240.36711960331522,241.0363925076302,60744800
2019-02-05,243.70460510253906,244.0080055837186,242.6159199722891,243.11564161573628,79552800
2019-02-06,243.38323974609375,243.91866335308137,242.6515222904124,243.4278742657953,58347800
2019-02-07,241.0631866455078,242.32139572551998,239.41230805498316,241.77706684167765,95482000
2019-02-08,241.35765075683594,241.45579770825748,239.00179712931825,239.82278385087898,75788900
2019-02-11,241.4915008544922,242.26785304714784,240.96500945065426,242.0090871381183,68021400
2019-02-12,244.59689331054688,244.97167081065734,243.02632449886462,243.09772884454762,72270200
2019-02-13,245.3910675048828,246.22989150119363,245.00735767733852,245.42676967549392,65277200
2019-02-14,244.84681701660156,245.9712042716236,243.49933878131554,244.31139321741082,83234400
2019-02-15,247.5149383544922,247.55064053102285,246.40841597707413,246.61364221836726,97088700
2019-02-19,247.943359375,248.5947677094399,246.71189261566167,246.7208249707493,59120800
2019-02-20,248.44300842285156,248.8981226746034,247.4078631485972,247.90758469716386,76610800
2019-02-21,247.5596160888672,248.16641703188387,246.60478013769355,247.8094769026262,64214700
2019-02-22,249.09437561035156,249.29066944882723,247.54164450763705,248.1752150059911,78114600
2019-02-25,249.4334716796875,251.0308102001692,249.35316222104115,250.51325127796727,69030700
2019-02-26,249.25502014160156,250.1295190857217,248.88021542785202,249.08546887023596,56844100
2019-02-27,249.14804077148438,249.49604857194083,247.6131735955296,248.54121255193894,56921600
2019-02-28,248.6839141845703,249.37105167582394,248.36267631809804,248.9337749360863,69268300
2019-03-01,250.23666381835938,250.6471435330441,248.80887632010388,250.2545012902043,78880500
2019-03-04,249.32643127441406,251.53057087017055,247.0419822074901,251.28964245666796,106494600
2019-03-05,248.98744201660156,249.647810023637,248.44311294222223,249.4514888160524,59114600
2019-03-06,247.47923278808594,249.1122737404231,247.15799490205438,249.1033413882174,75039800
2019-03-07,245.4089813232422,247.1758442468498,244.57015715904734,247.03306276860576,94885100
2019-03-08,244.91815185546875,245.0877031498142,243.09774937846666,243.56176873348625,85795800
2019-03-11,248.46978759765625,248.63040655157224,245.60530732168948,245.63207714734213,65098900
2019-03-12,249.4067840576172,249.92437038317783,248.83568530809956,249.02307410669908,79667500
2019-03-13,251.0576171875,251.9856831238809,250.1295512511191,250.29019742497135,80639200
2019-03-14,250.8970184326172,251.50381930289518,250.45976886914966,251.0844072122771,67518400
2019-03-15,252.13653564453125,252.94319500655243,251.2581574243086,251.4463989125399,81309000
2019-03-18,253.05076599121094,253.34655843745105,252.12758392601302,252.35165750836913,62199800
2019-03-19,253.1135711669922,254.87030079650296,252.22624833038137,254.10847232408358,90268100
2019-03-20,252.35169982910156,254.09948500568512,251.24927512477552,252.89845368516478,84609200
2019-03-21,255.20188903808594,255.60520506642865,251.4912174609429,251.5360485881354,79550400
2019-03-22,250.29017639160156,254.3683044033537,250.2274292276717,253.84846575885192,122659300
2019-03-25,250.10208129882812,251.1328147355546,248.84727418660705,249.94969916428462,85575200
2019-03-26,251.9662628173828,252.91633263836115,250.56804582225496,251.8497401756667,68125900
2019-03-27,250.64878845214844,252.539984349727,249.10716059048275,251.95737095653882,72224700
2019-03-28,251.59881591796875,252.04696315813962,250.12890719363142,251.2761630343594,56238500
2019-03-29,253.1851806640625,253.50783342789356,251.9841497885913,253.10451747310472,82186800
2019-04-01,256.1878356933594,256.48362818526266,254.90614116907568,255.1750459210547,77617900
2019-04-02,256.31329345703125,256.54633873826305,255.5245500615383,256.3760406254756,40070400
2019-04-03,256.7166442871094,257.9176754549509,256.11611502682194,257.52330374578105,68243200
2019-04-04,257.39788818359375,257.6488495887163,256.34923877219444,257.03937579809605,48997500
2019-04-05,258.64373779296875,258.69751328043895,257.77433094188007,258.06115177688133,58621700
2019-04-08,258.84088134765625,258.9484323049997,257.56813119604186,258.2224359901956,53566300
2019-04-09,257.51434326171875,258.20448010644867,256.9676168040888,257.8818272500247,66142300
2019-04-10,258.3927001953125,258.4823350989078,257.5143219044501,257.9266096377098,52601500
2019-04-11,258.3209533691406,258.88562311266236,257.7562836256189,258.8766514174543,55093100
2019-04-12,260.0688171386719,260.34666624730795,258.36586304784964,259.9254067353859,69727800
2019-04-15,259.89849853515625,260.23909479705657,259.10078335831236,260.140488185737,49596700
2019-04-16,260.0688171386719,260.8306729393059,259.47725948239383,260.77689745716583,52153200
2019-04-17,259.4324645996094,261.20711027659587,259.0201494187386,261.18022253460333,58268300
2019-04-18,259.9433898925781,260.2122947254437,258.7244421790371,260.0151087891068,68708500
2019-04-22,260.1674499511719,260.3198320837561,259.0919127342727,259.18154767386676,40160100
2019-04-23,262.5067443847656,262.73978971372134,260.3018675160108,260.5348854922284,52246600
2019-04-24,261.9241638183594,262.7577111776434,261.7807534093311,262.4260865735888,50392900
2019-04-25,261.76275634765625,262.4170610760673,260.57966858301586,261.8255035173805,57770900
2019-04-26,262.9817199707031,263.05341148117117,261.03674925919904,261.80757659857346,50916400
2019-04-29,263.3940124511719,263.91387848418856,262.98172471489596,263.071359619147,57197700
2019-04-30,263.5284729003906,263.81529367659437,261.64627651929874,263.0534379566247,81111700
2019-05-01,261.5477600097656,264.36213855939627,261.53878830968904,264.15598092684405,71671900
2019-05-02,260.9830322265625,262.3454174051037,259.4951800384251,261.4311794873483,65030200
2019-05-03,263.5374450683594,263.8152941480737,261.09055147473833,262.4529364877734,56543700
2019-05-06,262.45294189453125,262.89211741292036,258.9394556892126,259.2531642106628,107198100
2019-05-07,258.0700988769531,260.6514317140308,256.1699586920878,260.0598739928055,144729900
2019-05-08,257.71148681640625,259.41444043545084,257.11992932401034,257.71148681640625,91568300
2019-05-09,256.9317321777344,257.53223405255756,253.92016904937915,255.6500378691589,103471100
2019-05-10,258.222412109375,258.97529609388704,253.02388837907756,255.9995922364823,112429300
2019-05-13,251.7332305908203,254.09048922555,250.89968336832376,253.13147501120494,127290500
2019-05-14,254.00990295410156,255.53361482787994,252.62065716245965,252.7461241923132,77003200
2019-05-15,255.4976348876953,256.1339961418753,252.18133524534448,252.38749276835136,73956400
2019-05-16,257.8639221191406,259.2173081278269,256.12510871199436,256.19680023221036,76749600
2019-05-17,256.19677734375,258.67055853759854,255.55144430851703,255.56938770151973,100353000
2019-05-20,254.50274658203125,256.30427930684,253.75880708566228,254.60132581377306,62877600
2019-05-21,256.7972412109375,257.1736694298751,255.9367791479133,256.1877404114471,46847100
2019-05-22,256.00860595703125,256.95867595197024,255.53357095956173,255.84727950945393,49482500
2019-05-23,252.88052368164062,253.83953793393536,251.4733348614828,253.79473415351669,98733800
2019-05-24,253.45413208007812,254.7268821770515,252.83568674916825,254.3145670546218,55268100
2019-05-28,251.09689331054688,254.68207123353233,251.0789772679172,253.73200127216015,70029400
2019-05-29,249.4118194580078,250.38877701925782,248.01360245725246,249.9854609725397,104972900
2019-05-30,250.0930633544922,250.99832958897656,248.99958292616304,250.16475488218688,62523800
2019-05-31,246.72300720214844,248.3811576995462,246.69611945798482,247.55658197670175,86862800
2019-06-03,246.0955047607422,247.8701497688478,244.76897949936586,246.75875371506626,96428000
2019-06-04,251.4375,251.57193870713078,247.93298515285497,248.3811324117829,77231900
2019-06-05,253.615478515625,253.64236625592756,251.24927531078833,253.0508086165342,71169700
2019-06-06,255.26463317871094,255.93685397607697,253.26591418029244,253.91124723987323,69430400
2019-06-07,257.8190612792969,258.8946254277593,256.10713580857265,256.2774339212914,74272200
2019-06-10,259.00225830078125,260.66040882386903,258.9126233679336,259.36077067943074,60799100
2019-06-11,258.939453125,261.1801891806901,258.29412004685184,260.8127051852287,58641300
2019-06-12,258.48236083984375,259.26213260858515,257.97146645593216,258.70643444478026,47096300
2019-06-13,259.5489501953125,259.907489878774,258.6885151310274,259.38762374939733,48945200
2019-06-14,259.2621765136719,259.8626785590629,258.50032065732336,259.2621765136719,52324700
2019-06-17,259.3607482910156,260.1226041253445,259.1904501391278,259.4951870023116,39205700
2019-06-18,262.0765075683594,263.12518417352123,260.81272903505663,261.1712687189415,85434800
2019-06-19,262.66802978515625,263.19684018898215,261.24292499801845,262.21091089679237,78674400
2019-06-20,265.1776428222656,265.5809862354007,262.73077666429657,265.33899659915994,116570000
2019-06-21,264.7922058105469,266.1611896327849,264.57605770329127,264.9092951972342,83309500
2019-06-24,264.4680480957031,265.3146375506765,264.31492482523606,264.9994306460424,47582700
2019-06-25,261.8740539550781,264.5489962916945,261.7659799189752,264.5219777826687,82028700
2019-06-26,261.61285400390625,263.270053340462,261.50477996892147,262.76568952002185,51584900
2019-06-27,262.5405578613281,263.044921742749,261.9911722884758,262.3694314566564,40355200
2019-06-28,263.89154052734375,264.3868890801006,262.99990213807325,263.51325387039157,59350900
2019-07-01,266.28729248046875,267.42212500712554,265.08940759438184,267.2059494156182,78705600
2019-07-02,266.9808044433594,267.034841473531,265.404660263216,266.24226171664947,61504500
2019-07-03,269.1153564453125,269.133387113011,267.51219370925975,267.6563016219781,40898900
2019-07-05,268.8090515136719,268.97119004226147,266.60246680207615,267.8903947852347,51677300
2019-07-08,267.3320617675781,268.6290054105684,266.79166400203684,267.5031881847624,45841800
2019-07-09,267.665283203125,267.96248683915957,266.12517302667766,266.17921005141125,41101300
2019-07-10,268.9441833496094,269.8898862091427,268.1966528857291,268.7280352609248,58448500
2019-07-11,269.5746765136719,269.81784313562406,268.5749640265412,269.5836918467792,50826100
2019-07-12,270.7814025878906,270.8534702421689,269.7546721433581,270.06089095964876,40326000
2019-07-15,270.8716735839844,271.2139264803352,270.36730957434435,271.2139264803352,33900000
2019-07-16,269.99798583984375,270.9887104831493,269.6917668565987,270.78155022134894,36650100
2019-07-17,268.16070556640625,270.133139969381,268.16070556640625,269.9710288505612,36036300
2019-07-18,269.142333984375,269.5206206333886,267.22396468495583,267.66527620399694,51392600
2019-07-19,267.6473388671875,270.2592297513728,267.4762124226513,270.23221123306587,58678600
2019-07-22,268.30474853515625,268.84514628615204,267.5301994978204,268.04355124978355,43638100
2019-07-23,270.22308349609375,270.22308349609375,268.5929027695212,269.42151612922413,44564500
2019-07-24,271.4930114746094,271.4930114746094,269.37647011029196,269.4665409634946,47213200
2019-07-25,270.1960754394531,271.09672902425126,269.394480555815,271.0426920080247,55394100
2019-07-26,272.0065002441406,272.20464520675074,270.7545780972456,270.8806828397141,45084100
2019-07-29,271.5110778808594,272.00645394595506,270.9616922741828,271.8893645581002,38126500
2019-07-30,270.8446350097656,271.24994024875394,269.7368208460993,270.1151075682067,45849000
2019-07-31,267.8814392089844,271.2769214493316,265.8729989303073,271.08776437141046,104245200
2019-08-01,265.54876708984375,270.97970848614085,264.7561873361929,268.034580410699,142646600
2019-08-02,263.5492858886719,264.900266462213,262.0001603982473,264.6570998538528,116749700
2019-08-05,255.62351989746094,259.577375041092,253.7321417770538,259.4693010032003,178745400
2019-08-06,259.2081604003906,259.4243360091834,256.0378688244235,257.5059389600673,120711700
2019-08-07,259.361328125,260.126889506351,254.0204566118475,256.14598681479276,140572300
2019-08-08,264.449951171875,264.449951171875,260.2979505540792,260.847336151514,87713900
2019-08-09,262.648681640625,264.10773653712675,260.8743923871046,263.5133016745195,93730000
2019-08-12,259.451416015625,262.6397115288918,258.5057127817333,261.153637859382,65527600
2019-08-13,263.4862365722656,264.92728803115796,258.8118415350156,259.1540943486517,94299800
2019-08-14,255.695556640625,260.0547168532412,255.56947942671005,259.4512943212401,135622100
2019-08-15,256.3709716796875,257.2626371903271,254.33551379027537,256.57813184594903,99556600
2019-08-16,260.1538391113281,260.5861353169893,256.42511942287445,258.019294138563,83018300
2019-08-19,263.2880554199219,263.96354562152703,262.48648800661573,263.1619782082209,53571800
2019-08-20,261.27069091796875,263.3151654102482,261.1446136624657,262.78378289866305,51596400
2019-08-21,263.3962707519531,263.76551470090374,262.738783443419,263.4232892722612,49524700
2019-08-22,263.31512451171875,264.72915753530043,261.54985080842727,264.09871638415376,51666400
2019-08-23,256.55120849609375,263.67538246569245,255.30830200906564,262.0181829782447,149161500
2019-08-26,259.38824462890625,259.38824462890625,257.208650757384,258.73075758618586,72423800
2019-08-27,258.3705749511719,261.1446043021233,257.614028987942,260.77533291189644,66668900
2019-08-28,260.1898193359375,260.35193037965183,256.911427194521,257.71302205360644,59696700
2019-08-29,263.5132141113281,264.0356085832633,261.7389254473887,262.7386652204971,57899400
2019-08-30,263.3962707519531,265.00842160663154,262.4685982403384,264.9904184216857,62901200
2019-09-03,261.85601806640625,262.61256378979675,260.5320561790313,261.70292234690453,69101400
2019-09-04,264.82818603515625,264.8461892118585,263.27004544878713,264.01760331130134,46887300
2019-09-05,268.23260498046875,269.14224623363316,264.7921023600246,267.30493306822973,83258100
2019-09-06,268.4397888183594,269.07927265061045,267.87240015038213,268.5478903361211,49584300
2019-09-09,268.5749206542969,269.51158062995825,267.63823319286826,269.42153725651303,51260300
2019-09-10,268.5119934082031,268.57504578760563,266.5665773830366,267.8184722063353,57947100
2019-09-11,270.4213562011719,270.5024117606907,268.1697212619448,268.8181932238733,68821100
2019-09-12,271.35797119140625,272.41172066807127,270.56539150782567,271.3219373460333,72908700
2019-09-13,271.1778259277344,272.1505473397734,270.80855460332793,271.79927919493423,62104800
2019-09-16,270.3402099609375,271.2228604559255,269.7007535487089,270.0519941888065,58191200
2019-09-17,271.0247497558594,271.11479314596744,269.97097273102594,270.1420991494671,41475500
2019-09-18,271.1868591308594,271.2949331869254,268.6109750229394,270.6374460314941,73375800
2019-09-19,271.16888427734375,272.5649144175921,270.83564670729453,271.57418955678503,76560500
2019-09-20,269.8875427246094,272.05005842523434,269.1003600595931,271.76954107242454,89565000
2019-09-23,269.8242492675781,270.5390591956708,268.97372292597385,269.2270694354284,43476800
2019-09-24,267.70703125,271.2991401437469,266.747931631159,270.9100771613818,94869400
2019-09-25,269.2904052734375,269.73375474914366,266.31356316285877,267.78841257718466,71854000
2019-09-26,268.72943115234375,269.507556991821,267.3269822031937,269.2994676970623,56179700
2019-09-27,267.28173828125,269.5890278573318,265.7345158777197,269.48042710932464,84746600
2019-09-30,268.5212707519531,269.2270235947452,267.752202002102,267.7974315946719,51662400
2019-10-01,265.32733154296875,270.0504560848609,265.110185278463,269.3989896786448,88242400
2019-10-02,260.64044189453125,263.7620579252307,259.355622841825,263.75300095877276,122539500
2019-10-03,262.7757873535156,262.8029306373284,257.70882934443205,260.41421121100484,85278800
2019-10-04,266.3317565917969,266.58510316963753,263.37299991509065,263.42731410785495,65091200
2019-10-07,265.18255615234375,267.1550692865488,264.9020663585836,265.5354464421896,59610500
2019-10-08,261.065673828125,264.06965938553134,261.02947357933596,263.3367631205743,95708100
2019-10-09,263.5448913574219,264.47684770935257,262.45007528092935,263.0743985044532,62359400
2019-10-10,265.32733154296875,266.20500117894466,263.3005594403848,263.4634191387641,55296300
2019-10-11,268.07794189453125,270.30377370590077,267.95128245800737,268.06888493024525,98720400
2019-10-14,267.77935791015625,268.4308242275137,267.4355246297877,267.76124398211886,40394800
2019-10-15,270.4305419921875,271.17249535642475,268.702345668871,268.8199757891408,46754500
2019-10-16,269.99609375,270.6837602115542,269.5618013428636,269.968950474554,48928200
2019-10-17,270.7924499511719,271.66106275227156,270.1047831934205,271.1543696505715,45736600
2019-10-18,269.60711669921875,270.9009925949094,268.7565903144165,270.2585831298609,64304000
2019-10-21,271.4348449707031,271.6339049366315,270.48480235900485,270.91912254267635,39048600
2019-10-22,270.54815673828125,272.2582390304072,270.4576699114692,271.96869222968974,48594700
2019-10-23,271.3353271484375,271.3896137194795,270.08668078906885,270.2947977198641,34352200
2019-10-24,271.7786560058594,272.4120361034301,270.95527292409713,272.2672627207654,35453100
2019-10-25,272.8916320800781,273.4345254538607,271.15437880651467,271.2086653826225,45205400
2019-10-28,274.4298095703125,274.9274733563282,274.07694681042267,274.10409009964496,42147000
2019-10-29,274.34832763671875,275.27125452053383,274.0316375807567,274.15832464822154,44284900
2019-10-30,275.1897888183594,275.56073778143866,273.2444191334657,274.54735182453754,49643900
2019-10-31,274.4569396972656,275.180806729654,273.00926085789666,275.180806729654,69053800
2019-11-01,276.9994201660156,277.0446497636023,275.7326600812259,275.89554738047116,71141500
2019-11-04,278.1123962402344,278.6824329073958,277.74141955822927,278.5467164658584,60606900
2019-11-05,277.8046569824219,278.6099535824334,277.515110275944,278.3113499124113,42933200
2019-11-06,277.8680725097656,278.13950535949533,276.9270592762012,277.8047289739284,46487100
2019-11-07,278.8452453613281,280.17532148829997,278.37475257286513,279.19813566220006,54272300
2019-11-08,279.5328674316406,279.58715399039016,277.8046716775941,278.5013675900096,49032100
2019-11-11,278.9990539550781,279.17097060937425,278.0218405924795,278.1575846131219,35797300
2019-11-12,279.5871887207031,280.482944664036,278.81809222595433,279.3609854935828,46484600
2019-11-13,279.677734375,280.0758543475074,278.3748013036493,278.6010045783601,53917700
2019-11-14,280.0848083496094,280.16626580577037,278.76378931225406,279.3971693561255,51219900
2019-11-15,282.1116027832031,282.1568323800713,280.7272402441399,281.41487922509714,62023600
2019-11-18,282.31976318359375,282.55502341704454,281.4240070834595,281.87641361689356,49228000
2019-11-19,282.2382507324219,282.9259172980814,281.5958413744846,282.9168603339979,67804700
2019-11-20,281.1886901855469,282.16590356395267,279.64146788455196,281.6501535927217,79406200
2019-11-21,280.7363586425781,281.4059391324079,279.94014628642975,281.29736597532883,54664700
2019-11-22,281.3606262207031,281.6139727413129,280.3562971037963,281.4782563218255,44850200
2019-11-25,283.5411682128906,283.5411682128906,282.2834928438309,282.2834928438309,48647200
2019-11-26,284.18365478515625,284.3646284301698,283.2607554660706,283.5774455384936,37569000
2019-11-27,285.4504089355469,285.4504089355469,284.4460521689153,284.6631984481001,44444600
2019-11-29,284.3917236328125,285.1336767941421,284.165520421141,284.889359653411,36592700
2019-12-02,281.9759216308594,284.7084468054774,281.55065843888804,284.64510327178596,75767800
2019-12-03,280.0848083496094,280.16626580577037,277.8951767026078,279.27048230227246,73941700
2019-12-04,281.8130187988281,282.4101986278276,280.7815464488824,281.1253797697638,49080000
2019-12-05,282.31976318359375,282.52788012954665,281.0168301582875,282.50979380878255,40709000
2019-12-06,284.8984680175781,285.296587950962,284.2108012939693,284.21985826013315,48927000
2019-12-09,284.002685546875,285.17893130524726,283.9302850497049,284.5093785762691,34838500
2019-12-10,283.68603515625,284.6089345289355,283.03456865414756,283.94843867294895,52649800
2019-12-11,284.4912414550781,284.7445879245337,283.6045150056367,284.1383512229646,53429100
2019-12-12,286.9434509277344,287.7215771243263,284.2652112476052,284.50044393279916,96389600
2019-12-13,287.1152648925781,288.33676795280417,285.93899143681557,286.7080880016024,81503900
2019-12-16,289.08770751953125,289.67583035344785,287.0518785933374,288.834361024335,82749700
2019-12-17,289.151123046875,289.7663893151713,289.0696931830743,289.4678131479023,61097700
2019-12-18,289.16912841796875,289.76630819803626,289.11484185729864,289.540104991012,48133000
2019-12-19,290.3544921875,290.42689269211144,289.10584580362206,289.35919234435806,85310500
2019-12-20,291.62744140625,292.754916750099,290.4090343656645,291.3819230502159,147142100
2019-12-23,292.07305908203125,292.46403497307483,291.92757387289413,292.4094814882067,52990000
2019-12-24,292.0821228027344,292.3457886960071,291.782050926303,292.3003367139843,20270000
2019-12-26,293.6368713378906,293.64597283116717,292.45484264705334,292.4639163918748,30911200
2019-12-27,293.5641174316406,294.4188253533874,293.0367580376793,294.3642718901657,42528800
2019-12-30,291.94561767578125,293.78234333428065,291.46371027743766,293.6459596835143,49729100
2019-12-31,292.65484619140625,292.9003645160912,291.10001704503725,291.4455407994425,57077300
2020-01-02,295.3917541503906,295.40995713786896,293.26408574966416,294.18244866671154,59151200
2020-01-03,293.1550598144531,294.2734616635699,291.9639292406983,292.01848272129286,77709700
2020-01-06,294.27337646484375,294.35520666204394,291.29097239733835,291.4091808205573,55653900
2020-01-07,293.4459533691406,294.18245291277395,293.00039639633826,293.7096192068169,40496400
2020-01-08,295.0099792480469,296.2192851390077,293.3914944794076,293.63698515693517,68296000
2020-01-09,297.01019287109375,297.08294931294756,295.9827231804138,296.56466372143524,48473300
2020-01-10,296.1555480957031,297.74675568148257,295.69184361108466,297.59219676942917,53029300
2020-01-13,298.1922302246094,298.20130396792484,296.3464310454051,296.773784931647,47086800
2020-01-14,297.7377014160156,298.80152187526085,297.183037449198,297.7558766573116,62832800
2020-01-15,298.4105529785156,299.1652278624306,297.56494638909675,297.64677659951207,72056600
2020-01-16,300.8927917480469,300.8927917480469,299.5561763932098,299.78349174098173,54050300
2020-01-17,301.8293151855469,302.03842753631125,300.82912215432333,301.6019998488349,95846000
2020-01-21,301.2383117675781,302.0384662952364,300.80188402409743,300.8746127318583,77742400
2020-01-22,301.274658203125,302.73858343412036,301.1200993097716,302.09298788425326,48914900
2020-01-23,301.62017822265625,302.02935693237424,299.51978670947346,300.62908667410085,51963000
2020-01-24,298.9378967285156,302.35672888648327,297.65583466927774,302.27489868037776,87578400
2020-01-27,294.14605712890625,295.6190561282533,293.3822808977061,293.71870316935264,84062500
2020-01-28,297.22857666015625,298.10146014087576,294.237097834905,295.5646121751505,63834000
2020-01-29,296.98297119140625,298.8105955905337,296.78293256190744,298.5832802273967,53888900
2020-01-30,297.94683837890625,298.1559785391256,294.18250973419447,294.9280831672491,75491800
2020-01-31,292.53668212890625,297.4830663972043,291.6274207229464,297.3284797488705,113845600
2020-02-03,294.7098388671875,296.5647401340601,293.89150905042175,294.00971748755245,69083000
2020-02-04,299.2016296386719,300.0654392862416,297.9832223847323,298.30146950480867,62573200
2020-02-05,302.65673828125,302.8658783940737,300.6654813306938,302.12027738152585,65951100
2020-02-06,303.6752014160156,303.86613858386636,302.6022516312046,303.6115464439113,50359700
2020-02-07,302.05670166015625,303.68425987543606,301.5111391738703,302.62043938821614,64139400
2020-02-10,304.3116455078125,304.3753004752346,301.1383316131343,301.1747098442984,42070000
2020-02-11,304.8389587402344,306.4392397930032,304.3115716359892,305.6572883777854,54864500
2020-02-12,306.8030700683594,307.0121824833329,305.9028821896233,306.2665812903475,43992700
2020-02-13,306.47564697265625,307.43946184215287,305.1117548650529,305.3845221871912,54501900
2020-02-14,306.9667053222656,307.084913763709,305.69374469991504,306.88487511244955,64582200
2020-02-18,306.1756591796875,307.0303672773859,304.79356383100367,305.97562052387593,57226200
2020-02-19,307.6395263671875,308.31237098409207,306.8575748122398,307.13944365167055,48814700
2020-02-20,306.3757019042969,307.91235620151554,303.4023987648629,307.0939985769431,74163400
2020-02-21,303.2204895019531,305.3390562696756,302.40213207600556,305.0299107358874,113788200
2020-02-24,293.1640625,303.29321971101865,292.09111299686066,293.8187317949431,161088400
2020-02-25,284.2806091308594,295.15536915780245,283.40772583983846,294.54617947757,218913200
2020-02-26,283.2348937988281,289.2450976481431,282.50749586116564,285.67170741329534,194773800
2020-02-27,270.51434326171875,283.28945366437136,270.51434326171875,277.7429540817692,284353500
2020-02-28,269.3778381347656,270.8599389145115,259.6305531200936,262.50382297406543,384975800
2020-03-02,281.04364013671875,281.1072951028056,267.7411396475447,271.15087035057456,238703600
2020-03-03,272.99658203125,285.362540273407,270.5688700932583,281.4163498763603,300139100
2020-03-04,284.4715576171875,284.68979925998445,275.8062960824147,278.343143597917,176613400
2020-03-05,275.01519775390625,280.47986769668034,272.7875239528955,277.3065542615763,186366800
2020-03-06,270.4689025878906,271.66913435903734,263.89496007700336,266.5499879663746,228667200
2020-03-09,249.3467254638672,258.4029598491535,248.63750279059389,250.3196139238083,309417300
2020-03-10,262.24920654296875,262.3401104916032,248.6830131414344,258.8121992811534,276444100
2020-03-11,249.46502685546875,256.3572460851051,246.30081389642226,255.22977045587842,255316300
2020-03-12,225.59686279296875,242.46366575529143,225.2058731481479,232.7709352018375,392220700
2020-03-13,244.8822784423828,246.84628632830442,225.9696392013214,239.21757012675997,329566100
2020-03-16,218.08639526367188,233.58929408558546,215.82232893733405,219.29570095436807,297240000
2020-03-17,229.8612823486328,232.92550266983105,215.55860455740523,222.80540507714687,262070500
2020-03-18,218.22274780273438,225.83326169260155,207.32979952636524,214.81301736831665,327597100
2020-03-19,218.6864776611328,224.93311358035257,211.14870595523684,217.5408131695705,289322000
2020-03-20,209.26235961914062,223.5942684841913,208.98797436710205,221.81992633759734,347158800
2020-03-23,203.91189575195312,210.0672050409845,199.62238105359475,208.70444775234532,326025200
2020-03-24,222.38697814941406,223.25586710368103,213.83539985668068,214.4024524745698,235494500
2020-03-25,225.71617126464844,234.45983814371337,219.2773351144632,223.96012504187064,299430300
2020-03-26,238.8956756591797,240.35902646613818,227.78317753221316,228.21304450745478,257632800
2020-03-27,231.7799835205078,238.53893683565772,229.6123667847552,231.64279788754072,224341200
2020-03-30,239.30722045898438,240.02061371023277,231.8806066353149,233.8653046759227,171369500
2020-03-31,235.74026489257812,240.8437663965274,234.34091545507368,238.31031171628476,194881100
2020-04-01,225.1308135986328,235.6579634150699,223.0729450503608,226.80454835925843,189554600
2020-04-02,230.3258056640625,231.1032143313986,223.70403666870678,224.25280722102684,177660400
2020-04-03,226.9966583251953,231.68860382717133,224.2802702930846,229.34719462817364,135561200
2020-04-06,242.24314880371094,244.20042402682725,226.9783475040951,235.82260837748493,188061200
2020-04-07,242.4900360107422,251.54465009535215,242.27053901114178,250.79466479788738,201427200
2020-04-08,250.63006591796875,252.4318450589487,242.5998076155295,245.07838784415037,153774500
2020-04-09,254.4440155029297,257.1878401363403,251.94712503834012,253.8769349662577,189999200
2020-04-13,252.12094116210938,253.8129721922828,248.2338556738121,253.47457156857448,114839100
2020-04-14,259.55670166015625,260.5719034927361,251.9837459245979,256.9866545266391,134143400
2020-04-15,254.04148864746094,259.6937585350903,251.93787381816716,253.8677109207744,121775000
2020-04-16,255.26705932617188,256.11763793724333,252.2122724229523,255.31277855452834,131798300
2020-04-17,262.16326904296875,262.7668858033959,258.28531186903615,261.01085394981624,146684800
2020-04-20,257.54443359375,262.3004058085209,257.32493663084665,258.47732359770725,100109300
2020-04-21,249.7246551513672,254.2976965983367,248.79173683274226,253.09956197216107,126385700
2020-04-22,255.26705932617188,257.00480867797,253.26406587970249,254.58110343112392,92951600
2020-04-23,255.24887084960938,259.69388168018037,254.94706239318492,256.53847189577414,104709700
2020-04-24,258.8066711425781,259.47434514496024,254.71837156685336,256.75795780388637,85063200
2020-04-27,262.538330078125,263.6541534426872,260.3158383647242,260.7731425647639,77896600
2020-04-28,261.3310241699219,266.5168372940742,261.02918781823894,266.1692816947441,105270000
2020-04-29,268.1722106933594,269.69961837336587,265.61131939279846,266.6356759130228,118745600
2020-04-30,265.6753234863281,268.27280667702036,263.9467010884821,266.8002733849716,122901700
2020-05-01,258.6420593261719,265.8400213562658,257.4804890548701,260.9468619298038,125180000
2020-05-04,259.3554382324219,259.6572466389891,255.2945758379468,256.7670815529989,80873200
2020-05-05,261.7518005371094,264.5505002253176,259.48356148093865,262.1633855136958,79569900
2020-05-06,259.9773864746094,263.82787926465915,259.54751949484415,263.44375944285997,73632600
2020-05-07,263.11444091796875,265.0351234329796,262.6114176478668,263.1784701811811,75250400
2020-05-08,267.4679870605469,267.9344461094257,265.10828260205517,266.2332605798592,76452400
2020-05-11,267.5228271484375,268.89473908253206,265.1265587694115,265.547270613947,79514200
2020-05-12,262.19073486328125,269.11429745742555,262.0535213092714,268.70274053027424,95870800
2020-05-13,257.5536804199219,262.6663370220257,255.13910132073806,261.6328252672218,144721100
2020-05-14,260.635986328125,260.7640170045489,249.67896640929797,255.13005318589342,121977900
2020-05-15,261.83404541015625,261.87976465743145,257.3158784788834,258.25792384810507,111146300
2020-05-18,269.8093566894531,271.4099206698143,267.7057694799125,268.0258599466881,119703800
2020-05-19,267.0380859375,270.91601473788154,267.01980382656944,269.2148573378869,95189300
2020-05-20,271.5746154785156,272.4343494490496,270.33076168126627,270.5594137391396,85861700
2020-05-21,269.6996765136719,272.2514412639975,268.6112904984,271.4465815641365,78293900
2020-05-22,270.2118225097656,270.3856002837618,268.18139138715867,269.4161179191645,63958200
2020-05-26,273.541015625,276.385461718517,270.2301383166859,276.1476546483194,88951400
2020-05-27,277.61102294921875,277.6476150920947,271.51972905102286,276.32142205120357,104817400
2020-05-28,277.0989074707031,280.63843750525734,276.4312332919458,278.63544288061865,90405200
2020-05-29,278.3335876464844,278.91892240887853,273.89773207862925,276.63240179778086,119090800
2020-06-01,279.45849609375,280.06214079412035,277.18113083769884,277.6933091449905,55758300
2020-06-02,281.7724914550781,281.8182386135936,279.04697679082,280.3731419784623,74267200
2020-06-03,285.5224304199219,286.47363092722657,283.4737166303105,283.7480879729792,92567600
2020-06-04,284.77239990234375,286.27237076977303,282.6870942924348,284.54374784901324,75794400
2020-06-05,292.0709533691406,293.83614034000306,290.07711436853054,290.1411436356498,150524700
2020-06-08,295.60137939453125,295.7934392999696,292.3362214439441,292.87583692887944,73641200
2020-06-09,293.3971252441406,295.674490365222,292.08921451504034,292.9489483181037,77479200
2020-06-10,291.7599792480469,294.86051405519015,291.0465860578865,293.97334309587063,95000800
2020-06-11,274.9402770996094,285.49486045239485,274.3915346695875,284.86377874625066,209243600
2020-06-12,278.2329406738281,282.68707794933687,273.1020022913101,281.9188104439579,194678900
2020-06-15,280.8304748535156,281.95545314075946,271.4008652615078,272.57156280032103,135782700
2020-06-16,286.2357482910156,288.68691925578287,281.3974914516678,288.5405786077651,137627500
2020-06-17,285.0467834472656,287.5436737805925,284.3150801698456,287.25099246962446,83398900
2020-06-18,285.1565246582031,285.63211084262696,283.08037422942215,283.53767829923845,80828700
2020-06-19,283.52691650390625,288.7998612118977,281.5885862007756,288.60695612206905,135549600
2020-06-22,285.34576416015625,285.740769602764,281.7906591077808,282.92975500160884,74649400
2020-06-23,286.6593933105469,288.910055192761,286.2551925803986,287.98222696658627,68471200
2020-06-24,279.3471374511719,285.2447743186567,277.51906654379894,284.6292778033308,132813500
2020-06-25,282.34185791015625,282.60826932957065,276.7657488767601,278.77755738775835,89468000
2020-06-26,275.63580322265625,281.4599607492552,275.05708801773886,281.24866508004715,127961000
2020-06-29,279.68701171875,279.82480106993296,274.6069720524608,276.88519211835774,79773300
2020-06-30,283.26959228515625,284.9599012808196,279.09901962371634,279.2551714979633,113394800
2020-07-01,285.2539367675781,286.51248764873316,283.9219356089049,284.3812521535075,72396500
2020-07-02,286.82476806640625,290.01242543532555,286.1633512394865,288.6712011809494,69344200
2020-07-06,291.2525329589844,291.8312761381688,289.8837789878307,290.62786935122494,61713800
2020-07-07,288.2486267089844,291.68430474186584,287.87198386046487,289.71844493786637,82910000
2020-07-08,290.4533996582031,290.56363114196824,287.256574491188,289.0111389985439,54638600
2020-07-09,288.7998352050781,291.29851798418645,285.40088203041387,291.0596644429372,83354200
2020-07-10,291.7486267089844,292.0150381063535,287.31164202517806,288.7355118423281,57550400
2020-07-13,289.22247314453125,296.4521119385348,288.5702514225846,294.082050619167,102997500
2020-07-14,292.9704284667969,293.74207676938335,286.6134762105575,287.80768781432056,93657000
2020-07-15,295.6620788574219,296.7552545262097,293.29198967983916,296.1765111680916,87196500
2020-07-16,294.6882019042969,295.1383229718875,293.1265150463496,293.76956917243285,54622500
2020-07-17,295.5426025390625,296.32344617655446,293.7236991518469,295.6895871795454,62774900
2020-07-20,297.9309997558594,298.67509008942426,294.5320471440715,295.2761374776364,56308800
2020-07-21,298.56488037109375,300.3286397959149,297.58193646428316,299.88771395693493,57292200
2020-07-22,300.2643127441406,300.57667257601804,298.09635272630305,298.20658418016615,57792900
2020-07-23,296.6816711425781,300.604251536004,295.32211240358737,299.9060815666081,75738000
2020-07-24,294.77099609375,295.79066538679007,293.2736196426377,294.8353071395609,73766600
2020-07-27,296.9206237792969,297.09516632990903,294.669961227378,295.46000035664264,48293000
2020-07-28,295.03741455078125,297.30643950213306,294.7434452210572,296.19487323057496,57495000
2020-07-29,298.6659240722656,299.2263047193863,295.8732722055928,295.9100253712527,48454200
2020-07-30,297.6003723144531,298.0137684247476,293.63189861413105,295.7079903642907,61861700
2020-07-31,299.9519958496094,300.0530600436379,295.1842889920088,299.38244795338665,84986800
2020-08-03,302.037353515625,302.7998065744939,301.063604773236,301.6055948819654,53077900
2020-08-04,303.2039489746094,303.2039489746094,301.18294553917855,301.18294553917855,41917900
2020-08-05,305.08721923828125,305.344463414178,304.2328972007619,304.49930864404297,42697700
2020-08-06,307.1265563964844,307.2459831711578,304.1869476378153,304.50847479244663,43679400
2020-08-07,307.3470153808594,307.6317893364543,305.26170076056275,306.16197109291363,57308300
2020-08-10,308.265625,308.4493347450377,305.86797873960825,307.79711328642304,44282100
2020-08-11,305.72100830078125,310.0753471733993,304.99530851738695,309.4414882495584,69601100
2020-08-12,309.9834899902344,310.75513826700785,308.1186663127522,308.14622417854946,53774400
2020-08-13,309.42315673828125,310.7276279995597,308.5045236917194,309.2210563466594,41816100
2020-08-14,309.43231201171875,309.9651348090941,308.31157871851264,309.0373065810643,47260400
2020-08-17,310.4152526855469,310.81025811201846,309.4415040352229,310.4428105517088,35481000
2020-08-18,311.0858154296875,311.5083786552479,309.2209639890799,310.8102087773632,38733900
2020-08-19,309.7906188964844,311.97694190316844,309.23023818456306,311.4625096622481,68054200
2020-08-20,310.755126953125,311.2328059543693,307.9441126063458,308.07270663056715,42207800
2020-08-21,311.85748291015625,312.07794581811294,310.084500243841,310.4244179395397,55106600
2020-08-24,315.0176696777344,315.0911479893347,311.8300117530821,314.28274638944663,48588700
2020-08-25,316.1199035644531,316.20257714942005,314.42042733716255,315.577913595594,38463400
2020-08-26,319.2893371582031,319.5557205923027,316.16598999166297,316.70798019703517,50790200
2020-08-27,319.9874572753906,321.42971797916806,318.33392889941973,320.1528325405538,58034100
2020-08-28,322.054443359375,322.1830654752738,319.82217121452805,321.0072159968206,48588900
2020-08-31,320.88775634765625,322.71582741898374,320.65809805087804,321.8431427119025,66099200
2020-09-01,323.90997314453125,324.0110093091774,320.82335195593424,321.71442700956277,54908700
2020-09-02,328.594970703125,329.559523949686,324.67239062235956,325.811514381806,69540000
2020-09-03,317.28668212890625,327.38245036251664,314.7144927720197,326.9139385366805,148011100
2020-09-04,314.6960754394531,319.52806537103726,307.6225909820258,317.9664062807728,139156300
2020-09-08,306.0976867675781,314.76041705680797,305.79455021998007,309.31290219076556,114465300
2020-09-09,312.1423034667969,314.5950377875089,309.2210293277964,310.0845465588693,91462300
2020-09-10,306.72235107421875,314.65932471702587,305.76696501281884,314.0071032105712,90569500
2020-09-11,306.87847900390625,309.5517038864134,304.06746480466137,308.4952817454925,84680200
2020-09-14,310.9204406738281,312.68422793413146,307.0254466851529,310.0293657621418,65605700
2020-09-15,312.491455078125,314.19090400039585,310.9297674888142,313.3641397614204,52920900
2020-09-16,311.25128173828125,315.1462772122179,310.97567498046277,313.7224070840924,82096000
2020-09-17,308.513671875,310.2223436585627,305.89556248526213,306.4191899701,91523300
2020-09-18,304.9619140625,309.4258928149711,302.49012905972876,309.3152200755453,105877900
2020-09-21,301.5677185058594,301.7152914916219,296.734822845481,300.3963948738727,99450800
2020-09-22,304.63909912109375,305.1924909636533,300.5440388915025,303.04352022017224,63612100
2020-09-23,297.5742492675781,305.4692242600831,297.076193756614,305.1925142443561,93112200
2020-09-24,298.3673095703125,301.41092156228456,294.954751030624,296.26444372300983,76681300
2020-09-25,303.1910705566406,303.97501178267646,296.6518940041928,297.5188397783968,71069400
2020-09-28,308.22686767578125,308.9370364423363,306.3453468665424,307.3322255987747,64584600
2020-09-29,306.5482177734375,308.7617564876497,305.8564851660792,308.0239196318029,51304000
2020-09-30,308.8724365234375,312.008285169371,307.0185842537715,307.2122614897057,104081100
2020-10-01,310.8554992675781,312.4234100301672,308.9832103165565,311.4549953869998,88698700
2020-10-02,307.9040222167969,310.82775782543484,305.4599059080019,305.93029309925635,89431100
2020-10-05,313.3641357421875,313.54858090194296,309.9054723466813,309.95157659995147,45713100
2020-10-06,308.9093017578125,315.58684573448136,308.40204248328774,313.5024159911563,90128900
2020-10-07,314.2865295410156,315.08893515864236,311.82394816414654,311.8516163527998,56999600
2020-10-08,317.07177734375,317.136345808454,315.30092949856623,316.2140356726997,45242500
2020-10-09,319.9033203125,320.3644754439447,318.09560007830606,318.7135321923036,59528600
2020-10-12,325.0498046875,326.5162746526731,321.9416235525097,322.43044687423406,80388500
2020-10-13,322.928466796875,325.08666923359056,321.96925633166603,324.91142804821567,73255500
2020-10-14,320.89935302734375,324.5885935042505,320.17074829875787,323.5002743187641,57727900
2020-10-15,320.5027160644531,320.98230711828194,316.4722259802891,317.00715338084177,60357700
2020-10-16,320.30914306640625,323.500328734651,320.1339018625422,321.8493854624627,89501900
2020-10-19,315.4393310546875,322.1906205529244,314.54468900491094,321.5634563511587,68425600
2020-10-20,316.70294189453125,319.93102821542567,316.0204412221937,316.77671434018436,60051900
2020-10-21,316.1033630371094,318.8149570886233,315.7989849301,316.6567266013599,63575000
2020-10-22,317.8373718261719,318.418431878702,314.18503054171345,316.31556530320415,55399300
2020-10-23,318.9164733886719,319.11015068212924,316.47235657754385,319.05481431257,49143900
2020-10-26,313.0229187011719,316.33400943251553,309.5457907177374,315.55004001693953,91473000
2020-10-27,311.9438171386719,313.69620122734307,311.7316756189508,313.36418300170556,65994100
2020-10-28,301.2818908691406,311.9714640421637,300.79306752806804,306.2992612343689,127094300
2020-10-29,304.3439025878906,307.49818742638644,299.8337926046557,301.51240377305834,90597700
2020-10-30,301.1712341308594,304.07650614801975,297.5373290450951,302.77604515722487,120287300
2020-11-02,304.546875,306.5390404964642,301.8168162223565,304.546875,86068300
2020-11-03,309.9238586425781,311.9713881697363,304.62980772905644,307.7656564080065,93294200
2020-11-04,316.85052490234375,320.9086850612525,313.2073875383157,314.3787116216634,126959700
2020-11-05,323.0299072265625,324.8284233294965,321.75711467946127,322.10759705001647,82039700
2020-11-06,322.9561462402344,324.20127065202445,320.6411386081411,322.74400475930975,74973000
2020-11-09,327.01434326171875,336.0714373165098,326.55318810389855,335.69328670949596,172304200
2020-11-10,326.53472900390625,327.5861480533205,323.2789749451511,326.0274414780705,85552000
2020-11-11,328.9604187011719,329.7812602109788,327.4754845197472,328.71137691264624,58649000
2020-11-12,325.7691345214844,329.00645189973596,323.97064675875447,327.9550049012143,67546200
2020-11-13,330.2793273925781,331.01716438135384,327.1526819336186,327.669173455097,62892200
2020-11-16,334.40203857421875,334.59571584824243,331.65354385962263,332.9355686346887,74541100
2020-11-17,332.603515625,333.8025358299785,330.5006493949441,332.0040195958482,66111000
2020-11-18,328.6006774902344,333.4151378683076,328.5637772011029,332.8709782269809,70591300
2020-11-19,329.9841613769531,330.3530798490243,326.63617065322336,327.9735317794911,59940900
2020-11-20,327.7244873046875,329.9288223028838,327.65071486954946,329.7259129229104,70417300
2020-11-23,329.6889343261719,330.9432905989913,327.30015473416216,329.5229252765345,63230600
2020-11-24,335.0015869140625,335.54574667619727,331.3769137723778,332.22542358406326,62415900
2020-11-25,334.4851379394531,334.94629320135385,333.39681827657137,334.9186250115072,45330900
2020-11-27,335.4166564941406,335.8870156877651,334.4113133262943,335.5734335097883,28514100
2020-11-30,333.9316101074219,334.90925661307836,331.26614841458024,334.6417787889506,83872700
2020-12-01,337.583984375,339.1150227531008,336.57866958962217,337.16896165443563,74231400
2020-12-02,338.2942199707031,338.45099696751333,335.90543955018524,336.47726746171054,45927000
2020-12-03,338.2019348144531,339.5854001362347,337.1043834074392,338.1927027053722,62882000
2020-12-04,341.11651611328125,341.11651611328125,338.69083519350096,338.78307186528235,50749900
2020-12-07,340.4154052734375,340.90422846300885,339.1518450369984,340.35083681619807,48944300
2020-12-08,341.41162109375,341.9742168745156,339.10584531026393,339.1519495672629,42458900
2020-12-09,338.3495788574219,342.223265683624,337.51950511942715,342.06648867638006,74098300
2020-12-10,338.2388000488281,339.2809868400179,336.1174698872813,336.9844436508113,57735400
2020-12-11,337.84228515625,338.24810398025454,335.03848183162887,336.5510562374535,57698600
2020-12-14,336.3296813964844,341.070341758888,336.15444018565523,340.00048656717314,69216200
2020-12-15,340.876708984375,340.876708984375,337.4918454630711,338.856846887751,63865300
2020-12-16,341.41162109375,342.32469929707383,340.21260079833104,341.08880685472656,58420500
2020-12-17,343.3207702636719,343.52367965151916,342.2232187766809,343.04408843782375,64119500
2020-12-18,341.949951171875,343.7746487031401,339.94926543201143,343.60793195814915,136542300
2020-12-21,340.727294921875,350.54546365353127,335.3273176661251,338.05047081899306,96386700
2020-12-22,340.153076171875,341.1626764801447,339.0323313550487,341.0515319715881,47949000
2020-12-23,340.458740234375,342.3575248130481,340.13454991769294,341.11636406536365,46201400
2020-12-24,341.7831726074219,341.8109587265613,340.34750934079955,340.9310178427268,26457900
2020-12-28,344.7194519042969,345.10845766342516,343.7005801859581,344.32114641440614,39000400
2020-12-29,344.0617370605469,346.4143989143609,343.4782002616362,346.23841072844647,53680500
2020-12-30,344.55267333984375,345.5808164221914,344.16366761858706,344.8768636186617,49455300
2020-12-31,346.3032531738281,347.0257205730323,343.8487183090097,344.35813994007736,78520700
2021-01-04,341.588623046875,347.7573950518518,337.9114430282921,347.6277076691734,110210800
2021-01-05,343.94140625,345.0251217543174,340.90333382535323,340.94966288222946,66426200
2021-01-06,345.9975891113281,349.17461974787045,341.8943450056138,342.4408242377529,107997700
2021-01-07,351.1382751464844,351.87925728639124,348.1835615169557,348.3595497218485,68766800
2021-01-08,353.138916015625,353.3519335138123,349.28574719059816,352.5183216455743,71677200
2021-01-11,350.7585144042969,352.5090967320955,349.86005871507695,349.9804746734245,51034700
2021-01-12,350.83258056640625,351.8421806908139,348.60033453721564,350.94375332137713,52547700
2021-01-13,351.7773742675781,352.768431491567,349.98046294933357,350.75850265414215,45303600
2021-01-14,350.5454406738281,353.01851855461456,350.2120072157381,352.51834010082484,49989100
2021-01-15,347.9891052246094,349.7304163131025,346.13662136026045,348.9338618194296,107160000
2021-01-19,350.72137451171875,351.25861046647725,348.9615211334534,350.43424187842203,51233300
2021-01-20,355.5749816894531,356.40859366437286,352.6109965934532,353.00000232397593,61836100
2021-01-21,355.899169921875,356.55682200681423,354.98219950859266,356.1307303912218,47840100
2021-01-22,354.63946533203125,355.79726758341997,353.676165944212,354.0559284746663,52860500
2021-01-25,356.0380859375,356.3900340645269,350.5454507834374,355.3711907354322,70402000
2021-01-26,355.48236083984375,357.39041675362216,355.2508003816992,356.9828680859552,42665300
2021-01-27,346.7941589355469,352.268250784751,344.57118450473314,352.1756209612476,123351100
2021-01-28,349.77667236328125,353.7595005336595,348.1650207830178,348.6003272642872,94198100
2021-01-29,342.7743225097656,348.8875242713741,341.1070702475137,347.9242248487391,126765100
2021-02-01,348.47998046875,349.5080953515023,343.0614600074217,346.1551043861422,75817600
2021-02-02,353.40753173828125,354.95436791269526,348.563305430762,351.64767805001776,64450700
2021-02-03,353.6853942871094,355.3989470635839,352.4164476969592,354.2318734911407,52427100
2021-02-04,357.705322265625,357.7516230488669,353.79658074701985,354.7135510817987,47142600
2021-02-05,359.1131591796875,359.8171119122872,357.6589812031138,359.56703683096254,48669800
2021-02-08,361.70672607421875,361.75302686161535,359.7060402188195,360.55816692019795,38365200
2021-02-09,361.4658203125,362.0586285633891,360.46549172244113,360.8730120616109,35551100
2021-02-10,361.30841064453125,363.3461540337932,358.91871909408604,363.19795194487796,59154400
2021-02-11,361.8919372558594,362.7996644246822,359.4744596490832,362.3828442947827,42913300
2021-02-12,363.6795349121094,363.920338519712,361.0211976334396,361.09531279474186,50593300
2021-02-16,363.3646545410156,365.09675048774824,362.6514585158837,364.90221935362916,50972400
2021-02-17,363.44805908203125,363.6981342096576,360.61373296897347,361.6233614767793,52290600
2021-02-18,361.9012756347656,362.6422579286413,359.1410642967528,360.8546176513358,59712800
2021-02-19,361.2621154785156,363.43878952666716,360.8175092048532,363.1516568082577,83241000
2021-02-22,358.4833984375,360.8823615464996,358.2147803740749,358.51118456360194,67414200
2021-02-23,358.91864013671875,360.26170183872983,352.15708738402975,356.2881172371343,107284100
2021-02-24,362.8737487792969,363.2998403698214,356.85317693048404,357.83499100141944,72433900
2021-02-25,354.1300048828125,362.9756307811768,352.6943414403151,361.614054243243,146670500
2021-02-26,352.3052978515625,357.1402809088511,350.33242667147107,356.00102164898425,152701600
2021-03-01,360.8453063964844,362.0864954151904,352.4998861119535,357.1496102666347,105348800
2021-03-02,358.0295104980469,361.29914289591414,357.52933201527884,361.0675824477177,79595300
2021-03-03,353.2871398925781,358.29808287365273,353.18523860165686,357.3348118079067,119940200
2021-03-04,348.915283203125,355.67683676199033,344.45079112435485,353.1018857931817,183433000
2021-03-05,355.3341369628906,356.3807946921803,345.1547488924629,352.39793809635813,152039600
2021-03-08,353.5650329589844,359.08542635862597,353.28717171626954,356.2881862042194,123149200
2021-03-09,358.613037109375,361.15093050380403,356.89021272533046,357.39039119381505,113633600
2021-03-10,360.8453063964844,362.53107343582826,359.53933019420117,360.94720770398686,109899400
2021-03-11,364.5039367675781,366.46756487354185,362.8459560202513,363.29983372649673,86245000
2021-03-12,364.9948425292969,365.1337731463777,362.3458045414346,363.15163038715974,64653600
2021-03-15,367.17144775390625,367.4307942795085,363.1145048939015,365.24484933515953,73427200
2021-03-16,366.7083435058594,368.48671168557286,365.9395470892931,367.78278723665204,73722500
2021-03-17,367.95880126953125,368.75535559488856,364.2908636411773,365.43015115301284,97959300
2021-03-18,362.60516357421875,367.45866174204525,361.92899685898453,365.38388907793455,115349100
2021-03-19,361.9342346191406,363.87641702535865,359.76900680699566,362.305939150035,113624500
2021-03-22,364.8242492675781,366.1995871570597,362.3895521009953,362.4453063598302,73778600
2021-03-23,361.95269775390625,365.6326196800884,361.1721099731542,364.19225443451546,90686600
2021-03-24,360.11279296875,364.9729135223698,360.0663405424219,363.3466815716018,97588600
2021-03-25,362.13861083984375,362.9284721903629,356.7487968597733,358.681705445465,116128600
2021-03-26,367.9744873046875,368.3740689250356,362.6869079495488,363.28162946554033,114409100
2021-03-29,367.78863525390625,368.6900335718035,365.02868604213734,366.506230599657,108107600
2021-03-30,366.81292724609375,367.4820067384965,365.22384572711366,366.52485411067954,76262200
2021-03-31,368.2997131347656,369.85161555750506,367.35186241979716,367.379739547907,112734200
2021-04-01,372.2769775390625,372.3327601495362,370.01884528609827,370.2232869937267,99682900
2021-04-05,377.620361328125,378.15935697469143,374.85113861446,374.92546817300206,91684800
2021-04-06,377.39739990234375,378.43818403070935,376.7283203399315,377.06287430075787,62021000
2021-04-07,377.8340148925781,378.1778421925037,376.77465587008396,377.2299916608795,55836300
2021-04-08,379.62750244140625,379.6832566858351,378.1499582455843,379.0792334650368,57863100
2021-04-09,382.3875427246094,382.5548338572635,379.3860011955182,379.50681154051,61104600
2021-04-12,382.5269775390625,382.79644701337315,381.1888185604451,381.7928419590288,56704900
2021-04-13,383.6606750488281,384.2833021211937,382.04374472962985,382.42475109343,56551000
2021-04-14,382.3503723144531,384.68283426978144,381.81137670460754,383.6327485367833,61659900
2021-04-15,386.45782470703125,386.7273225614878,384.4320107814022,384.47846321595966,60229800
2021-04-16,387.74951171875,388.35353513360724,386.3277213105681,387.7402098886137,82037300
2021-04-19,385.8444519042969,387.2662422093501,384.52489664561284,386.82020814297175,78498500
2021-04-20,383.0194396972656,385.7329078820872,381.55116873929074,384.63636975752553,81851800
2021-04-21,386.64361572265625,386.8480574414504,382.26670824654997,382.4061222414996,66793000
2021-04-22,383.11236572265625,387.303406925715,382.05300649472724,386.47636655189376,97582800
2021-04-23,387.2662353515625,388.66945033208026,383.59561440222234,383.6699439588904,73209200
2021-04-26,388.0746765136719,388.6415492403517,387.33126755588586,387.9167155807785,52182400
2021-04-27,387.99114990234375,388.5673246133317,386.8574325020797,388.37215631284346,51303100
2021-04-28,387.8795471191406,389.375695263148,387.4149094181452,388.260553437065,51238900
2021-04-29,390.3514099121094,390.96473505982385,386.9874376079578,390.5930305834243,78544300
2021-04-30,387.7865905761719,388.93891128959154,386.89449418451875,388.09326732154926,85527000
2021-05-03,388.6230163574219,390.1470133949862,388.1305014883067,389.76600704578584,68128300
2021-05-04,386.2254638671875,387.13616403136706,382.55484279938787,386.6436491697438,101591200
2021-05-05,386.3463134765625,388.0933560641573,385.78874246957105,387.8610371745142,60162200
2021-05-06,389.43145751953125,389.56154133168053,384.4226493874601,386.42058587094186,74321400
2021-05-07,392.2657470703125,392.9162512267745,389.5150996883385,390.1934809738354,67733800
2021-05-10,388.38134765625,392.8418580569698,388.2605373215281,392.61884104470386,81852400
2021-05-11,384.9151916503906,385.9002213981806,381.0587040499787,383.88370947193107,116888000
2021-05-12,376.737548828125,383.4097394915113,375.42726709184967,382.14593854145664,134811000
2021-05-13,381.2630615234375,383.1866681631853,378.2336150294906,378.28009580912413,106394000
2021-05-14,387.117431640625,387.9630754348888,383.95790178507224,383.9857789053567,82201600
2021-05-17,386.13250732421875,386.94100075093894,384.12526903982337,386.0117253429356,65129200
2021-05-18,382.8057556152344,386.6343661765269,382.6477663005699,386.39274546912407,59810200
2021-05-19,381.8021240234375,381.9786886398152,376.66323156600845,378.1408045892193,106467100
2021-05-20,385.90948486328125,387.1640123182548,382.5548143000937,382.6755962796749,78022200
2021-05-21,385.59356689453125,388.62301401036063,385.13823098788333,387.3870617505494,76578700
2021-05-24,389.5243835449219,390.5930445875986,387.582172994574,387.8237936745519,51376700
2021-05-25,388.6601867675781,390.9554984502717,388.08404047916116,390.6023692130514,57451400
2021-05-26,389.43145751953125,389.93324582826676,388.2141089866511,389.2455910916205,43088600
2021-05-27,389.6358947753906,390.96475180607416,389.3570951367238,390.4536616740374,56707700
2021-05-28,390.3327941894531,391.4572093308634,390.10047537085916,391.19701338840736,58520200
2021-06-01,389.98907470703125,392.8233537338611,389.55231407294144,392.68396807601084,54216600
2021-06-02,390.60235595703125,391.43872658911135,389.6359298618181,390.63953491738175,49097100
2021-06-03,389.15264892578125,390.2863660477926,386.8387622554671,388.2977314392226,58138800
2021-06-04,392.7118225097656,393.00919746881766,389.2177376389968,390.99265720434005,55938800
2021-06-07,392.3307800292969,392.8790491074856,391.40150463726826,392.70248451426147,51555000
2021-06-08,392.4143981933594,393.2786174726193,390.5930264269201,393.18568426469994,47134300
2021-06-09,391.8289794921875,393.32512768168914,391.6059624638834,393.2507697660974,48436300
2021-06-10,393.65032958984375,394.5982086261025,391.7360245783089,393.0463062654877,51020100
2021-06-11,394.3008117675781,394.41232026935137,392.9162006051728,394.1986050940301,45570800
2021-06-14,395.1836853027344,395.2858919893771,393.1764469359521,394.41237080126155,42358500
2021-06-15,394.4587707519531,395.36944235263894,393.58524974284984,395.3322917610564,51508500
2021-06-16,392.2564392089844,394.82124847769757,390.22135210226025,394.59823144884797,80386100
2021-06-17,392.12646484375,393.10219297654345,389.6638899320742,391.8476934798786,90949700
2021-06-18,386.83648681640625,389.5495007745932,386.6313762009673,388.85959618267134,118676300
2021-06-21,392.3742980957031,392.5607725814609,387.7779893870937,388.5890993413175,72822000
2021-06-22,394.4720764160156,395.30185103388027,391.64716102430225,392.36506231212155,57700300
2021-06-23,393.99658203125,395.34842259301394,393.91267704068656,394.54664482628675,49445400
2021-06-24,396.32733154296875,396.74685645396283,395.8798098525635,396.13155325117157,45110300
2021-06-25,397.7351379394531,398.1826596628426,396.7468856958135,397.0732018408674,58129500
2021-06-28,398.53692626953125,398.70473623877365,397.0638802306052,398.25724298746064,53159600
2021-06-29,398.75146484375,399.553242746234,398.22003802818597,398.91927485329046,35970500
2021-06-30,399.08697509765625,399.7582434032112,398.26653289619884,398.29450122342985,64827900
2021-07-01,401.2966003417969,401.45510651405067,399.77692134836326,399.84219026940974,53441000
2021-07-02,404.3639221191406,404.7182065985421,401.3805008260889,402.4526865249136,57697700
2021-07-06,403.62738037109375,404.63429713848,400.9050347893744,404.4198543106815,68710400
2021-07-07,405.0538635253906,405.333575301401,402.3035493327299,404.30802236006286,63549500
2021-07-08,401.7534484863281,402.5086218416847,398.5835527035313,399.7582794572034,97595200
2021-07-09,406.0420227050781,406.34037048355896,401.5575875765757,403.25440855817396,76238600
2021-07-12,407.4964904785156,407.7482339001441,405.52931821683023,405.95817542684443,52889600
2021-07-13,406.1073913574219,408.2051016773012,405.8463441001398,406.7133908705391,52911300
2021-07-14,406.71331787109375,408.27962958567196,405.47335073456526,407.7948073005834,64130400
2021-07-15,405.32421875,406.05142380082106,403.43161916568266,405.3801554114466,55126400
2021-07-16,402.14501953125,406.54555043309637,401.7534629006535,406.4989460325066,75874700
2021-07-19,396.20623779296875,402.2103536866974,393.4092904555928,397.3436641815824,147987000
2021-07-20,401.8840026855469,403.1519668304495,396.0756656416528,396.86813967571476,99608200
2021-07-21,405.1377868652344,405.27765698558056,401.8374096846167,403.0773770798175,64724400
2021-07-22,405.98614501953125,406.2285561812566,404.33595664289896,405.31487664645783,47878500
2021-07-23,410.1629638671875,410.49858385610935,407.2261751560549,407.9067473953741,63766600
2021-07-26,411.1697998046875,411.17913206497195,409.52894375936796,409.5755481567641,43719200
2021-07-27,409.2958068847656,410.1628534079964,406.4801960709925,410.1348850831183,67397100
2021-07-28,409.1280212402344,410.49852624000596,407.7109118436593,409.9204951499821,52472400
2021-07-29,410.8248291015625,411.8969862615193,410.04168747728073,410.051019737145,47435300
2021-07-30,408.8297119140625,410.27478967456426,408.1397790411661,408.2703168786377,68951200
2021-08-02,407.9720153808594,411.08594634074757,407.6177308698033,410.535883503272,58783300
2021-08-03,411.291015625,411.4122212036647,406.5828332901923,408.76444835011597,58053900
2021-08-04,409.2679138183594,411.2630544145641,409.03483491751217,410.0137549202648,46732200
2021-08-05,411.8597412109375,411.9436461991985,410.10698336189347,410.4239672459952,38969700
2021-08-06,412.5403137207031,412.9598671143708,411.8970136914866,412.1767254379363,46930000
2021-08-09,412.20477294921875,412.82940857745217,411.44026719488556,412.51242463219626,41222600
2021-08-10,412.7174987792969,413.4260678014038,411.9716576154071,412.65222985315194,43339300
2021-08-11,413.7429504394531,413.8361876751202,412.6614611001366,413.78025102412187,44034300
2021-08-12,414.9830322265625,415.12290234474574,412.69887580714226,413.5938909226204,38909400
2021-08-13,415.7381591796875,415.75679524781077,414.94568527825686,415.43047911757316,39470300
2021-08-16,416.7170715332031,416.84758091171517,412.89457218859576,414.4422193750275,73740000
2021-08-17,413.98541259765625,414.8431269867084,411.0113236608944,414.17185863996565,92673900
2021-08-18,409.4543762207031,414.53550784290934,409.2119935015114,412.9785282041807,89351900
2021-08-19,410.08837890625,411.2817703416824,406.60152721840166,406.7413688859858,92812200
2021-08-20,413.3514709472656,413.67778712939463,409.94852436681583,410.4333467352419,72008700
2021-08-23,416.9875183105469,417.8918656542568,413.42606560010046,415.02964970074015,54973000
2021-08-24,417.6494445800781,418.18087133123964,417.1366823512831,417.6494445800781,38744700
2021-08-25,418.5257873535156,419.03854953793854,417.4629339431671,417.83588293403466,40529700
2021-08-26,416.0550842285156,418.47908153440784,415.96184699705634,418.24600268176374,57829600
2021-08-27,419.7750549316406,420.1479754421771,416.8009662029935,416.8569028569734,77235100
2021-08-30,421.62115478515625,422.4042965877631,420.20401665966153,420.44642785523683,48357400
2021-08-31,420.9964599609375,421.8635067020357,420.3997927296068,421.5278867191652,59300200
2021-09-01,421.2201232910156,422.44145429599706,420.9870444205686,421.9286921618179,48721400
2021-09-02,422.51611328125,423.3178910483312,421.322750439352,422.6373188627889,42501000
2021-09-03,422.41357421875,422.92636491207014,420.98713237168766,421.38804973614276,47170500
2021-09-07,420.9031677246094,422.16179940000075,420.2318993945348,422.06856215515467,51671500
2021-09-08,420.3904113769531,421.0989803051799,418.47914741318687,420.3717753085308,56181900
2021-09-09,418.59112548828125,421.9381355350653,418.3487142945361,420.1947096773272,57970400
2021-09-10,415.2906799316406,420.93117815889764,415.16947434641764,420.51165319314345,89948200
2021-09-13,416.353515625,418.5351593108477,414.0506948028417,418.2741120636888,83738600
2021-09-14,414.10662841796875,417.9943684978522,413.2209172260456,417.7892579298286,78197100
2021-09-15,417.5655517578125,418.05967793066094,413.426067858019,414.5261935331129,78792200
2021-09-16,416.9036560058594,418.01308559794103,413.9668385644041,417.04349768116214,77786700
2021-09-17,412.8424987792969,416.55565067502687,412.4870792787578,416.13478169530885,118425000
2021-09-20,405.9587097167969,408.3156617681073,401.11382101879656,406.744360400567,166445500
2021-09-21,405.57513427734375,409.5782269140936,405.0513672813698,408.28750519431475,92526100
2021-09-22,409.53155517578125,411.5611742401926,405.68747544919097,407.8386598671586,102350100
2021-09-23,414.50732421875,416.1067119256756,411.1589540771979,411.39277968477785,76396000
2021-09-24,415.19012451171875,415.90096352552064,412.66479641554514,412.8799262600289,62094800
2021-09-27,414.0022888183594,415.32104015057223,413.31014559826434,414.16127425016805,61371100
2021-09-28,405.6593933105469,411.57051184242243,404.9298585168966,411.2431502653508,130436300
2021-09-29,406.3421630859375,408.7645930197675,405.7809759041746,407.03427776898445,82329200
2021-09-30,401.37579345703125,408.51212870978463,401.03906966013284,407.8106517213491,140506000
2021-10-01,406.1457824707031,407.8199820779621,399.5893308061185,403.09671547477393,129240100
2021-10-04,400.9080810546875,405.8838687084721,398.77556393327893,404.98598629215144,128570000
2021-10-05,405.0795593261719,407.31491768424513,401.609594693182,402.40457906385245,90682500
2021-10-06,406.7630310058594,406.9687986871979,399.87921865411016,401.4972736297954,113032200
2021-10-07,410.2798156738281,413.10441906944726,409.8495844974605,410.0272942635366,72437500
2021-10-08,409.53155517578125,411.43024672745184,408.90491846012617,411.0467692620776,74557400
2021-10-11,406.5665588378906,411.77619949626927,406.5010808265694,408.8767566592956,65233300
2021-10-12,405.5657958984375,407.8853559760008,404.7801453584149,407.4831828203635,71181200
2021-10-13,407.02490234375,407.83861088635894,403.62041636017756,406.5853090624002,72974000
2021-10-14,413.8713684082031,414.02102023777945,410.20496994150267,410.6726212052408,70236800
2021-10-15,417.0233154296875,417.38809710044063,415.35847814408345,415.97578121085803,66260200
2021-10-18,418.25787353515625,418.5945686911891,414.5914756470946,415.24619873026535,62213200
2021-10-19,421.4847412109375,421.55019069451413,419.26805026281613,419.87601973520236,46996800
2021-10-20,423.14019775390625,423.4395013974078,421.830779992545,421.9430117230665,49571600
2021-10-21,424.2438659667969,424.46832943743675,422.1113773662151,422.54160853266404,41305400
2021-10-22,423.8042297363281,425.2539656192229,421.86814686856104,423.8135918943795,58845100
2021-10-25,426.0770568847656,426.4044184794836,423.12152600267797,424.8892329450859,45214500
2021-10-26,426.4604187011719,428.82673232287635,426.0863034985896,427.62021293528545,56075100
2021-10-27,424.5711669921875,427.58284181405264,424.496326817205,426.91878511269175,72438000
2021-10-28,428.66790771484375,428.7427193661582,425.9835937368893,425.9929273538217,51437900
2021-10-29,429.53765869140625,429.8276001732101,426.0863902989246,426.37633178072844,70162400
2021-11-01,430.2765808105469,430.89388390110435,428.5556275928569,430.5197400572505,48433600
2021-11-02,432.01617431640625,432.32484009362486,430.31391709227427,430.4448731294371,48908400
2021-11-03,434.65374755859375,435.05592075419565,431.0154073955712,431.45500068055804,52509800
2021-11-04,436.7021179199219,436.78629172441015,434.90632446133264,435.2523818386185,52847100
2021-11-05,438.21722412109375,440.2000606050428,436.71140098602126,438.9187009079529,66390600
2021-11-08,438.59136962890625,439.8072799359265,437.9086171102104,439.3115707807346,50405200
2021-11-09,437.1416931152344,439.19000790226266,435.7387393456625,438.9561822740007,51149100
2021-11-10,433.6249084472656,437.14165472126496,432.1471431654352,435.45809321974474,69429700
2021-11-11,433.7651672363281,435.18684509775545,433.74647146457994,435.1120049244367,34848500
2021-11-12,437.03875732421875,437.59058233417034,434.08319821257237,435.0278628031356,53466700
2021-11-15,437.18841552734375,438.4791374698599,436.06606971793025,438.32015203819657,46980500
2021-11-16,438.9186706542969,440.0503784670045,436.85166052357863,436.9264721500284,48857500
2021-11-17,437.8525085449219,438.83456471339144,437.23520549442225,438.65685496204304,47858300
2021-11-18,439.339599609375,439.601483135465,436.1689108233059,438.88128203134477,50625600
2021-11-19,438.55401611328125,440.4713748786704,438.18923442659184,439.2274065320901,57315600
2021-11-22,437.3193359375,442.90309222744014,437.11356827439874,440.4245466558774,72762000
2021-11-23,437.899169921875,438.75029840856973,434.4011485830838,436.991925582709,73206500
2021-11-24,439.0683898925781,439.18998377950254,435.09335443045563,435.90706300520714,61858800
2021-11-26,429.2757263183594,433.88676011362156,428.15335206646023,432.42769071205043,112669600
2021-11-29,434.5415344238281,436.37471927780655,431.8572208947111,434.0458252551393,86268800
2021-11-30,426.08636474609375,434.0083773215289,425.8431769850362,432.10971456592034,148559600
2021-12-01,421.3537902832031,434.6070397085966,421.1573847437486,431.77307418093795,131939200
2021-12-02,427.8073425292969,429.369310207567,421.1760514660489,421.56889106102784,127637800
2021-12-03,424.08489990234375,430.51975754780614,419.87603837650664,429.4628896298023,137331600
2021-12-06,429.1073913574219,430.9779961367995,424.21574958381035,426.6194835756699,98977500
2021-12-07,437.9833984375,438.5445855755073,428.97643192913154,434.36378278494004,95484700
2021-12-08,439.1431579589844,439.5921133715834,436.62719230325564,438.3762317093102,72238800
2021-12-09,436.1783752441406,439.2461666446599,435.9819696893162,437.86190851469047,61272600
2021-12-10,440.28424072265625,440.43389253118346,436.32792985552976,438.871953514165,77159800
2021-12-13,436.384033203125,440.115880522037,436.10342536649597,439.7698232123747,87724700
2021-12-14,433.3817138671875,435.60773818463684,430.47293705354144,433.1291924903542,97264100
2021-12-15,440.1533508300781,440.3965100644385,430.9312535760348,433.437885904042,116899300
2021-12-16,436.2718505859375,442.276476487203,434.7285786686983,441.99589716215934,116568600
2021-12-17,431.6286315917969,436.19955239682724,429.9297889238789,433.2054531879676,135511600
2021-12-20,427.0389404296875,427.4331314987916,423.43476458066107,426.5696462517917,107134800
2021-12-21,434.62274169921875,434.76352423036354,428.2872700067012,430.4460118667737,69806300
2021-12-22,438.96844482421875,439.0810708579234,434.1722428370173,434.36936703944747,58890200
2021-12-23,441.69976806640625,443.1921203922969,439.8601425672733,439.96337355674586,56439700
2021-12-27,447.95068359375,447.9976015537163,443.0230947726751,443.07001273264143,56808600
2021-12-28,447.58465576171875,449.4055195900255,446.8244014321464,448.3824616482978,47274600
2021-12-29,448.15716552734375,449.1708283192884,446.6929700259556,447.6878713629644,54503000
2021-12-30,446.91827392578125,449.583861651596,446.4583747572178,448.57956514884495,55329000
2021-12-31,445.79193115234375,447.5752433544864,445.5197611440757,446.4301930229222,65237400
2022-01-03,448.373046875,448.50446299701963,444.7501094779795,447.04963382232506,72668200
2022-01-04,448.222900390625,450.5036920806799,446.3738800084919,449.7903556966754,71178700
2022-01-05,439.6160888671875,448.62654425027876,439.5222242879312,447.8568948012044,104538900
2022-01-06,439.20306396484375,441.9062031753526,436.8471978839519,439.1561460016045,86858900
2022-01-07,437.4666748046875,440.3856996959157,436.11510518357954,439.21246416672096,85111600
2022-01-10,436.92230224609375,437.13815924974546,428.55947603097115,434.2848710913376,119362000
2022-01-11,440.9019470214844,440.99581159999224,433.6748041280958,436.65953732133823,74303100
2022-01-12,442.0939025878906,444.1400470908077,440.1416512981123,442.6289048560433,67605400
2022-01-13,436.0024719238281,443.8396908575435,434.9794139965531,443.1920625646944,91173100
2022-01-14,436.1808166503906,436.52808978679013,431.6568135400959,432.8676006358353,95890900
2022-01-18,428.4562072753906,431.71311015183727,427.34867984369737,431.50661955919577,109709100
2022-01-19,424.0072021484375,431.3844913522974,423.73500356131746,429.9953992044523,109357600
2022-01-20,419.3143005371094,430.5679644846723,417.20247697536684,425.88441828475294,122379700
2022-01-21,411.08294677734375,420.5439049938418,411.05479027183264,418.19743405643766,202271200
2022-01-24,412.8287353515625,413.3355811285161,394.9204805481449,405.49836193837206,251783900
2022-01-25,407.78851318359375,412.7161024030997,400.9180390545414,406.4651000702844,167997300
2022-01-26,406.76556396484375,416.77092266305533,402.52312482818314,413.6548013921434,186391100
2022-01-27,404.7568359375,414.4712312098772,403.0767833933203,411.34574456850135,149878300
2022-01-28,414.8091735839844,414.85609154872685,401.5469143096676,406.10844039096463,164457400
2022-01-31,422.28033447265625,422.6276076174351,412.8005853653847,414.14275997921226,152251400
2022-02-01,425.1335754394531,425.7718085992646,419.49265067683643,423.0029616992407,123155400
2022-02-02,429.26336669921875,429.98606938188885,425.2274198046737,427.5269726075797,117361000
2022-02-03,419.1736145019531,425.15241844539145,418.3382570186423,423.2564800563561,118024400
2022-02-04,421.1446838378906,424.974112427803,416.5737336474782,418.9389950690979,118454400
2022-02-07,419.7931213378906,423.2940382750576,418.46970805369176,421.90494556180283,84472900
2022-02-08,423.24713134765625,424.1669584563778,417.8784035903927,419.29568149465393,81012000
2022-02-09,429.4417724609375,429.7608891004601,427.06714480037397,427.2642403570165,92589900
2022-02-10,421.7265319824219,429.6012734878491,419.7367292271085,423.6224701723359,140103700
2022-02-11,413.41064453125,423.87589961159756,411.98400045457316,421.81102228825836,153214600
2022-02-14,412.0591125488281,414.48068691675223,408.60511374668846,412.90386511274687,123006300
2022-02-15,418.7043151855469,418.87325423289116,415.96362429591613,416.47986513184117,88482700
2022-02-16,419.1736145019531,420.5439456416827,414.7997888146647,416.6675706954675,84863600
2022-02-17,410.21942138671875,419.1454057486569,409.618739738148,416.0011290518587,102259100
2022-02-18,407.5632019042969,411.7211411385126,405.30120069692,410.4728026773066,132642900
2022-02-22,403.1894226074219,408.7552449000615,399.70723904825377,405.36695455226914,124391800
2022-02-23,396.03741455078125,406.65284780613894,395.47425574268425,406.089688998042,132578000
2022-02-24,401.997314453125,402.4290856482403,385.42187205351536,385.7785115088942,213942900
2022-02-25,410.8670959472656,410.95156547095496,401.5844423836347,403.22697217896933,121804500
2022-02-28,409.8158874511719,411.2894782206661,404.25006470919953,405.498374768783,145615000
2022-03-01,403.5742492675781,410.3227021337157,400.8804765076019,408.32350426508583,137785900
2022-03-02,410.9985046386719,412.71610887615117,405.0666188393467,405.8174781319554,117726500
2022-03-03,408.9523620605469,414.020733918867,407.1596546990393,413.42005221055416,105501700
2022-03-04,405.6296691894531,406.75595782726407,401.603117848941,405.2354495479844,113978200
2022-03-07,393.6720886230469,405.7517156092554,393.6063805668149,405.04777437562143,137896600
2022-03-08,390.6874084472656,400.97432894741854,389.62679900774907,393.85044666663845,164772700
2022-03-09,401.16204833984375,403.1330895948316,396.8539312695745,399.0314631063885,116990800
2022-03-10,399.3505859375,400.2422276939095,394.620092580412,396.57234376713836,93972700
2022-03-11,394.2728576660156,402.43856000737617,393.7660118820792,401.8284832426369,95636300
2022-03-14,391.391357421875,398.4776882871235,390.255673493645,395.0424799965583,95729200
2022-03-15,399.99822998046875,400.62706816648796,392.72416989957503,393.99124132149103,106219100
2022-03-16,408.86785888671875,408.92417189713063,398.7123259052682,403.48976588827804,144954800
2022-03-17,413.9831848144531,413.9831848144531,406.587103776138,406.96253340051334,102676900
2022-03-18,418.5174560546875,418.8375640496455,411.6444865688326,412.3788587296018,106345500
2022-03-21,418.3951110839844,420.34400315492985,414.90210943181734,418.34801862936644,88349800
2022-03-22,423.2908630371094,424.22294298577435,419.77904208379323,419.77904208379323,74650400
2022-03-23,417.839599609375,422.2552571041615,417.7548676697066,420.76769294259685,79426100
2022-03-24,424.13824462890625,424.14766886587796,418.74344361122075,419.8544117415458,64736900
2022-03-25,426.2095031738281,426.48254741421493,422.1986864207948,424.76900301684685,77101300
2022-03-28,429.2411804199219,429.2411804199219,423.73337514000565,425.61638352750333,68529800
2022-03-29,434.5513000488281,435.04090067569854,430.43693083724736,433.1107996129039,86581500
2022-03-30,431.8680419921875,434.22180278627525,429.7684770201859,433.41209413224465,79666900
2022-03-31,425.2209167480469,431.92442120464113,424.7689844456922,431.10531725171796,121699900
2022-04-01,426.42608642578125,426.9344779963225,422.86720176985517,426.79325811561665,89048800
2022-04-04,430.0791015625,430.1826819640368,425.80469323655575,426.6237972828837,59601000
2022-04-05,424.6466369628906,431.0488540116193,423.5074249292268,428.59154184820875,74214500
2022-04-06,420.4004821777344,422.66951094806757,417.52890560703577,420.7488628977492,106898000
2022-04-07,422.5188293457031,424.3265300513527,417.58535653376873,419.52485288651064,78097200
2022-04-08,421.3890075683594,424.27000788847994,419.8543512494377,421.76560347137945,79272700
2022-04-11,414.1866149902344,418.96944454638094,413.6876188235551,418.13149186572025,89770500
2022-04-12,412.6518859863281,419.6754993093874,411.1078052988178,417.1616704401845,84363600
2022-04-13,417.3782043457031,418.1313961761753,412.22817547236576,412.40706356027755,74070400
2022-04-14,412.1811828613281,418.7152251179499,412.0776024456247,417.60422818757394,97869500
2022-04-18,412.3506164550781,414.02649286644555,410.1286514899628,411.2584680800119,66002500
2022-04-19,419.0070495605469,419.7225732355812,412.0775635034835,412.24702736869455,77821000
2022-04-20,418.69635009765625,421.3890672136186,417.53831825026737,420.77709519303664,65224400
2022-04-21,412.43536376953125,423.68635144045646,411.5315277032449,422.30233899562865,85417300
2022-04-22,401.11846923828125,412.4541594531157,400.55356095514185,411.35261559680123,132471800
2022-04-25,403.4439697265625,403.6134335850115,394.33961156529534,398.88709289400344,119647700
2022-04-26,391.7598876953125,401.11844136754604,391.73164371973945,400.9207048061077,103996300
2022-04-27,392.8614807128906,398.18100288274366,390.7337005773798,392.8332367337777,122030000
2022-04-28,402.784912109375,404.5078808966821,393.17216221026155,397.58781923542455,105449100
2022-04-29,387.8997497558594,400.95840906428657,387.15595335566474,398.8117805304688,145491100
2022-05-02,390.2346496582031,391.5904179300961,381.3279997296009,387.96562121333255,158312500
2022-05-03,392.0235595703125,394.42438400889665,389.1801982351646,390.73370329446914,100028200
2022-05-04,403.9618835449219,404.5267919425674,389.5097849729607,392.6826502664453,144247900
2022-05-05,389.6038513183594,400.1392856315828,385.4894825550537,399.7155972479429,172929100
2022-05-06,387.2783203125,390.5359166827726,381.99649573119626,387.0523685069678,151770800
2022-05-09,374.8787536621094,382.63673935937004,373.30642894835574,381.40337111087143,155586100
2022-05-10,375.7449035644531,382.32600865511546,371.72469101869683,380.829020441603,132497200
2022-05-11,369.77581787109375,380.4054095794836,369.03202142087446,374.7846276976837,142361000
2022-05-12,369.38970947265625,372.6473055635439,362.6202927990337,366.5934411893071,125090800
2022-05-13,378.2210998535156,379.59568805484594,372.4684937718504,373.50415422453636,104174400
2022-05-16,376.6864318847656,380.33947297147097,374.3420954969533,376.5828802088455,78622400
2022-05-17,384.4350280761719,384.6704041422355,379.0307740612988,382.74972739807595,83029700
2022-05-18,368.9378356933594,380.17939855656863,367.7044674442447,379.8969587790726,117674500
2022-05-19,366.67822265625,371.0844842086102,364.4656820097794,365.88736256542336,98510700
2022-05-20,366.83831787109375,373.8054438090952,358.2800473984459,370.24655877361363,131432200
2022-05-23,373.7018737792969,374.46448991142154,367.5444280343373,369.851096171746,76414900
2022-05-24,370.84912109375,372.035396905163,364.32447483504643,369.5969043569321,91448800
2022-05-25,374.12554931640625,376.0838942993882,368.96612427599865,369.3615399815034,91472900
2022-05-26,381.60113525390625,383.2299481634351,375.1424290444623,375.3495611558912,82168300
2022-05-27,390.96905517578125,391.08203108602834,383.85128550592344,384.0489933488559,84768700
2022-05-31,388.77532958984375,392.0988383279228,386.04497310590705,389.35905760743515,95937000
2022-06-01,385.63067626953125,391.89167303805095,383.1262718156382,390.8842854474684,86585800
2022-06-02,392.9744567871094,393.02152050473194,383.22988244769175,385.4706670691487,79609600
2022-06-03,386.52520751953125,389.8204727754395,385.5554591792327,388.276391835389,71874300
2022-06-06,387.7020568847656,392.2400856938536,386.5345720353619,390.517145497597,57508900
2022-06-07,391.42095947265625,391.8728918468309,383.76652548386954,384.22788209472355,59272400
2022-06-08,387.1653137207031,391.49623828881266,386.37445373160176,389.7167817640161,64350000
2022-06-09,377.9574890136719,387.65497182412037,377.9574890136719,385.3953672474794,86289800
2022-06-10,366.9983215332031,372.6285269294592,366.9512578167044,371.78117890548924,132893900
2022-06-13,353.0640869140625,359.47572843382756,351.4635182270805,357.63038818463684,170004900
2022-06-14,352.00018310546875,355.8321122307695,348.91205036955256,354.8058760643675,104011800
2022-06-15,357.0184020996094,361.4434545749502,350.3525363114145,355.28600909693944,125666800
2022-06-16,345.2025146484375,349.24157577546,342.7828419203488,348.83673585883366,134473300
2022-06-17,345.9466857910156,349.2751150795737,342.45755440518343,345.61575893672597,111113900
2022-06-21,354.65545654296875,356.0359826472647,351.57288467855716,351.6485465469434,76811900
2022-06-22,354.0124206542969,358.1067313139649,350.0315450667165,350.44759870939254,90059400
2022-06-23,357.482666015625,358.2107454929241,352.5940787916053,356.13997099447135,79292100
2022-06-24,368.8484191894531,368.85788413601364,360.6125017111181,360.6408676942553,98050300
2022-06-27,367.4395751953125,370.0587975017824,366.3521738911523,369.76567268561445,66009600
2022-06-28,359.9316711425781,371.7607760766396,359.8182072157404,368.99025938902804,86548900
2022-06-29,359.6386413574219,361.46358732795056,357.82316033547687,360.4802137979598,65676000
2022-06-30,356.7166748046875,359.9410755135529,352.28194431900346,355.7616388202899,112508300
2022-07-01,360.4896240234375,360.9246076353703,353.45457064095484,356.06435688635764,74839700
2022-07-05,361.17041015625,361.1893400506747,352.60353638031745,355.42134927768956,81438000
2022-07-06,362.3901672363281,364.8675591963436,358.93883808157653,361.31220220280136,70426200
2022-07-07,367.8177490234375,368.61202540572873,362.4090803527021,364.15839292566767,64525900
2022-07-08,367.5152282714844,369.37800498002616,364.66904928186506,366.1914052999561,72397800
2022-07-11,363.31689453125,365.81318791961246,362.6266170491616,364.84871551946867,58366900
2022-07-12,360.1018981933594,365.14180928001315,358.36205049936086,362.76841613095786,62219200
2022-07-13,358.210693359375,361.13253350305484,354.26767796331455,354.68373156308917,84224600
2022-07-14,357.3408203125,358.4187564891479,350.84475070087467,353.2748467855768,89704800
2022-07-15,364.1678771972656,364.2813411355363,359.82770841913714,361.7282870982627,79060400
2022-07-18,361.16094970703125,367.91231341217645,359.94115471730987,367.2409659059459,63203600
2022-07-19,370.919189453125,371.4865379218226,364.41368409588983,365.06610164986904,78506000
2022-07-20,373.2831726074219,374.6920934702504,369.7467451710396,371.1083701548272,71843800
2022-07-21,377.0843811035156,377.1316481251823,370.3140872351293,372.70638143368456,64903900
2022-07-22,373.5857849121094,378.398739668535,371.373151393961,377.20733937817687,72197300
2022-07-25,374.03955078125,374.8905589631493,371.8079880763292,374.2097466463221,53631500
2022-07-26,369.6143493652344,372.61179398374196,368.7255101067166,372.4037671603326,52946400
2022-07-27,379.2118835449219,380.9517310966384,372.60232120977315,372.8954459743451,82342100
2022-07-28,383.96807861328125,384.65832707525976,376.47914250968347,380.01559818530455,73966600
2022-07-29,389.5658874511719,390.5492896244354,384.630004404881,385.3959148037413,87003700
2022-08-01,388.412353515625,390.90867586229285,386.1713539150999,386.88053246496474,69997500
2022-08-02,385.84979248046875,390.52091664915406,384.67729339338854,386.85209567230385,63435400
2022-08-03,391.89202880859375,393.05506301560587,387.6842250670768,387.96788490865407,67820600
2022-08-04,391.6272277832031,392.49713710795265,389.9913792556796,391.8163247050197,45656600
2022-08-05,390.9653625488281,391.60834410065166,387.3060062724685,387.362738241362,56814900
2022-08-08,390.5115051269531,394.8895051228033,389.4146388910765,392.6485056258635,53886100
2022-08-09,388.960693359375,390.2844871811707,387.892193356466,389.7833356323287,44931800
2022-08-10,397.13043212890625,397.27229089166696,394.0384247471789,395.9862990766892,68665700
2022-08-11,397.13043212890625,401.82048597583395,396.392887760029,399.9671456794408,59489700
2022-08-12,403.85345458984375,403.9574535679473,398.1138306323642,399.0594018073081,61694500
2022-08-15,405.5176086425781,406.0376900622045,401.5934943435859,401.65022630113936,54048300
2022-08-16,406.3119812011719,408.2314897011034,403.6454633274114,404.44920466821014,59289000
2022-08-17,403.4279479980469,406.1228316979683,401.43280661081104,402.7282345419043,63563400
2022-08-18,404.6004638671875,405.2812474108149,402.34053490810277,403.6264978547886,49023200
2022-08-19,399.1634521484375,402.1136297635589,398.29351392155985,401.8488709739081,68016900
2022-08-22,390.8518371582031,394.52065780471906,389.9535330310516,394.3504330682569,77695600
2022-08-23,389.90631103515625,392.8092217006566,389.3578635500323,390.42636368047374,49105200
2022-08-24,391.1545104980469,392.51610668513507,388.9986089883818,389.67939265365226,49177800
2022-08-25,396.67657470703125,396.7238417233846,391.55156621776786,392.6389673027772,50942300
2022-08-26,383.2494812011719,397.102094248587,383.1927492346699,396.5631405668187,103087000
2022-08-29,380.71533203125,383.7506074648165,379.3631721580166,380.30874334599116,65370800
2022-08-30,376.5359191894531,382.1053477002366,374.44621480785787,381.8689548878579,85652400
2022-08-31,373.6708068847656,379.40096584880325,373.53844192677496,378.1622699284396,76029700
2022-09-01,374.8432922363281,375.18368396672986,368.81054425754013,371.50542754937516,78740100
2022-09-02,370.8908386230469,379.70356914138836,369.08479416646423,378.4932391584454,99632100
2022-09-06,369.4913635253906,372.66846849505936,367.2787306665415,371.7323623623068,76637400
2022-09-07,376.12933349609375,376.89524390582346,368.96191606413413,369.17937898507915,70964200
2022-09-08,378.58782958984375,379.04168533112323,372.6685442072661,373.8694381880067,80821700
2022-09-09,384.4692687988281,385.329742082949,380.5545900462263,380.81934883699086,76706900
2022-09-12,388.60137939453125,389.32002270766344,386.2279865572964,386.530576252988,69256300
2022-09-13,371.7041015625,381.1598150143237,370.5883343007562,379.95892093775177,122947100
2022-09-14,373.12237548828125,374.6352950749649,369.8317775514849,372.9994466237355,85023700
2022-09-15,368.88623046875,374.4083627921359,367.6191685285438,371.5716492033494,87633800
2022-09-16,366.07208251953125,366.7272091723702,362.7964492553366,364.72387185360486,103084800
2022-09-19,368.9109191894531,368.9109191894531,362.86289235187127,362.9388650171461,73278500
2022-09-20,364.67633056640625,366.60372391938756,361.9324194562877,365.5973034872937,77274900
2022-09-21,358.3150634765625,369.63255802413545,358.305559648517,366.594288508297,106746600
2022-09-22,355.3052673339844,359.17903334074293,354.564693142615,357.5459685886099,89472600
2022-09-23,349.3521728515625,351.8872028833452,344.92770661744225,351.8492165492308,122346900
2022-09-26,345.89617919921875,351.4979616366179,344.68087714847763,347.8900418227232,92581200
2022-09-27,345.0131530761719,351.6783204261148,342.6300104380139,349.41861164213634,108294100
2022-09-28,351.8017578125,353.48228367645163,344.2725823827886,345.9626120741058,110802200
2022-09-29,344.4530029296875,348.55462907314757,341.51918862235004,348.26980398508965,112952300
2022-09-30,339.1265563964844,347.41531451229605,338.99364767477,343.5130367895296,153711200
2022-10-03,348.0799255371094,349.92187183515944,341.0539594494883,342.82943689733025,89756500
2022-10-04,358.8656921386719,358.8941746443229,348.04190536505,353.57721811383504,103602800
2022-10-05,358.03021240234375,360.28041756142954,352.20057002554404,354.51724403133267,88065700
2022-10-06,354.3367614746094,359.5777447717773,353.8430261300766,356.63442728157884,82333500
2022-10-07,344.4530029296875,354.4222866629077,342.6965042864364,350.32063154436236,107789500
2022-10-10,341.82293701171875,345.80115762255645,339.5917399082143,345.5637937626023,76042800
2022-10-11,339.65814208984375,344.6807689223385,337.7307489198241,340.13286975709076,92482800
2022-10-12,338.5378723144531,341.6331067135325,338.2910045967103,340.0665108338142,76991800
2022-10-13,347.4721984863281,348.9343679346623,330.5149097513193,331.5593165001294,147254500
2022-10-14,339.55377197265625,351.54539946318886,338.91762404448093,349.9218097110879,123737000
2022-10-17,348.2792663574219,349.38063819195844,339.22145295922246,345.61129877486803,93168200
2022-10-18,352.3714294433594,356.4730842166548,348.94387997178285,356.16925149824414,97162900
2022-10-19,349.8743896484375,353.05507171298586,347.0734840300101,350.3396136218043,79746900
2022-10-20,346.94061279296875,353.83367048631527,346.18103084358296,349.4281821051438,88283100
2022-10-21,355.37164306640625,355.8558455809557,345.1649982836205,346.66512495382386,131038400
2022-10-24,359.72021484375,360.85006925134127,354.2513416759188,356.8908558861546,85436900
2022-10-25,365.4644470214844,365.77775460734784,359.5303497695806,359.6442798008037,78846300
2022-10-26,362.7110290527344,367.9900000333237,362.0749100071893,362.33125259605407,104087300
2022-10-27,360.7740478515625,365.54030319202553,360.1568787050726,363.7078613534191,81971800
2022-10-28,369.357177734375,369.83190549665636,360.4892666119688,360.66966547964233,100302000
2022-10-31,366.6892395019531,368.7685495858821,365.7872740661706,366.90762472118575,96631300
2022-11-01,365.0846252441406,370.65795347224923,363.9168135013934,370.42058959281826,85407600
2022-11-02,355.9223937988281,368.98691130694584,355.81796759742275,364.49597616975944,126990400
2022-11-03,352.25750732421875,355.2862727989772,350.1497148774445,352.69424875731005,87100100
2022-11-04,357.3276672363281,359.7202852278604,351.2986175987374,357.9448076614162,103505200
2022-11-07,360.7455749511719,361.3342326372647,356.5489695187417,358.6187752456739,68286900
2022-11-08,362.6920166015625,365.6543132529755,358.628348045763,361.8469872621732,84641100
2022-11-09,355.2198181152344,361.8755109531058,354.72608267328593,360.72664884786775,78495500
2022-11-10,374.7406311035156,375.07294635677823,366.1480695589153,368.4362320447595,141455800
2022-11-11,378.3675537109375,379.1650929237687,373.7151981734616,375.59513065911824,93839900
2022-11-14,375.14886474609375,379.9531074146063,374.87351452909996,376.61103437675337,71903500
2022-11-15,378.3485107421875,381.9754376853018,374.55068876407796,380.8740658346402,93194500
2022-11-16,375.46209716796875,377.6743151924761,374.8354532143345,376.72485992486213,68508500
2022-11-17,374.3133544921875,374.98748880867356,370.420609836842,370.7244135980539,74496300
2022-11-18,376.01287841796875,377.7029081294727,373.1740156097614,377.6364392872866,92922500
2022-11-21,374.6456604003906,375.81350115294237,372.8132181507224,374.69315056273854,51243200
2022-11-22,379.6872253417969,379.84864551592176,375.1773119937102,376.58251647845884,60429000
2022-11-23,382.07989501953125,382.56409762142516,379.1270733477937,379.3549333957438,68261600
2022-11-25,381.994384765625,382.5450851329431,381.24433584905154,381.51965705763075,30545400
2022-11-28,375.89892578125,380.5512518780544,375.13934400569946,378.9181872794732,67881600
2022-11-29,375.2532958984375,377.2186467005862,373.4208248199859,376.0318273628986,52310000
2022-11-30,387.07403564453125,387.07403564453125,373.59178408114326,375.5001700531818,144566700
2022-12-01,386.7892150878906,389.2767840474977,384.29214230054805,388.10894326432475,76398200
2022-12-02,386.3428955078125,387.24486074159796,381.81400373691196,381.918429921581,85342700
2022-12-05,379.3929138183594,384.4630026318405,378.04470325554814,383.5325548004845,77289800
2022-12-06,373.9240417480469,379.7726910257881,371.8447608883039,379.23152341918535,77972200
2022-12-07,373.2879638671875,375.6426241653655,372.1581093951866,373.0790824780339,65927900
2022-12-08,376.2122497558594,377.27563531293924,373.3923656741001,375.16787185342383,60737900
2022-12-09,373.4018859863281,377.5225196894714,373.27845212602426,374.9779857119684,81447700
2022-12-12,378.78521728515625,378.78521728515625,373.5252266190553,374.18982796815243,75405800
2022-12-13,381.652587890625,389.741937458983,378.89917302857265,389.4855949322845,123782500
2022-12-14,379.21246337890625,385.00414684533126,376.2786498059721,381.31075160257535,108111300
2022-12-15,369.9363098144531,375.2722444929256,368.28426670085497,374.37025027855924,117705900
2022-12-16,365.5688171386719,368.72594377762675,363.4418274301868,367.39060804195844,119858000
2022-12-19,362.4689636230469,366.09348006584634,360.8093339319744,365.759638812042,79878100
2022-12-20,362.9649963378906,364.57694702949215,360.39923004691025,361.71550023135575,74427200
2022-12-21,368.3921813964844,369.51767673215966,365.0156662813186,365.5498006476777,78167400
2022-12-22,363.1365966796875,368.3730338595665,357.4613834622674,365.35897373224327,100120900
2022-12-23,365.22540283203125,365.36846929867335,360.57077972973116,362.115955785729,59857300
2022-12-27,363.7851257324219,365.45430239791636,362.11594906692744,365.1109428843461,51638200
2022-12-28,359.2641296386719,365.6833180737436,359.03522324607314,363.71843147410067,70911500
2022-12-29,365.7310485839844,366.5990242553787,361.5723975159929,362.09701355025095,66970900
2022-12-30,364.76763916015625,364.9107056574417,360.952377322475,363.0603304456531,84022200
2023-01-03,363.2320556640625,368.5829470886259,360.38012729023234,366.6180893251683,74850700
2023-01-04,366.0362243652344,368.05830845065526,362.44986897863134,365.4829951067627,85934100
2023-01-05,361.8584899902344,364.2048677167,361.26712910136496,364.09041452635574,76970500
2023-01-06,370.15667724609375,371.27265410068173,361.8871138136949,364.93930570815047,104189600
2023-01-09,369.94683837890625,375.51714610031314,369.76564022685335,372.34092442068106,73978100
2023-01-10,372.5411682128906,372.607942270048,368.4302265858901,369.3649760616946,65358100
2023-01-11,377.2530822753906,377.3294038131555,373.3043013861297,374.1150503530879,68881100
2023-01-12,378.6265563964844,380.08589280712,374.2962553998828,378.3499708858858,90157700
2023-01-13,380.0954284667969,380.66772351572655,375.1737376190185,375.4408047607676,63903900
2023-01-17,379.39910888671875,381.7455155288635,378.7219081606364,380.07633872093464,62677300
2023-01-18,373.4092712402344,381.64070477487326,373.2089781084471,380.581983398712,99632300
2023-01-19,370.69085693359375,373.0181398927505,369.3745869323046,371.3775761257745,86958900
2023-01-20,377.5964050292969,377.74901897003355,370.44279029051245,372.0833537682657,91806400
2023-01-23,382.1270751953125,384.05377185885095,377.443838004556,378.3976534216192,84178800
2023-01-24,381.7169189453125,382.6230260729778,379.27515395089165,380.45787568340137,59524900
2023-01-25,381.8599548339844,382.1937960050659,375.3835409042795,377.66317340531896,84800300
2023-01-26,386.0567626953125,386.21892411230044,381.55475308151983,384.5115864864833,72287400
2023-01-27,386.9438171386719,389.3092897646847,384.80727999784443,385.01712054618537,68346200
2023-01-30,382.0889587402344,386.4192893861794,381.79327825530487,384.19688290612737,74202000
2023-01-31,387.70684814453125,387.75452726560434,382.2605419006332,382.6039305400102,86811800
2023-02-01,391.8273620605469,394.5648367609675,383.7676392435468,386.49553736704746,101459200
2023-02-02,397.5311279296875,398.9904641316318,393.8112541902346,395.69978979973183,101654500
2023-02-03,393.3057556152344,397.7123777653695,392.1039389895125,392.580846652655,94736800
2023-02-06,390.9020690917969,392.2946602362474,389.25198743140203,390.8639374417983,60295300
2023-02-07,396.01458740234375,397.2545356824887,388.74651927787886,389.98646755802383,90990700
2023-02-08,391.6842956542969,395.38510413414,390.99754738888123,394.04976837031427,76227500
2023-02-09,388.2887878417969,395.4233389854069,387.06790504211335,395.27072499692866,78694900
2023-02-10,389.1948547363281,389.57637508525863,386.304795158678,387.115514984604,70769700
2023-02-13,393.7635803222656,393.8971284439127,389.38557133439986,389.84341318387385,64913500
2023-02-14,393.5824279785156,395.88109763709383,389.6431654454688,392.2470630392104,88389300
2023-02-15,394.8604431152344,394.93673552677575,390.55872707279593,391.39808914040646,61555700
2023-02-16,389.4237365722656,393.83990637535055,389.2902175572194,389.9101917236614,76431500
2023-02-17,388.4508972167969,388.6893510840452,385.38912860346915,387.3063070107498,89257800
2023-02-21,380.6582336425781,385.49408533092276,380.4007139302568,384.44488243382534,82655900
2023-02-22,380.1335754394531,382.60395368803114,378.68375748701857,381.06829584759197,83742300
2023-02-23,382.15570068359375,383.624584623004,377.9493710671943,383.0141287647056,96242400
2023-02-24,378.0733337402344,378.9031484388594,375.4598889913447,377.15767915293793,108194400
2023-02-27,379.36102294921875,382.7566035647617,378.4262733452024,381.4021728412389,80444700
2023-02-28,377.9588928222656,380.8394047987781,377.8539579939496,378.8840949077096,96438600
2023-03-01,376.50909423828125,378.3690459735666,375.2119192229247,377.1481633851746,99706800
2023-03-02,379.4372863769531,380.2766485518157,374.2103677204858,374.54420891841545,85127800
2023-03-03,385.5226745605469,385.7706758956866,380.60098327540186,381.24957080469574,90120000
2023-03-06,385.7897033691406,388.63208364699216,385.35095644978605,386.34290347544555,72795900
2023-03-07,379.8760986328125,385.9805412788421,379.2656718330934,385.74208739761093,108310600
2023-03-08,380.49603271484375,381.2495258844479,378.2736266459541,379.9905117430244,74746600
2023-03-09,373.4759826660156,382.93784492488635,372.4935538973947,381.2781862155012,111945300
2023-03-10,368.0869445800781,375.00210698292204,366.57038142194835,372.93231453200684,189253000
2023-03-13,367.5623474121094,372.36006758594726,363.0698843092262,364.1763138433217,157790000
2023-03-14,373.6380920410156,375.2786555832206,369.17421414646356,372.4648886988362,149752400
2023-03-15,371.3012390136719,371.501532087288,365.9884805177744,368.0678201070447,172996900
2023-03-16,377.8157653808594,378.159154025879,368.44932123547807,368.9548421813165,143254200
2023-03-17,373.39813232421875,377.62051539098667,372.019393803673,376.49072469808146,140553400
2023-03-20,376.9885559082031,377.40028401988184,373.47471024400215,374.17363412671835,93055800
2023-03-21,381.9386291503906,382.41735696574256,378.75028553737957,380.3396653906553,91524200
2023-03-22,375.4279479980469,385.3663430375663,375.3896708071276,381.7663294027596,111746600
2023-03-23,376.4428405761719,382.30246432046795,373.74280870365055,378.2811390116393,119351300
2023-03-24,378.9131164550781,378.99928396704195,372.83326654429635,375.1694609327518,107682400
2023-03-27,379.6216125488281,381.9482521763477,378.73118573368964,381.18227006179575,74010400
2023-03-28,378.76947021484375,379.62159057011246,376.9407263724681,378.9322213165427,62871700
2023-03-29,384.2747802734375,384.5141441543579,381.7183611687493,382.9151805733512,77497900
2023-03-30,386.52484130859375,387.14718161102934,384.66737508830965,386.89823380236453,69840000
2023-03-31,391.9728088378906,392.2696177717363,387.33869746852054,387.44403279107553,112062600
2023-04-03,393.4664001464844,393.86851514556844,391.06317718146,391.4557374933837,67391100
2023-04-04,391.283447265625,394.3951783979073,389.91426336080593,394.1079241464662,66601500
2023-04-05,390.25897216796875,391.31217934389673,388.6121470981262,390.55578111492605,65200200
2023-04-06,391.7812805175781,392.05895083799805,388.4206018294357,389.4642249836437,63743300
2023-04-10,392.1833801269531,392.2599929388598,388.69825688508763,389.3110132842087,63681000
2023-04-11,392.2887268066406,393.6866038625685,391.5227739807362,392.80576103470116,59297900
2023-04-12,390.6897888183594,394.6345308679278,390.1057548634186,394.34727662483084,86420400
2023-04-13,395.8791809082031,396.2334348165877,390.6323135315357,391.7716880699347,85814800
2023-04-14,394.912109375,397.43022215552446,392.614221890679,395.2472246625358,78161500
2023-04-17,396.3292236328125,396.3483622283168,393.6004689831214,394.82601113767913,66436400
2023-04-18,396.58770751953125,398.0334749409728,395.21855291496564,397.89941712105417,63560000
2023-04-19,396.5206604003906,397.4206417468214,394.6248878690516,394.6823328652232,55227300
2023-04-20,394.3568420410156,396.0994183553833,392.815323233928,393.7153338921518,75840400
2023-04-21,394.6632385253906,395.122798546293,392.719604685716,394.6536546185458,73457400
2023-04-24,395.0749206542969,395.4962034683657,393.1312868972539,394.46213502684145,64332100
2023-04-25,388.80352783203125,393.6674182755135,388.7460828379071,393.11207770668204,97766700
2023-04-26,387.1567687988281,390.48872511908525,386.6014573550663,389.4163794213185,80447000
2023-04-27,394.86431884765625,395.13240528174725,389.43553203327593,389.6844798717997,92968400
2023-04-28,398.2344970703125,398.24408097637763,393.9259469095326,393.9833919074716,89433100
2023-05-01,397.8324279785156,399.8526454839488,397.6026187410231,397.794121569062,62122300
2023-05-02,393.36102294921875,397.17170644373317,390.46951779319113,397.12381613612365,103998500
2023-05-03,390.66107177734375,396.26219357490066,390.421707847698,393.8589703711037,91531800
2023-05-04,387.89398193359375,389.9429216709352,386.56310465857086,389.617390281609,94901900
2023-05-05,395.0749206542969,396.11854378303155,391.25468204681897,391.51318454758655,87891800
2023-05-08,395.18017578125,395.6589035337472,393.7822989253406,395.40040106631903,50046800
2023-05-09,393.4472351074219,394.55788714476665,393.21745510632536,393.6387379211536,49220100
2023-05-10,395.2855224609375,396.90362464850057,391.47483892243093,396.2717004907046,96142900
2023-05-11,394.5962219238281,394.88344694585095,392.5281141075764,394.42388691061444,70157100
2023-05-12,394.0791931152344,396.0419948569671,391.6664152391856,395.83135343149405,70481500
2023-05-15,395.4387512207031,395.8408662145273,392.7770257910844,394.68235310668433,54289400
2023-05-16,392.79620361328125,395.25687179173696,392.7866197060623,394.33769327560117,57705500
2023-05-17,397.5643615722656,398.1675341505828,393.1696431862851,394.8068843373216,87287000
2023-05-18,401.3940734863281,401.8153562372563,397.0280788123654,397.2482748736079,97177200
2023-05-19,400.81005859375,402.8207211975793,399.594100500681,402.2941323052739,103793300
2023-05-22,400.97283935546875,402.50477416103354,399.5941009523831,400.82922685915275,60745400
2023-05-23,396.4728088378906,400.9058331974647,396.0802485128697,399.33559189738094,86383500
2023-05-24,393.6004943847656,395.2569034085214,392.44198106855094,394.8739269391117,89213700
2023-05-25,397.00897216796875,398.4547395231807,394.86428090134467,397.09513966858555,90961600
2023-05-26,402.1504821777344,402.8685738627077,397.58342958022524,397.6600131701632,93830000
2023-05-30,402.3037414550781,404.60162936229705,400.92500286690074,404.0750403987033,72216000
2023-05-31,400.07281494140625,401.38452439451896,398.5121576904561,400.48451382304125,110811800
2023-06-01,403.87396240234375,404.9271694953685,399.0579614953215,400.3026421930234,88865000
2023-06-02,409.7144470214844,410.4995384716648,405.9133468070171,406.4399357427851,91426200
2023-06-05,408.9292907714844,411.34206835375164,408.23033766769487,410.05908136180767,65460200
2023-06-06,409.8197326660156,410.34632157550055,407.8665149969257,408.51760703277364,64022200
2023-06-07,408.40264892578125,411.34204444638556,407.981366150616,410.2122539217262,85373300
2023-06-08,410.87286376953125,411.32286900181094,407.70368855340774,408.46964122914176,61952800
2023-06-09,411.6101989746094,413.6112778783288,410.6240207738437,411.66764397898567,85742800
2023-06-12,415.3442077636719,415.42082057078096,411.8686686457449,412.586760311463,76104300
2023-06-13,418.08258056640625,418.72405947829276,416.13894679853814,416.7995935234062,95899700
2023-06-14,418.5804138183594,420.3804349424088,415.1431518715733,418.41766273627127,100612100
2023-06-15,423.7698974609375,425.0145781797127,417.6709093443267,417.7666315386717,110303100
2023-06-16,422.32635498046875,426.3145491951236,421.85546845226753,425.7475555946183,114165800
2023-06-20,420.13531494140625,421.27892182844886,418.0691445357275,420.39480701035416,76160400
2023-06-21,417.982666015625,419.9527293765365,417.3964332987813,419.15510212154635,76982300
2023-06-22,419.49139404296875,419.5970912948508,416.69484536005575,417.03120545490475,70637200
2023-06-23,416.3201599121094,418.0980386592432,415.60902014436385,416.0510776220621,92074500
2023-06-26,414.6191711425781,417.6655638722917,414.37891805478125,415.7531586783148,72823600
2023-06-27,419.16473388671875,419.7797664878717,415.0419830447426,415.49365998386605,72813700
2023-06-28,419.37615966796875,420.3852108229733,417.4733448104481,418.08837741440095,75636000
2023-06-29,421.029052734375,421.1924377171977,418.559273599848,418.96288231167824,67882300
2023-06-30,425.9974365234375,426.9776582936569,423.9120273915526,424.22917780363866,104964000
2023-07-03,426.4875793457031,426.76625174608176,425.37280176090064,425.6515034890419,32793400
2023-07-05,425.8533630371094,426.5837417319984,424.6713074116075,424.6809269189928,58418400
2023-07-06,422.51861572265625,422.9414634252197,420.0199782059898,422.2879821858995,80658300
2023-07-07,421.451904296875,425.3824701498979,421.21165123791485,421.52880169929125,86134200
2023-07-10,422.51861572265625,422.6915908752238,420.52931348483696,421.0963071478734,62443500
2023-07-11,425.20947265625,425.6995982894802,422.3072262142427,423.27785797330125,64463800
2023-07-12,428.63067626953125,430.03377528061355,427.5639667416878,428.98627543991233,91924500
2023-07-13,432.0326232910156,432.82066029903234,430.0049017154937,430.43733958982216,72425200
2023-07-14,431.76361083984375,433.7625035467968,431.00440290074886,432.9168373466267,69815800
2023-07-17,433.2626953125,434.31019499103627,431.5713046172975,431.61937281936156,52680200
2023-07-18,436.4821472167969,437.12600898753516,432.5035425061128,432.93600974084484,80668200
2023-07-19,437.4527587890625,438.6347850080483,436.4052296979119,437.2701641275052,65891700
2023-07-20,434.550537109375,437.3567059446653,433.8393973884411,436.4629715395292,70591600
2023-07-21,434.550537109375,436.4629715395292,434.5409469292057,436.2611378394522,71275600
2023-07-24,436.49169921875,437.2989458480087,434.6657528013967,435.6940427674301,54023400
2023-07-25,437.6834411621094,438.9327454121648,436.1746448231181,436.22271303443887,55191200
2023-07-26,437.7507019042969,439.1729812727202,435.70374110756154,436.7512409467643,71052900
2023-07-27,434.8484191894531,441.5274659900454,433.94506533743083,441.1238279449385,92194400
2023-07-28,439.1056823730469,439.93213874075076,434.84837627989594,438.10622153007387,80011800
2023-07-31,439.94183349609375,440.2974033582614,438.26965213423165,439.5766441259426,62040400
2023-08-01,438.6828308105469,439.42279959796593,437.7314088521361,438.4809971458083,55291500
2023-08-02,432.5804443359375,435.83826057949295,431.83085596175755,435.5787978326574,93933400
2023-08-03,431.3406677246094,433.2146530519303,429.9279787635821,430.5718697752152,64276100
2023-08-04,429.38983154296875,435.24239195100046,428.87087677605945,433.14739252633814,100128900
2023-08-07,433.1378173828125,433.2915828601554,430.523862923515,431.2157929076751,58357500
2023-08-08,431.25421142578125,433.12819688898776,427.90987851511386,430.61032036745866,71361300
2023-08-09,428.3712158203125,431.6867198555809,427.6120079214979,431.52333486681067,78789600
2023-08-10,428.52496337890625,434.08923235537964,427.3621468022029,430.71607007168745,93005500
2023-08-11,428.2750549316406,429.2841352767268,426.0647387376173,426.66056157281855,68690900
2023-08-14,430.63916015625,430.63916015625,427.0546034425639,427.3621343832933,47867400
2023-08-15,425.6227111816406,429.22650696420783,425.0556881700834,428.87090781167177,75707500
2023-08-16,422.4994812011719,426.86245612908266,422.3937545928399,425.20951372347935,80107200
2023-08-17,419.280029296875,424.2196168527754,418.76107448676936,423.96015411160533,95711300
2023-08-18,419.4818115234375,420.5101015823301,416.12788844047134,416.4738387437825,98852000
2023-08-21,422.21112060546875,422.95108948384575,418.34786189824484,420.4909004571907,68719000
2023-08-22,421.0675048828125,423.9793707816351,420.5101306907519,423.9793707816351,64994200
2023-08-23,425.7572937011719,426.37235567304435,421.98052226240617,422.12466824713596,68441000
2023-08-24,419.85662841796875,427.86184703074184,419.8277698977074,427.3525117447883,88517300
2023-08-25,422.8165588378906,424.09469222022517,418.0403268045078,421.5768448293855,102325100
2023-08-28,425.497802734375,426.11283533772524,422.81657028498825,424.9980575834004,61595400
2023-08-29,431.6482238769531,431.92692561420495,425.20943069514846,425.3920253511655,83081900
2023-08-30,433.4261779785156,434.0604496321948,431.2831099362862,431.9846594913636,69053900
2023-08-31,432.7918395996094,435.17513102782067,432.6092449398333,434.0411436980902,66084600
2023-09-01,433.59906005859375,435.9823806702833,432.1479223748874,435.5018746110706,58944100
2023-09-05,431.72515869140625,433.4742081258921,431.6579101191323,433.15708696932927,55166200
2023-09-06,428.8228759765625,431.0236021823755,426.5068329962555,430.91787558724553,70758500
2023-09-07,427.50628662109375,428.17897757007677,425.4881551186145,425.83410543618885,70355400
2023-09-08,428.1501159667969,429.67812174261354,427.1987233377208,427.5542931353447,61659700
2023-09-11,430.9659423828125,431.27344400453364,429.06312762659996,430.76410870034374,60180100
2023-09-12,428.601806640625,431.042785754672,428.02522280308654,429.5243994362143,67565400
2023-09-13,429.1015930175781,430.2547901313596,427.72732319853264,428.8228912507801,60199300
2023-09-14,432.80145263671875,433.4933826135289,430.2643956069254,431.56176797941515,83430800
2023-09-15,427.58697509765625,431.5506832250515,427.1530117903473,431.22279002690107,111848900
2023-09-18,427.83770751953125,429.1300027993312,426.8057902109989,427.2783378211123,55752200
2023-09-19,426.9504089355469,427.5097785871883,424.27902594225344,426.92147805226983,66514600
2023-09-20,423.0253601074219,428.6188806317765,422.8228144717151,428.2041947836062,82562600
2023-09-21,416.033447265625,420.4503960530066,415.87913939371765,420.1900180742226,104095800
2023-09-22,415.097900390625,418.6468925041763,414.6831851842822,417.0556351724514,100829700
2023-09-25,416.8435363769531,416.88209127104136,413.45847553843805,413.89246826227424,70874500
2023-09-26,410.71954345703125,414.5192898301892,409.8901424025337,413.8152657492611,96168400
2023-09-27,410.8834533691406,412.4458093049011,407.2573219237748,411.88643967289465,104705800
2023-09-28,413.2655334472656,414.93395949847536,409.7454720420047,410.33377256481566,92258300
2023-09-29,412.2625732421875,416.47700522910236,410.7484550545368,416.30341993440965,115111300
2023-10-02,412.09857177734375,413.342658463778,409.3500204878213,411.4331321146843,83798600
2023-10-03,406.58221435546875,412.15645644629615,405.22240407493666,409.92869029746174,103760600
2023-10-04,409.5429992675781,410.28557828924926,405.58894477181923,407.0452013606301,87453000
2023-10-05,409.3887023925781,410.22772753300984,406.1772562634744,409.25367196798504,70142700
2023-10-06,414.2492370605469,415.78263268562836,405.627480956343,406.9487069673823,113273300
2023-10-09,416.9013977050781,417.47039142005065,411.8093557252524,412.3590425619845,80374400
2023-10-10,419.0713195800781,421.6559102852364,417.13286183560047,417.528270249864,78607300
2023-10-11,420.7879333496094,421.0386578835823,417.7596966141307,420.13214698196236,62451700
2023-10-12,418.2225646972656,421.7715569076046,415.879074957657,421.39545544096734,81154200
2023-10-13,416.1394958496094,420.9132978989336,414.5771691952751,419.7174193113071,95143100
2023-10-16,420.51788330078125,421.578731455087,418.135809030701,418.3769095461698,75433200
2023-10-17,420.4985656738281,422.54312271495667,417.0556727686725,417.40284337508905,75324700
2023-10-18,414.89544677734375,419.6885267101767,413.8153210625451,418.7337779857061,93559800
2023-10-19,411.2499084472656,417.41245091445234,410.5748447541702,415.60902401214975,121323000
2023-10-20,406.1965637207031,411.3561213610466,406.09046417479595,410.81605848520843,123919900
2023-10-23,405.4924621582031,409.3404462034215,402.9271492717955,404.6727145608842,92035100
2023-10-24,408.54962158203125,409.6972623098232,405.76248569133276,407.6044970323164,78564200
2023-10-25,402.6861267089844,406.9005890438636,402.1749947203963,406.8716581551216,94223200
2023-10-26,397.86395263671875,402.4737920845486,396.94778858125403,401.62514321888233,115156800
2023-10-27,396.0606384277344,399.8411075241665,394.6429661954743,399.4456991403426,107367700
2023-10-30,400.79583740234375,401.84703208667196,397.5458072598068,398.8381024524088,86562700
2023-10-31,403.3129577636719,403.63119749728736,399.4649734881191,401.36484674476185,79665200
2023-11-01,407.61419677734375,408.42429101289605,403.74693492260894,404.27737373849845,98068100
2023-11-02,415.42584228515625,415.5801501470598,411.3753418460295,411.3946192920617,94938900
2023-11-03,419.2158508300781,420.75889970686717,417.5956627534939,417.72103970546937,100167800
2023-11-06,420.1803283691406,420.62394506807493,418.24187084518337,419.96815874248256,67831700
2023-11-07,421.37615966796875,422.0126685210308,419.04232330462156,420.18031060348386,64256100
2023-11-08,421.6847839355469,422.4948781019278,419.38950241519393,421.97409276953505,61746000
2023-11-09,418.3962097167969,422.86139621479384,417.9718704320272,422.8228118894829,83174400
2023-11-10,424.9251708984375,425.23378661631307,418.38652621092507,420.4600141525394,89462200
2023-11-13,424.5201416015625,425.6195446365516,422.8131605648516,423.5943238724324,52236100
2023-11-14,432.75616455078125,434.03880639292726,430.21012888201807,430.43195196006246,97176900
2023-11-15,433.6722717285156,435.31176685348777,432.82359328411655,434.08695751300667,77327600
2023-11-16,434.2027282714844,434.52096798557363,432.1678247228073,433.22867282179436,66665800
2023-11-17,434.7427978515625,435.3503758373704,433.29619481153003,434.2123590781554,83133200
2023-11-20,438.0892639160156,438.92828895080976,434.482380406505,434.4920338445369,69936200
2023-11-21,437.1344909667969,437.9638920043512,435.87112668099957,437.0476983171483,49244600
2023-11-22,438.8221740722656,440.1337760565273,437.7324245676935,438.7836191839142,59394900
2023-11-24,439.09222412109375,439.2851162959046,438.54253734218906,438.87043049439643,29737400
2023-11-27,438.30145263671875,439.2754786903425,437.9156682731926,438.4653845031241,50506000
2023-11-28,438.7354431152344,440.0277384058116,437.35635516684414,437.91569543871145,62115000
2023-11-29,438.4267883300781,442.0047410159344,438.0314094012158,440.8763777024274,63146000
2023-11-30,440.153076171875,440.5002762034089,437.2020083442997,439.2658427946925,79752700
2023-12-01,442.7569885253906,443.28739788218263,438.95724208115644,439.5455132066452,89183400
2023-12-04,440.4327697753906,442.7762596678929,438.1664190963143,439.3815750840775,72430900
2023-12-05,440.34600830078125,441.3007569694989,438.6775820590756,439.05371300809566,69793500
2023-12-06,438.5714416503906,442.50618866967005,438.1374489989706,442.47725778832285,69124700
2023-12-07,441.9179382324219,442.56407108973934,440.04699600140833,440.6449205313009,66995400
2023-12-08,443.81787109375,444.3482804916818,440.93428871770044,441.175389249709,83194400
2023-12-11,445.5440368652344,445.71765157982594,443.11375460427496,443.32592420547695,65002200
2023-12-12,447.57891845703125,447.67536453128673,444.20351187655774,445.19684463584866,68327600
2023-12-13,453.75115966796875,454.0019136162734,447.59826994583597,447.95509399152206,93278000
2023-12-14,455.2073974609375,456.86617007826965,452.545638522815,455.6799450229731,119026000
2023-12-15,454.4579162597656,455.7845286924067,452.6181291338484,454.61284974570634,141553700
2023-12-18,457.01434326171875,457.99234811060995,455.00026674232436,456.0557235705769,70375300
2023-12-19,459.7933349609375,459.8708164807692,457.4790843028072,457.5565362720974,55761800
2023-12-20,453.42181396484375,460.81970272542947,452.9957542950649,458.9411749679152,102921000
2023-12-21,457.7211608886719,457.99228710614074,453.98346065798535,456.39454843299563,86667500
2023-12-22,458.64105224609375,460.31624293413637,456.75286124971245,458.8443895271257,67160400
2023-12-26,460.57763671875,461.4781598644946,458.97023511368405,459.0477166286851,55387000
2023-12-27,461.4103698730469,461.5556107658659,459.8417091295261,460.37426892004174,68000300
2023-12-28,461.584716796875,462.41745105376606,461.16834966842947,461.76869846768426,77158100
2023-12-29,460.2484130859375,461.9139110481109,458.3020963459827,461.39101424995863,122283100
2024-01-02,457.6726989746094,458.66039620914324,455.5811413344983,457.1982355112993,123623700
2024-01-03,453.93499755859375,456.258940483322,453.33464883768056,455.5230138961187,103585900
2024-01-04,452.4728698730469,456.03625125353045,452.2501474553143,453.4605375615008,84232200
2024-01-05,453.0926513671875,455.53278743928377,451.6498461147491,452.6762546685268,86118900
2024-01-08,459.5609130859375,459.70615398593577,453.46052933115607,453.58641462800097,74879100
2024-01-09,458.86376953125,459.8804854755376,456.4139409568945,456.9174526401683,65931400
2024-01-10,461.45880126953125,462.32061320272817,458.854039417125,459.134858193739,67310600
2024-01-11,461.2554626464844,462.9693643803347,457.2950698074294,462.4561601628175,77940700
2024-01-12,461.57501220703125,463.43418447136196,460.1709773696293,462.69825780727723,58026400
2024-01-16,459.88043212890625,461.5071892712775,458.0696933340662,460.1999916518418,85014900
2024-01-17,457.3240966796875,457.80825269443005,454.98076856609674,456.868988843808,68843900
2024-01-18,461.39105224609375,461.9429972701223,457.4500442083185,458.9896569986018,91856200
2024-01-19,467.142822265625,467.42364106257526,461.4394790826515,462.514291382207,110834500
2024-01-22,468.1305236816406,469.8444255597238,467.4817415348223,468.6727761250073,75844900
2024-01-23,469.49578857421875,469.737866598163,467.5882421140563,468.67274693324026,49945300
2024-01-24,470.0090637207031,473.28193407003323,469.5152150522186,472.3523626504235,81765000
2024-01-25,472.5653381347656,472.8364643322263,470.0090096373567,472.12958588323926,72525000
2024-01-26,471.96502685546875,473.6208323517754,471.12260001612924,472.1393159497028,76641600
2024-01-29,475.70263671875,475.8479071625746,471.7325810664014,472.2748334350306,61322800
2024-01-30,475.334716796875,476.04156568160744,474.5794050287412,475.0151572718124,58618400
2024-01-31,467.5785217285156,473.58203863496095,467.55913657540736,473.136623371545,126011100
2024-02-01,473.6982727050781,473.7273208849261,468.4693639281419,469.2730794881658,91891600
2024-02-02,478.68511962890625,480.33123256171854,473.7951255169084,474.1340406811921,99228200
2024-02-05,476.9421081542969,478.7141358274664,474.69564656369516,478.0556906983339,75757100
2024-02-06,478.3268127441406,478.6560353058455,476.4579479680973,477.8813679101815,55918600
2024-02-07,482.3162841796875,482.73265130891053,479.66308881437243,480.5636415654776,70556500
2024-02-08,482.529296875,482.9069232309363,481.5028884042988,482.3162670291635,52343600
2024-02-09,485.3180236816406,485.7537463849515,482.69387668269746,483.03279181896556,63979400
2024-02-12,485.1050109863281,487.5451468627196,484.38843993132826,485.2889926510743,56502300
2024-02-13,478.42364501953125,481.3382739920692,475.1701304413372,478.8593972990049,113099200
2024-02-14,482.7713623046875,483.2555183461787,478.73348791641325,481.0477679790003,68387800
2024-02-15,486.10235595703125,486.2863376159792,482.99405290883,483.46854592163555,61683000
2024-02-16,483.68157958984375,486.9350940149201,482.94565294822615,485.8021854224716,75532900
2024-02-20,481.01873779296875,482.6164468795506,478.78193916164605,481.9483091532552,71736700
2024-02-21,481.4544982910156,481.6094317883095,477.9201646887193,479.7212407380355,59293400
2024-02-22,491.41839599609375,492.3770155291545,487.0803471035888,488.0389961871901,76402500
2024-02-23,491.7573547363281,493.9651053615798,491.03112058919874,493.132341506589,61321800
2024-02-26,489.95623779296875,492.62878868752523,489.83035248988597,492.19303641539864,50386700
2024-02-27,490.8664245605469,491.089146972122,488.755511365846,490.64373169951057,48854500
2024-02-28,490.2176818847656,490.79864549092105,488.9588584535033,489.3171291941457,56506600
2024-02-29,491.97998046875,493.5873820410347,489.33650744640795,491.9703174424767,83924800
2024-03-01,496.59881591796875,497.02487558805785,492.4447784604082,492.8514825275074,76844800
2024-03-04,496.0663146972656,497.90613146747353,495.775832865413,495.80491059914067,49799300
2024-03-05,491.1085510253906,494.5170287187888,488.910493074669,494.0715838516931,72855600
2024-03-06,493.5970764160156,495.84356750478094,492.3092343684573,494.3717142498123,68382400
2024-03-07,498.4967956542969,499.5425893667193,493.6552347093042,496.8797308469733,58652100
2024-03-08,495.504638671875,501.7986373861769,494.9333381139003,499.12614579862606,86532500
2024-03-11,495.07861328125,495.6596064560232,492.38670680365675,494.3039754152461,62557200
2024-03-12,500.40435791015625,500.98532153263085,494.6719076966977,497.17986205272086,73114400
2024-03-13,499.61993408203125,500.8981130648415,498.1868511775515,500.72382399005966,55104100
2024-03-14,498.6323547363281,500.7432681365898,495.6015329710001,500.5883050955873,110171800
2024-03-15,495.20843505859375,497.02482972446626,493.5474849090623,495.5775416790132,107646300
2024-03-18,498.1515197753906,500.69637526560086,497.74358168127196,499.25883960128044,88893300
2024-03-19,500.9198913574219,501.20155305830843,496.4615026199407,497.46199154104403,60755300
2024-03-20,505.55291748046875,505.68891659025934,500.3078219091941,500.97803548207236,69594600
2024-03-21,507.2236022949219,509.0787984573295,506.9418813936417,508.37947611905065,60256100
2024-03-22,506.2620544433594,507.621867774784,506.028887689534,507.13620745255224,79070800
2024-03-25,504.86334228515625,506.0094935131632,504.70789778508725,504.8924510759777,48512100
2024-03-26,503.93084716796875,506.62142424941175,503.5326318000847,506.28142646248074,65463700
2024-03-27,508.1658630371094,508.20475380954497,504.5914097711624,506.74777267634687,82999800
2024-03-28,508.06866455078125,509.5644769063635,507.7870029241564,508.20466366075334,96294900
2024-04-01,507.1847229003906,509.3410853944928,506.0288490503505,508.8068709377706,62477500
2024-04-02,503.9600830078125,504.0960228561583,501.6677209860127,503.3772549881494,74230300
2024-04-03,504.51361083984375,506.0094825181492,502.8235224677317,502.87207664118336,59155800
2024-04-04,498.35552978515625,508.8457817223291,498.0544227328248,508.50584318362684,96858100
2024-04-05,503.561767578125,505.5141316093866,499.26854681862443,499.7056529768442,74546500
2024-04-08,503.8434143066406,505.2615637846118,503.0372608598177,504.26113435269997,48401800
2024-04-09,504.42620849609375,505.8151898052063,499.59871440672913,505.5723596612767,68049200
2024-04-10,499.37542724609375,501.3569002653356,497.4036769200619,498.75376772780487,82652800
2024-04-11,503.1441345214844,504.5816702204379,497.3939324409582,500.8906633299254,70099000
2024-04-12,496.1991271972656,501.02659169451084,494.47987078924984,499.61816498812357,92561100
2024-04-15,489.9827575683594,500.5215638494566,489.13768362770764,500.3564559239092,92101400
2024-04-16,489.089111328125,491.97393499543114,487.80696088879887,490.45867707344763,73484000
2024-04-17,486.1946105957031,491.7020125291738,484.80562897726037,491.5368749518904,75910300
2024-04-18,485.194091796875,489.6718955124249,484.26163225086344,487.58356199441425,74548100
2024-04-19,480.9591979980469,486.107186243166,479.6964632064661,485.1164497249613,102212600
2024-04-22,485.3883972167969,487.972113920127,481.2214229780645,483.55258680560587,67961000
2024-04-23,491.1483154296875,491.5756989172583,485.2038373746558,487.3893089914972,64633600
2024-04-24,490.91522216796875,492.81900253172324,488.7006120510912,492.03223509825074,55928100
2024-04-25,489.05023193359375,489.8078608662871,483.2223079459974,484.8638422405587,69122400
2024-04-26,493.6834411621094,495.25697586630093,491.19686267902955,491.8282151706386,64306100
2024-04-29,495.43182373046875,496.1020373711397,492.70241499072074,495.4609621651781,46415400
2024-04-30,487.58355712890625,494.94615471248864,487.58355712890625,493.9748340493992,77483600
2024-05-01,486.0002746582031,493.6154247072787,485.5340300927016,487.0007337039303,80242800
2024-05-02,490.5461120605469,491.38146331084295,485.22326373492274,489.6913450667022,62550200
2024-05-03,496.6265563964844,497.8504002906167,493.97484028154764,496.5002799659129,72756700
2024-05-06,501.7550964355469,501.7939279175934,498.57885905826015,499.01596519128117,47264700
2024-05-07,502.3088073730469,503.6977888774315,501.63859371019026,502.7167454724822,52561300
2024-05-08,502.3573913574219,502.89160592392545,500.3661956360641,500.4827493856753,42047200
2024-05-09,505.2518310546875,505.2907218217569,501.8910996467172,502.54186786336425,43643700
2024-05-10,505.9027099609375,507.65107540024,504.68855906076743,506.8448626028078,52233200
2024-05-13,505.9707336425781,507.68026787736284,504.8343048124148,507.57343680886925,36716400
2024-05-14,508.2920837402344,508.8069121408392,505.630674647656,506.1648891476387,57535900
2024-05-15,514.5863647460938,514.8777491307729,510.11825347038337,510.7496357077859,59504900
2024-05-16,513.5275268554688,516.2763809484062,513.381805041238,514.6834008229457,50244800
2024-05-17,514.2657470703125,514.3337466322346,512.1968292743588,513.6440876053468,59187600
2024-05-20,514.8582763671875,516.3152574978291,513.9937866680089,514.3823386833988,37764200
2024-05-21,516.1209716796875,516.2764161967744,513.8966685383514,514.1006672352606,33437000
2024-05-22,514.6349487304688,516.1404842090901,512.4688628953678,515.4314389511925,48390000
2024-05-23,510.87579345703125,517.7818685505794,509.6713061390158,517.6750375151379,57211200
2024-05-24,514.2560424804688,515.0622552748287,511.7694638177849,512.7116164560648,41291100
2024-05-28,514.615478515625,515.2954149429256,511.9929004587325,515.0623074329295,36269600
2024-05-29,511.0118408203125,512.1871603116153,510.3027956190019,510.6039026906956,45190300
2024-05-30,507.6219482421875,510.1376951954115,506.37868844824237,509.4772041666412,46377600
2024-05-31,512.2454223632812,512.3716988043419,503.49381286592205,508.57386073354985,90785800
2024-06-03,512.6630249023438,514.1297285627861,507.61214568816797,513.8480669180504,46835700
2024-06-04,513.236083984375,513.9742970941719,509.90446158385646,511.3614424211813,34632700
2024-06-05,519.3360595703125,519.355504956824,513.5664118243003,515.5479441376007,47610400
2024-06-06,519.3262939453125,520.0645071551455,517.4030979505338,519.637123680227,30808500
2024-06-07,518.6950073242188,521.4924158492759,517.2671349822953,518.3550094881825,43224500
2024-06-10,520.2975463867188,520.6180987720378,517.2961990482391,517.8886903629937,35686100
2024-06-11,521.5506591796875,521.608936050015,516.791164059003,518.7532508345464,36383400
2024-06-12,525.8341674804688,528.5150221365492,524.8045698950608,526.0964430443454,63251300
2024-06-13,526.8929443359375,527.7477113251548,524.1149812633378,527.5728807070939,44760900
2024-06-14,527.2134399414062,527.2425487322553,524.3674183253244,525.367907030757,40089900
2024-06-17,531.409423828125,532.7984643188665,526.0768837486876,526.5334352134422,55839500
2024-06-18,532.7597045898438,532.8859810291509,531.0501705974204,531.4678314025467,41376400
2024-06-20,531.3123779296875,534.3428935144076,529.5445672911499,533.6824026084769,70328200
2024-06-21,530.6000366210938,531.7109286219036,529.1481094595256,530.4928609392509,64338600
2024-06-24,528.8753051757812,532.9777790963483,528.7583754205319,530.4247136467889,45528700
2024-06-25,530.9119262695312,531.2724695843536,528.5829663352164,530.0933585291979,37936200
2024-06-26,531.5745849609375,532.2859175813455,529.1579572826417,529.8010709636176,38550600
2024-06-27,532.4125366210938,532.9874907686532,530.6974877125363,531.4380824208646,35041500
2024-06-28,530.3175048828125,536.2227551968151,529.0799883321372,533.1824029810238,76144500
2024-07-01,531.4088745117188,531.9350583633359,528.6609065569018,531.6914448156673,40297800
2024-07-02,534.985107421875,534.985107421875,529.7620472078919,529.8107580224772,40434800
2024-07-03,537.3724975585938,537.7330408297021,534.6342838240903,534.673240578062,32789900
2024-07-05,540.4713745117188,540.8708746254604,537.041276170241,537.6746952876072,41488400
2024-07-08,541.094970703125,542.0401627530802,540.0327894282602,541.2508572097279,36110500
2024-07-09,541.6211547851562,542.9463982576794,541.3288304126829,542.0499170234392,27289700
2024-07-10,546.9807739257812,547.3218091897188,542.5470181146983,542.8393425517846,38701200
2024-07-11,542.2642211914062,547.964813600151,541.6308616855196,547.0975351406863,53054200
2024-07-12,545.6846313476562,549.270615886068,542.9172145567801,543.3849335691044,53084400
2024-07-15,547.1853637695312,550.4108051950651,545.3338767680585,547.6725909303428,40584300
2024-07-16,550.43017578125,550.7225001410881,547.7406727188134,548.4910214723672,36475300
2024-07-17,542.7125244140625,546.191333044454,542.3909378748594,544.5249949514538,57119000
2024-07-18,538.5418090820312,545.2266098112565,536.3687953408241,544.2424015949905,56270400
2024-07-19,534.9656372070312,539.9256355832753,533.9132099479913,538.3080081974957,65509100
2024-07-22,540.4810791015625,541.0852359846874,536.9438053796708,538.8732057821688,43346700
2024-07-23,539.6332397460938,542.5175859227753,539.1460126783072,540.3737749293225,34439600
2024-07-24,527.40380859375,535.1409770414671,526.4878192997799,534.8388986294111,74515300
2024-07-25,524.6559448242188,533.474804346627,523.7205067049787,527.5208430163394,61158300
2024-07-26,530.5318603515625,533.2116094688655,527.6572084941715,528.427065396124,53763800
2024-07-29,530.84375,533.0752290029756,528.8558251034021,532.0715719711993,39515800
2024-07-30,528.1543579101562,533.3579712959,524.7632751610556,532.3055437449435,46853600
2024-07-31,536.7391357421875,539.3604200179711,533.5916675899294,534.9558678357408,65663400
2024-08-01,529.138427734375,540.6954412129795,525.6498647611072,538.4542082657176,76428700
2024-08-02,519.2867431640625,523.272228120303,515.096541908473,522.0639142511643,82789100
2024-08-05,504.1631164550781,510.204744362721,497.23473166092106,498.5697588887383,146267400
2024-08-06,508.81134033203125,516.2171692769037,504.6406473484446,505.9561368728723,84826300
2024-08-07,505.41046142578125,518.0102083711349,504.8160585530724,514.9698561147811,70698300
2024-08-08,517.0941772460938,517.7177827712244,508.5092375881122,510.52630556896884,63276600
2024-08-09,519.3743896484375,520.8555792219031,515.05756422153,516.2756321007693,45619600
2024-08-12,519.6472778320312,522.044397411093,517.3865366569688,520.5632672781688,42542100
2024-08-13,528.1932373046875,528.4271563186212,522.5804299657759,522.8240435638112,52333100
2024-08-14,529.8594970703125,531.0386081211183,526.3222233938623,528.9824644571885,42446900
2024-08-15,538.9415283203125,539.2240986986848,534.8585618069728,535.4627188062373,60846800
2024-08-16,540.1497802734375,540.8416642629177,537.1777064456791,537.3335929699142,44430700
2024-08-19,545.3143310546875,545.3143310546875,539.7112190916396,540.5589895349276,39121800
2024-08-20,544.4276123046875,546.5129587158026,543.0926147134523,544.8661286211883,33732300
2024-08-21,546.298583984375,547.7505114259203,540.55903368272,545.4703215908407,41514600
2024-08-22,542.0108642578125,548.7930866218962,540.8025506157201,548.18892980085,56121500
2024-08-23,547.7699584960938,548.7054559638492,543.053573875613,545.2364013003757,50639400
2024-08-26,546.4642333984375,549.5045262116546,544.7686923459864,548.7931935686311,35788600
2024-08-27,547.214599609375,547.7018267996916,544.0573769322793,545.1974719043471,32693900
2024-08-28,544.0377807617188,547.3022380940843,540.8610504788411,546.8734758569603,41066000
2024-08-29,544.0866088867188,549.2804676679931,542.9465138533585,545.9965609867917,38715200
2024-08-30,549.2803344726562,549.7870696872616,542.9074254374239,546.4446989296116,62700100
2024-09-03,537.9766235351562,546.483588595878,535.4722694199106,546.1522480402451,60600100
2024-09-04,536.8756103515625,540.2666922950722,535.4236829556569,536.1447696240151,47224900
2024-09-05,535.56982421875,539.6527901961324,533.1239343608661,536.817154296066,44264300
2024-09-06,526.5560302734375,537.5088854044001,525.6595491086152,535.8913176846581,68493800
2024-09-09,532.4515380859375,533.718376233379,528.8168426461983,530.7365485093424,40445800
2024-09-10,534.770751953125,535.1216007015946,529.4989803786028,534.3517437427556,36394600
2024-09-11,540.2570190429688,541.1730086042064,526.1664457729258,534.6831681423164,75248600
2024-09-12,544.8076782226562,545.1097566752126,538.619857760852,540.831888043875,51819600
2024-09-13,547.6530151367188,548.646977454259,545.1584147606665,545.4117823691347,39310500
2024-09-16,548.4619750976562,548.7250373585072,545.59707660276,547.3900395047746,36656100
2024-09-17,548.6859741210938,552.1063181322738,546.4641898322706,550.6640853659264,49321000
2024-09-18,547.05859375,554.1623432239503,546.5031477370794,549.3387831967661,59044900
2024-09-19,556.3939208984375,558.2454079377469,553.5680389935643,556.4231830771506,75315500
2024-09-20,555.4320068359375,556.4680940708006,552.4214655718796,555.0312814396932,77503100
2024-09-23,556.820068359375,557.4652143001452,555.2854753286341,556.4975550473902,44116900
2024-09-24,558.4132080078125,558.4718522050518,554.7966567556792,557.6116975399481,46805700
2024-09-25,557.1817016601562,558.9900073797687,556.0771860686909,558.2569249779147,38428600
2024-09-26,559.390625,561.7462960725188,557.0447975613506,561.4237231735392,48336000
2024-09-27,558.5794067382812,561.2673753932927,557.5531033653197,560.4561405350975,42100900
2024-09-30,560.8178100585938,561.4238200592039,555.2659399397932,557.5531235786384,63557400
2024-10-01,555.7937622070312,561.1110557410046,553.2328657284514,560.4659694617594,72668800
2024-10-02,556.0283203125,557.0448994143397,552.519332659213,554.9042964358707,38097800
2024-10-03,555.0117797851562,556.9470981426042,552.7343205282026,554.562134456547,40846500
2024-10-04,560.0552978515625,560.4267309820088,555.28537101062,559.4395039594219,42939100
2024-10-07,554.9921875,559.0583842578297,553.8485957624074,558.4132383947003,49964700
2024-10-08,560.2410888671875,560.8373745453375,556.683241044493,557.553120131347,37398700
2024-10-09,564.12158203125,564.6787318135322,559.6350914993983,560.2313175326061,37912200
2024-10-10,563.1343383789062,564.5516429072721,561.5313172618801,562.7824731556751,44138100
2024-10-11,566.506591796875,567.2396742554129,562.9193320123793,563.0561883893231,42268000
2024-10-14,571.1395874023438,572.0681703246292,567.6305402513053,568.1094778484854,36217200
2024-10-15,566.7020263671875,571.7065305951428,565.4899467305453,571.4035256005812,54203600
2024-10-16,569.1651611328125,569.6832346627543,565.9005342666823,566.7020448464575,30725400
2024-10-17,569.2140502929688,572.8990304200946,569.0283336899422,572.6937458614649,34393700
2024-10-18,571.4036254882812,572.1855682246422,569.4389548394798,570.8953358633636,37416800
2024-10-21,570.4652709960938,571.6577232551329,567.503588989503,570.6802798985141,36439000
2024-10-22,570.1621704101562,571.3155462187071,567.288485036852,567.9433552717076,34183800
2024-10-23,564.9523315429688,568.5884509212708,561.462852493989,568.1485895916966,49314600
2024-10-24,566.1741943359375,566.9757049256177,563.5644376745634,566.897492764615,34979900
2024-10-25,565.9786376953125,571.27642231265,565.0403304898274,568.39295320261,47268200
2024-10-28,567.7283935546875,569.5659916825215,567.4253885260767,569.4389192842264,30174700
2024-10-29,568.6470947265625,569.7613345267463,565.3824085036434,566.7703610094676,42899700
2024-10-30,566.9269409179688,570.1622760996802,566.2231506662927,568.1780374143577,41435800
2024-10-31,555.8132934570312,562.6456116079135,555.6177928931281,562.5771834276276,60182500
2024-11-01,558.1591186523438,562.5673968338307,557.748609230934,558.4328313722141,45667500
2024-11-04,556.9568481445312,559.5861724591027,555.0801741045641,558.2959404133777,38217000
2024-11-05,563.6914672851562,563.7305435334926,557.6508758763042,557.8658847297456,39478300
2024-11-06,577.7080688476562,578.5780077061257,572.1855499757824,575.9096065772254,68182000
2024-11-07,582.1749267578125,583.1915058614667,579.6238143381844,579.7020264980958,47233200
2024-11-08,584.6968383789062,586.1141431643453,582.7223837264295,582.7223837264295,46444900
2024-11-11,585.25390625,586.6320749270757,583.5335966542183,586.2802096893201,37586800
2024-11-12,583.4358520507812,585.7718958867575,580.9628921945897,585.175669871058,43006100
2024-11-13,583.7193603515625,585.7133231848053,581.5396809070076,583.8952929846365,47388600
2024-11-14,579.9658203125,584.3252378711322,579.2816578918741,583.846300313338,38904100
2024-11-15,572.5372924804688,576.8869261817384,570.6899107142463,576.4177129287726,75988800
2024-11-18,574.8831787109375,576.1929190461736,572.1365660073782,572.9966610430482,37001700
2024-11-19,576.9846801757812,577.7079785622685,570.8561521859538,571.5208063697094,49412000
2024-11-20,577.18017578125,577.4636128156191,571.4425893061045,577.0628873767942,50032600
2024-11-21,580.2786865234375,581.6959910919024,574.1990184692589,580.014817427747,46750300
2024-11-22,582.0772705078125,582.7028485393122,579.7705186323628,580.2689646034843,38226400
2024-11-25,584.0517578125,587.3066012376366,581.7742980860696,585.996860547812,42441400
2024-11-26,587.1012573242188,587.7659115133398,584.5794372696156,585.2929516850081,45621300
2024-11-27,585.322265625,587.2966601103464,583.8072407585437,586.9155026434518,34000200
2024-11-29,588.9583129882812,589.7402555167076,585.8598351444666,586.13348818314,30177400
2024-12-02,590.0140380859375,590.6884762739834,588.8801705758093,589.3688921712513,31746000
2024-12-03,590.2876586914062,590.5320194756874,588.7531254655074,589.7794288278096,26906600
2024-12-04,593.9530639648438,594.1974247464545,591.3042312735546,591.9688854405287,42787600
2024-12-05,592.9757080078125,594.7546619184587,592.6238427485821,593.9531512779432,28762200
2024-12-06,594.0997924804688,595.3313805479372,593.3276337729875,593.738143242676,31241500
2024-12-09,591.0403442382812,594.1486064406603,590.4539021843977,593.982457801793,34742700
2024-12-10,589.2027587890625,592.1350884376395,588.5478885385655,591.7147950136848,37234500
2024-12-11,593.7576293945312,594.7057206012569,591.8418193692619,592.1155320836123,28677700
2024-12-12,590.6983032226562,593.4644247000379,590.6983032226562,592.8975505621333,31543800
2024-12-13,590.5810546875,593.4351725009043,589.2126101649385,592.7216579621548,35904700
2024-12-16,593.1026611328125,594.0703798886923,591.5583440306177,592.3305025817151,43695200
2024-12-17,590.6591186523438,591.5192734247074,589.2907339933267,590.5613981975558,55773500
2024-12-18,573.0554809570312,592.7313595079198,572.6742637557415,590.3561794711514,108248700
2024-12-19,572.87939453125,579.6237759904493,572.635033748792,578.0207549395101,85919500
2024-12-20,579.7603759765625,584.2717241370053,569.7176190978377,570.561095027684,125716700
2024-12-23,583.2321166992188,583.8303494697157,576.337534899556,579.5053432293004,57635800
2024-12-24,589.714599609375,589.7538672298477,583.9969108289841,584.5755694983592,33160100
2024-12-26,589.7540283203125,590.8720184847898,586.5568290557057,587.949453201798,41219100
2024-12-27,583.5458984375,586.2625477535164,579.3777835694219,586.0271215733671,64969300
2024-12-30,576.8866577148438,580.3388565581548,573.1500678896946,576.5630589676712,56578800
2024-12-31,574.7879028320312,579.2600420573847,573.1598528440621,578.5440664008621,57052700
2025-01-02,573.375732421875,579.740679758371,569.3154835989945,578.0342139844852,50204000
2025-01-03,580.544921875,581.1823624210723,575.1312564616488,576.2100986967752,37888500
2025-01-06,583.8890991210938,588.1455060566466,582.1629997160619,584.7815995417147,47679400
2025-01-07,577.288818359375,586.2330977215739,575.4744864171694,585.9094391002772,60393100
2025-01-08,578.13232421875,579.2013495963691,573.9250009242365,577.357566647636,47304700
2025-01-10,569.3056030273438,574.6604259424307,567.4029789022777,574.5917674597674,73105000
2025-01-13,570.1883544921875,570.5414039943755,564.2646890570356,564.6766400021115,47910100
2025-01-14,570.972900390625,573.7287574980859,567.2068596443902,573.101074063849,48420600
2025-01-15,581.3589477539062,582.4965717179379,577.8479067851994,578.9561398854404,56900200
2025-01-16,580.2408447265625,582.8985926554029,579.5445027973688,582.7220679112103,43319700
2025-01-17,586.0665283203125,587.8122021879662,584.1344529019309,585.458478560424,58070600
2025-01-21,591.430908203125,591.440725108679,587.1352937130949,589.0967593301249,42532900
2025-01-22,594.7556762695312,596.1090924921224,593.6964679520279,594.2456759945876,48196000
2025-01-23,598.0018920898438,598.0018920898438,593.8534110339756,594.1279851220985,41152100
2025-01-24,596.2561645507812,599.0120815203885,595.1087237951253,598.0607394613536,34604700
2025-01-27,587.8218994140625,588.1357411390088,583.1830517473746,583.3497595871564,70361100
2025-01-28,592.8727416992188,593.7063408187366,585.742793521421,589.0478589949998,44433300
2025-01-29,590.2149047851562,592.4902124528912,587.6747800612517,592.0880784150642,37177400
2025-01-30,593.382568359375,594.9125091757996,589.1457953617726,592.3234200043604,39281300
2025-01-31,590.224609375,598.2077885776025,589.4694259787818,595.7951643873224,66566900
2025-02-03,586.252685546875,588.7240915852041,579.1129217803689,581.2509121761593,65857200
2025-02-04,590.1854248046875,590.6953651665444,585.7721271172848,586.3115181961311,33457800
2025-02-05,592.5784301757812,592.7255640609287,587.0471418694162,589.0674493379312,30653100
2025-02-06,594.6380004882812,594.7655005585997,591.0190935628144,594.3143418590737,35771500
2025-02-07,589.1949462890625,596.4131263461926,588.4887874469584,595.1970270806008,50788500
2025-02-10,593.1962280273438,593.8337283102429,591.1268961231351,592.3920797831685,26048700
2025-02-11,593.6475219726562,594.1869131800177,590.8230059910161,590.9406891686515,30056700
2025-02-12,591.7349853515625,592.9020598913557,586.9784547529548,587.6551628450902,45076100
2025-02-13,597.9822998046875,598.1882752794738,591.5781445820884,592.8334516677448,40921300
2025-02-14,597.952880859375,599.2180047928703,597.3350143232245,598.1882471856823,26910400
2025-02-18,599.7083129882812,599.7083129882812,596.658248231066,599.1100803238464,26749000
2025-02-19,601.1206665039062,601.4148744301086,597.8156011046507,598.3256014161959,31011100
2025-02-20,598.6197509765625,599.8946917719264,595.3245028060013,599.7573748000233,36554000
2025-02-21,588.380859375,598.5412371785455,587.919883815814,598.4039202154535,76519800
2025-02-24,585.7035522460938,591.4114252530362,584.997393388531,590.420875386549,50737200
2025-02-25,582.7907104492188,586.3704094872951,578.200887648266,585.6446767168586,58266500
2025-02-26,583.0849609375,588.0278934374002,580.4566037497201,584.4481941378576,43321600
2025-02-27,573.7777709960938,586.4979078319449,573.3855137517263,585.3504072406853,74196700
2025-02-28,582.7318725585938,583.2614467800305,571.2180777869312,574.2779596736045,88744100
2025-03-03,572.5224609375,585.8310134980443,568.727029424783,584.6933298193593,74249200
2025-03-04,565.7456665039062,574.1113483546197,561.224501400552,568.5407916793482,109648200
2025-03-05,571.8261108398438,573.611051865237,562.038415848593,565.5788471805596,71230500
2025-03-06,561.675537109375,568.991765926103,559.1354126670572,564.3921264239905,80094900
2025-03-07,564.82373046875,566.2654391000913,554.7320094861279,559.9004915315724,81158800
2025-03-10,549.779296875,558.5666258451241,544.8854490052353,556.6542444695278,99326600
2025-03-11,545.2091064453125,553.1530801539794,541.3842834233875,548.6220982014372,88102100
2025-03-12,548.1022338867188,552.2605321303586,543.022044250635,551.3386407379146,69588200
2025-03-13,540.7957153320312,548.3375536768395,539.0892496749408,547.7295040716507,74079400
2025-03-14,551.9662475585938,552.966614210826,540.8643446212099,545.3953255555126,62660300
2025-03-17,556.2227172851562,558.7333912461695,551.5151512314662,551.9466761244148,49008700
2025-03-18,550.2108154296875,554.1337472059147,548.2885573100283,553.9179548314441,66041400
2025-03-19,556.2030639648438,559.9494708906026,550.8090329217521,551.9859243939003,66556000
2025-03-20,554.5947265625,559.5768672502725,551.760393662907,552.4763694984304,62958200
2025-03-21,554.7777099609375,555.6728954208427,548.9248421290533,550.1544463020149,83763000
2025-03-24,564.712890625,565.7654388953832,560.8961948547495,561.4863807824129,58766800
2025-03-25,566.0703125,567.0047634369732,564.329174156886,565.9128895780813,38355700
2025-03-26,559.3124389648438,566.926137079624,557.9352585138073,565.8047238585734,51848300
2025-03-27,557.8270263671875,561.5847029950913,555.7219301343026,557.9253706609946,42164200
2025-03-28,546.5933837890625,557.0303082338021,546.0130443195492,556.3023922676962,71662700
2025-03-31,550.2626342773438,551.5611034821372,537.9468997306712,540.8586240116566,95328200
2025-04-01,551.8167724609375,553.7546597137996,544.6457430717568,548.3542481941281,54609600
2025-04-02,555.3088989257812,558.1615443859063,545.7573127576624,545.993387136237,76014500
2025-04-03,527.9428100585938,539.02887941269,527.9428100585938,536.2155597389653,125986000
2025-04-04,497.0354309082031,517.2894637749819,496.8190194100305,515.1253487932553,217965100
2025-04-07,496.150146484375,514.6335325434056,473.93856260259804,481.20799599577117,256611400
2025-04-08,488.3790588378906,516.4140007584771,481.17849041906084,513.3449138965836,165816600
2025-04-09,539.6683349609375,539.6683349609375,485.0050459934576,485.38869689536773,241867300
2025-04-10,516.0205078125,524.7949444304113,501.0094937975821,523.4866290700438,162331200
2025-04-11,525.227783203125,527.6771446389012,511.58410272380377,514.47613358467,97866300
2025-04-14,530.3232421875,535.3990807406135,525.149059337469,535.172792794898,68034000
2025-04-15,528.8379516601562,534.3662468687544,528.0510170471207,530.8643368073726,56892900
2025-04-16,517.0828857421875,529.1133721339063,511.80051174858437,523.0046778330362,83484800
2025-04-17,517.8206176757812,522.5029590498531,515.3614098145464,519.0305887702018,79868100
2025-04-21,505.4951171875,513.1875268574667,500.16354114488826,512.6562995153043,69368100
2025-04-22,518.6469116210938,520.6634499571472,510.71842828029105,511.6529392279992,75948100
2025-04-23,526.68359375,536.5302712837308,525.1687433752924,531.6118557355538,90590700
2025-04-24,537.769775390625,538.4976913582739,526.7131857388315,527.9624225863133,64150400
2025-04-25,541.6553955078125,542.0586792500782,534.8187844540605,537.7305086834277,61119600
2025-04-28,541.86181640625,544.5177728075638,536.1269871108482,542.393043710064,47613800
2025-04-29,545.2752685546875,546.3868353532918,539.5993973829874,539.9535089190233,47775100
2025-04-30,545.49169921875,547.4394329210733,532.6841838633078,538.6354556420874,93101500
2025-05-01,549.3574829101562,554.8661444027258,548.7574506167018,551.2265048528457,63186100
2025-05-02,557.5122680664062,559.105829955879,553.203731094349,555.5153624660799,60717300
2025-05-05,554.3153076171875,557.4040871519024,552.5348434974896,553.390643044351,38659200
2025-05-06,549.6821899414062,554.1579367361115,547.8722463773032,548.8263903141681,48264700
2025-05-07,551.9938354492188,554.6202527049248,546.9671688153295,551.0101522781708,55588000
2025-05-08,555.840087890625,561.0044252601681,552.5349263835409,556.0171436814404,65130800
2025-05-09,555.1317749023438,558.2401872369107,553.577538715433,557.2368112120467,37603400
2025-05-12,573.4774780273438,573.487324465949,567.6245507869492,571.9822603015932,78993600
2025-05-13,577.2646484375,579.4680890959,573.3299158219985,573.890562385163,67947200
2025-05-14,578.00244140625,579.3697154326957,575.9858428026291,578.2188228927168,66283500
2025-05-15,580.8256225585938,581.3272505737436,575.553034807254,576.0055507079343,71268100
2025-05-16,584.5045166015625,584.799609527031,579.6648125061226,581.6026394160758,76052100
2025-05-19,585.1439819335938,585.8227258062999,578.5041197159628,578.5041197159628,68168500
2025-05-20,583.1766357421875,584.3570677411167,579.9796649330231,583.4127701733858,60614500
2025-05-21,573.3496704101562,582.9111039166241,572.3266613270199,578.8386403853643,95197700
2025-05-22,573.5758056640625,577.0481757894836,571.9231652201731,573.1527690961759,70860400
2025-05-23,569.6607666015625,572.3167232636762,566.2080289447406,566.5818333658885,76029000
2025-05-27,581.50439453125,581.6617574386509,568.9919119990551,576.507266661779,72588500
2025-05-28,578.14013671875,583.0979387188073,577.4122207207761,581.9076603733905,68445500
2025-05-29,580.4223022460938,583.5209285665185,576.5072620387259,583.383198499108,69973300
2025-05-30,579.7730712890625,581.4846704969287,573.7233954302501,579.320555390729,90601200
2025-06-02,583.038818359375,583.1174697772985,575.5136188023458,578.1695751189003,61630500
2025-06-03,586.3637084960938,587.3375451970118,582.1928415555221,582.6748967264019,63606200
2025-06-04,586.206298828125,588.1933580255613,585.77347583579,587.2195213026215,57314200
2025-06-05,583.3733520507812,589.2262795230108,581.4059855081334,587.8786382444381,92278700
2025-06-06,589.3638916015625,591.0263183988576,587.1210653731052,588.8916828991635,66588700
2025-06-09,589.8951416015625,591.4395314497265,588.7245561772476,589.9344673159251,53016400
2025-06-10,593.2396240234375,593.623214804717,589.3147380391201,590.4262447121249,66247000
2025-06-11,591.5477294921875,595.1873694307895,589.491865174911,594.3315698285918,73658200
2025-06-12,593.898681640625,593.898681640625,589.7377212700143,590.2197163908625,64129000
2025-06-13,587.2587890625,592.0296279060182,585.7635715930306,588.7343136581344,89506000
2025-06-16,592.8461303710938,594.5872686908244,590.42624830293,590.6033640975234,79984100
2025-06-17,587.7803344726562,591.9314493451027,587.0228790889307,590.4165986169179,82209400
2025-06-18,587.6917114257812,591.4100028153547,586.7375074721152,588.675394655937,76605000
2025-06-20,586.3115234375,591.4220592916591,584.910520395366,590.3565237964918,94051400
2025-06-23,592.1027221679688,592.4874469643536,583.9534693671619,587.0611954614843,87426000
2025-06-24,598.6438598632812,599.699459496435,595.3189919942236,596.2266992885851,67735300
2025-06-25,598.979248046875,600.4492593088346,597.4204170810242,599.7586334214261,62114800
2025-06-26,603.6655883789062,604.0996909412141,600.2125189749694,600.8242007377552,78548400
2025-06-27,606.664794921875,608.1249909093486,602.6395460052738,604.6620460106875,86258400
2025-06-30,609.5653686523438,610.9169938229498,606.7930496988761,609.1016996773074,92502500
2025-07-01,609.3681030273438,610.5322734636828,607.2666588703396,608.0953617899536,70030100
2025-07-02,612.130615234375,612.1700572103479,608.3420779544849,608.9636353224103,66510400
2025-07-03,616.9549560546875,617.882354174148,614.0839419945853,614.1036930875782,51065800
2025-07-07,612.3573608398438,615.6624771771144,609.5850422388708,615.0014177796149,74814500
2025-07-08,612.0220336914062,613.7682592313246,611.2130216520668,613.0184402574613,59024600
2025-07-09,615.6920776367188,616.3432013077288,612.5842913923066,614.4193967168262,66113300
2025-07-10,617.428466796875,618.4643754376677,614.6561481365566,615.8301939872533,57529000
2025-07-11,615.258056640625,616.4814202079069,613.196114561925,614.389851486408,63670200
2025-07-14,616.4320678710938,616.7773507170579,613.4624186155016,614.804168244691,51898500
2025-07-15,613.7979736328125,619.4412474042338,613.7190294619737,619.1058400574967,74317300
2025-07-16,615.8499755859375,616.3531467698953,609.7627242916457,615.3764310442137,88987500
2025-07-17,619.6187133789062,619.9739319743786,615.8104858123922,616.0275671883336,68885700
2025-07-18,619.1649780273438,621.0295897988693,618.0600006009754,620.861886140426,65621600
2025-07-21,620.3389892578125,623.0718060276608,619.9147622533486,620.3389892578125,63375000
2025-07-22,620.4277954101562,621.2861250306559,617.7936134788556,620.6645676893623,60046300
2025-07-23,625.7060546875,625.7060546875,621.2860849659141,623.0816882564411,70511000
2025-07-24,625.9131469726562,627.6199906271327,625.4889199997938,626.0907261554769,71307100
2025-07-25,628.5572509765625,629.0308557161836,626.3276053702117,626.5742531786653,56865400
2025-07-28,628.3994140625,629.4846403177779,627.0181622678288,628.9321516432593,54917100
2025-07-29,626.7420043945312,630.1062542617998,625.8343572512257,629.7905378170077,60556300
2025-07-30,625.9527587890625,629.129553977157,623.0718687407492,627.393143596463,80418900
2025-07-31,623.6046142578125,631.2703873241156,622.3121821287813,630.8856625012866,103385200
2025-08-01,613.3834228515625,617.9415293786636,610.9860135753424,617.9020271938194,140103600
2025-08-04,622.706787109375,622.7561046288977,617.191775701563,617.2805351933534,73218000
2025-08-05,619.5496826171875,624.1274805006751,618.6321599743907,623.3184684441039,68051400
2025-08-06,624.295166015625,624.9462896680084,619.7074931606843,620.6151401423151,64357500
2025-08-07,623.7722778320312,628.4388348760696,620.6743670535704,627.7087670325432,74205800
2025-08-08,628.6361694335938,629.0998986072367,625.2422933193634,625.5580097272857,64051600
2025-08-11,627.39306640625,630.382466681372,626.1499518449814,628.9124554108,58742300
2025-08-12,634.072265625,634.2300937128912,628.251353780633,629.7312404986845,64730800
2025-08-13,636.2428588867188,637.5254154950222,634.0624705008762,636.2625497647373,60092800
2025-08-14,636.3020629882812,636.9630622902898,633.7270741796365,634.1709920856589,59327500
2025-08-15,634.812255859375,637.4267466743545,633.9046087993034,637.3280514224831,68592500
2025-08-18,634.6741333007812,635.3647592128409,633.5691559281859,634.2400307460651,43804900
2025-08-19,631.23095703125,635.4732874420525,629.9187737835771,634.4965717210093,69750700
2025-08-20,629.5537109375,631.0829152899969,624.4629267215348,630.8264521540534,88890300
2025-08-21,627.0281372070312,629.4156714771482,625.3114778468331,627.7483898591755,54805800
2025-08-22,636.6572265625,637.831272612948,628.7053031285401,629.2084743239826,84083200
2025-08-25,633.855224609375,636.6374190424261,633.7368384817344,635.4041800322128,51274300
2025-08-26,636.5091552734375,636.85449832521,632.9673265691392,633.5888838455812,51581600
2025-08-27,637.9595336914062,638.6896016147832,635.7791452521487,635.9271580330511,48341100
2025-08-28,640.21875,640.7712386679527,636.6867968305069,638.5612839961418,61519500
2025-08-29,636.400634765625,639.1532627231435,634.5162720889837,638.7881685836082,74522200
2025-09-02,631.684814453125,631.9018356294255,626.4065150056712,628.9519373540064,81983500
2025-09-03,635.1082153320312,635.5719445130327,631.8722274787872,634.05255551225,70820900
2025-09-04,640.4161376953125,640.4457643382553,634.8813749728572,635.7791465574808,65219200
2025-09-05,638.561279296875,643.4646688785257,634.7037341963564,642.7444163544111,85178900
2025-09-08,640.1299438476562,641.1264105300318,638.5513618994769,639.9227380309984,63133100
2025-09-09,641.60986328125,642.1327252974712,638.5415189260096,640.2680535026645,66133900
2025-09-10,643.464599609375,645.7731890498025,641.9057688189231,644.8556665576591,78034500
2025-09-11,648.81201171875,649.502637640468,644.8262047273438,645.4082598463015,69934400
2025-09-12,648.5949096679688,650.2721267910674,648.0917987261137,648.7823644090812,72780100
2025-09-15,652.0479736328125,652.1762353081463,650.499078415473,650.7950437367242,63772400
2025-09-16,651.150146484375,652.9063076016578,650.3707611688836,652.6004065429622,61169000
2025-09-17,650.3412475585938,652.8471677889224,645.5266771850337,651.1601352003632,101952200
2025-09-18,653.3799438476562,655.9746837040749,651.4166368558095,653.0149098952402,90459200
2025-09-19,656.6160278320312,657.4569312262267,653.3215535907623,655.2606553211801,97945600
2025-09-22,659.7224731445312,660.1676217378205,655.1022751701781,655.131983947701,69452200
2025-09-23,656.1312866210938,660.2172101260659,654.914373896894,659.6037721086419,81708900
2025-09-24,654.043701171875,657.5162467217733,652.6289715744526,657.4173382288552,68082200
2025-09-25,651.0263061523438,652.3717757310584,647.4251431178142,650.91749472694,89622100
2025-09-26,654.756103515625,655.3002210405111,650.8581544995363,652.4707616041429,69179200
2025-09-29,656.5962524414062,658.1792111877495,654.7956708332731,657.2689872647139,73499000
2025-09-30,659.0695190429688,659.5345338964465,654.5482897020846,655.8542079251938,86288000
2025-10-01,661.3153686523438,662.2255322042525,655.9828838603935,656.0916952927918,72545400
2025-10-02,662.0769653320312,663.4125921637317,659.6630669539827,663.2938778298502,56896000
2025-10-03,662.0671997070312,665.5001336306916,661.0283585893458,662.838842966907,70494400
2025-10-06,664.4415893554688,665.3320074034157,662.314573504463,664.4514922823549,54623300
2025-10-07,661.9781494140625,665.8068381763353,660.5436138980969,665.3616291701808,72020100
2025-10-08,665.925537109375,666.0245059882836,662.2749199573431,663.0960778489103,60702200
2025-10-09,663.9963989257812,666.7467557943302,662.0672604073742,666.3411584665431,66501900
2025-10-10,646.0499877929688,666.7565834688588,645.8719162752307,664.9560020556908,159422600
2025-10-13,655.9630126953125,658.030731623523,652.7279561413051,653.5985682812151,79560500
2025-10-14,655.1616821289062,658.7232938317348,646.1983862715207,650.1556923521978,88779600
2025-10-15,658.0702514648438,663.0762408380068,651.8968641380318,659.7026642450096,81702600
2025-10-16,653.5886840820312,661.5725563129243,650.0963324960569,659.7027147054259,110563300
2025-10-17,657.2986450195312,658.6540174880462,651.1153544209424,652.4608239631079,96500900
2025-10-20,664.1348266601562,665.035147534835,660.1478725090891,660.1973267543179,60493400
2025-10-21,664.1249389648438,665.8068060270512,662.8289237149189,664.2733620876278,56249000
2025-10-22,660.6721801757812,664.8273632729761,656.2202112252926,664.8273632729761,80564000
2025-10-23,664.5899658203125,665.5298380529869,660.6722112216523,660.988802941274,65604500
2025-10-24,670.0213623046875,671.2283116328227,668.4384640813665,669.2398161192735,74356500
2025-10-27,677.926025390625,678.2228112394536,674.8393317954225,675.442806418656,63339800
2025-10-28,679.7266845703125,681.5569145007897,677.5205057270293,679.716781643602,61738100
2025-10-29,680.0531616210938,682.338503435176,675.5813864900747,681.3689223981395,85657100
2025-10-30,672.5738525390625,678.6186229721906,672.5738525390625,676.600418646911,76335800
2025-10-31,674.780029296875,677.7678146457715,671.9901213244605,677.7282029402567,87164100
2025-11-03,676.04638671875,678.4800912258883,672.6826525168186,678.3514739521635,57315000
2025-11-04,668.0328369140625,672.7024895383894,667.3799079726423,668.8935461650569,78427000
2025-11-05,670.347900390625,673.592860073814,666.9742630415905,667.7756151314246,74402400
2025-11-06,663.1554565429688,670.150002278421,661.5824008089137,669.2496813312496,85035300
2025-11-07,663.808349609375,663.9172214121945,654.1525740278607,660.781013040124,100592400
2025-11-10,674.1666259765625,674.8987178962867,667.8250699305912,670.011442763763,75842900
2025-11-11,675.7099609375,676.2738842563608,671.485517700804,672.6925273614432,58953400
2025-11-12,676.0859375,677.6490902522322,673.6818813898049,677.4808612736824,62312500
2025-11-13,664.866943359375,673.5928101259233,663.3632081763918,673.2366670865612,103457800
2025-11-14,664.7581787109375,668.448347404196,656.1906373926532,658.2781019123212,96846700
2025-11-17,658.56494140625,666.5191649555097,655.1022987242936,662.5519561070769,90456100
2025-11-18,653.03466796875,658.0208519047019,648.8596786437042,655.0330664835586,114467500
2025-11-19,655.5574340820312,660.2171837101976,651.7188423695233,653.7272041810384,94703000
2025-11-20,645.5652465820312,668.3494043558474,644.9320631333248,665.7276649913678,165293500
2025-11-21,651.995849609375,657.4568906385811,643.9031059831046,648.0582892153691,123956200
2025-11-24,661.59228515625,662.9081062970187,654.5285399004904,655.6167748873626,80437900
2025-11-25,667.815185546875,668.9924864834618,657.3876457131933,661.4933747936815,81077100
2025-11-26,672.4254150390625,674.4238738525114,669.4969869185696,670.3973078307199,71879600
2025-11-28,676.0958251953125,676.3728052050843,673.2366572287348,673.5928002628821,49212000
2025-12-01,673.0091552734375,675.7000943604489,671.4954567492206,671.5647168500374,61201200
2025-12-02,674.2556762695312,676.5212120744054,672.0791460292079,674.6414676887413,62953800
2025-12-03,676.5905151367188,677.5995871066391,672.4353317565424,673.3059439079583,57238500
2025-12-04,677.085205078125,678.0547257643626,674.0677712084201,677.9854656605314,61970300
2025-12-05,678.3712158203125,681.0424091541689,677.2730780178052,678.1535326146577,79241000
2025-12-08,676.3333129882812,679.3111955598065,674.2953027143022,679.2617413091358,55231500
2025-12-09,675.74951171875,678.0744650894321,675.3043631264671,675.8583835190601,58310100
2025-12-10,680.231201171875,681.6162219852988,674.0380078724895,675.2746659471688,85671300
2025-12-11,681.8140869140625,681.8932499368323,674.8888018222121,677.8271327535609,86173700
2025-12-12,674.4832153320312,681.5272148787925,671.9208332382598,680.8247713558317,113160300
2025-12-15,673.4641723632812,678.4405133715769,671.999988545765,678.4207075198718,90811000
2025-12-16,671.6240844726562,673.8105178026394,667.7755898483048,671.9802275249427,122030600
2025-12-17,664.2338256835938,673.1773153631458,664.035948310003,672.6331978735437,110625200
2025-12-18,669.2495727539062,673.4740156275043,667.6963835086992,670.3675163697123,108650100
2025-12-19,675.3153686523438,675.8114935895343,671.2272434527378,671.3463691548195,103599500
2025-12-22,679.5224609375,680.0483218496023,675.3153313921905,678.639344063116,69556700
2025-12-23,682.6282348632812,682.8663651395233,678.5699062922599,678.6195066727895,64840000
2025-12-24,685.0294799804688,685.4760045408373,682.4694583215327,682.6183200290311,39445600
2025-12-26,684.9600219726562,686.2995351048382,683.9281038851597,685.2874813951044,41613300
2025-12-29,682.51904296875,683.8586166189733,680.7528697076866,682.2114479341877,62559500
2025-12-30,681.685546875,683.2235219572843,681.2588867271484,682.1221392108215,47160700
2025-12-31,676.635009765625,682.0328514439952,676.4266760541103,681.8145855439083,74144800
2026-01-02,677.8753051757812,681.5466416904673,674.5512924418268,680.3956585252009,89377200
2026-01-05,682.3900756835938,684.0868448237256,681.0604947255163,681.2192280630002,71927200
2026-01-06,686.4483642578125,686.9544213697425,682.4496288665487,682.5984300063299,69273800
2026-01-07,684.2356567382812,688.5817158514149,683.9776620917838,686.8254142672773,75588300
2026-01-08,684.1661987304688,685.2675815209567,682.1618346683338,683.4815439165204,64019200
2026-01-09,688.6908569335938,689.9212370510019,683.8387406584166,685.2775150455628,80125500
2026-01-12,689.7723388671875,690.6951844685583,685.277478801028,685.3270791782115,63976000
2026-01-13,688.3931884765625,690.6952153647912,685.9919002674054,690.0998291255927,78309700
2026-01-14,685.009521484375,686.3589666067269,680.7229953056234,685.6445758579941,94676700
2026-01-15,686.875,690.0601436981007,685.8926823763012,689.1869590187856,77862000
2026-01-16,686.299560546875,688.8695145151978,684.7516530771834,688.28406040864,79289200
2026-01-20,672.3286743164062,679.4629532027941,671.3264922720098,676.2083446056304,111623300
2026-01-21,680.0880737304688,683.402154325963,672.8743979165272,674.3826370735425,127844500
2026-01-22,683.6403198242188,685.7736813437502,681.5962874434288,684.5035723961656,77112200
2026-01-23,683.8883056640625,685.6049389887335,681.8343413244536,682.8167194920136,63059600
2026-01-26,687.3612060546875,688.7503800429489,684.5729864520383,685.138576123168,60473800
2026-01-27,690.099853515625,691.1318321418594,688.1947507195304,688.8000086063018,55506100
2026-01-28,690.0303955078125,692.4316838253299,688.5618850633444,691.6477676593287,61172200
2026-01-29,688.6610717773438,691.657685737667,679.5224893166136,690.9928952881424,97486200
2026-01-30,686.6071166992188,688.8298072906449,681.7947290319643,686.4285189892349,101835100
2026-02-02,690.0204467773438,691.5286859406688,684.0768798206813,684.2356737126761,79286500
2026-02-03,684.18603515625,691.5584439188771,678.7286612443456,690.8142565672537,107904600
2026-02-04,680.8718872070312,686.0911308029831,676.476227895848,684.9996196944911,105204600
2026-02-05,672.3683471679688,678.3913111024622,670.5525129616972,675.6626239798336,113610800
2026-02-06,685.267578125,686.9444827733389,675.5732778299765,676.1785962582386,89127600
2026-02-09,688.57177734375,690.4768800480663,683.0052703670985,684.0768565720822,73885200
2026-02-10,686.7559204101562,691.1416475283962,686.2994637039938,689.5640042757049,65185700
2026-02-11,686.5972290039062,691.7370759669038,683.8387453470867,690.9928885783248,76353900
2026-02-12,675.9900512695312,689.9608850687785,675.0970022106213,688.859502308346,118829000
2026-02-13,676.4663696289062,680.961290747747,672.2691719299015,676.4068370573647,96267500
2026-02-17,677.5578002929688,679.6316291710169,670.5426469985775,674.8688419019007,81354700
2026-02-18,680.9711303710938,683.8090109802145,677.53798463666,678.7187643851827,73570300
2026-02-19,679.1751098632812,680.86194660128,676.2678252760687,678.5401160314528,58649400
2026-02-20,684.0868530273438,684.71197532004,676.4465165538227,677.0319706522042,100034000
2026-02-23,677.1013793945312,684.6523861034582,675.0970153480879,682.4992209190492,90558100
2026-02-24,682.0228881835938,683.0151380016027,674.7298762460771,676.6151751251432,73798700
2026-02-25,687.7779541015625,688.3038149887374,684.7515438454409,684.8309407846423,56369500
2026-02-26,683.957763671875,687.926762805978,679.0461151309984,687.9069589925494,71671000
2026-02-27,680.6734008789062,681.536653322228,676.3571386622976,677.7959129218735,83308900
2026-03-02,681.0604858398438,683.2831159083878,672.765291276125,673.4400139353526,87477200
2026-03-03,675.057373046875,677.3196712649806,664.4700232973693,669.8281968363514,105003100
2026-03-04,679.8201904296875,681.7650220692323,674.3528836974749,676.3473157204403,79182200
2026-03-05,676.0297241210938,680.2170498641997,670.3738880206191,676.7937758642711,106606500
2026-03-06,667.1689453125,670.8700177972564,664.5692556037578,668.1909311447467,100687000
2026-03-09,673.0133056640625,674.650481531912,657.2563736570586,661.2253729422058,102667700
2026-03-10,671.9317016601562,678.0637980596332,669.5304741395607,672.4674947413112,81505300
2026-03-11,671.0883178710938,674.8092545860501,668.1215006869746,672.3286301094125,68441700
2026-03-12,660.8978881835938,666.444591119081,660.7093583022987,665.958337853126,108882200
2026-03-13,657.1571655273438,667.1293254881115,656.2343803863124,664.0831110227487,97200200
2026-03-16,663.8449096679688,666.8613272435379,661.9496786440191,663.199923076128,82023100
2026-03-17,665.5912475585938,669.2129836950214,664.5097291491037,667.1788836379297,87128000
2026-03-18,656.3038330078125,664.5295627375546,656.0657027257738,663.1801174312507,82062600
2026-03-19,654.6864013671875,657.8417484417536,650.0922799802194,651.8783174953539,111272500
2026-03-20,645.301025390625,653.380093364961,641.4703940766159,653.2010079047443,163617500
2026-03-23,652.07666015625,659.2801583045331,650.6439158314106,654.7531040433624,134802700
2026-03-24,649.8877563476562,653.7183875512989,646.604401549905,648.0371459178807,96457500
2026-03-25,653.5093994140625,657.5588924447279,650.9423865337293,655.3500504609481,90653800
2026-03-26,641.8385620117188,651.5493174066021,641.5699034672713,648.773401781548,96494400
2026-03-27,630.8939819335938,639.4207325687934,629.9188801961861,639.2615657472361,103649400
2026-03-30,628.78466796875,637.1423539459004,626.108284608157,636.8836547011163,99275900
2026-03-31,647.0620727539062,648.255975728372,634.7643255692599,635.719508676349,152534100
2026-04-01,651.9373779296875,655.2008748639518,649.7086779392242,650.6041659517412,97841500
2026-04-02,652.5244140625,654.8824636102106,641.858414876014,643.161809607987,68358700
2026-04-06,655.6088256835938,656.3948220300638,652.2160396308291,652.5542919409455,39105800
2026-04-07,655.8972778320312,656.285326673986,647.7784337275787,653.3402849463747,69980400
2026-04-08,672.6027221679688,673.6673363432215,668.0756676404139,672.980811715349,93606100
2026-04-09,676.4829711914062,677.7266707213284,670.3739652533407,671.438579338256,57134400
2026-04-10,676.0353393554688,678.5923930707559,675.0304203424645,677.885949822129,42253500
2026-04-13,682.641845703125,682.8408497944083,673.1698703787699,673.9956432299357,54185800
2026-04-14,690.959716796875,691.0791070995066,684.193942434314,684.2238203737314,63480500
2026-04-15,696.412109375,696.7504224001667,690.7010502942645,691.7557051691649,58240400
2026-04-16,698.1234130859375,699.2378238459212,695.0092450197437,697.5264615426626,49972400
2026-04-17,706.5607299804688,708.7993894133457,702.2028014262665,702.5808909886877,70661900
2026-04-20,705.1477661132812,706.3317705126415,702.5808139687996,705.20752199003,43546800
2026-04-21,700.53125,707.6949720613851,699.098505587723,706.7000123508461,58941400
2026-04-22,707.6253051757812,707.8640857857167,704.6503246823615,705.5756906371417,42518500
2026-04-23,704.8792114257812,708.7694771316526,698.7403270820959,705.9239069650033,56174000
2026-04-24,710.341552734375,710.8688498134599,705.4364085481575,707.1676287635845,45182000
2026-04-27,711.5653076171875,712.023010938504,708.7097781525541,709.5753882284523,33135900
2026-04-28,708.1028442382812,709.2868486650957,705.6751402340362,708.2321938525355,43117400
2026-04-29,707.993408203125,708.6102783309316,704.7995658491443,707.4163145996059,41859200
2026-04-30,715.0377197265625,716.1620290590424,706.8691393587039,711.0280636665188,67240900
2026-05-01,717.0177001953125,721.216400793299,716.8385540170647,717.6146516977453,43049800
2026-05-04,714.3909912109375,718.4802608161392,711.3861936216806,716.4406056700121,51950600
2026-05-05,720.1220092773438,721.3855668152729,717.8534719876392,718.1320898558575,36933200
2026-05-06,730.1312866210938,730.8874657022126,724.1515691652952,724.489821452625,53288900
2026-05-07,727.8926391601562,732.4196936796947,726.0718458933673,731.3451201928577,51724600
2026-05-08,733.9021606445312,734.359863963193,730.8675457398152,731.2257166531052,47227100
2026-05-11,735.5736694335938,737.0561496205491,732.7380586745534,732.7380586745534,44024000
2026-05-12,734.4593505859375,735.1160580011854,728.1413807257971,733.1758744234386,54185300
2026-05-13,738.5685424804688,740.1604537310201,731.7629913201908,734.7478704606156,44200200
2026-05-14,744.3989868164062,745.7521781705404,739.8122371427646,739.9018102364839,45307600
2026-05-15,735.4443969726562,739.712813256131,734.2405345152865,738.0511867146383,60410800
2026-05-18,734.927001953125,737.682999009625,729.6935042484962,736.1010471042457,47843900
2026-05-19,730.0317993164062,733.9320852676053,727.8429364442825,731.0765556379026,54255900
2026-05-20,737.5138549804688,738.1307251173267,730.1909663879147,732.0018002736176,45768000
2026-05-21,738.9764404296875,741.1156280791548,733.3151780259534,734.9170485709385,43332200
2026-05-22,741.8817749023438,745.1651298094138,740.7275876279662,742.4787264390759,41762000
2026-05-26,746.8068237304688,748.3390397979183,744.5979816306177,746.2297301040182,41123600
2026-05-27,746.677490234375,747.5928361692701,744.4487294597059,747.0953563113346,42106300
2026-05-28,750.7965698242188,751.3438462445121,745.4536410614309,746.4685193943138,41562600
2026-05-29,752.6671142578125,754.2590862562773,750.8861582097875,752.0900813404212,55075700
2026-06-01,754.7167358398438,756.4480167905853,750.8861651495049,751.5527711685265,43634900
2026-06-02,755.7415771484375,756.5674107365072,752.9357833937803,753.2144012702464,31581900
2026-06-03,750.4384155273438,754.9754294579049,749.7718095132926,754.3287420712209,51402500
2026-06-04,753.2740478515625,754.4878695071194,747.6823186029123,748.3091480570178,49923000
2026-06-05,733.83251953125,749.0255736853693,731.82274221843,748.5181345185488,93989400
2026-06-08,735.4940795898438,741.5832888174093,734.4693026781229,739.6132273185567,49319100
2026-06-09,733.3350219726562,743.1354112835509,718.9479438267383,739.881873688386,87683500
2026-06-10,721.7736206054688,734.6583610930755,721.6741489247238,729.69352181897,60341300
2026-06-11,734.04150390625,736.2702039965386,720.7587550057447,725.0868662900759,86330500
2026-06-12,738.0113525390625,740.6877965432628,731.3252525489901,736.9766163198905,57079500
2026-06-15,751.0254516601562,752.8661028247,747.9709180763429,748.0604304424444,60176400
2026-06-16,746.5481567382812,751.6323864215939,746.100412710964,750.7468576807364,67093100
2026-06-17,737.225341796875,748.3589429763433,735.4940609532621,747.5032315039188,85945200
2026-06-18,744.8902587890625,746.3765582049119,742.0173878962117,745.907751654771,80875700
2026-06-22,742.546142578125,748.321778689857,741.2892538871644,745.8479411927095,46628100
2026-06-23,731.7628784179688,737.7978798883457,730.4860198600484,731.9922892059834,66846800
2026-06-24,731.4237060546875,738.1171068570358,729.0296875445486,733.3489180103626,57439500
2026-06-25,732.4810791015625,737.5385276888334,727.7927091295785,737.0796452204372,53934400
2026-06-26,727.1842651367188,734.7056273477464,714.8050317832251,727.144386135875,71034000
2026-06-29,739.1644897460938,739.7231001504891,730.27658724538,734.7055914816465,58035200
2026-06-30,744.9202270507812,746.1671307285668,739.0547872797607,739.4537599262709,55626000
2026-07-01,743.9127197265625,747.5835968507926,740.541087308444,743.1545925484338,47100900
2026-07-02,742.9351806640625,749.4489739445169,738.1969465958291,745.5486859530862,57447800
2026-07-06,749.4190673828125,750.5462122974698,745.5585975722108,746.885320136641,50673300
2026-07-07,745.85791015625,749.0998597580657,743.364102770238,748.3616416292718,43721500
2026-07-08,743.5536499023438,744.3017921335774,737.6782249675691,741.3191472958572,43767400
2026-07-09,749.8480224609375,750.1073272936331,743.7431866839036,745.4987759890873,41441700
2026-07-10,753.0799560546875,753.5487626123848,746.2468873823584,750.187115173852,42191300
2026-07-13,747.3142700195312,752.0425191788765,746.1471851864706,750.6060836597362,44013600
2026-07-14,749.9677124023438,751.4739818301254,746.8055207475287,749.0499474324819,35143100
2026-07-15,752.9403076171875,753.7084197839658,748.3417413555546,752.3717122204262,43844800
2026-07-16,748.8604125976562,752.7009125511715,746.0274814662645,750.8953984161742,46409800
2026-07-17,741.4487915039062,745.438883195828,738.9649691671198,740.241827732839,62651000
2026-07-20,740.2518310546875,746.8753371556621,739.6732506975046,745.2094908804986,50422300
2026-07-21,746.426513671875,747.1845799829406,742.3366329839115,744.4413918284653,34324300
2026-07-22,745.55859375,748.1621748950539,744.5211918106933,744.7705725456777,32836200
2026-07-23,736.3515014648438,740.7206569606348,733.3888874570794,737.5385562389782,55437300
2026-07-24,737.099609375,741.8777222786117,735.4636571620507,736.6806667930385,44782000
2026-07-27,737.25927734375,743.6833276942111,734.0472217265344,743.0648074406847,41461200
2026-07-28,739.0248413085938,740.9500533043114,734.156924420905,737.3589950224286,47322200
2026-07-29,727.6531372070312,740.8403618199718,727.2939826612791,738.1370526174048,70697200
2026-07-30,739.852783203125,740.6109103701467,732.7703947650456,734.2267392747757,66811300
2026-07-31,745.1796264648438,747.0449895804718,735.8527500027326,742.835410914187,62445900
2026-08-03,755.793212890625,756.7009928898597,746.9451890027125,747.5836183167282,59927500
2026-08-04,769.4193725585938,771.494176400126,758.6361522059436,758.7458651152236,69154800
2026-08-05,767.8831787109375,774.9256883846499,767.6039039413469,773.928165423025,44689100
2026-08-06,766.65625,769.9081846177485,765.5589990885744,768.3021872511085,38416900
2026-08-07,771.3446044921875,772.0029428489042,767.703621378493,769.1101628301597,43586300
2026-08-10,771.1151733398438,773.1301282404592,769.7086319253093,770.6861849056471,39249500
2026-08-11,768.6513061523438,772.6912620504304,767.2946895097219,772.6115040483734,36740600
2026-08-12,770.5764770507812,772.9805414027246,769.369513273419,772.7910096110111,33179100
2026-08-13,775.9531860351562,777.4394855444215,772.1925048911166,772.9506321027081,35634500
2026-08-14,774.4169921875,776.8708596736758,773.509212209858,776.6114939657781,31367900
2026-08-17,770.7560424804688,774.8559080861019,770.5964655970525,774.2573577843602,34356600
2026-08-18,765.5490112304688,767.5939211307613,765.0202948350139,766.7959149360092,43920900
2026-08-19,767.1549682617188,770.5564946026684,766.1973243479778,768.4517358705159,40306000
2026-08-20,760.7109985351562,766.2472997692572,760.1523881029335,764.0627220124634,45520300
2026-08-21,763.8232421875,765.9479709365374,762.2770937955632,764.1524418077088,39188700
2026-08-24,761.5787963867188,763.3244615010249,760.1922857963137,762.8856098637509,32430900
2026-08-25,764.0127563476562,764.8806573052586,761.159855395616,764.262137078792,27422300
2026-08-26,764.182373046875,765.449185749943,762.0376744224566,762.8356805789958,28751600
2026-08-27,769.18994140625,770.4468300957561,765.2596984507333,766.5964060257239,34557100
2026-08-28,767.4442749023438,773.3795487683207,766.4068729286823,769.8483393622295,36744300
2026-08-31,765.1499633789062,766.097622354185,762.8257178677422,765.4292990280279,38810800
2026-09-01,759.89306640625,762.7758614763637,757.5987149009983,760.1224772031874,41126300
2026-09-02,763.2646484375,764.5315220914426,759.8431519587122,760.5614001563074,29566200
2026-09-03,771.2548217773438,772.112737807933,765.5490195828438,765.99791709853,43531600
2026-09-04,768.2822265625,770.9555808433835,767.0951717806925,770.0977256925568,34054200
2026-09-08,764.0626831054688,767.7934091111229,763.2447069992287,767.1649647963771,44746100
2026-09-09,760.5115356445312,762.5763546117217,759.055130192088,762.1873669257697,32812400
2026-09-10,755.9528198242188,758.2271404471661,754.7657651010062,756.1523365872063,42740400
2026-09-11,762.3967895507812,764.4816392943262,761.7084962835214,762.8257171109622,45512700
2026-09-14,758.9952392578125,761.6287143614769,756.0525344863368,757.119891309806,43992400
2026-09-15,755.513916015625,758.4665449596201,754.2769973083872,758.2371341657202,46195000
2026-09-16,752.1821899414062,759.7833101686804,747.7432005092232,757.6187023523285,59217700
2026-09-17,760.7109985351562,761.6786274833105,758.0775841455181,761.2596848801362,49652800
2026-09-18,761.6900024414062,762.0,757.969970703125,761.3099975585938,65395100
2026-09-21,773.5,774.8900146484375,766.030029296875,766.25,50484700
2026-09-22,773.3800048828125,775.1400146484375,772.5700073242188,774.030029296875,34802300
2026-09-23,767.8099975585938,773.0499877929688,766.5,772.7899780273438,54931700
